StartDate,EndDate,Status,Progress,Duration (in seconds),Finished,RecordedDate,ResponseId,DistributionChannel,UserLanguage,Q_RecaptchaScore,Consent form,Prolific ID,Age,Gender ,Instructions check,Q1 ,Q2,Q3,Q4,Q5 ,Q6 ,Q7,Q8,Q9,Q10,Q11,Q12,Q13 ,Q14 ,Q15,Q16,Q17 ,Q18 ,Q19 ,Q20,Prior knowledge_1,JOL _1,Prior knowledge_1,JOL_1,Q1,Q2,Q3,Q4,Q5,Q6,Q7,Q8,Q9,Q10,Q11,Q12,Q13,Q14,Q15,Q16,Q17,Q18,Q19 ,Q20,Prior knowledge_1,JOL_1,Prior knowledge_1,JOL_1,SC0,PROLIFIC_PID,RunningScore,QuestionCount,FL_14_DO,"RetrievalPractice,StemCells_DO","ElaboratedExplanation,StemCells_DO","RetrievalPractice,Psychedelics_DO","ElaboratedExplanation,Psychedelics_DO"
Start Date,End Date,Response Type,Progress,Duration (in seconds),Finished,Recorded Date,Response ID,Distribution Channel,User Language,Q_RecaptchaScore,"CONSENT FORM FOR ADULTS IN ONLINE RESEARCH STUDIES



Please complete this form after you have read the Information Sheet.



____________________________________________________________________________

Title of Study: 

Learning, Memory, and Cognition ____________________________________________________________________________

Department:

Experimental Psychology ____________________________________________________________________________

Name and Contact Details of the Principal Researcher: 

Prof David Shanks

Dept of Experimental Psychology, UCL

26 Bedford Way, London WC1H 0AP

d.shanks@ucl.ac.uk

____________________________________________________________________________

Name and Contact Details of the UCL Data Protection Officer: 

data-protection@ucl.ac.uk

____________________________________________________________________________

This study has been approved by the UCL Research Ethics Committee: Project ID number: 

0334

____________________________________________________________________________



Thank you for considering taking part in this research. If you have any questions arising from the Information Sheet, please contact the researcher before you decide whether to participate.



I confirm that I understand that by ticking/initialling each box below I am consenting to this element of the study. I understand that it will be assumed that unticked/initialled boxes means that I DO NOT consent to that part of the study. I understand that by not giving consent for any one element that I may be deemed ineligible for the study.","Please provide your Prolific ID

Please note that this response should auto-fill with the correct ID.",What is your age?,What is your gender?,I have read and understood the above instructions,A lab wants to study a rare genetic heart condition. Why would creating iPSCs from a patient be more advantageous than using generic embryonic stem cells for this purpose?,A scientist successfully reprograms a skin cell into an iPSC. What is the most significant implication of this for creating a disease model of motor neuron disease (MND)?,"A ""disease in a dish"" model for motor neuron disease (MND) is created. What new insight could this model reveal that was previously difficult to study?","A research team develops a ""disease in a dish"" model for a specific type of dementia. Which of the following statements describe valid applications for this model?

	Statement 1: To observe how the disease unfolds in living human cells.
	Statement 2: To test thousands of drug compounds for potential efficacy.
	Statement 3: To identify which genetic subtypes are most vulnerable to the disease.
	Statement 4: To immediately cure the patient from whom the cells were taken.","The speaker highlights the 99% failure rate in drug development. Based on the talk, which factor is a primary cause of this inefficiency?",How would widespread use of human stem cell models most likely change the current drug development paradigm described in the video?,A new cardiac drug shows excellent results in a clinical trial conducted in Europe. Why might a doctor be cautious prescribing it to a patient of East Asian descent?,"The speaker criticizes the ""one-size-fits-all"" model of medicine. Which outcome is a direct consequence of this flawed model?","The NYSCF aims to create a global array of stem cell ""avatars"". What is the primary strategic purpose of ensuring this array is genetically diverse?","A pharmaceutical company uses a stem cell ""avatar"" array to test a new neurological drug. What question can they answer more effectively than with traditional methods?",The speaker mentions a gap between academic research and industry. Which statement best analyzes why an organization like the NYSCF is positioned to bridge this gap?,"According to the speaker, why might large, established organizations struggle in a new field like stem cell research?","What is the main limitation of making stem cell lines ""by hand, one at a time"" that automation directly addresses?","A lab wants to build a genetically diverse library of 1,000 stem cell lines. Why is automation essential for achieving this goal?","The speaker compares using stem cell models to having a ""black box"" for a plane crash. What does this analogy suggest about studying diseases?",The discovery that a second cell type contributes to motor neuron death in the ALS model best illustrates the power of stem cells to:,The video compares the challenges facing stem cell research to the early days of IVF. What is the most likely purpose of this comparison?,"What was the primary motivation for establishing ""private, safe-haven laboratories"" for stem cell research, as described in the video?",The case of Vioxx revealed that a drug can have serious side effects in a subset of the population. How could a stem cell array have changed this outcome?,A company has a drug that failed trials for arthritis but seems to affect liver cells. How could a stem cell platform be used in this situation?,Please answer the following question: - How well did you know the information in the video prior to watching it?,Please answer the following question: - How well do you think you will remember the video in 48 hours' time?,Please answer the following question: - How well did you know the information in the video prior to watching it?,Please answer the following question: - How well do you think you will remember the video in 48 hours' time?,Which factor was most pivotal in transforming the political view of psychedelics from promising research tools to dangerous substances in the 1970s?,The speaker implies the decades-long ban on psychedelic research was tragic primarily because it…,"A researcher wants to design a new study using psilocybin. Based on the speaker's perspective, which of the following would be the most critical design element?","The speaker's statement, ""psychedelics are really just tools,"" suggests that their ultimate value is determined by the...",What can be inferred about the primary impact of the speaker's early psychedelic experiences?,The speaker contrasts his psychedelic experiences with his Bar Mitzvah to argue that...,"The ""global renaissance of psychedelic research"" described in the talk is primarily characterized by its focus on...",What best justifies the current renewed scientific interest in psychedelics after decades of being banned?,"According to the talk, how does psychedelic-assisted psychotherapy primarily differ from conventional psychiatric medication?","Which statement(s) accurately reflect the therapeutic applications of psychedelics discussed in the talk?

	Statement 1: They show promise for treating PTSD and depression.
	Statement 2: They can be helpful for social anxiety and substance abuse.
	Statement 3: They are most effective as a daily symptom-reducing medication
	Statement 4: They are primarily used to enhance spiritual experiences in healthy people.",The speaker compares the effect of classic psychedelics on the ego to the Copernican revolution. This analogy highlights a shift from...,The therapeutic benefit of reducing activity in the brain's Default Mode Network (DMN) is likely that it...,"In the context of PTSD therapy, how do the neurological effects of MDMA create an optimal state for processing trauma?","Which statement(s) correctly describe the neurological effects of MDMA as presented in the talk?

 

	Statement 1: It increases activity in the prefrontal cortex.
	Statement 2: It decreases activity in the fear-processing amygdala.
	Statement 3: It increases connectivity between the amygdala and hippocampus.
	Statement 4: It releases the ""love and nurturing"" hormone, oxytocin.","Why is the ""inner-directed"" therapeutic approach, combined with MDMA, considered crucial for treating trauma?",A clinic wants to replicate the MDMA-assisted psychotherapy model from the talk. Which of these components is essential to their protocol?,What is the most significant implication of the finding that 68% of participants no longer had PTSD 12 months after MDMA-assisted therapy?,"The FDA granting ""Breakthrough Therapy Designation"" for MDMA-assisted psychotherapy suggests the agency believes the treatment...","Based on the speaker's vision, what would a future psychedelic therapy clinic most likely offer?",The speaker's strategy of working through the FDA drug development process is best described as an attempt to...,Please answer the following question: - How well did you know the information in the video prior to watching it?,Please answer the following question: - How well do you think you will remember the video in 48 hours' time?,Please answer the following question: - How well did you know the information in the video prior to watching it?,Please answer the following question: - How well do you think you will remember the video in 48 hours' time?,Score,PROLIFIC_PID,RunningScore,QuestionCount,FL_14 - Block Randomizer - Display Order,"Retrieval Practice, Stem Cells - Display Order","Elaborated Explanation, Stem Cells - Display Order","Retrieval Practice, Psychedelics - Display Order","Elaborated Explanation, Psychedelics - Display Order"
"{""ImportId"":""startDate"",""timeZone"":""America/Denver""}","{""ImportId"":""endDate"",""timeZone"":""America/Denver""}","{""ImportId"":""status""}","{""ImportId"":""progress""}","{""ImportId"":""duration""}","{""ImportId"":""finished""}","{""ImportId"":""recordedDate"",""timeZone"":""America/Denver""}","{""ImportId"":""_recordId""}","{""ImportId"":""distributionChannel""}","{""ImportId"":""userLanguage""}","{""ImportId"":""Q_RecaptchaScore""}","{""ImportId"":""QID2""}","{""ImportId"":""QID157_TEXT""}","{""ImportId"":""QID179_TEXT""}","{""ImportId"":""QID180""}","{""ImportId"":""QID18""}","{""ImportId"":""QID12""}","{""ImportId"":""QID19""}","{""ImportId"":""QID25""}","{""ImportId"":""QID37""}","{""ImportId"":""QID42""}","{""ImportId"":""QID47""}","{""ImportId"":""QID53""}","{""ImportId"":""QID58""}","{""ImportId"":""QID63""}","{""ImportId"":""QID64""}","{""ImportId"":""QID65""}","{""ImportId"":""QID66""}","{""ImportId"":""QID67""}","{""ImportId"":""QID68""}","{""ImportId"":""QID69""}","{""ImportId"":""QID70""}","{""ImportId"":""QID71""}","{""ImportId"":""QID72""}","{""ImportId"":""QID73""}","{""ImportId"":""QID74""}","{""ImportId"":""QID77_1""}","{""ImportId"":""QID78_1""}","{""ImportId"":""QID104_1""}","{""ImportId"":""QID105_1""}","{""ImportId"":""QID111""}","{""ImportId"":""QID112""}","{""ImportId"":""QID113""}","{""ImportId"":""QID114""}","{""ImportId"":""QID115""}","{""ImportId"":""QID116""}","{""ImportId"":""QID117""}","{""ImportId"":""QID118""}","{""ImportId"":""QID119""}","{""ImportId"":""QID120""}","{""ImportId"":""QID121""}","{""ImportId"":""QID122""}","{""ImportId"":""QID123""}","{""ImportId"":""QID124""}","{""ImportId"":""QID125""}","{""ImportId"":""QID126""}","{""ImportId"":""QID127""}","{""ImportId"":""QID128""}","{""ImportId"":""QID129""}","{""ImportId"":""QID130""}","{""ImportId"":""QID131_1""}","{""ImportId"":""QID132_1""}","{""ImportId"":""QID138_1""}","{""ImportId"":""QID139_1""}","{""ImportId"":""SC_23vC4bifGQ7v5ie""}","{""ImportId"":""PROLIFIC_PID""}","{""ImportId"":""RunningScore""}","{""ImportId"":""QuestionCount""}","{""ImportId"":""FL_14_DO""}","{""ImportId"":""BL_8cCx1M501GJDBX0_DO""}","{""ImportId"":""BL_9phCwemqNGtIOlE_DO""}","{""ImportId"":""BL_899n0eBoMLVi6Gi_DO""}","{""ImportId"":""BL_6FfqOaRDiUXZaaq_DO""}"
26/06/2025 05:05,26/06/2025 05:27,IP Address,100,1275,TRUE,26/06/2025 05:27,R_296yhI0vg3pL9IQ,anonymous,EN,1,"I have read the information sheet and understand I can email the researchers with any questions.,I understand that my personal information (e.g., my age, gender, and information about my language background) will be used for the purposes of this study, which have been explained to me.,I consent to the processing of my personal information for the purposes of this study, and I understand that any such information will be treated as strictly confidential and handled in accordance with the provisions of the Data Protection Act 2018.,I understand that the information I provide may be published as a report and I will be sent a copy if I wish. Confidentiality and anonymity will be maintained, and it will not be possible to identify me in any publications.,I understand that my anonymised research data may be shared in accordance with open science guidelines (no one will be able to identify me if these data are shared).,I understand that I am free to withdraw from the study without penalty if I so wish.,I am over the age of 18.,I consent to take part in this study.",57655a2aea19ef00016351cf,52,Male,Yes,,,,,,,,,,,,,,,,,,,,,,,2,60,,,,,,,,,,,,,,,,,,,,,,,,,0,57655a2aea19ef00016351cf,0,0,"ElaboratedExplanation,StemCells",,Instructions|Video |Instructions|E4|E19|E17|E5|E2|E10 |E20 |E14|E16|E1|E12 |E7 |E6|E9|E11|E3|E15|E13 |E8|E18|Prior knowledge|JOL|Instructions,,
26/06/2025 05:06,26/06/2025 05:27,IP Address,100,1253,TRUE,26/06/2025 05:27,R_8ToIzJLEhLYMomZ,anonymous,EN,1,"I have read the information sheet and understand I can email the researchers with any questions.,I understand that my personal information (e.g., my age, gender, and information about my language background) will be used for the purposes of this study, which have been explained to me.,I consent to the processing of my personal information for the purposes of this study, and I understand that any such information will be treated as strictly confidential and handled in accordance with the provisions of the Data Protection Act 2018.,I understand that the information I provide may be published as a report and I will be sent a copy if I wish. Confidentiality and anonymity will be maintained, and it will not be possible to identify me in any publications.,I understand that my anonymised research data may be shared in accordance with open science guidelines (no one will be able to identify me if these data are shared).,I understand that I am free to withdraw from the study without penalty if I so wish.,I am over the age of 18.,I consent to take part in this study.",676056c4ad585b4aeebf6154,20,Female,Yes,(c) iPSCs are less controversial because they are derived from adult skin tissue.,(a) It allows for the creation of motor neurons that are genetically identical to the patient's.,(b) The interaction between motor neurons and other cell types contributing to the disease.,"(b) Statements 1, 2, and 3",(b) The over-reliance on animal models that do not accurately predict human responses.,"(b) It would identify failing drugs earlier, reducing the $4 billion sunk cost per success.",(b) The drug's efficacy and safety could vary due to the patient's different genetic makeup.,(a) A drug being effective for one person but causing harmful side effects in another.,(a) To ensure a representative model of the human population for drug testing.,(b) Does this drug cause liver damage in individuals with a specific genetic marker?,(b) They are less constrained by the profit motives and bureaucracy of large organizations.,(a) They lack the laboratory space to conduct cutting-edge experiments.,(a) The process is not scalable and introduces variability between cell lines.,"(c) Manual creation would be too slow and inconsistent to produce reliable, comparable lines at scale.",(d) It can perfectly reconstruct the damaged tissue after the disease has progressed.,(b) Reveal the fundamental cellular interactions underlying a disease.,(a) To suggest that stem cell research will eventually become a routine and accepted medical tool.,(b) To protect valuable intellectual property from competing pharmaceutical companies.,(a) By allowing the drug to be tested on diverse cardiac cells before human trials.,(b) To re-screen the drug on diverse liver cell models for a potential new use.,1,34,,,,,,,,,,,,,,,,,,,,,,,,,,,16,676056c4ad585b4aeebf6154,16,20,"RetrievalPractice,StemCells",Instructions|Video|Instructions|Q8|Q6 |Q5 |Q10|Q3|Q20|Q4|Q18 |Q7|Q15|Q14 |Q2|Q13 |Q17 |Q9|Q19 |Q16|Q12|Q1 |Q11|Prior knowledge|JOL |Instructions ,,,
26/06/2025 05:06,26/06/2025 05:27,IP Address,100,1289,TRUE,26/06/2025 05:27,R_8P5ElTKXp9QZJN7,anonymous,EN,0.899999976,"I have read the information sheet and understand I can email the researchers with any questions.,I understand that my personal information (e.g., my age, gender, and information about my language background) will be used for the purposes of this study, which have been explained to me.,I consent to the processing of my personal information for the purposes of this study, and I understand that any such information will be treated as strictly confidential and handled in accordance with the provisions of the Data Protection Act 2018.,I understand that the information I provide may be published as a report and I will be sent a copy if I wish. Confidentiality and anonymity will be maintained, and it will not be possible to identify me in any publications.,I understand that my anonymised research data may be shared in accordance with open science guidelines (no one will be able to identify me if these data are shared).,I understand that I am free to withdraw from the study without penalty if I so wish.,I am over the age of 18.,I consent to take part in this study.",66d44140d05dc9d8c9889ed2,42,Male,Yes,,,,,,,,,,,,,,,,,,,,,,,,,(b) A lack of scientific evidence for any therapeutic benefit.,(d) halted progress on a promising mental health treatment approach.,(c) Creating a supportive therapeutic context for administration.,(d) dosage administered in a given session.,(c) They caused him significant psychological distress.,(b) his family was not sufficiently supportive of his religious upbringing.,"(a) rigorous, scientific validation of therapeutic potential.",(a) A societal shift towards favouring recreational drug use.,(d) It works by suppressing difficult emotions and symptoms.,(a) Statement 1 only,(b) a state of confusion to one of logical clarity.,"(d) enhances the creation of a stable, personal narrative.",(b) By sedating the patient to prevent emotional recall.,"(c) Statements 1, 3 and 4",(d) It focuses the therapy exclusively on external coping mechanisms.,(b) Conducting drug sessions without any therapist present.,(d) The therapy works better than any other treatment available.,(d) has completed all necessary research and is ready for market.,(b) Self-administered psychedelic kits for home use.,(d) prove that psychotherapy is unnecessary for the drugs to work,1,10,,,3,66d44140d05dc9d8c9889ed2,3,20,"RetrievalPractice,Psychedelics",,,Instructions|Video|Instructions|Q15|Q5|Q2|Q4|Q18|Q10|Q8|Q20|Q3|Q1|Q9|Q16|Q17|Q19 |Q13|Q7|Q6|Q12|Q11|Q14|Prior knowledge|JOL|Instructions,
26/06/2025 05:07,26/06/2025 05:29,IP Address,100,1306,TRUE,26/06/2025 05:29,R_877qnGfdVXm4a3f,anonymous,EN,0,"I have read the information sheet and understand I can email the researchers with any questions.,I understand that my personal information (e.g., my age, gender, and information about my language background) will be used for the purposes of this study, which have been explained to me.,I consent to the processing of my personal information for the purposes of this study, and I understand that any such information will be treated as strictly confidential and handled in accordance with the provisions of the Data Protection Act 2018.,I understand that the information I provide may be published as a report and I will be sent a copy if I wish. Confidentiality and anonymity will be maintained, and it will not be possible to identify me in any publications.,I understand that my anonymised research data may be shared in accordance with open science guidelines (no one will be able to identify me if these data are shared).,I understand that I am free to withdraw from the study without penalty if I so wish.,I am over the age of 18.,I consent to take part in this study.",67d9fd7ad09a3cfeec820358,51,Male,Yes,(b) iPSCs contain the specific genetic makeup of the patient with the heart condition.,(d) It proves that skin cells and motor neurons share the same biological function.,(b) The interaction between motor neurons and other cell types contributing to the disease.,(a) Statements 1 and 2,(d) The strict government regulations that prevent most new drugs from being approved.,"(a) It would eliminate the need for clinical trials, reducing the timeline to under five years.",(b) The drug's efficacy and safety could vary due to the patient's different genetic makeup.,(a) A drug being effective for one person but causing harmful side effects in another.,(d) To allow any person to have their own personal stem cell line for therapy.,(b) Does this drug cause liver damage in individuals with a specific genetic marker?,(c) They operate under different government regulations than academic labs.,(a) They lack the laboratory space to conduct cutting-edge experiments.,(c) The manual process is too dangerous for lab technicians.,"(a) Automated systems can reprogram cells without using viruses, making them safer.","(a) It provides a recording of the events leading up to the ""crash"" or disease state.",(c) Eliminate the need for animal testing in all medical research.,(d) To highlight that both fields rely on the same laboratory techniques and equipment.,(b) To protect valuable intellectual property from competing pharmaceutical companies.,(a) By allowing the drug to be tested on diverse cardiac cells before human trials.,(b) To re-screen the drug on diverse liver cell models for a potential new use.,2,50,,,,,,,,,,,,,,,,,,,,,,,,,,,8,67d9fd7ad09a3cfeec820358,8,20,"RetrievalPractice,StemCells",Instructions|Video|Instructions|Q4|Q14 |Q5 |Q2|Q6 |Q20|Q13 |Q10|Q7|Q15|Q17 |Q18 |Q12|Q16|Q9|Q11|Q19 |Q8|Q3|Q1 |Prior knowledge|JOL |Instructions ,,,
26/06/2025 05:10,26/06/2025 05:30,IP Address,100,1196,TRUE,26/06/2025 05:30,R_222AylrwsJL9FN7,anonymous,EN,0.100000001,"I have read the information sheet and understand I can email the researchers with any questions.,I understand that my personal information (e.g., my age, gender, and information about my language background) will be used for the purposes of this study, which have been explained to me.,I consent to the processing of my personal information for the purposes of this study, and I understand that any such information will be treated as strictly confidential and handled in accordance with the provisions of the Data Protection Act 2018.,I understand that the information I provide may be published as a report and I will be sent a copy if I wish. Confidentiality and anonymity will be maintained, and it will not be possible to identify me in any publications.,I understand that my anonymised research data may be shared in accordance with open science guidelines (no one will be able to identify me if these data are shared).,I understand that I am free to withdraw from the study without penalty if I so wish.,I am over the age of 18.,I consent to take part in this study.",5d8b66f5d189bd001a378273,47,Female,Yes,,,,,,,,,,,,,,,,,,,,,,,2,10,,,,,,,,,,,,,,,,,,,,,,,,,0,5d8b66f5d189bd001a378273,0,0,"ElaboratedExplanation,StemCells",,Instructions|Video |Instructions|E20 |E19|E8|E15|E10 |E14|E5|E9|E7 |E2|E13 |E11|E16|E18|E6|E17|E4|E12 |E3|E1|Prior knowledge|JOL|Instructions,,
26/06/2025 05:10,26/06/2025 05:31,IP Address,100,1258,TRUE,26/06/2025 05:31,R_2uXa7RPyeTq6bjn,anonymous,EN,0.800000012,"I have read the information sheet and understand I can email the researchers with any questions.,I understand that my personal information (e.g., my age, gender, and information about my language background) will be used for the purposes of this study, which have been explained to me.,I consent to the processing of my personal information for the purposes of this study, and I understand that any such information will be treated as strictly confidential and handled in accordance with the provisions of the Data Protection Act 2018.,I understand that the information I provide may be published as a report and I will be sent a copy if I wish. Confidentiality and anonymity will be maintained, and it will not be possible to identify me in any publications.,I understand that my anonymised research data may be shared in accordance with open science guidelines (no one will be able to identify me if these data are shared).,I understand that I am free to withdraw from the study without penalty if I so wish.,I am over the age of 18.,I consent to take part in this study.",5d1a1d97a51463000183f7af,31,Male,Yes,,,,,,,,,,,,,,,,,,,,,,,,,(a) Their association with counterculture and anti-war movements.,(d) halted progress on a promising mental health treatment approach.,(c) Creating a supportive therapeutic context for administration.,(b) intention and context of their application.,(d) They provided a profound emotional and spiritual connection.,(c) psychedelics can facilitate experiences that traditional rituals may not.,"(a) rigorous, scientific validation of therapeutic potential.",(b) Compelling preliminary data on safety and efficacy for mental illness.,(b) It aims to address the root causes of disorders.,(c) Statements 1 and 2,(a) a self-centered perspective to a broader awareness.,"(d) enhances the creation of a stable, personal narrative.",(d) By reducing fear while increasing cognitive function,"(d) Statements 1, 2, 3 and 4",(a) It empowers the patient to access their own healing intelligence.,(c) Including non-drug psychotherapy sessions for integration.,(a) The therapeutic benefits appear to be durable and lasting.,(b) may offer a substantial improvement over existing therapies.,"(c) Medically supervised sessions for specific, approved conditions.",(a) re-establish psychedelics' legitimacy within the medical system.,1,60,,,19,5d1a1d97a51463000183f7af,19,20,"RetrievalPractice,Psychedelics",,,Instructions|Video|Instructions|Q3|Q11|Q16|Q10|Q2|Q12|Q19 |Q15|Q4|Q14|Q17|Q7|Q5|Q1|Q20|Q18|Q13|Q8|Q6|Q9|Prior knowledge|JOL|Instructions,
26/06/2025 05:12,26/06/2025 05:33,IP Address,100,1271,TRUE,26/06/2025 05:33,R_21H6DJtSJGPbGi9,anonymous,EN,0.899999976,"I have read the information sheet and understand I can email the researchers with any questions.,I understand that my personal information (e.g., my age, gender, and information about my language background) will be used for the purposes of this study, which have been explained to me.,I consent to the processing of my personal information for the purposes of this study, and I understand that any such information will be treated as strictly confidential and handled in accordance with the provisions of the Data Protection Act 2018.,I understand that the information I provide may be published as a report and I will be sent a copy if I wish. Confidentiality and anonymity will be maintained, and it will not be possible to identify me in any publications.,I understand that my anonymised research data may be shared in accordance with open science guidelines (no one will be able to identify me if these data are shared).,I understand that I am free to withdraw from the study without penalty if I so wish.,I am over the age of 18.,I consent to take part in this study.",614ee866eb22f6b60f499a91,60,Male,Yes,,,,,,,,,,,,,,,,,,,,,,,2,70,,,,,,,,,,,,,,,,,,,,,,,,,0,614ee866eb22f6b60f499a91,0,0,"ElaboratedExplanation,StemCells",,Instructions|Video |Instructions|E18|E20 |E12 |E13 |E17|E2|E14|E5|E4|E3|E19|E9|E15|E7 |E11|E10 |E8|E16|E1|E6|Prior knowledge|JOL|Instructions,,
26/06/2025 05:09,26/06/2025 05:33,IP Address,100,1406,TRUE,26/06/2025 05:33,R_21b9mLPqHvPyVQv,anonymous,EN,0.899999976,"I have read the information sheet and understand I can email the researchers with any questions.,I understand that my personal information (e.g., my age, gender, and information about my language background) will be used for the purposes of this study, which have been explained to me.,I consent to the processing of my personal information for the purposes of this study, and I understand that any such information will be treated as strictly confidential and handled in accordance with the provisions of the Data Protection Act 2018.,I understand that the information I provide may be published as a report and I will be sent a copy if I wish. Confidentiality and anonymity will be maintained, and it will not be possible to identify me in any publications.,I understand that my anonymised research data may be shared in accordance with open science guidelines (no one will be able to identify me if these data are shared).,I understand that I am free to withdraw from the study without penalty if I so wish.,I am over the age of 18.,I consent to take part in this study.",67607e34fb2abbf20ec24851,41,Male,Yes,,,,,,,,,,,,,,,,,,,,,,,,,,,,,,,,,,,,,,,,,,,,,,,2,60,0,67607e34fb2abbf20ec24851,0,0,"ElaboratedExplanation,Psychedelics",,,,Instructions|Video|Instructions|E19|E7|E20|E18|E1|E5|E9|E17|E14|E11|E8|E13|E15|E4|E16|E10|E6|E12|E3|E2|Prior knowledge|JOL|Q140
26/06/2025 05:08,26/06/2025 05:33,IP Address,100,1527,TRUE,26/06/2025 05:33,R_8uHW94iMB4TPh3l,anonymous,EN,1,"I have read the information sheet and understand I can email the researchers with any questions.,I understand that my personal information (e.g., my age, gender, and information about my language background) will be used for the purposes of this study, which have been explained to me.,I consent to the processing of my personal information for the purposes of this study, and I understand that any such information will be treated as strictly confidential and handled in accordance with the provisions of the Data Protection Act 2018.,I understand that the information I provide may be published as a report and I will be sent a copy if I wish. Confidentiality and anonymity will be maintained, and it will not be possible to identify me in any publications.,I understand that my anonymised research data may be shared in accordance with open science guidelines (no one will be able to identify me if these data are shared).,I understand that I am free to withdraw from the study without penalty if I so wish.,I am over the age of 18.,I consent to take part in this study.",66640059232bcc6a15b24803,38,Female,Yes,,,,,,,,,,,,,,,,,,,,,,,,,(a) Their association with counterculture and anti-war movements.,(d) halted progress on a promising mental health treatment approach.,(c) Creating a supportive therapeutic context for administration.,(b) intention and context of their application.,(d) They provided a profound emotional and spiritual connection.,(c) psychedelics can facilitate experiences that traditional rituals may not.,"(a) rigorous, scientific validation of therapeutic potential.",(b) Compelling preliminary data on safety and efficacy for mental illness.,(b) It aims to address the root causes of disorders.,(c) Statements 1 and 2,(a) a self-centered perspective to a broader awareness.,"(d) enhances the creation of a stable, personal narrative.",(d) By reducing fear while increasing cognitive function,(a) Statements 1 and 2,(a) It empowers the patient to access their own healing intelligence.,(c) Including non-drug psychotherapy sessions for integration.,(a) The therapeutic benefits appear to be durable and lasting.,(b) may offer a substantial improvement over existing therapies.,"(c) Medically supervised sessions for specific, approved conditions.",(a) re-establish psychedelics' legitimacy within the medical system.,1,71,,,18,66640059232bcc6a15b24803,18,20,"RetrievalPractice,Psychedelics",,,Instructions|Video|Instructions|Q10|Q1|Q7|Q13|Q4|Q17|Q18|Q2|Q16|Q9|Q20|Q3|Q8|Q19 |Q14|Q11|Q15|Q5|Q12|Q6|Prior knowledge|JOL|Instructions,
26/06/2025 05:09,26/06/2025 05:35,IP Address,100,1584,TRUE,26/06/2025 05:35,R_82NOSEnUYoEg4Hn,anonymous,EN,1,"I have read the information sheet and understand I can email the researchers with any questions.,I understand that my personal information (e.g., my age, gender, and information about my language background) will be used for the purposes of this study, which have been explained to me.,I consent to the processing of my personal information for the purposes of this study, and I understand that any such information will be treated as strictly confidential and handled in accordance with the provisions of the Data Protection Act 2018.,I understand that the information I provide may be published as a report and I will be sent a copy if I wish. Confidentiality and anonymity will be maintained, and it will not be possible to identify me in any publications.,I understand that my anonymised research data may be shared in accordance with open science guidelines (no one will be able to identify me if these data are shared).,I understand that I am free to withdraw from the study without penalty if I so wish.,I am over the age of 18.,I consent to take part in this study.",58cd0bc2a47dbb000171dc8b,61,Male,Yes,(b) iPSCs contain the specific genetic makeup of the patient with the heart condition.,(a) It allows for the creation of motor neurons that are genetically identical to the patient's.,(b) The interaction between motor neurons and other cell types contributing to the disease.,"(b) Statements 1, 2, and 3",(b) The over-reliance on animal models that do not accurately predict human responses.,"(b) It would identify failing drugs earlier, reducing the $4 billion sunk cost per success.",(b) The drug's efficacy and safety could vary due to the patient's different genetic makeup.,(a) A drug being effective for one person but causing harmful side effects in another.,(a) To ensure a representative model of the human population for drug testing.,(b) Does this drug cause liver damage in individuals with a specific genetic marker?,(c) They operate under different government regulations than academic labs.,(c) Their established structures may prevent them from adapting quickly or asking novel questions.,(a) The process is not scalable and introduces variability between cell lines.,"(c) Manual creation would be too slow and inconsistent to produce reliable, comparable lines at scale.",(d) It can perfectly reconstruct the damaged tissue after the disease has progressed.,(b) Reveal the fundamental cellular interactions underlying a disease.,(a) To suggest that stem cell research will eventually become a routine and accepted medical tool.,(c) To advance critical research without political and financial interference.,(a) By allowing the drug to be tested on diverse cardiac cells before human trials.,(b) To re-screen the drug on diverse liver cell models for a potential new use.,2,70,,,,,,,,,,,,,,,,,,,,,,,,,,,18,58cd0bc2a47dbb000171dc8b,18,20,"RetrievalPractice,StemCells",Instructions|Video|Instructions|Q3|Q20|Q7|Q16|Q2|Q1 |Q10|Q13 |Q14 |Q17 |Q15|Q9|Q6 |Q11|Q4|Q12|Q18 |Q8|Q19 |Q5 |Prior knowledge|JOL |Instructions ,,,
26/06/2025 05:12,26/06/2025 05:36,IP Address,100,1472,TRUE,26/06/2025 05:36,R_2mKtkLrSKr1MKvI,anonymous,EN,0.400000006,"I have read the information sheet and understand I can email the researchers with any questions.,I understand that my personal information (e.g., my age, gender, and information about my language background) will be used for the purposes of this study, which have been explained to me.,I consent to the processing of my personal information for the purposes of this study, and I understand that any such information will be treated as strictly confidential and handled in accordance with the provisions of the Data Protection Act 2018.,I understand that the information I provide may be published as a report and I will be sent a copy if I wish. Confidentiality and anonymity will be maintained, and it will not be possible to identify me in any publications.,I understand that my anonymised research data may be shared in accordance with open science guidelines (no one will be able to identify me if these data are shared).,I understand that I am free to withdraw from the study without penalty if I so wish.,I am over the age of 18.,I consent to take part in this study.",5ee4a14b578f8a000b384376,50,Male,Yes,,,,,,,,,,,,,,,,,,,,,,,,,,,,,,,,,,,,,,,,,,,,,,,1,60,0,5ee4a14b578f8a000b384376,0,0,"ElaboratedExplanation,Psychedelics",,,,Instructions|Video|Instructions|E9|E17|E12|E14|E15|E8|E19|E20|E13|E2|E11|E10|E18|E16|E4|E6|E7|E1|E5|E3|Prior knowledge|JOL|Q140
26/06/2025 05:13,26/06/2025 05:36,IP Address,100,1392,TRUE,26/06/2025 05:36,R_2S0J9nBd8CabKrU,anonymous,EN,1,"I have read the information sheet and understand I can email the researchers with any questions.,I understand that my personal information (e.g., my age, gender, and information about my language background) will be used for the purposes of this study, which have been explained to me.,I consent to the processing of my personal information for the purposes of this study, and I understand that any such information will be treated as strictly confidential and handled in accordance with the provisions of the Data Protection Act 2018.,I understand that the information I provide may be published as a report and I will be sent a copy if I wish. Confidentiality and anonymity will be maintained, and it will not be possible to identify me in any publications.,I understand that my anonymised research data may be shared in accordance with open science guidelines (no one will be able to identify me if these data are shared).,I understand that I am free to withdraw from the study without penalty if I so wish.,I am over the age of 18.,I consent to take part in this study.",5ecf5a78ba30501d2ca5e34b,37,Male,Yes,,,,,,,,,,,,,,,,,,,,,,,,,(a) Their association with counterculture and anti-war movements.,(d) halted progress on a promising mental health treatment approach.,(b) Using the substance without any accompanying therapy.,(b) intention and context of their application.,(d) They provided a profound emotional and spiritual connection.,(b) his family was not sufficiently supportive of his religious upbringing.,"(a) rigorous, scientific validation of therapeutic potential.",(b) Compelling preliminary data on safety and efficacy for mental illness.,(b) It aims to address the root causes of disorders.,(c) Statements 1 and 2,(c) a spiritual mindset to a more scientific one.,(b) allows for a temporary dissolution of a rigid sense of self.,(a) By increasing brain activity in all major regions.,"(d) Statements 1, 2, 3 and 4",(a) It empowers the patient to access their own healing intelligence.,(c) Including non-drug psychotherapy sessions for integration.,(a) The therapeutic benefits appear to be durable and lasting.,(b) may offer a substantial improvement over existing therapies.,"(c) Medically supervised sessions for specific, approved conditions.",(a) re-establish psychedelics' legitimacy within the medical system.,1,50,,,16,5ecf5a78ba30501d2ca5e34b,16,20,"RetrievalPractice,Psychedelics",,,Instructions|Video|Instructions|Q14|Q3|Q19 |Q15|Q4|Q12|Q7|Q18|Q11|Q10|Q5|Q9|Q17|Q6|Q20|Q13|Q8|Q1|Q16|Q2|Prior knowledge|JOL|Instructions,
26/06/2025 05:12,26/06/2025 05:38,IP Address,100,1531,TRUE,26/06/2025 05:38,R_8N9OAGKV1x0K4ao,anonymous,EN,1,"I have read the information sheet and understand I can email the researchers with any questions.,I understand that my personal information (e.g., my age, gender, and information about my language background) will be used for the purposes of this study, which have been explained to me.,I consent to the processing of my personal information for the purposes of this study, and I understand that any such information will be treated as strictly confidential and handled in accordance with the provisions of the Data Protection Act 2018.,I understand that the information I provide may be published as a report and I will be sent a copy if I wish. Confidentiality and anonymity will be maintained, and it will not be possible to identify me in any publications.,I understand that my anonymised research data may be shared in accordance with open science guidelines (no one will be able to identify me if these data are shared).,I understand that I am free to withdraw from the study without penalty if I so wish.,I am over the age of 18.,I consent to take part in this study.",612f5beeadebe8b6969dc5a9,78,Male,Yes,,,,,,,,,,,,,,,,,,,,,,,,,,,,,,,,,,,,,,,,,,,,,,,1,4,0,612f5beeadebe8b6969dc5a9,0,0,"ElaboratedExplanation,Psychedelics",,,,Instructions|Video|Instructions|E13|E10|E1|E15|E12|E5|E6|E16|E20|E4|E11|E3|E7|E18|E19|E8|E9|E2|E17|E14|Prior knowledge|JOL|Q140
26/06/2025 05:13,26/06/2025 05:38,IP Address,100,1532,TRUE,26/06/2025 05:38,R_81ElqJcRx2YPDBe,anonymous,EN,1,"I have read the information sheet and understand I can email the researchers with any questions.,I understand that my personal information (e.g., my age, gender, and information about my language background) will be used for the purposes of this study, which have been explained to me.,I consent to the processing of my personal information for the purposes of this study, and I understand that any such information will be treated as strictly confidential and handled in accordance with the provisions of the Data Protection Act 2018.,I understand that the information I provide may be published as a report and I will be sent a copy if I wish. Confidentiality and anonymity will be maintained, and it will not be possible to identify me in any publications.,I understand that my anonymised research data may be shared in accordance with open science guidelines (no one will be able to identify me if these data are shared).,I understand that I am free to withdraw from the study without penalty if I so wish.,I am over the age of 18.,I consent to take part in this study.",5bb48501d3be310001c1afeb,50,Male,Yes,,,,,,,,,,,,,,,,,,,,,,,,,(a) Their association with counterculture and anti-war movements.,(d) halted progress on a promising mental health treatment approach.,(c) Creating a supportive therapeutic context for administration.,(b) intention and context of their application.,(d) They provided a profound emotional and spiritual connection.,(c) psychedelics can facilitate experiences that traditional rituals may not.,"(a) rigorous, scientific validation of therapeutic potential.",(b) Compelling preliminary data on safety and efficacy for mental illness.,(b) It aims to address the root causes of disorders.,(c) Statements 1 and 2,(a) a self-centered perspective to a broader awareness.,(a) strengthens the ego's control over thoughts and emotions.,(a) By increasing brain activity in all major regions.,"(d) Statements 1, 2, 3 and 4",(a) It empowers the patient to access their own healing intelligence.,(c) Including non-drug psychotherapy sessions for integration.,(a) The therapeutic benefits appear to be durable and lasting.,(b) may offer a substantial improvement over existing therapies.,"(c) Medically supervised sessions for specific, approved conditions.",(a) re-establish psychedelics' legitimacy within the medical system.,1,60,,,18,5bb48501d3be310001c1afeb,18,20,"RetrievalPractice,Psychedelics",,,Instructions|Video|Instructions|Q12|Q8|Q2|Q6|Q11|Q10|Q3|Q7|Q13|Q5|Q14|Q19 |Q18|Q17|Q16|Q1|Q20|Q15|Q9|Q4|Prior knowledge|JOL|Instructions,
26/06/2025 05:17,26/06/2025 05:39,IP Address,100,1281,TRUE,26/06/2025 05:39,R_29cSKUnSBuZU2pT,anonymous,EN,0.400000006,"I have read the information sheet and understand I can email the researchers with any questions.,I understand that my personal information (e.g., my age, gender, and information about my language background) will be used for the purposes of this study, which have been explained to me.,I consent to the processing of my personal information for the purposes of this study, and I understand that any such information will be treated as strictly confidential and handled in accordance with the provisions of the Data Protection Act 2018.,I understand that the information I provide may be published as a report and I will be sent a copy if I wish. Confidentiality and anonymity will be maintained, and it will not be possible to identify me in any publications.,I understand that my anonymised research data may be shared in accordance with open science guidelines (no one will be able to identify me if these data are shared).,I understand that I am free to withdraw from the study without penalty if I so wish.,I am over the age of 18.,I consent to take part in this study.",651ac88823e71c05dbc1ff63,56,Male,Yes,,,,,,,,,,,,,,,,,,,,,,,3,64,,,,,,,,,,,,,,,,,,,,,,,,,0,651ac88823e71c05dbc1ff63,0,0,"ElaboratedExplanation,StemCells",,Instructions|Video |Instructions|E13 |E19|E3|E18|E10 |E12 |E7 |E11|E4|E2|E15|E16|E9|E5|E1|E20 |E6|E8|E14|E17|Prior knowledge|JOL|Instructions,,
26/06/2025 05:14,26/06/2025 05:40,IP Address,100,1573,TRUE,26/06/2025 05:40,R_2cvGDA5gSU0ouvH,anonymous,EN,1,"I have read the information sheet and understand I can email the researchers with any questions.,I understand that my personal information (e.g., my age, gender, and information about my language background) will be used for the purposes of this study, which have been explained to me.,I consent to the processing of my personal information for the purposes of this study, and I understand that any such information will be treated as strictly confidential and handled in accordance with the provisions of the Data Protection Act 2018.,I understand that the information I provide may be published as a report and I will be sent a copy if I wish. Confidentiality and anonymity will be maintained, and it will not be possible to identify me in any publications.,I understand that my anonymised research data may be shared in accordance with open science guidelines (no one will be able to identify me if these data are shared).,I understand that I am free to withdraw from the study without penalty if I so wish.,I am over the age of 18.,I consent to take part in this study.",677dd8f9b2cb71d4c20618e3,30,Female,Yes,(b) iPSCs contain the specific genetic makeup of the patient with the heart condition.,(a) It allows for the creation of motor neurons that are genetically identical to the patient's.,(b) The interaction between motor neurons and other cell types contributing to the disease.,"(b) Statements 1, 2, and 3",(c) The inability to manufacture promising drug compounds on a large scale.,"(b) It would identify failing drugs earlier, reducing the $4 billion sunk cost per success.",(b) The drug's efficacy and safety could vary due to the patient's different genetic makeup.,(a) A drug being effective for one person but causing harmful side effects in another.,(a) To ensure a representative model of the human population for drug testing.,(b) Does this drug cause liver damage in individuals with a specific genetic marker?,(d) They exclusively hire scientists who have worked in both academia and industry.,(c) Their established structures may prevent them from adapting quickly or asking novel questions.,(a) The process is not scalable and introduces variability between cell lines.,"(c) Manual creation would be too slow and inconsistent to produce reliable, comparable lines at scale.","(a) It provides a recording of the events leading up to the ""crash"" or disease state.",(b) Reveal the fundamental cellular interactions underlying a disease.,(a) To suggest that stem cell research will eventually become a routine and accepted medical tool.,(c) To advance critical research without political and financial interference.,"(c) By creating a new, safer version of Vioxx using genetic engineering.",(b) To re-screen the drug on diverse liver cell models for a potential new use.,5,45,,,,,,,,,,,,,,,,,,,,,,,,,,,17,677dd8f9b2cb71d4c20618e3,17,20,"RetrievalPractice,StemCells",Instructions|Video|Instructions|Q15|Q2|Q13 |Q7|Q8|Q18 |Q11|Q1 |Q10|Q17 |Q3|Q16|Q20|Q19 |Q6 |Q12|Q4|Q5 |Q14 |Q9|Prior knowledge|JOL |Instructions ,,,
26/06/2025 05:06,26/06/2025 05:41,IP Address,100,2105,TRUE,26/06/2025 05:41,R_8njEyiEMhFtCzy9,anonymous,EN,1,"I have read the information sheet and understand I can email the researchers with any questions.,I understand that my personal information (e.g., my age, gender, and information about my language background) will be used for the purposes of this study, which have been explained to me.,I consent to the processing of my personal information for the purposes of this study, and I understand that any such information will be treated as strictly confidential and handled in accordance with the provisions of the Data Protection Act 2018.,I understand that the information I provide may be published as a report and I will be sent a copy if I wish. Confidentiality and anonymity will be maintained, and it will not be possible to identify me in any publications.,I understand that my anonymised research data may be shared in accordance with open science guidelines (no one will be able to identify me if these data are shared).,I understand that I am free to withdraw from the study without penalty if I so wish.,I am over the age of 18.,I consent to take part in this study.",67851f4cba98f2087f182764,32,Male,Yes,,,,,,,,,,,,,,,,,,,,,,,,,,,,,,,,,,,,,,,,,,,,,,,1,60,0,67851f4cba98f2087f182764,0,0,"ElaboratedExplanation,Psychedelics",,,,Instructions|Video|Instructions|E14|E19|E15|E6|E12|E5|E7|E3|E9|E18|E10|E1|E8|E2|E17|E13|E4|E20|E16|E11|Prior knowledge|JOL|Q140
26/06/2025 05:19,26/06/2025 05:52,IP Address,100,2025,TRUE,26/06/2025 05:52,R_83zBB5gVaap6eKl,anonymous,EN,1,"I have read the information sheet and understand I can email the researchers with any questions.,I understand that my personal information (e.g., my age, gender, and information about my language background) will be used for the purposes of this study, which have been explained to me.,I consent to the processing of my personal information for the purposes of this study, and I understand that any such information will be treated as strictly confidential and handled in accordance with the provisions of the Data Protection Act 2018.,I understand that the information I provide may be published as a report and I will be sent a copy if I wish. Confidentiality and anonymity will be maintained, and it will not be possible to identify me in any publications.,I understand that my anonymised research data may be shared in accordance with open science guidelines (no one will be able to identify me if these data are shared).,I understand that I am free to withdraw from the study without penalty if I so wish.,I am over the age of 18.,I consent to take part in this study.",681f421f57f106703aeaf6e8,57,Male,Yes,,,,,,,,,,,,,,,,,,,,,,,,,(a) Their association with counterculture and anti-war movements.,(d) halted progress on a promising mental health treatment approach.,(c) Creating a supportive therapeutic context for administration.,(b) intention and context of their application.,(d) They provided a profound emotional and spiritual connection.,(c) psychedelics can facilitate experiences that traditional rituals may not.,"(a) rigorous, scientific validation of therapeutic potential.",(b) Compelling preliminary data on safety and efficacy for mental illness.,(b) It aims to address the root causes of disorders.,(c) Statements 1 and 2,(a) a self-centered perspective to a broader awareness.,(b) allows for a temporary dissolution of a rigid sense of self.,(d) By reducing fear while increasing cognitive function,"(d) Statements 1, 2, 3 and 4",(a) It empowers the patient to access their own healing intelligence.,(c) Including non-drug psychotherapy sessions for integration.,(a) The therapeutic benefits appear to be durable and lasting.,(d) has completed all necessary research and is ready for market.,"(c) Medically supervised sessions for specific, approved conditions.",(a) re-establish psychedelics' legitimacy within the medical system.,3,75,,,19,681f421f57f106703aeaf6e8,19,20,"RetrievalPractice,Psychedelics",,,Instructions|Video|Instructions|Q1|Q10|Q7|Q17|Q9|Q16|Q14|Q11|Q12|Q5|Q18|Q8|Q13|Q3|Q15|Q2|Q6|Q19 |Q20|Q4|Prior knowledge|JOL|Instructions,
26/06/2025 05:33,26/06/2025 05:59,IP Address,100,1589,TRUE,26/06/2025 05:59,R_2gMRVGYQFgdGouJ,anonymous,EN,0.800000012,"I have read the information sheet and understand I can email the researchers with any questions.,I understand that my personal information (e.g., my age, gender, and information about my language background) will be used for the purposes of this study, which have been explained to me.,I consent to the processing of my personal information for the purposes of this study, and I understand that any such information will be treated as strictly confidential and handled in accordance with the provisions of the Data Protection Act 2018.,I understand that the information I provide may be published as a report and I will be sent a copy if I wish. Confidentiality and anonymity will be maintained, and it will not be possible to identify me in any publications.,I understand that my anonymised research data may be shared in accordance with open science guidelines (no one will be able to identify me if these data are shared).,I understand that I am free to withdraw from the study without penalty if I so wish.,I am over the age of 18.,I consent to take part in this study.",5e5521580ee1b951df544c3c,45,Male,Yes,(a) iPSCs can differentiate into a wider variety of cell types than embryonic stem cells.,(a) It allows for the creation of motor neurons that are genetically identical to the patient's.,(b) The interaction between motor neurons and other cell types contributing to the disease.,"(b) Statements 1, 2, and 3",(a) The lack of funding for late-stage clinical trials in human subjects.,"(b) It would identify failing drugs earlier, reducing the $4 billion sunk cost per success.",(b) The drug's efficacy and safety could vary due to the patient's different genetic makeup.,(a) A drug being effective for one person but causing harmful side effects in another.,(a) To ensure a representative model of the human population for drug testing.,(b) Does this drug cause liver damage in individuals with a specific genetic marker?,(b) They are less constrained by the profit motives and bureaucracy of large organizations.,(c) Their established structures may prevent them from adapting quickly or asking novel questions.,(d) Manually created cells cannot be differentiated into specific tissue types.,"(c) Manual creation would be too slow and inconsistent to produce reliable, comparable lines at scale.","(a) It provides a recording of the events leading up to the ""crash"" or disease state.",(b) Reveal the fundamental cellular interactions underlying a disease.,(a) To suggest that stem cell research will eventually become a routine and accepted medical tool.,(c) To advance critical research without political and financial interference.,(a) By allowing the drug to be tested on diverse cardiac cells before human trials.,(b) To re-screen the drug on diverse liver cell models for a potential new use.,1,40,,,,,,,,,,,,,,,,,,,,,,,,,,,17,5e5521580ee1b951df544c3c,17,20,"RetrievalPractice,StemCells",Instructions|Video|Instructions|Q18 |Q5 |Q16|Q15|Q11|Q7|Q1 |Q12|Q6 |Q13 |Q3|Q2|Q19 |Q8|Q4|Q17 |Q9|Q20|Q14 |Q10|Prior knowledge|JOL |Instructions ,,,
26/06/2025 05:20,26/06/2025 06:03,IP Address,100,2611,TRUE,26/06/2025 06:03,R_2KqbXs34rmvRkT3,anonymous,EN,0.899999976,"I have read the information sheet and understand I can email the researchers with any questions.,I understand that my personal information (e.g., my age, gender, and information about my language background) will be used for the purposes of this study, which have been explained to me.,I consent to the processing of my personal information for the purposes of this study, and I understand that any such information will be treated as strictly confidential and handled in accordance with the provisions of the Data Protection Act 2018.,I understand that the information I provide may be published as a report and I will be sent a copy if I wish. Confidentiality and anonymity will be maintained, and it will not be possible to identify me in any publications.,I understand that my anonymised research data may be shared in accordance with open science guidelines (no one will be able to identify me if these data are shared).,I understand that I am free to withdraw from the study without penalty if I so wish.,I am over the age of 18.,I consent to take part in this study.",6658c4239af9537eefdfbcc9,32,Female,Yes,,,,,,,,,,,,,,,,,,,,,,,,,,,,,,,,,,,,,,,,,,,,,,,2,30,0,6658c4239af9537eefdfbcc9,0,0,"ElaboratedExplanation,Psychedelics",,,,Instructions|Video|Instructions|E2|E7|E19|E16|E9|E4|E6|E15|E11|E3|E14|E10|E17|E18|E12|E20|E5|E1|E13|E8|Prior knowledge|JOL|Q140
09/07/2025 03:04,09/07/2025 03:24,IP Address,100,1186,TRUE,09/07/2025 03:24,R_23CaY7pId4Re2Rj,anonymous,EN,1,"I have read the information sheet and understand I can email the researchers with any questions.,I understand that my personal information (e.g., my age, gender, and information about my language background) will be used for the purposes of this study, which have been explained to me.,I consent to the processing of my personal information for the purposes of this study, and I understand that any such information will be treated as strictly confidential and handled in accordance with the provisions of the Data Protection Act 2018.,I understand that the information I provide may be published as a report and I will be sent a copy if I wish. Confidentiality and anonymity will be maintained, and it will not be possible to identify me in any publications.,I understand that my anonymised research data may be shared in accordance with open science guidelines (no one will be able to identify me if these data are shared).,I understand that I am free to withdraw from the study without penalty if I so wish.,I am over the age of 18.,I consent to take part in this study.",5d0913ff65eb3400019cc1d8,43,Female,Yes,,,,,,,,,,,,,,,,,,,,,,,2,29,,,,,,,,,,,,,,,,,,,,,,,,,0,5d0913ff65eb3400019cc1d8,0,0,"ElaboratedExplanation,StemCells",,Instructions|Video |Instructions|E1|E6|E12 |E11|E20 |E8|E5|E14|E16|E19|E3|E18|E9|E15|E17|E10 |E7 |E13 |E4|E2|Prior knowledge|JOL|Instructions,,
09/07/2025 03:05,09/07/2025 03:26,IP Address,100,1220,TRUE,09/07/2025 03:26,R_88XJypIOnv4aL2e,anonymous,EN,1,"I have read the information sheet and understand I can email the researchers with any questions.,I understand that my personal information (e.g., my age, gender, and information about my language background) will be used for the purposes of this study, which have been explained to me.,I consent to the processing of my personal information for the purposes of this study, and I understand that any such information will be treated as strictly confidential and handled in accordance with the provisions of the Data Protection Act 2018.,I understand that the information I provide may be published as a report and I will be sent a copy if I wish. Confidentiality and anonymity will be maintained, and it will not be possible to identify me in any publications.,I understand that my anonymised research data may be shared in accordance with open science guidelines (no one will be able to identify me if these data are shared).,I understand that I am free to withdraw from the study without penalty if I so wish.,I am over the age of 18.,I consent to take part in this study.",5ced66139b5b490001b688ed,49,Female,Yes,,,,,,,,,,,,,,,,,,,,,,,,,,,,,,,,,,,,,,,,,,,,,,,4,91,0,5ced66139b5b490001b688ed,0,0,"ElaboratedExplanation,Psychedelics",,,,Instructions|Video|Instructions|E11|E8|E16|E9|E13|E3|E12|E18|E15|E19|E10|E7|E17|E1|E2|E5|E4|E14|E20|E6|Prior knowledge|JOL|Q140
09/07/2025 03:07,09/07/2025 03:26,IP Address,100,1125,TRUE,09/07/2025 03:26,R_8CpEsXQavag7rpz,anonymous,EN,0.899999976,"I have read the information sheet and understand I can email the researchers with any questions.,I understand that my personal information (e.g., my age, gender, and information about my language background) will be used for the purposes of this study, which have been explained to me.,I consent to the processing of my personal information for the purposes of this study, and I understand that any such information will be treated as strictly confidential and handled in accordance with the provisions of the Data Protection Act 2018.,I understand that the information I provide may be published as a report and I will be sent a copy if I wish. Confidentiality and anonymity will be maintained, and it will not be possible to identify me in any publications.,I understand that my anonymised research data may be shared in accordance with open science guidelines (no one will be able to identify me if these data are shared).,I understand that I am free to withdraw from the study without penalty if I so wish.,I am over the age of 18.,I consent to take part in this study.",5afc14a00b2d5f00015693b4,39,Male,Yes,,,,,,,,,,,,,,,,,,,,,,,1,20,,,,,,,,,,,,,,,,,,,,,,,,,0,5afc14a00b2d5f00015693b4,0,0,"ElaboratedExplanation,StemCells",,Instructions|Video |Instructions|E5|E15|E11|E12 |E14|E9|E1|E3|E19|E7 |E16|E2|E6|E8|E20 |E18|E4|E13 |E10 |E17|Prior knowledge|JOL|Instructions,,
09/07/2025 03:07,09/07/2025 03:26,IP Address,100,1127,TRUE,09/07/2025 03:26,R_2yAqQmqoaovjRwB,anonymous,EN,0,"I have read the information sheet and understand I can email the researchers with any questions.,I understand that my personal information (e.g., my age, gender, and information about my language background) will be used for the purposes of this study, which have been explained to me.,I consent to the processing of my personal information for the purposes of this study, and I understand that any such information will be treated as strictly confidential and handled in accordance with the provisions of the Data Protection Act 2018.,I understand that the information I provide may be published as a report and I will be sent a copy if I wish. Confidentiality and anonymity will be maintained, and it will not be possible to identify me in any publications.,I understand that my anonymised research data may be shared in accordance with open science guidelines (no one will be able to identify me if these data are shared).,I understand that I am free to withdraw from the study without penalty if I so wish.,I am over the age of 18.,I consent to take part in this study.",65bbf83dbe0f27e1a871bf48,31,Male,Yes,,,,,,,,,,,,,,,,,,,,,,,,,(b) A lack of scientific evidence for any therapeutic benefit.,(d) halted progress on a promising mental health treatment approach.,(a) Administering the highest possible dose to ensure an effect.,(b) intention and context of their application.,(d) They provided a profound emotional and spiritual connection.,(d) psychedelic use is a modern replacement for religious practice.,(c) reviving the exact research methods of the 1960s.,(b) Compelling preliminary data on safety and efficacy for mental illness.,(d) It works by suppressing difficult emotions and symptoms.,(b) Statements 1 and 4,(c) a spiritual mindset to a more scientific one.,(c) increases the brain's filtering of incoming information.,(b) By sedating the patient to prevent emotional recall.,"(d) Statements 1, 2, 3 and 4",(c) It allows patients to passively receive the drug's benefits.,(b) Conducting drug sessions without any therapist present.,(b) The therapy is a quick fix for all mental health issues.,(b) may offer a substantial improvement over existing therapies.,(d) Group psychedelic experiences without therapist supervision.,(a) re-establish psychedelics' legitimacy within the medical system.,2,29,,,7,65bbf83dbe0f27e1a871bf48,7,20,"RetrievalPractice,Psychedelics",,,Instructions|Video|Instructions|Q12|Q20|Q11|Q9|Q13|Q5|Q4|Q7|Q6|Q3|Q1|Q17|Q10|Q2|Q8|Q14|Q16|Q19 |Q18|Q15|Prior knowledge|JOL|Instructions,
09/07/2025 03:07,09/07/2025 03:26,IP Address,100,1138,TRUE,09/07/2025 03:26,R_2GJuNTSYinUyOUX,anonymous,EN,0.899999976,"I have read the information sheet and understand I can email the researchers with any questions.,I understand that my personal information (e.g., my age, gender, and information about my language background) will be used for the purposes of this study, which have been explained to me.,I consent to the processing of my personal information for the purposes of this study, and I understand that any such information will be treated as strictly confidential and handled in accordance with the provisions of the Data Protection Act 2018.,I understand that the information I provide may be published as a report and I will be sent a copy if I wish. Confidentiality and anonymity will be maintained, and it will not be possible to identify me in any publications.,I understand that my anonymised research data may be shared in accordance with open science guidelines (no one will be able to identify me if these data are shared).,I understand that I am free to withdraw from the study without penalty if I so wish.,I am over the age of 18.,I consent to take part in this study.",59edb62fe75b450001a69775,28,Male,Yes,,,,,,,,,,,,,,,,,,,,,,,1,20,,,,,,,,,,,,,,,,,,,,,,,,,0,59edb62fe75b450001a69775,0,0,"ElaboratedExplanation,StemCells",,Instructions|Video |Instructions|E20 |E17|E5|E8|E9|E14|E16|E3|E11|E18|E13 |E1|E7 |E6|E4|E12 |E2|E15|E10 |E19|Prior knowledge|JOL|Instructions,,
09/07/2025 03:07,09/07/2025 03:26,IP Address,100,1154,TRUE,09/07/2025 03:26,R_2AT3scyEe09k591,anonymous,EN,0,"I have read the information sheet and understand I can email the researchers with any questions.,I understand that my personal information (e.g., my age, gender, and information about my language background) will be used for the purposes of this study, which have been explained to me.,I consent to the processing of my personal information for the purposes of this study, and I understand that any such information will be treated as strictly confidential and handled in accordance with the provisions of the Data Protection Act 2018.,I understand that the information I provide may be published as a report and I will be sent a copy if I wish. Confidentiality and anonymity will be maintained, and it will not be possible to identify me in any publications.,I understand that my anonymised research data may be shared in accordance with open science guidelines (no one will be able to identify me if these data are shared).,I understand that I am free to withdraw from the study without penalty if I so wish.,I am over the age of 18.,I consent to take part in this study.",59e7232f24d7bf00012f112e,36,Male,Yes,,,,,,,,,,,,,,,,,,,,,,,,,,,,,,,,,,,,,,,,,,,,,,,1,30,0,59e7232f24d7bf00012f112e,0,0,"ElaboratedExplanation,Psychedelics",,,,Instructions|Video|Instructions|E11|E10|E19|E2|E17|E16|E18|E14|E5|E8|E9|E7|E3|E13|E6|E15|E4|E12|E1|E20|Prior knowledge|JOL|Q140
09/07/2025 03:07,09/07/2025 03:27,IP Address,100,1157,TRUE,09/07/2025 03:27,R_2OxzvrvzQJX9rk5,anonymous,EN,0.200000003,"I have read the information sheet and understand I can email the researchers with any questions.,I understand that my personal information (e.g., my age, gender, and information about my language background) will be used for the purposes of this study, which have been explained to me.,I consent to the processing of my personal information for the purposes of this study, and I understand that any such information will be treated as strictly confidential and handled in accordance with the provisions of the Data Protection Act 2018.,I understand that the information I provide may be published as a report and I will be sent a copy if I wish. Confidentiality and anonymity will be maintained, and it will not be possible to identify me in any publications.,I understand that my anonymised research data may be shared in accordance with open science guidelines (no one will be able to identify me if these data are shared).,I understand that I am free to withdraw from the study without penalty if I so wish.,I am over the age of 18.,I consent to take part in this study.",6668c0560adc0e65f62c7c5f,21,Female,Yes,,,,,,,,,,,,,,,,,,,,,,,1,30,,,,,,,,,,,,,,,,,,,,,,,,,0,6668c0560adc0e65f62c7c5f,0,0,"ElaboratedExplanation,StemCells",,Instructions|Video |Instructions|E6|E8|E3|E2|E9|E14|E5|E4|E12 |E19|E16|E1|E10 |E13 |E20 |E7 |E18|E11|E17|E15|Prior knowledge|JOL|Instructions,,
09/07/2025 03:04,09/07/2025 03:28,IP Address,100,1403,TRUE,09/07/2025 03:28,R_2f0KWEqzwizcPUB,anonymous,EN,0.899999976,"I have read the information sheet and understand I can email the researchers with any questions.,I understand that my personal information (e.g., my age, gender, and information about my language background) will be used for the purposes of this study, which have been explained to me.,I consent to the processing of my personal information for the purposes of this study, and I understand that any such information will be treated as strictly confidential and handled in accordance with the provisions of the Data Protection Act 2018.,I understand that the information I provide may be published as a report and I will be sent a copy if I wish. Confidentiality and anonymity will be maintained, and it will not be possible to identify me in any publications.,I understand that my anonymised research data may be shared in accordance with open science guidelines (no one will be able to identify me if these data are shared).,I understand that I am free to withdraw from the study without penalty if I so wish.,I am over the age of 18.,I consent to take part in this study.",62f108ab1d119c891d45ae6a,41,Female,Yes,,,,,,,,,,,,,,,,,,,,,,,2,60,,,,,,,,,,,,,,,,,,,,,,,,,0,62f108ab1d119c891d45ae6a,0,0,"ElaboratedExplanation,StemCells",,Instructions|Video |Instructions|E8|E11|E5|E7 |E2|E20 |E9|E14|E15|E12 |E3|E6|E1|E17|E4|E10 |E19|E18|E13 |E16|Prior knowledge|JOL|Instructions,,
09/07/2025 03:07,09/07/2025 03:28,IP Address,100,1275,TRUE,09/07/2025 03:28,R_2EDVAH4ApfGgdNW,anonymous,EN,0.899999976,"I have read the information sheet and understand I can email the researchers with any questions.,I understand that my personal information (e.g., my age, gender, and information about my language background) will be used for the purposes of this study, which have been explained to me.,I consent to the processing of my personal information for the purposes of this study, and I understand that any such information will be treated as strictly confidential and handled in accordance with the provisions of the Data Protection Act 2018.,I understand that the information I provide may be published as a report and I will be sent a copy if I wish. Confidentiality and anonymity will be maintained, and it will not be possible to identify me in any publications.,I understand that my anonymised research data may be shared in accordance with open science guidelines (no one will be able to identify me if these data are shared).,I understand that I am free to withdraw from the study without penalty if I so wish.,I am over the age of 18.,I consent to take part in this study.",65537e14439274fe5036b4d2,38,Male,Yes,,,,,,,,,,,,,,,,,,,,,,,,,,,,,,,,,,,,,,,,,,,,,,,2,66,0,65537e14439274fe5036b4d2,0,0,"ElaboratedExplanation,Psychedelics",,,,Instructions|Video|Instructions|E16|E18|E8|E3|E10|E20|E5|E13|E4|E2|E15|E6|E1|E11|E9|E19|E7|E17|E14|E12|Prior knowledge|JOL|Q140
09/07/2025 03:07,09/07/2025 03:28,IP Address,100,1273,TRUE,09/07/2025 03:28,R_2aKa4JebmO08gDD,anonymous,EN,1,"I have read the information sheet and understand I can email the researchers with any questions.,I understand that my personal information (e.g., my age, gender, and information about my language background) will be used for the purposes of this study, which have been explained to me.,I consent to the processing of my personal information for the purposes of this study, and I understand that any such information will be treated as strictly confidential and handled in accordance with the provisions of the Data Protection Act 2018.,I understand that the information I provide may be published as a report and I will be sent a copy if I wish. Confidentiality and anonymity will be maintained, and it will not be possible to identify me in any publications.,I understand that my anonymised research data may be shared in accordance with open science guidelines (no one will be able to identify me if these data are shared).,I understand that I am free to withdraw from the study without penalty if I so wish.,I am over the age of 18.,I consent to take part in this study.",5e19961e1b8014222555c3b2,37,Male,Yes,(d)  iPSCs are simpler and faster to generate in the lab than embryonic stem cells,(a) It allows for the creation of motor neurons that are genetically identical to the patient's.,(a) The overall impact of MND on a patient's quality of life and mobility.,(a) Statements 1 and 2,(b) The over-reliance on animal models that do not accurately predict human responses.,"(a) It would eliminate the need for clinical trials, reducing the timeline to under five years.",(a) The patient might have a different diet that interferes with the drug's mechanism.,(a) A drug being effective for one person but causing harmful side effects in another.,(a) To ensure a representative model of the human population for drug testing.,(b) Does this drug cause liver damage in individuals with a specific genetic marker?,(b) They are less constrained by the profit motives and bureaucracy of large organizations.,(a) They lack the laboratory space to conduct cutting-edge experiments.,(a) The process is not scalable and introduces variability between cell lines.,"(c) Manual creation would be too slow and inconsistent to produce reliable, comparable lines at scale.","(a) It provides a recording of the events leading up to the ""crash"" or disease state.",(c) Eliminate the need for animal testing in all medical research.,(a) To suggest that stem cell research will eventually become a routine and accepted medical tool.,(a) To conduct research that was considered too dangerous for university labs.,"(c) By creating a new, safer version of Vioxx using genetic engineering.",(b) To re-screen the drug on diverse liver cell models for a potential new use.,1,40,,,,,,,,,,,,,,,,,,,,,,,,,,,11,5e19961e1b8014222555c3b2,11,20,"RetrievalPractice,StemCells",Instructions|Video|Instructions|Q15|Q20|Q5 |Q14 |Q4|Q9|Q19 |Q16|Q18 |Q10|Q1 |Q17 |Q7|Q13 |Q8|Q2|Q12|Q11|Q6 |Q3|Prior knowledge|JOL |Instructions ,,,
09/07/2025 03:07,09/07/2025 03:28,IP Address,100,1260,TRUE,09/07/2025 03:28,R_8MyQodrHA6O5ExY,anonymous,EN,0.699999988,"I have read the information sheet and understand I can email the researchers with any questions.,I understand that my personal information (e.g., my age, gender, and information about my language background) will be used for the purposes of this study, which have been explained to me.,I consent to the processing of my personal information for the purposes of this study, and I understand that any such information will be treated as strictly confidential and handled in accordance with the provisions of the Data Protection Act 2018.,I understand that the information I provide may be published as a report and I will be sent a copy if I wish. Confidentiality and anonymity will be maintained, and it will not be possible to identify me in any publications.,I understand that my anonymised research data may be shared in accordance with open science guidelines (no one will be able to identify me if these data are shared).,I understand that I am free to withdraw from the study without penalty if I so wish.,I am over the age of 18.,I consent to take part in this study.",66a608dc0a4f33f35327e273,38,Female,Yes,(b) iPSCs contain the specific genetic makeup of the patient with the heart condition.,(a) It allows for the creation of motor neurons that are genetically identical to the patient's.,(b) The interaction between motor neurons and other cell types contributing to the disease.,"(b) Statements 1, 2, and 3",(b) The over-reliance on animal models that do not accurately predict human responses.,"(b) It would identify failing drugs earlier, reducing the $4 billion sunk cost per success.",(b) The drug's efficacy and safety could vary due to the patient's different genetic makeup.,(a) A drug being effective for one person but causing harmful side effects in another.,(a) To ensure a representative model of the human population for drug testing.,(a) Is this drug more effective than a placebo in a double-blind study?,(b) They are less constrained by the profit motives and bureaucracy of large organizations.,(c) Their established structures may prevent them from adapting quickly or asking novel questions.,(a) The process is not scalable and introduces variability between cell lines.,"(c) Manual creation would be too slow and inconsistent to produce reliable, comparable lines at scale.","(a) It provides a recording of the events leading up to the ""crash"" or disease state.",(b) Reveal the fundamental cellular interactions underlying a disease.,(a) To suggest that stem cell research will eventually become a routine and accepted medical tool.,(c) To advance critical research without political and financial interference.,(a) By allowing the drug to be tested on diverse cardiac cells before human trials.,(b) To re-screen the drug on diverse liver cell models for a potential new use.,1,30,,,,,,,,,,,,,,,,,,,,,,,,,,,19,66a608dc0a4f33f35327e273,19,20,"RetrievalPractice,StemCells",Instructions|Video|Instructions|Q8|Q13 |Q9|Q5 |Q10|Q16|Q4|Q20|Q6 |Q7|Q3|Q14 |Q12|Q19 |Q15|Q2|Q18 |Q1 |Q17 |Q11|Prior knowledge|JOL |Instructions ,,,
09/07/2025 03:08,09/07/2025 03:29,IP Address,100,1265,TRUE,09/07/2025 03:29,R_2EpZYglIpWsNdcZ,anonymous,EN,1,"I have read the information sheet and understand I can email the researchers with any questions.,I understand that my personal information (e.g., my age, gender, and information about my language background) will be used for the purposes of this study, which have been explained to me.,I consent to the processing of my personal information for the purposes of this study, and I understand that any such information will be treated as strictly confidential and handled in accordance with the provisions of the Data Protection Act 2018.,I understand that the information I provide may be published as a report and I will be sent a copy if I wish. Confidentiality and anonymity will be maintained, and it will not be possible to identify me in any publications.,I understand that my anonymised research data may be shared in accordance with open science guidelines (no one will be able to identify me if these data are shared).,I understand that I am free to withdraw from the study without penalty if I so wish.,I am over the age of 18.,I consent to take part in this study.",6658b23d488052210af6eb17,37,Female,Yes,,,,,,,,,,,,,,,,,,,,,,,1,24,,,,,,,,,,,,,,,,,,,,,,,,,0,6658b23d488052210af6eb17,0,0,"ElaboratedExplanation,StemCells",,Instructions|Video |Instructions|E15|E4|E2|E14|E13 |E3|E1|E20 |E17|E19|E7 |E5|E12 |E11|E10 |E8|E6|E9|E16|E18|Prior knowledge|JOL|Instructions,,
09/07/2025 03:08,09/07/2025 03:29,IP Address,100,1269,TRUE,09/07/2025 03:29,R_2IQ8ie2OMgn7jRT,anonymous,EN,0.200000003,"I have read the information sheet and understand I can email the researchers with any questions.,I understand that my personal information (e.g., my age, gender, and information about my language background) will be used for the purposes of this study, which have been explained to me.,I consent to the processing of my personal information for the purposes of this study, and I understand that any such information will be treated as strictly confidential and handled in accordance with the provisions of the Data Protection Act 2018.,I understand that the information I provide may be published as a report and I will be sent a copy if I wish. Confidentiality and anonymity will be maintained, and it will not be possible to identify me in any publications.,I understand that my anonymised research data may be shared in accordance with open science guidelines (no one will be able to identify me if these data are shared).,I understand that I am free to withdraw from the study without penalty if I so wish.,I am over the age of 18.,I consent to take part in this study.",6673e154af89f4f85eaa7c73,42,Female,Yes,,,,,,,,,,,,,,,,,,,,,,,,,(a) Their association with counterculture and anti-war movements.,(d) halted progress on a promising mental health treatment approach.,(c) Creating a supportive therapeutic context for administration.,(b) intention and context of their application.,(d) They provided a profound emotional and spiritual connection.,(c) psychedelics can facilitate experiences that traditional rituals may not.,"(a) rigorous, scientific validation of therapeutic potential.",(b) Compelling preliminary data on safety and efficacy for mental illness.,(b) It aims to address the root causes of disorders.,(c) Statements 1 and 2,(a) a self-centered perspective to a broader awareness.,(a) strengthens the ego's control over thoughts and emotions.,(d) By reducing fear while increasing cognitive function,"(d) Statements 1, 2, 3 and 4",(a) It empowers the patient to access their own healing intelligence.,(c) Including non-drug psychotherapy sessions for integration.,(a) The therapeutic benefits appear to be durable and lasting.,(b) may offer a substantial improvement over existing therapies.,"(c) Medically supervised sessions for specific, approved conditions.",(a) re-establish psychedelics' legitimacy within the medical system.,2,40,,,19,6673e154af89f4f85eaa7c73,19,20,"RetrievalPractice,Psychedelics",,,Instructions|Video|Instructions|Q5|Q12|Q14|Q4|Q20|Q16|Q6|Q11|Q13|Q1|Q7|Q19 |Q15|Q10|Q3|Q17|Q9|Q8|Q18|Q2|Prior knowledge|JOL|Instructions,
09/07/2025 03:05,09/07/2025 03:29,IP Address,100,1437,TRUE,09/07/2025 03:29,R_2iX7t1Vu7MbjoJy,anonymous,EN,1,"I have read the information sheet and understand I can email the researchers with any questions.,I understand that my personal information (e.g., my age, gender, and information about my language background) will be used for the purposes of this study, which have been explained to me.,I consent to the processing of my personal information for the purposes of this study, and I understand that any such information will be treated as strictly confidential and handled in accordance with the provisions of the Data Protection Act 2018.,I understand that the information I provide may be published as a report and I will be sent a copy if I wish. Confidentiality and anonymity will be maintained, and it will not be possible to identify me in any publications.,I understand that my anonymised research data may be shared in accordance with open science guidelines (no one will be able to identify me if these data are shared).,I understand that I am free to withdraw from the study without penalty if I so wish.,I am over the age of 18.,I consent to take part in this study.",6304deb78f14a18b18ceed4a,40,Male,Yes,,,,,,,,,,,,,,,,,,,,,,,,,(a) Their association with counterculture and anti-war movements.,(d) halted progress on a promising mental health treatment approach.,(c) Creating a supportive therapeutic context for administration.,(b) intention and context of their application.,(d) They provided a profound emotional and spiritual connection.,(c) psychedelics can facilitate experiences that traditional rituals may not.,"(a) rigorous, scientific validation of therapeutic potential.",(b) Compelling preliminary data on safety and efficacy for mental illness.,(b) It aims to address the root causes of disorders.,(a) Statement 1 only,(a) a self-centered perspective to a broader awareness.,(b) allows for a temporary dissolution of a rigid sense of self.,(d) By reducing fear while increasing cognitive function,(a) Statements 1 and 2,(a) It empowers the patient to access their own healing intelligence.,(c) Including non-drug psychotherapy sessions for integration.,(a) The therapeutic benefits appear to be durable and lasting.,(b) may offer a substantial improvement over existing therapies.,"(c) Medically supervised sessions for specific, approved conditions.",(a) re-establish psychedelics' legitimacy within the medical system.,4,62,,,18,6304deb78f14a18b18ceed4a,18,20,"RetrievalPractice,Psychedelics",,,Instructions|Video|Instructions|Q7|Q3|Q17|Q10|Q11|Q2|Q9|Q8|Q6|Q20|Q19 |Q1|Q15|Q18|Q4|Q14|Q16|Q12|Q13|Q5|Prior knowledge|JOL|Instructions,
09/07/2025 03:07,09/07/2025 03:29,IP Address,100,1370,TRUE,09/07/2025 03:29,R_8K8sJTiZzQyENOz,anonymous,EN,0.899999976,"I have read the information sheet and understand I can email the researchers with any questions.,I understand that my personal information (e.g., my age, gender, and information about my language background) will be used for the purposes of this study, which have been explained to me.,I consent to the processing of my personal information for the purposes of this study, and I understand that any such information will be treated as strictly confidential and handled in accordance with the provisions of the Data Protection Act 2018.,I understand that the information I provide may be published as a report and I will be sent a copy if I wish. Confidentiality and anonymity will be maintained, and it will not be possible to identify me in any publications.,I understand that my anonymised research data may be shared in accordance with open science guidelines (no one will be able to identify me if these data are shared).,I understand that I am free to withdraw from the study without penalty if I so wish.,I am over the age of 18.,I consent to take part in this study.",5d62e42406ed5a001a2084f3,62,Female,Yes,,,,,,,,,,,,,,,,,,,,,,,,,,,,,,,,,,,,,,,,,,,,,,,1,0,0,5d62e42406ed5a001a2084f3,0,0,"ElaboratedExplanation,Psychedelics",,,,Instructions|Video|Instructions|E6|E7|E3|E8|E20|E5|E18|E12|E2|E17|E11|E1|E16|E15|E4|E13|E9|E19|E14|E10|Prior knowledge|JOL|Q140
09/07/2025 03:06,09/07/2025 03:29,IP Address,100,1405,TRUE,09/07/2025 03:29,R_8LFi9OPbKrbWCpP,anonymous,EN,0.200000003,"I have read the information sheet and understand I can email the researchers with any questions.,I understand that my personal information (e.g., my age, gender, and information about my language background) will be used for the purposes of this study, which have been explained to me.,I consent to the processing of my personal information for the purposes of this study, and I understand that any such information will be treated as strictly confidential and handled in accordance with the provisions of the Data Protection Act 2018.,I understand that the information I provide may be published as a report and I will be sent a copy if I wish. Confidentiality and anonymity will be maintained, and it will not be possible to identify me in any publications.,I understand that my anonymised research data may be shared in accordance with open science guidelines (no one will be able to identify me if these data are shared).,I understand that I am free to withdraw from the study without penalty if I so wish.,I am over the age of 18.,I consent to take part in this study.",5caccbc4976d010014b9cd9d,39,Male,Yes,,,,,,,,,,,,,,,,,,,,,,,,,(a) Their association with counterculture and anti-war movements.,(d) halted progress on a promising mental health treatment approach.,(c) Creating a supportive therapeutic context for administration.,(b) intention and context of their application.,(d) They provided a profound emotional and spiritual connection.,(c) psychedelics can facilitate experiences that traditional rituals may not.,"(a) rigorous, scientific validation of therapeutic potential.",(b) Compelling preliminary data on safety and efficacy for mental illness.,(b) It aims to address the root causes of disorders.,(a) Statement 1 only,(b) a state of confusion to one of logical clarity.,(c) increases the brain's filtering of incoming information.,(d) By reducing fear while increasing cognitive function,"(c) Statements 1, 3 and 4",(a) It empowers the patient to access their own healing intelligence.,(c) Including non-drug psychotherapy sessions for integration.,(a) The therapeutic benefits appear to be durable and lasting.,(b) may offer a substantial improvement over existing therapies.,"(c) Medically supervised sessions for specific, approved conditions.",(a) re-establish psychedelics' legitimacy within the medical system.,2,60,,,16,5caccbc4976d010014b9cd9d,16,20,"RetrievalPractice,Psychedelics",,,Instructions|Video|Instructions|Q15|Q9|Q14|Q4|Q6|Q20|Q18|Q16|Q12|Q5|Q19 |Q2|Q1|Q11|Q17|Q10|Q8|Q13|Q7|Q3|Prior knowledge|JOL|Instructions,
09/07/2025 03:08,09/07/2025 03:30,IP Address,100,1305,TRUE,09/07/2025 03:30,R_8cA5USsB9nTYdot,anonymous,EN,0.400000006,"I have read the information sheet and understand I can email the researchers with any questions.,I understand that my personal information (e.g., my age, gender, and information about my language background) will be used for the purposes of this study, which have been explained to me.,I consent to the processing of my personal information for the purposes of this study, and I understand that any such information will be treated as strictly confidential and handled in accordance with the provisions of the Data Protection Act 2018.,I understand that the information I provide may be published as a report and I will be sent a copy if I wish. Confidentiality and anonymity will be maintained, and it will not be possible to identify me in any publications.,I understand that my anonymised research data may be shared in accordance with open science guidelines (no one will be able to identify me if these data are shared).,I understand that I am free to withdraw from the study without penalty if I so wish.,I am over the age of 18.,I consent to take part in this study.",5fb8dc3c8e8e964121c6aa4c,48,Female,Yes,,,,,,,,,,,,,,,,,,,,,,,2,60,,,,,,,,,,,,,,,,,,,,,,,,,0,5fb8dc3c8e8e964121c6aa4c,0,0,"ElaboratedExplanation,StemCells",,Instructions|Video |Instructions|E4|E5|E8|E11|E10 |E19|E3|E1|E9|E12 |E18|E20 |E13 |E7 |E2|E16|E17|E15|E14|E6|Prior knowledge|JOL|Instructions,,
09/07/2025 03:07,09/07/2025 03:30,IP Address,100,1373,TRUE,09/07/2025 03:30,R_2nTUDTViQ1I6tVi,anonymous,EN,1,"I have read the information sheet and understand I can email the researchers with any questions.,I understand that my personal information (e.g., my age, gender, and information about my language background) will be used for the purposes of this study, which have been explained to me.,I consent to the processing of my personal information for the purposes of this study, and I understand that any such information will be treated as strictly confidential and handled in accordance with the provisions of the Data Protection Act 2018.,I understand that the information I provide may be published as a report and I will be sent a copy if I wish. Confidentiality and anonymity will be maintained, and it will not be possible to identify me in any publications.,I understand that my anonymised research data may be shared in accordance with open science guidelines (no one will be able to identify me if these data are shared).,I understand that I am free to withdraw from the study without penalty if I so wish.,I am over the age of 18.,I consent to take part in this study.",5eaadc0a7adeb404eea9c3c0,31,Female,Yes,,,,,,,,,,,,,,,,,,,,,,,,,,,,,,,,,,,,,,,,,,,,,,,1,50,0,5eaadc0a7adeb404eea9c3c0,0,0,"ElaboratedExplanation,Psychedelics",,,,Instructions|Video|Instructions|E6|E12|E14|E16|E9|E4|E18|E8|E5|E19|E15|E20|E7|E11|E3|E2|E13|E17|E10|E1|Prior knowledge|JOL|Q140
09/07/2025 03:05,09/07/2025 03:30,IP Address,100,1497,TRUE,09/07/2025 03:30,R_2fHXtBznn77iTfe,anonymous,EN,0.899999976,"I have read the information sheet and understand I can email the researchers with any questions.,I understand that my personal information (e.g., my age, gender, and information about my language background) will be used for the purposes of this study, which have been explained to me.,I consent to the processing of my personal information for the purposes of this study, and I understand that any such information will be treated as strictly confidential and handled in accordance with the provisions of the Data Protection Act 2018.,I understand that the information I provide may be published as a report and I will be sent a copy if I wish. Confidentiality and anonymity will be maintained, and it will not be possible to identify me in any publications.,I understand that my anonymised research data may be shared in accordance with open science guidelines (no one will be able to identify me if these data are shared).,I understand that I am free to withdraw from the study without penalty if I so wish.,I am over the age of 18.,I consent to take part in this study.",67d00ceb0de1512e5669d4c5,52,Male,Yes,(b) iPSCs contain the specific genetic makeup of the patient with the heart condition.,(a) It allows for the creation of motor neurons that are genetically identical to the patient's.,(b) The interaction between motor neurons and other cell types contributing to the disease.,"(b) Statements 1, 2, and 3",(a) The lack of funding for late-stage clinical trials in human subjects.,"(a) It would eliminate the need for clinical trials, reducing the timeline to under five years.",(b) The drug's efficacy and safety could vary due to the patient's different genetic makeup.,(a) A drug being effective for one person but causing harmful side effects in another.,(d) To allow any person to have their own personal stem cell line for therapy.,(b) Does this drug cause liver damage in individuals with a specific genetic marker?,(b) They are less constrained by the profit motives and bureaucracy of large organizations.,(c) Their established structures may prevent them from adapting quickly or asking novel questions.,(a) The process is not scalable and introduces variability between cell lines.,"(c) Manual creation would be too slow and inconsistent to produce reliable, comparable lines at scale.",(d) It can perfectly reconstruct the damaged tissue after the disease has progressed.,(c) Eliminate the need for animal testing in all medical research.,(a) To suggest that stem cell research will eventually become a routine and accepted medical tool.,(c) To advance critical research without political and financial interference.,(d) By proving the drug was completely safe for all genetic subtypes.,(c) To create a new group of patients who would not experience arthritis.,1,40,,,,,,,,,,,,,,,,,,,,,,,,,,,13,67d00ceb0de1512e5669d4c5,13,20,"RetrievalPractice,StemCells",Instructions|Video|Instructions|Q5 |Q3|Q16|Q12|Q2|Q20|Q10|Q8|Q13 |Q6 |Q17 |Q19 |Q15|Q7|Q4|Q14 |Q18 |Q9|Q11|Q1 |Prior knowledge|JOL |Instructions ,,,
09/07/2025 03:10,09/07/2025 03:30,IP Address,100,1212,TRUE,09/07/2025 03:30,R_20renBWUy3qXkiU,anonymous,EN,0.400000006,"I have read the information sheet and understand I can email the researchers with any questions.,I understand that my personal information (e.g., my age, gender, and information about my language background) will be used for the purposes of this study, which have been explained to me.,I consent to the processing of my personal information for the purposes of this study, and I understand that any such information will be treated as strictly confidential and handled in accordance with the provisions of the Data Protection Act 2018.,I understand that the information I provide may be published as a report and I will be sent a copy if I wish. Confidentiality and anonymity will be maintained, and it will not be possible to identify me in any publications.,I understand that my anonymised research data may be shared in accordance with open science guidelines (no one will be able to identify me if these data are shared).,I understand that I am free to withdraw from the study without penalty if I so wish.,I am over the age of 18.,I consent to take part in this study.",66acbaf5c803ca1a1ef3f056,27,Male,Yes,,,,,,,,,,,,,,,,,,,,,,,,,,,,,,,,,,,,,,,,,,,,,,,4,61,0,66acbaf5c803ca1a1ef3f056,0,0,"ElaboratedExplanation,Psychedelics",,,,Instructions|Video|Instructions|E20|E10|E17|E16|E8|E7|E19|E13|E6|E2|E3|E1|E15|E11|E9|E4|E12|E5|E14|E18|Prior knowledge|JOL|Q140
09/07/2025 03:09,09/07/2025 03:30,IP Address,100,1310,TRUE,09/07/2025 03:30,R_811iKQxzKn1VEjh,anonymous,EN,0.899999976,"I have read the information sheet and understand I can email the researchers with any questions.,I understand that my personal information (e.g., my age, gender, and information about my language background) will be used for the purposes of this study, which have been explained to me.,I consent to the processing of my personal information for the purposes of this study, and I understand that any such information will be treated as strictly confidential and handled in accordance with the provisions of the Data Protection Act 2018.,I understand that the information I provide may be published as a report and I will be sent a copy if I wish. Confidentiality and anonymity will be maintained, and it will not be possible to identify me in any publications.,I understand that my anonymised research data may be shared in accordance with open science guidelines (no one will be able to identify me if these data are shared).,I understand that I am free to withdraw from the study without penalty if I so wish.,I am over the age of 18.,I consent to take part in this study.",5f06234e59035e156f46d69a,34,Female,Yes,,,,,,,,,,,,,,,,,,,,,,,,,(a) Their association with counterculture and anti-war movements.,(d) halted progress on a promising mental health treatment approach.,(c) Creating a supportive therapeutic context for administration.,(b) intention and context of their application.,(d) They provided a profound emotional and spiritual connection.,(c) psychedelics can facilitate experiences that traditional rituals may not.,"(a) rigorous, scientific validation of therapeutic potential.",(b) Compelling preliminary data on safety and efficacy for mental illness.,(b) It aims to address the root causes of disorders.,(c) Statements 1 and 2,(d) an emotional state to a purely rational one.,"(d) enhances the creation of a stable, personal narrative.",(d) By reducing fear while increasing cognitive function,"(d) Statements 1, 2, 3 and 4",(a) It empowers the patient to access their own healing intelligence.,(c) Including non-drug psychotherapy sessions for integration.,(d) The therapy works better than any other treatment available.,(d) has completed all necessary research and is ready for market.,"(c) Medically supervised sessions for specific, approved conditions.",(a) re-establish psychedelics' legitimacy within the medical system.,1,60,,,16,5f06234e59035e156f46d69a,16,20,"RetrievalPractice,Psychedelics",,,Instructions|Video|Instructions|Q6|Q15|Q12|Q8|Q4|Q5|Q10|Q18|Q2|Q14|Q20|Q13|Q9|Q19 |Q7|Q17|Q16|Q11|Q1|Q3|Prior knowledge|JOL|Instructions,
09/07/2025 03:09,09/07/2025 03:31,IP Address,100,1302,TRUE,09/07/2025 03:31,R_8HuFfZ1Q1IYAekX,anonymous,EN,0.899999976,"I have read the information sheet and understand I can email the researchers with any questions.,I understand that my personal information (e.g., my age, gender, and information about my language background) will be used for the purposes of this study, which have been explained to me.,I consent to the processing of my personal information for the purposes of this study, and I understand that any such information will be treated as strictly confidential and handled in accordance with the provisions of the Data Protection Act 2018.,I understand that the information I provide may be published as a report and I will be sent a copy if I wish. Confidentiality and anonymity will be maintained, and it will not be possible to identify me in any publications.,I understand that my anonymised research data may be shared in accordance with open science guidelines (no one will be able to identify me if these data are shared).,I understand that I am free to withdraw from the study without penalty if I so wish.,I am over the age of 18.,I consent to take part in this study.",5d920df12b679a00182bbc73,39,Female,Yes,,,,,,,,,,,,,,,,,,,,,,,1,20,,,,,,,,,,,,,,,,,,,,,,,,,0,5d920df12b679a00182bbc73,0,0,"ElaboratedExplanation,StemCells",,Instructions|Video |Instructions|E5|E11|E6|E16|E9|E1|E20 |E2|E4|E19|E10 |E17|E18|E15|E8|E12 |E13 |E3|E14|E7 |Prior knowledge|JOL|Instructions,,
09/07/2025 03:10,09/07/2025 03:31,IP Address,100,1239,TRUE,09/07/2025 03:31,R_8ux3OZnrus5slSV,anonymous,EN,1,"I have read the information sheet and understand I can email the researchers with any questions.,I understand that my personal information (e.g., my age, gender, and information about my language background) will be used for the purposes of this study, which have been explained to me.,I consent to the processing of my personal information for the purposes of this study, and I understand that any such information will be treated as strictly confidential and handled in accordance with the provisions of the Data Protection Act 2018.,I understand that the information I provide may be published as a report and I will be sent a copy if I wish. Confidentiality and anonymity will be maintained, and it will not be possible to identify me in any publications.,I understand that my anonymised research data may be shared in accordance with open science guidelines (no one will be able to identify me if these data are shared).,I understand that I am free to withdraw from the study without penalty if I so wish.,I am over the age of 18.,I consent to take part in this study.",6694f651114152694e96d7c4,36,Male,Yes,,,,,,,,,,,,,,,,,,,,,,,,,,,,,,,,,,,,,,,,,,,,,,,5,73,0,6694f651114152694e96d7c4,0,0,"ElaboratedExplanation,Psychedelics",,,,Instructions|Video|Instructions|E7|E10|E18|E16|E3|E20|E4|E13|E19|E14|E9|E6|E12|E15|E2|E11|E1|E5|E17|E8|Prior knowledge|JOL|Q140
09/07/2025 03:07,09/07/2025 03:31,IP Address,100,1425,TRUE,09/07/2025 03:31,R_87KMBOkjofkYQQF,anonymous,EN,0.899999976,"I have read the information sheet and understand I can email the researchers with any questions.,I understand that my personal information (e.g., my age, gender, and information about my language background) will be used for the purposes of this study, which have been explained to me.,I consent to the processing of my personal information for the purposes of this study, and I understand that any such information will be treated as strictly confidential and handled in accordance with the provisions of the Data Protection Act 2018.,I understand that the information I provide may be published as a report and I will be sent a copy if I wish. Confidentiality and anonymity will be maintained, and it will not be possible to identify me in any publications.,I understand that my anonymised research data may be shared in accordance with open science guidelines (no one will be able to identify me if these data are shared).,I understand that I am free to withdraw from the study without penalty if I so wish.,I am over the age of 18.,I consent to take part in this study.",5f84e472052cf81ae5752252,34,Female,Yes,(b) iPSCs contain the specific genetic makeup of the patient with the heart condition.,(c) It provides a source of healthy motor neurons for transplantation into the patient.,(b) The interaction between motor neurons and other cell types contributing to the disease.,"(b) Statements 1, 2, and 3",(a) The lack of funding for late-stage clinical trials in human subjects.,"(b) It would identify failing drugs earlier, reducing the $4 billion sunk cost per success.",(b) The drug's efficacy and safety could vary due to the patient's different genetic makeup.,(a) A drug being effective for one person but causing harmful side effects in another.,(a) To ensure a representative model of the human population for drug testing.,(d) What is the ideal dosage for the average 70kg male patient?,(b) They are less constrained by the profit motives and bureaucracy of large organizations.,(c) Their established structures may prevent them from adapting quickly or asking novel questions.,(a) The process is not scalable and introduces variability between cell lines.,"(c) Manual creation would be too slow and inconsistent to produce reliable, comparable lines at scale.","(a) It provides a recording of the events leading up to the ""crash"" or disease state.",(b) Reveal the fundamental cellular interactions underlying a disease.,(a) To suggest that stem cell research will eventually become a routine and accepted medical tool.,(c) To advance critical research without political and financial interference.,(a) By allowing the drug to be tested on diverse cardiac cells before human trials.,(b) To re-screen the drug on diverse liver cell models for a potential new use.,2,57,,,,,,,,,,,,,,,,,,,,,,,,,,,17,5f84e472052cf81ae5752252,17,20,"RetrievalPractice,StemCells",Instructions|Video|Instructions|Q15|Q7|Q10|Q13 |Q9|Q19 |Q14 |Q16|Q5 |Q3|Q17 |Q4|Q2|Q20|Q12|Q6 |Q1 |Q18 |Q11|Q8|Prior knowledge|JOL |Instructions ,,,
09/07/2025 03:07,09/07/2025 03:31,IP Address,100,1442,TRUE,09/07/2025 03:31,R_8dsDKWllMXbnk5d,anonymous,EN,1,"I have read the information sheet and understand I can email the researchers with any questions.,I understand that my personal information (e.g., my age, gender, and information about my language background) will be used for the purposes of this study, which have been explained to me.,I consent to the processing of my personal information for the purposes of this study, and I understand that any such information will be treated as strictly confidential and handled in accordance with the provisions of the Data Protection Act 2018.,I understand that the information I provide may be published as a report and I will be sent a copy if I wish. Confidentiality and anonymity will be maintained, and it will not be possible to identify me in any publications.,I understand that my anonymised research data may be shared in accordance with open science guidelines (no one will be able to identify me if these data are shared).,I understand that I am free to withdraw from the study without penalty if I so wish.,I am over the age of 18.,I consent to take part in this study.",61026015b70c93b95254a4ca,39,Female,Yes,,,,,,,,,,,,,,,,,,,,,,,,,,,,,,,,,,,,,,,,,,,,,,,2,60,0,61026015b70c93b95254a4ca,0,0,"ElaboratedExplanation,Psychedelics",,,,Instructions|Video|Instructions|E13|E12|E15|E2|E18|E14|E17|E3|E5|E16|E10|E6|E9|E7|E19|E11|E20|E4|E1|E8|Prior knowledge|JOL|Q140
09/07/2025 03:07,09/07/2025 03:31,IP Address,100,1453,TRUE,09/07/2025 03:31,R_8CZcz6MuntlUgV6,anonymous,EN,1,"I have read the information sheet and understand I can email the researchers with any questions.,I understand that my personal information (e.g., my age, gender, and information about my language background) will be used for the purposes of this study, which have been explained to me.,I consent to the processing of my personal information for the purposes of this study, and I understand that any such information will be treated as strictly confidential and handled in accordance with the provisions of the Data Protection Act 2018.,I understand that the information I provide may be published as a report and I will be sent a copy if I wish. Confidentiality and anonymity will be maintained, and it will not be possible to identify me in any publications.,I understand that my anonymised research data may be shared in accordance with open science guidelines (no one will be able to identify me if these data are shared).,I understand that I am free to withdraw from the study without penalty if I so wish.,I am over the age of 18.,I consent to take part in this study.",6773d42d35be03a65cf4b3e1,48,Male,Yes,,,,,,,,,,,,,,,,,,,,,,,,,(a) Their association with counterculture and anti-war movements.,(b) led to the decline of the 1960s counterculture movement.,(d) Selecting only participants with no prior meditation experience.,(b) intention and context of their application.,(d) They provided a profound emotional and spiritual connection.,(c) psychedelics can facilitate experiences that traditional rituals may not.,"(a) rigorous, scientific validation of therapeutic potential.",(b) Compelling preliminary data on safety and efficacy for mental illness.,(b) It aims to address the root causes of disorders.,(a) Statement 1 only,(a) a self-centered perspective to a broader awareness.,(a) strengthens the ego's control over thoughts and emotions.,(a) By increasing brain activity in all major regions.,"(d) Statements 1, 2, 3 and 4",(a) It empowers the patient to access their own healing intelligence.,(c) Including non-drug psychotherapy sessions for integration.,(d) The therapy works better than any other treatment available.,(d) has completed all necessary research and is ready for market.,"(c) Medically supervised sessions for specific, approved conditions.",(a) re-establish psychedelics' legitimacy within the medical system.,1,30,,,13,6773d42d35be03a65cf4b3e1,13,20,"RetrievalPractice,Psychedelics",,,Instructions|Video|Instructions|Q17|Q11|Q3|Q4|Q19 |Q6|Q13|Q15|Q1|Q7|Q14|Q9|Q12|Q5|Q8|Q2|Q18|Q10|Q16|Q20|Prior knowledge|JOL|Instructions,
09/07/2025 03:08,09/07/2025 03:31,IP Address,100,1419,TRUE,09/07/2025 03:31,R_22yu6uEk868J4zI,anonymous,EN,0.899999976,"I have read the information sheet and understand I can email the researchers with any questions.,I understand that my personal information (e.g., my age, gender, and information about my language background) will be used for the purposes of this study, which have been explained to me.,I consent to the processing of my personal information for the purposes of this study, and I understand that any such information will be treated as strictly confidential and handled in accordance with the provisions of the Data Protection Act 2018.,I understand that the information I provide may be published as a report and I will be sent a copy if I wish. Confidentiality and anonymity will be maintained, and it will not be possible to identify me in any publications.,I understand that my anonymised research data may be shared in accordance with open science guidelines (no one will be able to identify me if these data are shared).,I understand that I am free to withdraw from the study without penalty if I so wish.,I am over the age of 18.,I consent to take part in this study.",5f3a7e7b3a55e009ff81175e,33,Female,Yes,,,,,,,,,,,,,,,,,,,,,,,1,28,,,,,,,,,,,,,,,,,,,,,,,,,0,5f3a7e7b3a55e009ff81175e,0,0,"ElaboratedExplanation,StemCells",,Instructions|Video |Instructions|E4|E11|E12 |E9|E16|E18|E20 |E10 |E2|E8|E7 |E15|E17|E13 |E6|E14|E3|E19|E5|E1|Prior knowledge|JOL|Instructions,,
09/07/2025 03:08,09/07/2025 03:32,IP Address,100,1429,TRUE,09/07/2025 03:32,R_2MrI4YxfQtqCsTC,anonymous,EN,0.699999988,"I have read the information sheet and understand I can email the researchers with any questions.,I understand that my personal information (e.g., my age, gender, and information about my language background) will be used for the purposes of this study, which have been explained to me.,I consent to the processing of my personal information for the purposes of this study, and I understand that any such information will be treated as strictly confidential and handled in accordance with the provisions of the Data Protection Act 2018.,I understand that the information I provide may be published as a report and I will be sent a copy if I wish. Confidentiality and anonymity will be maintained, and it will not be possible to identify me in any publications.,I understand that my anonymised research data may be shared in accordance with open science guidelines (no one will be able to identify me if these data are shared).,I understand that I am free to withdraw from the study without penalty if I so wish.,I am over the age of 18.,I consent to take part in this study.",65804dc6b00fe596b885c595,60,Male,Yes,,,,,,,,,,,,,,,,,,,,,,,,,(b) A lack of scientific evidence for any therapeutic benefit.,(c) cost the government significant funds in enforcement.,(c) Creating a supportive therapeutic context for administration.,(b) intention and context of their application.,(b) They were primarily focused on recreational enjoyment.,(c) psychedelics can facilitate experiences that traditional rituals may not.,"(a) rigorous, scientific validation of therapeutic potential.",(b) Compelling preliminary data on safety and efficacy for mental illness.,(b) It aims to address the root causes of disorders.,(c) Statements 1 and 2,(d) an emotional state to a purely rational one.,(b) allows for a temporary dissolution of a rigid sense of self.,(d) By reducing fear while increasing cognitive function,"(c) Statements 1, 3 and 4",(c) It allows patients to passively receive the drug's benefits.,(b) Conducting drug sessions without any therapist present.,(a) The therapeutic benefits appear to be durable and lasting.,(b) may offer a substantial improvement over existing therapies.,"(c) Medically supervised sessions for specific, approved conditions.",(a) re-establish psychedelics' legitimacy within the medical system.,1,60,,,13,65804dc6b00fe596b885c595,13,20,"RetrievalPractice,Psychedelics",,,Instructions|Video|Instructions|Q20|Q2|Q8|Q11|Q9|Q13|Q15|Q4|Q18|Q16|Q7|Q12|Q19 |Q3|Q1|Q5|Q17|Q10|Q14|Q6|Prior knowledge|JOL|Instructions,
09/07/2025 03:07,09/07/2025 03:32,IP Address,100,1457,TRUE,09/07/2025 03:32,R_8waw10MExQLnz0e,anonymous,EN,1,"I have read the information sheet and understand I can email the researchers with any questions.,I understand that my personal information (e.g., my age, gender, and information about my language background) will be used for the purposes of this study, which have been explained to me.,I consent to the processing of my personal information for the purposes of this study, and I understand that any such information will be treated as strictly confidential and handled in accordance with the provisions of the Data Protection Act 2018.,I understand that the information I provide may be published as a report and I will be sent a copy if I wish. Confidentiality and anonymity will be maintained, and it will not be possible to identify me in any publications.,I understand that my anonymised research data may be shared in accordance with open science guidelines (no one will be able to identify me if these data are shared).,I understand that I am free to withdraw from the study without penalty if I so wish.,I am over the age of 18.,I consent to take part in this study.",61680035775d6be6c3034464,41,Female,Yes,(a) iPSCs can differentiate into a wider variety of cell types than embryonic stem cells.,(a) It allows for the creation of motor neurons that are genetically identical to the patient's.,(b) The interaction between motor neurons and other cell types contributing to the disease.,(a) Statements 1 and 2,(b) The over-reliance on animal models that do not accurately predict human responses.,"(b) It would identify failing drugs earlier, reducing the $4 billion sunk cost per success.",(b) The drug's efficacy and safety could vary due to the patient's different genetic makeup.,(a) A drug being effective for one person but causing harmful side effects in another.,(a) To ensure a representative model of the human population for drug testing.,(b) Does this drug cause liver damage in individuals with a specific genetic marker?,(b) They are less constrained by the profit motives and bureaucracy of large organizations.,(c) Their established structures may prevent them from adapting quickly or asking novel questions.,(a) The process is not scalable and introduces variability between cell lines.,"(c) Manual creation would be too slow and inconsistent to produce reliable, comparable lines at scale.","(a) It provides a recording of the events leading up to the ""crash"" or disease state.",(b) Reveal the fundamental cellular interactions underlying a disease.,(a) To suggest that stem cell research will eventually become a routine and accepted medical tool.,(c) To advance critical research without political and financial interference.,(a) By allowing the drug to be tested on diverse cardiac cells before human trials.,(b) To re-screen the drug on diverse liver cell models for a potential new use.,1,40,,,,,,,,,,,,,,,,,,,,,,,,,,,18,61680035775d6be6c3034464,18,20,"RetrievalPractice,StemCells",Instructions|Video|Instructions|Q5 |Q20|Q2|Q3|Q16|Q9|Q11|Q19 |Q12|Q8|Q4|Q7|Q17 |Q6 |Q14 |Q1 |Q15|Q10|Q18 |Q13 |Prior knowledge|JOL |Instructions ,,,
09/07/2025 03:07,09/07/2025 03:32,IP Address,100,1481,TRUE,09/07/2025 03:32,R_2iropO8y1ml3uCd,anonymous,EN,0.800000012,"I have read the information sheet and understand I can email the researchers with any questions.,I understand that my personal information (e.g., my age, gender, and information about my language background) will be used for the purposes of this study, which have been explained to me.,I consent to the processing of my personal information for the purposes of this study, and I understand that any such information will be treated as strictly confidential and handled in accordance with the provisions of the Data Protection Act 2018.,I understand that the information I provide may be published as a report and I will be sent a copy if I wish. Confidentiality and anonymity will be maintained, and it will not be possible to identify me in any publications.,I understand that my anonymised research data may be shared in accordance with open science guidelines (no one will be able to identify me if these data are shared).,I understand that I am free to withdraw from the study without penalty if I so wish.,I am over the age of 18.,I consent to take part in this study.",6107247967dedd82e06c6f27,42,Female,Yes,,,,,,,,,,,,,,,,,,,,,,,,,(a) Their association with counterculture and anti-war movements.,(d) halted progress on a promising mental health treatment approach.,(c) Creating a supportive therapeutic context for administration.,(b) intention and context of their application.,(d) They provided a profound emotional and spiritual connection.,(c) psychedelics can facilitate experiences that traditional rituals may not.,"(a) rigorous, scientific validation of therapeutic potential.",(b) Compelling preliminary data on safety and efficacy for mental illness.,(b) It aims to address the root causes of disorders.,(a) Statement 1 only,(a) a self-centered perspective to a broader awareness.,(b) allows for a temporary dissolution of a rigid sense of self.,(d) By reducing fear while increasing cognitive function,"(d) Statements 1, 2, 3 and 4",(a) It empowers the patient to access their own healing intelligence.,(c) Including non-drug psychotherapy sessions for integration.,(d) The therapy works better than any other treatment available.,(b) may offer a substantial improvement over existing therapies.,"(c) Medically supervised sessions for specific, approved conditions.",(a) re-establish psychedelics' legitimacy within the medical system.,1,73,,,18,6107247967dedd82e06c6f27,18,20,"RetrievalPractice,Psychedelics",,,Instructions|Video|Instructions|Q17|Q10|Q15|Q1|Q9|Q12|Q20|Q16|Q3|Q5|Q19 |Q4|Q2|Q18|Q11|Q6|Q8|Q14|Q7|Q13|Prior knowledge|JOL|Instructions,
09/07/2025 03:10,09/07/2025 03:32,IP Address,100,1336,TRUE,09/07/2025 03:32,R_8fJzNQdaVSEoHjl,anonymous,EN,1,"I have read the information sheet and understand I can email the researchers with any questions.,I understand that my personal information (e.g., my age, gender, and information about my language background) will be used for the purposes of this study, which have been explained to me.,I consent to the processing of my personal information for the purposes of this study, and I understand that any such information will be treated as strictly confidential and handled in accordance with the provisions of the Data Protection Act 2018.,I understand that the information I provide may be published as a report and I will be sent a copy if I wish. Confidentiality and anonymity will be maintained, and it will not be possible to identify me in any publications.,I understand that my anonymised research data may be shared in accordance with open science guidelines (no one will be able to identify me if these data are shared).,I understand that I am free to withdraw from the study without penalty if I so wish.,I am over the age of 18.,I consent to take part in this study.",62d59b380be0866cf039e0ee,43,Male,Yes,,,,,,,,,,,,,,,,,,,,,,,,,(a) Their association with counterculture and anti-war movements.,(d) halted progress on a promising mental health treatment approach.,(c) Creating a supportive therapeutic context for administration.,(b) intention and context of their application.,(b) They were primarily focused on recreational enjoyment.,(c) psychedelics can facilitate experiences that traditional rituals may not.,(b) exploring the recreational and creative uses of the drugs.,(b) Compelling preliminary data on safety and efficacy for mental illness.,(d) It works by suppressing difficult emotions and symptoms.,"(d) Statements 1, 2, 3 and 4",(a) a self-centered perspective to a broader awareness.,(a) strengthens the ego's control over thoughts and emotions.,(d) By reducing fear while increasing cognitive function,(a) Statements 1 and 2,(c) It allows patients to passively receive the drug's benefits.,(d) Using only one therapist for all the sessions.,(a) The therapeutic benefits appear to be durable and lasting.,(b) may offer a substantial improvement over existing therapies.,"(c) Medically supervised sessions for specific, approved conditions.",(b) challenge and dismantle the entire regulatory system.,1,40,,,11,62d59b380be0866cf039e0ee,11,20,"RetrievalPractice,Psychedelics",,,Instructions|Video|Instructions|Q17|Q1|Q16|Q11|Q5|Q19 |Q14|Q20|Q6|Q8|Q13|Q10|Q3|Q12|Q9|Q18|Q4|Q15|Q7|Q2|Prior knowledge|JOL|Instructions,
09/07/2025 03:08,09/07/2025 03:32,IP Address,100,1413,TRUE,09/07/2025 03:32,R_81KqmBs1RApxFcd,anonymous,EN,1,"I have read the information sheet and understand I can email the researchers with any questions.,I understand that my personal information (e.g., my age, gender, and information about my language background) will be used for the purposes of this study, which have been explained to me.,I consent to the processing of my personal information for the purposes of this study, and I understand that any such information will be treated as strictly confidential and handled in accordance with the provisions of the Data Protection Act 2018.,I understand that the information I provide may be published as a report and I will be sent a copy if I wish. Confidentiality and anonymity will be maintained, and it will not be possible to identify me in any publications.,I understand that my anonymised research data may be shared in accordance with open science guidelines (no one will be able to identify me if these data are shared).,I understand that I am free to withdraw from the study without penalty if I so wish.,I am over the age of 18.,I consent to take part in this study.",5e1cc37a173db405a7a33774,41,Female,Yes,,,,,,,,,,,,,,,,,,,,,,,,,,,,,,,,,,,,,,,,,,,,,,,1,78,0,5e1cc37a173db405a7a33774,0,0,"ElaboratedExplanation,Psychedelics",,,,Instructions|Video|Instructions|E14|E5|E7|E2|E10|E6|E3|E17|E9|E18|E13|E11|E19|E12|E4|E20|E16|E1|E15|E8|Prior knowledge|JOL|Q140
09/07/2025 03:10,09/07/2025 03:32,IP Address,100,1347,TRUE,09/07/2025 03:32,R_84edue2XANV3VMR,anonymous,EN,1,"I have read the information sheet and understand I can email the researchers with any questions.,I understand that my personal information (e.g., my age, gender, and information about my language background) will be used for the purposes of this study, which have been explained to me.,I consent to the processing of my personal information for the purposes of this study, and I understand that any such information will be treated as strictly confidential and handled in accordance with the provisions of the Data Protection Act 2018.,I understand that the information I provide may be published as a report and I will be sent a copy if I wish. Confidentiality and anonymity will be maintained, and it will not be possible to identify me in any publications.,I understand that my anonymised research data may be shared in accordance with open science guidelines (no one will be able to identify me if these data are shared).,I understand that I am free to withdraw from the study without penalty if I so wish.,I am over the age of 18.,I consent to take part in this study.",5b5f23420085cb0001872849,30,Female,Yes,(b) iPSCs contain the specific genetic makeup of the patient with the heart condition.,(a) It allows for the creation of motor neurons that are genetically identical to the patient's.,(d) The most effective surgical interventions for treating advanced MND symptoms.,(a) Statements 1 and 2,(b) The over-reliance on animal models that do not accurately predict human responses.,"(b) It would identify failing drugs earlier, reducing the $4 billion sunk cost per success.",(b) The drug's efficacy and safety could vary due to the patient's different genetic makeup.,(a) A drug being effective for one person but causing harmful side effects in another.,(d) To allow any person to have their own personal stem cell line for therapy.,(b) Does this drug cause liver damage in individuals with a specific genetic marker?,(b) They are less constrained by the profit motives and bureaucracy of large organizations.,(a) They lack the laboratory space to conduct cutting-edge experiments.,(a) The process is not scalable and introduces variability between cell lines.,"(c) Manual creation would be too slow and inconsistent to produce reliable, comparable lines at scale.","(a) It provides a recording of the events leading up to the ""crash"" or disease state.",(b) Reveal the fundamental cellular interactions underlying a disease.,(a) To suggest that stem cell research will eventually become a routine and accepted medical tool.,(b) To protect valuable intellectual property from competing pharmaceutical companies.,(a) By allowing the drug to be tested on diverse cardiac cells before human trials.,(b) To re-screen the drug on diverse liver cell models for a potential new use.,2,52,,,,,,,,,,,,,,,,,,,,,,,,,,,15,5b5f23420085cb0001872849,15,20,"RetrievalPractice,StemCells",Instructions|Video|Instructions|Q3|Q2|Q8|Q13 |Q18 |Q15|Q9|Q16|Q19 |Q12|Q14 |Q10|Q4|Q17 |Q11|Q6 |Q20|Q1 |Q7|Q5 |Prior knowledge|JOL |Instructions ,,,
09/07/2025 03:08,09/07/2025 03:32,IP Address,100,1459,TRUE,09/07/2025 03:32,R_8FRIkdOdSBC9aAp,anonymous,EN,1,"I have read the information sheet and understand I can email the researchers with any questions.,I understand that my personal information (e.g., my age, gender, and information about my language background) will be used for the purposes of this study, which have been explained to me.,I consent to the processing of my personal information for the purposes of this study, and I understand that any such information will be treated as strictly confidential and handled in accordance with the provisions of the Data Protection Act 2018.,I understand that the information I provide may be published as a report and I will be sent a copy if I wish. Confidentiality and anonymity will be maintained, and it will not be possible to identify me in any publications.,I understand that my anonymised research data may be shared in accordance with open science guidelines (no one will be able to identify me if these data are shared).,I understand that I am free to withdraw from the study without penalty if I so wish.,I am over the age of 18.,I consent to take part in this study.",667364dab7a2b7865029fe6f,39,Male,Yes,,,,,,,,,,,,,,,,,,,,,,,1,70,,,,,,,,,,,,,,,,,,,,,,,,,0,667364dab7a2b7865029fe6f,0,0,"ElaboratedExplanation,StemCells",,Instructions|Video |Instructions|E5|E13 |E17|E16|E20 |E8|E12 |E3|E6|E2|E14|E10 |E15|E1|E9|E18|E7 |E11|E4|E19|Prior knowledge|JOL|Instructions,,
09/07/2025 03:07,09/07/2025 03:32,IP Address,100,1498,TRUE,09/07/2025 03:32,R_2B2m8SKyd9lwlbs,anonymous,EN,0.800000012,"I have read the information sheet and understand I can email the researchers with any questions.,I understand that my personal information (e.g., my age, gender, and information about my language background) will be used for the purposes of this study, which have been explained to me.,I consent to the processing of my personal information for the purposes of this study, and I understand that any such information will be treated as strictly confidential and handled in accordance with the provisions of the Data Protection Act 2018.,I understand that the information I provide may be published as a report and I will be sent a copy if I wish. Confidentiality and anonymity will be maintained, and it will not be possible to identify me in any publications.,I understand that my anonymised research data may be shared in accordance with open science guidelines (no one will be able to identify me if these data are shared).,I understand that I am free to withdraw from the study without penalty if I so wish.,I am over the age of 18.,I consent to take part in this study.",65c8d7f023278532f6f49139,28,Male,Yes,,,,,,,,,,,,,,,,,,,,,,,,,(a) Their association with counterculture and anti-war movements.,(d) halted progress on a promising mental health treatment approach.,(c) Creating a supportive therapeutic context for administration.,(b) intention and context of their application.,(b) They were primarily focused on recreational enjoyment.,(c) psychedelics can facilitate experiences that traditional rituals may not.,"(a) rigorous, scientific validation of therapeutic potential.",(b) Compelling preliminary data on safety and efficacy for mental illness.,(b) It aims to address the root causes of disorders.,(c) Statements 1 and 2,(a) a self-centered perspective to a broader awareness.,(a) strengthens the ego's control over thoughts and emotions.,(d) By reducing fear while increasing cognitive function,"(d) Statements 1, 2, 3 and 4",(a) It empowers the patient to access their own healing intelligence.,(c) Including non-drug psychotherapy sessions for integration.,(a) The therapeutic benefits appear to be durable and lasting.,(d) has completed all necessary research and is ready for market.,"(c) Medically supervised sessions for specific, approved conditions.",(a) re-establish psychedelics' legitimacy within the medical system.,1,60,,,17,65c8d7f023278532f6f49139,17,20,"RetrievalPractice,Psychedelics",,,Instructions|Video|Instructions|Q10|Q18|Q19 |Q20|Q14|Q13|Q5|Q7|Q4|Q16|Q3|Q17|Q6|Q12|Q2|Q8|Q11|Q1|Q15|Q9|Prior knowledge|JOL|Instructions,
09/07/2025 03:11,09/07/2025 03:32,IP Address,100,1246,TRUE,09/07/2025 03:32,R_8IUyHBBYFw8PlkZ,anonymous,EN,1,"I have read the information sheet and understand I can email the researchers with any questions.,I understand that my personal information (e.g., my age, gender, and information about my language background) will be used for the purposes of this study, which have been explained to me.,I consent to the processing of my personal information for the purposes of this study, and I understand that any such information will be treated as strictly confidential and handled in accordance with the provisions of the Data Protection Act 2018.,I understand that the information I provide may be published as a report and I will be sent a copy if I wish. Confidentiality and anonymity will be maintained, and it will not be possible to identify me in any publications.,I understand that my anonymised research data may be shared in accordance with open science guidelines (no one will be able to identify me if these data are shared).,I understand that I am free to withdraw from the study without penalty if I so wish.,I am over the age of 18.,I consent to take part in this study.",667d404c940badc47d80d670,41,Female,Yes,,,,,,,,,,,,,,,,,,,,,,,1,50,,,,,,,,,,,,,,,,,,,,,,,,,0,667d404c940badc47d80d670,0,0,"ElaboratedExplanation,StemCells",,Instructions|Video |Instructions|E9|E20 |E15|E4|E18|E7 |E5|E14|E10 |E3|E17|E8|E11|E2|E19|E1|E16|E13 |E6|E12 |Prior knowledge|JOL|Instructions,,
09/07/2025 03:10,09/07/2025 03:32,IP Address,100,1354,TRUE,09/07/2025 03:32,R_8xDJ6zijqYX52a6,anonymous,EN,0.800000012,"I have read the information sheet and understand I can email the researchers with any questions.,I understand that my personal information (e.g., my age, gender, and information about my language background) will be used for the purposes of this study, which have been explained to me.,I consent to the processing of my personal information for the purposes of this study, and I understand that any such information will be treated as strictly confidential and handled in accordance with the provisions of the Data Protection Act 2018.,I understand that the information I provide may be published as a report and I will be sent a copy if I wish. Confidentiality and anonymity will be maintained, and it will not be possible to identify me in any publications.,I understand that my anonymised research data may be shared in accordance with open science guidelines (no one will be able to identify me if these data are shared).,I understand that I am free to withdraw from the study without penalty if I so wish.,I am over the age of 18.,I consent to take part in this study.",60719f4b18e2b30c9e5a562d,62,Male,Yes,(a) iPSCs can differentiate into a wider variety of cell types than embryonic stem cells.,(a) It allows for the creation of motor neurons that are genetically identical to the patient's.,(b) The interaction between motor neurons and other cell types contributing to the disease.,"(b) Statements 1, 2, and 3",(b) The over-reliance on animal models that do not accurately predict human responses.,"(b) It would identify failing drugs earlier, reducing the $4 billion sunk cost per success.",(b) The drug's efficacy and safety could vary due to the patient's different genetic makeup.,(a) A drug being effective for one person but causing harmful side effects in another.,(a) To ensure a representative model of the human population for drug testing.,(b) Does this drug cause liver damage in individuals with a specific genetic marker?,(b) They are less constrained by the profit motives and bureaucracy of large organizations.,(c) Their established structures may prevent them from adapting quickly or asking novel questions.,(a) The process is not scalable and introduces variability between cell lines.,"(c) Manual creation would be too slow and inconsistent to produce reliable, comparable lines at scale.","(a) It provides a recording of the events leading up to the ""crash"" or disease state.",(b) Reveal the fundamental cellular interactions underlying a disease.,(a) To suggest that stem cell research will eventually become a routine and accepted medical tool.,(c) To advance critical research without political and financial interference.,(a) By allowing the drug to be tested on diverse cardiac cells before human trials.,(b) To re-screen the drug on diverse liver cell models for a potential new use.,2,71,,,,,,,,,,,,,,,,,,,,,,,,,,,19,60719f4b18e2b30c9e5a562d,19,20,"RetrievalPractice,StemCells",Instructions|Video|Instructions|Q1 |Q3|Q6 |Q17 |Q12|Q11|Q15|Q10|Q14 |Q16|Q2|Q13 |Q5 |Q19 |Q4|Q8|Q18 |Q20|Q9|Q7|Prior knowledge|JOL |Instructions ,,,
09/07/2025 03:12,09/07/2025 03:33,IP Address,100,1263,TRUE,09/07/2025 03:33,R_8c6PpS3Vbhmw4YU,anonymous,EN,1,"I have read the information sheet and understand I can email the researchers with any questions.,I understand that my personal information (e.g., my age, gender, and information about my language background) will be used for the purposes of this study, which have been explained to me.,I consent to the processing of my personal information for the purposes of this study, and I understand that any such information will be treated as strictly confidential and handled in accordance with the provisions of the Data Protection Act 2018.,I understand that the information I provide may be published as a report and I will be sent a copy if I wish. Confidentiality and anonymity will be maintained, and it will not be possible to identify me in any publications.,I understand that my anonymised research data may be shared in accordance with open science guidelines (no one will be able to identify me if these data are shared).,I understand that I am free to withdraw from the study without penalty if I so wish.,I am over the age of 18.,I consent to take part in this study.",651c1d7524852e9f9d614ce3,53,Male,Yes,,,,,,,,,,,,,,,,,,,,,,,,,(a) Their association with counterculture and anti-war movements.,(d) halted progress on a promising mental health treatment approach.,(c) Creating a supportive therapeutic context for administration.,(b) intention and context of their application.,(b) They were primarily focused on recreational enjoyment.,(b) his family was not sufficiently supportive of his religious upbringing.,"(a) rigorous, scientific validation of therapeutic potential.",(b) Compelling preliminary data on safety and efficacy for mental illness.,(d) It works by suppressing difficult emotions and symptoms.,(a) Statement 1 only,(a) a self-centered perspective to a broader awareness.,(c) increases the brain's filtering of incoming information.,(d) By reducing fear while increasing cognitive function,"(d) Statements 1, 2, 3 and 4",(a) It empowers the patient to access their own healing intelligence.,(c) Including non-drug psychotherapy sessions for integration.,(a) The therapeutic benefits appear to be durable and lasting.,(d) has completed all necessary research and is ready for market.,"(c) Medically supervised sessions for specific, approved conditions.",(a) re-establish psychedelics' legitimacy within the medical system.,1,20,,,14,651c1d7524852e9f9d614ce3,14,20,"RetrievalPractice,Psychedelics",,,Instructions|Video|Instructions|Q8|Q13|Q3|Q2|Q1|Q18|Q11|Q12|Q5|Q19 |Q6|Q17|Q15|Q4|Q20|Q10|Q16|Q14|Q9|Q7|Prior knowledge|JOL|Instructions,
09/07/2025 03:09,09/07/2025 03:33,IP Address,100,1437,TRUE,09/07/2025 03:33,R_8oWK3bopjqQbEK7,anonymous,EN,0.100000001,"I have read the information sheet and understand I can email the researchers with any questions.,I understand that my personal information (e.g., my age, gender, and information about my language background) will be used for the purposes of this study, which have been explained to me.,I consent to the processing of my personal information for the purposes of this study, and I understand that any such information will be treated as strictly confidential and handled in accordance with the provisions of the Data Protection Act 2018.,I understand that the information I provide may be published as a report and I will be sent a copy if I wish. Confidentiality and anonymity will be maintained, and it will not be possible to identify me in any publications.,I understand that my anonymised research data may be shared in accordance with open science guidelines (no one will be able to identify me if these data are shared).,I understand that I am free to withdraw from the study without penalty if I so wish.,I am over the age of 18.,I consent to take part in this study.",5da760eae8174b001640d369,48,Male,Yes,,,,,,,,,,,,,,,,,,,,,,,1,40,,,,,,,,,,,,,,,,,,,,,,,,,0,5da760eae8174b001640d369,0,0,"ElaboratedExplanation,StemCells",,Instructions|Video |Instructions|E3|E18|E13 |E17|E1|E14|E19|E5|E15|E7 |E20 |E2|E8|E12 |E6|E16|E11|E10 |E4|E9|Prior knowledge|JOL|Instructions,,
09/07/2025 03:12,09/07/2025 03:33,IP Address,100,1244,TRUE,09/07/2025 03:33,R_8H2C2tgefJGuaEs,anonymous,EN,0.899999976,"I have read the information sheet and understand I can email the researchers with any questions.,I understand that my personal information (e.g., my age, gender, and information about my language background) will be used for the purposes of this study, which have been explained to me.,I consent to the processing of my personal information for the purposes of this study, and I understand that any such information will be treated as strictly confidential and handled in accordance with the provisions of the Data Protection Act 2018.,I understand that the information I provide may be published as a report and I will be sent a copy if I wish. Confidentiality and anonymity will be maintained, and it will not be possible to identify me in any publications.,I understand that my anonymised research data may be shared in accordance with open science guidelines (no one will be able to identify me if these data are shared).,I understand that I am free to withdraw from the study without penalty if I so wish.,I am over the age of 18.,I consent to take part in this study.",5fe0b183d8918b2030aa99a0,26,Female,Yes,,,,,,,,,,,,,,,,,,,,,,,,,,,,,,,,,,,,,,,,,,,,,,,1,35,0,5fe0b183d8918b2030aa99a0,0,0,"ElaboratedExplanation,Psychedelics",,,,Instructions|Video|Instructions|E15|E3|E18|E9|E7|E13|E17|E5|E1|E19|E8|E10|E12|E6|E16|E4|E14|E2|E11|E20|Prior knowledge|JOL|Q140
09/07/2025 03:10,09/07/2025 03:33,IP Address,100,1371,TRUE,09/07/2025 03:33,R_8G6NpUD2go8xhrQ,anonymous,EN,1,"I have read the information sheet and understand I can email the researchers with any questions.,I understand that my personal information (e.g., my age, gender, and information about my language background) will be used for the purposes of this study, which have been explained to me.,I consent to the processing of my personal information for the purposes of this study, and I understand that any such information will be treated as strictly confidential and handled in accordance with the provisions of the Data Protection Act 2018.,I understand that the information I provide may be published as a report and I will be sent a copy if I wish. Confidentiality and anonymity will be maintained, and it will not be possible to identify me in any publications.,I understand that my anonymised research data may be shared in accordance with open science guidelines (no one will be able to identify me if these data are shared).,I understand that I am free to withdraw from the study without penalty if I so wish.,I am over the age of 18.,I consent to take part in this study.",62da562ad9942a440f6986c9,43,Male,Yes,(b) iPSCs contain the specific genetic makeup of the patient with the heart condition.,(a) It allows for the creation of motor neurons that are genetically identical to the patient's.,(b) The interaction between motor neurons and other cell types contributing to the disease.,"(b) Statements 1, 2, and 3",(b) The over-reliance on animal models that do not accurately predict human responses.,"(b) It would identify failing drugs earlier, reducing the $4 billion sunk cost per success.",(b) The drug's efficacy and safety could vary due to the patient's different genetic makeup.,(a) A drug being effective for one person but causing harmful side effects in another.,(a) To ensure a representative model of the human population for drug testing.,(b) Does this drug cause liver damage in individuals with a specific genetic marker?,(b) They are less constrained by the profit motives and bureaucracy of large organizations.,(c) Their established structures may prevent them from adapting quickly or asking novel questions.,(a) The process is not scalable and introduces variability between cell lines.,"(c) Manual creation would be too slow and inconsistent to produce reliable, comparable lines at scale.","(a) It provides a recording of the events leading up to the ""crash"" or disease state.",(b) Reveal the fundamental cellular interactions underlying a disease.,(a) To suggest that stem cell research will eventually become a routine and accepted medical tool.,(c) To advance critical research without political and financial interference.,(a) By allowing the drug to be tested on diverse cardiac cells before human trials.,(b) To re-screen the drug on diverse liver cell models for a potential new use.,2,75,,,,,,,,,,,,,,,,,,,,,,,,,,,20,62da562ad9942a440f6986c9,20,20,"RetrievalPractice,StemCells",Instructions|Video|Instructions|Q4|Q17 |Q15|Q7|Q13 |Q10|Q18 |Q19 |Q9|Q1 |Q5 |Q8|Q20|Q16|Q2|Q11|Q12|Q6 |Q14 |Q3|Prior knowledge|JOL |Instructions ,,,
09/07/2025 03:07,09/07/2025 03:33,IP Address,100,1531,TRUE,09/07/2025 03:33,R_2VyCDQjb4kxM3D8,anonymous,EN,0.899999976,"I have read the information sheet and understand I can email the researchers with any questions.,I understand that my personal information (e.g., my age, gender, and information about my language background) will be used for the purposes of this study, which have been explained to me.,I consent to the processing of my personal information for the purposes of this study, and I understand that any such information will be treated as strictly confidential and handled in accordance with the provisions of the Data Protection Act 2018.,I understand that the information I provide may be published as a report and I will be sent a copy if I wish. Confidentiality and anonymity will be maintained, and it will not be possible to identify me in any publications.,I understand that my anonymised research data may be shared in accordance with open science guidelines (no one will be able to identify me if these data are shared).,I understand that I am free to withdraw from the study without penalty if I so wish.,I am over the age of 18.,I consent to take part in this study.",5fcfb1fe79b8060e0662270a,57,Female,Yes,,,,,,,,,,,,,,,,,,,,,,,,,,,,,,,,,,,,,,,,,,,,,,,1,60,0,5fcfb1fe79b8060e0662270a,0,0,"ElaboratedExplanation,Psychedelics",,,,Instructions|Video|Instructions|E12|E4|E14|E20|E13|E2|E10|E9|E3|E16|E15|E8|E6|E11|E5|E18|E7|E19|E17|E1|Prior knowledge|JOL|Q140
09/07/2025 03:07,09/07/2025 03:33,IP Address,100,1540,TRUE,09/07/2025 03:33,R_2SBK0n55qXbiwHX,anonymous,EN,0.899999976,"I have read the information sheet and understand I can email the researchers with any questions.,I understand that my personal information (e.g., my age, gender, and information about my language background) will be used for the purposes of this study, which have been explained to me.,I consent to the processing of my personal information for the purposes of this study, and I understand that any such information will be treated as strictly confidential and handled in accordance with the provisions of the Data Protection Act 2018.,I understand that the information I provide may be published as a report and I will be sent a copy if I wish. Confidentiality and anonymity will be maintained, and it will not be possible to identify me in any publications.,I understand that my anonymised research data may be shared in accordance with open science guidelines (no one will be able to identify me if these data are shared).,I understand that I am free to withdraw from the study without penalty if I so wish.,I am over the age of 18.,I consent to take part in this study.",5c50efd2cc71f4000125ce0d,50,Female,Yes,,,,,,,,,,,,,,,,,,,,,,,,,(b) A lack of scientific evidence for any therapeutic benefit.,(d) halted progress on a promising mental health treatment approach.,(b) Using the substance without any accompanying therapy.,(b) intention and context of their application.,(d) They provided a profound emotional and spiritual connection.,(a) all religious ceremonies are ineffective for personal growth.,"(a) rigorous, scientific validation of therapeutic potential.",(a) A societal shift towards favouring recreational drug use.,(b) It aims to address the root causes of disorders.,(a) Statement 1 only,(c) a spiritual mindset to a more scientific one.,(a) strengthens the ego's control over thoughts and emotions.,(d) By reducing fear while increasing cognitive function,"(c) Statements 1, 3 and 4",(a) It empowers the patient to access their own healing intelligence.,(c) Including non-drug psychotherapy sessions for integration.,(a) The therapeutic benefits appear to be durable and lasting.,(b) may offer a substantial improvement over existing therapies.,(a) Recreational access to a wide range of psychedelics.,(a) re-establish psychedelics' legitimacy within the medical system.,2,52,,,11,5c50efd2cc71f4000125ce0d,11,20,"RetrievalPractice,Psychedelics",,,Instructions|Video|Instructions|Q11|Q17|Q9|Q14|Q19 |Q12|Q16|Q13|Q5|Q2|Q1|Q4|Q8|Q15|Q20|Q3|Q6|Q7|Q10|Q18|Prior knowledge|JOL|Instructions,
09/07/2025 03:08,09/07/2025 03:33,IP Address,100,1517,TRUE,09/07/2025 03:33,R_2ckmqM4tPG1GnkH,anonymous,EN,0.5,"I have read the information sheet and understand I can email the researchers with any questions.,I understand that my personal information (e.g., my age, gender, and information about my language background) will be used for the purposes of this study, which have been explained to me.,I consent to the processing of my personal information for the purposes of this study, and I understand that any such information will be treated as strictly confidential and handled in accordance with the provisions of the Data Protection Act 2018.,I understand that the information I provide may be published as a report and I will be sent a copy if I wish. Confidentiality and anonymity will be maintained, and it will not be possible to identify me in any publications.,I understand that my anonymised research data may be shared in accordance with open science guidelines (no one will be able to identify me if these data are shared).,I understand that I am free to withdraw from the study without penalty if I so wish.,I am over the age of 18.,I consent to take part in this study.",6727b19c12511694cfc3af0c,44,Female,Yes,(b) iPSCs contain the specific genetic makeup of the patient with the heart condition.,(a) It allows for the creation of motor neurons that are genetically identical to the patient's.,(b) The interaction between motor neurons and other cell types contributing to the disease.,"(b) Statements 1, 2, and 3",(b) The over-reliance on animal models that do not accurately predict human responses.,"(b) It would identify failing drugs earlier, reducing the $4 billion sunk cost per success.",(b) The drug's efficacy and safety could vary due to the patient's different genetic makeup.,(a) A drug being effective for one person but causing harmful side effects in another.,(a) To ensure a representative model of the human population for drug testing.,(b) Does this drug cause liver damage in individuals with a specific genetic marker?,(b) They are less constrained by the profit motives and bureaucracy of large organizations.,(c) Their established structures may prevent them from adapting quickly or asking novel questions.,(a) The process is not scalable and introduces variability between cell lines.,"(c) Manual creation would be too slow and inconsistent to produce reliable, comparable lines at scale.","(a) It provides a recording of the events leading up to the ""crash"" or disease state.",(b) Reveal the fundamental cellular interactions underlying a disease.,(a) To suggest that stem cell research will eventually become a routine and accepted medical tool.,(c) To advance critical research without political and financial interference.,(a) By allowing the drug to be tested on diverse cardiac cells before human trials.,(b) To re-screen the drug on diverse liver cell models for a potential new use.,2,71,,,,,,,,,,,,,,,,,,,,,,,,,,,20,6727b19c12511694cfc3af0c,20,20,"RetrievalPractice,StemCells",Instructions|Video|Instructions|Q8|Q18 |Q7|Q11|Q17 |Q12|Q2|Q4|Q14 |Q20|Q9|Q16|Q3|Q15|Q19 |Q6 |Q1 |Q5 |Q13 |Q10|Prior knowledge|JOL |Instructions ,,,
09/07/2025 03:12,09/07/2025 03:33,IP Address,100,1300,TRUE,09/07/2025 03:33,R_8qpNxp4LflxN6Xh,anonymous,EN,0.800000012,"I have read the information sheet and understand I can email the researchers with any questions.,I understand that my personal information (e.g., my age, gender, and information about my language background) will be used for the purposes of this study, which have been explained to me.,I consent to the processing of my personal information for the purposes of this study, and I understand that any such information will be treated as strictly confidential and handled in accordance with the provisions of the Data Protection Act 2018.,I understand that the information I provide may be published as a report and I will be sent a copy if I wish. Confidentiality and anonymity will be maintained, and it will not be possible to identify me in any publications.,I understand that my anonymised research data may be shared in accordance with open science guidelines (no one will be able to identify me if these data are shared).,I understand that I am free to withdraw from the study without penalty if I so wish.,I am over the age of 18.,I consent to take part in this study.",6658ba167affbe300577b93d,37,Female,Yes,,,,,,,,,,,,,,,,,,,,,,,,,(b) A lack of scientific evidence for any therapeutic benefit.,(d) halted progress on a promising mental health treatment approach.,(c) Creating a supportive therapeutic context for administration.,(b) intention and context of their application.,(d) They provided a profound emotional and spiritual connection.,(c) psychedelics can facilitate experiences that traditional rituals may not.,(c) reviving the exact research methods of the 1960s.,(b) Compelling preliminary data on safety and efficacy for mental illness.,(b) It aims to address the root causes of disorders.,(c) Statements 1 and 2,(a) a self-centered perspective to a broader awareness.,(b) allows for a temporary dissolution of a rigid sense of self.,(d) By reducing fear while increasing cognitive function,(b) Statements 2 and 4,(a) It empowers the patient to access their own healing intelligence.,(c) Including non-drug psychotherapy sessions for integration.,(a) The therapeutic benefits appear to be durable and lasting.,(d) has completed all necessary research and is ready for market.,"(c) Medically supervised sessions for specific, approved conditions.",(a) re-establish psychedelics' legitimacy within the medical system.,2,29,,,16,6658ba167affbe300577b93d,16,20,"RetrievalPractice,Psychedelics",,,Instructions|Video|Instructions|Q19 |Q6|Q13|Q18|Q20|Q16|Q7|Q1|Q3|Q4|Q2|Q8|Q11|Q17|Q14|Q9|Q12|Q10|Q15|Q5|Prior knowledge|JOL|Instructions,
09/07/2025 03:08,09/07/2025 03:33,IP Address,100,1526,TRUE,09/07/2025 03:33,R_2VJH8MhuTz8TnEs,anonymous,EN,0.899999976,"I have read the information sheet and understand I can email the researchers with any questions.,I understand that my personal information (e.g., my age, gender, and information about my language background) will be used for the purposes of this study, which have been explained to me.,I consent to the processing of my personal information for the purposes of this study, and I understand that any such information will be treated as strictly confidential and handled in accordance with the provisions of the Data Protection Act 2018.,I understand that the information I provide may be published as a report and I will be sent a copy if I wish. Confidentiality and anonymity will be maintained, and it will not be possible to identify me in any publications.,I understand that my anonymised research data may be shared in accordance with open science guidelines (no one will be able to identify me if these data are shared).,I understand that I am free to withdraw from the study without penalty if I so wish.,I am over the age of 18.,I consent to take part in this study.",60fcb280d58f26d33cb004a6,19,Male,Yes,,,,,,,,,,,,,,,,,,,,,,,,,,,,,,,,,,,,,,,,,,,,,,,1,30,0,60fcb280d58f26d33cb004a6,0,0,"ElaboratedExplanation,Psychedelics",,,,Instructions|Video|Instructions|E18|E8|E20|E5|E9|E13|E16|E2|E6|E1|E17|E12|E10|E3|E19|E4|E11|E14|E15|E7|Prior knowledge|JOL|Q140
09/07/2025 03:08,09/07/2025 03:33,IP Address,100,1544,TRUE,09/07/2025 03:33,R_2HB463niwa3K7km,anonymous,EN,0.800000012,"I have read the information sheet and understand I can email the researchers with any questions.,I understand that my personal information (e.g., my age, gender, and information about my language background) will be used for the purposes of this study, which have been explained to me.,I consent to the processing of my personal information for the purposes of this study, and I understand that any such information will be treated as strictly confidential and handled in accordance with the provisions of the Data Protection Act 2018.,I understand that the information I provide may be published as a report and I will be sent a copy if I wish. Confidentiality and anonymity will be maintained, and it will not be possible to identify me in any publications.,I understand that my anonymised research data may be shared in accordance with open science guidelines (no one will be able to identify me if these data are shared).,I understand that I am free to withdraw from the study without penalty if I so wish.,I am over the age of 18.,I consent to take part in this study.",58945874b5496d00018cfe1c,48,Female,Yes,,,,,,,,,,,,,,,,,,,,,,,1,8,,,,,,,,,,,,,,,,,,,,,,,,,0,58945874b5496d00018cfe1c,0,0,"ElaboratedExplanation,StemCells",,Instructions|Video |Instructions|E11|E10 |E1|E4|E15|E14|E6|E5|E18|E19|E17|E8|E16|E20 |E13 |E9|E2|E7 |E3|E12 |Prior knowledge|JOL|Instructions,,
09/07/2025 03:09,09/07/2025 03:33,IP Address,100,1440,TRUE,09/07/2025 03:33,R_8qXcCjqZ7T3HXAp,anonymous,EN,0.800000012,"I have read the information sheet and understand I can email the researchers with any questions.,I understand that my personal information (e.g., my age, gender, and information about my language background) will be used for the purposes of this study, which have been explained to me.,I consent to the processing of my personal information for the purposes of this study, and I understand that any such information will be treated as strictly confidential and handled in accordance with the provisions of the Data Protection Act 2018.,I understand that the information I provide may be published as a report and I will be sent a copy if I wish. Confidentiality and anonymity will be maintained, and it will not be possible to identify me in any publications.,I understand that my anonymised research data may be shared in accordance with open science guidelines (no one will be able to identify me if these data are shared).,I understand that I am free to withdraw from the study without penalty if I so wish.,I am over the age of 18.,I consent to take part in this study.",63d79f8bb2ac868ba9fd695f,32,Male,Yes,,,,,,,,,,,,,,,,,,,,,,,1,75,,,,,,,,,,,,,,,,,,,,,,,,,0,63d79f8bb2ac868ba9fd695f,0,0,"ElaboratedExplanation,StemCells",,Instructions|Video |Instructions|E6|E15|E7 |E20 |E9|E8|E4|E17|E13 |E5|E18|E1|E2|E16|E19|E14|E12 |E11|E3|E10 |Prior knowledge|JOL|Instructions,,
09/07/2025 03:09,09/07/2025 03:34,IP Address,100,1469,TRUE,09/07/2025 03:34,R_2IsJPwjOvw17CUk,anonymous,EN,0.800000012,"I have read the information sheet and understand I can email the researchers with any questions.,I understand that my personal information (e.g., my age, gender, and information about my language background) will be used for the purposes of this study, which have been explained to me.,I consent to the processing of my personal information for the purposes of this study, and I understand that any such information will be treated as strictly confidential and handled in accordance with the provisions of the Data Protection Act 2018.,I understand that the information I provide may be published as a report and I will be sent a copy if I wish. Confidentiality and anonymity will be maintained, and it will not be possible to identify me in any publications.,I understand that my anonymised research data may be shared in accordance with open science guidelines (no one will be able to identify me if these data are shared).,I understand that I am free to withdraw from the study without penalty if I so wish.,I am over the age of 18.,I consent to take part in this study.",659d874e294242ce3de681c8,52,Female,Yes,,,,,,,,,,,,,,,,,,,,,,,,,(a) Their association with counterculture and anti-war movements.,(d) halted progress on a promising mental health treatment approach.,(c) Creating a supportive therapeutic context for administration.,(b) intention and context of their application.,(d) They provided a profound emotional and spiritual connection.,(c) psychedelics can facilitate experiences that traditional rituals may not.,"(a) rigorous, scientific validation of therapeutic potential.",(b) Compelling preliminary data on safety and efficacy for mental illness.,(b) It aims to address the root causes of disorders.,"(d) Statements 1, 2, 3 and 4",(c) a spiritual mindset to a more scientific one.,"(d) enhances the creation of a stable, personal narrative.",(d) By reducing fear while increasing cognitive function,"(d) Statements 1, 2, 3 and 4",(a) It empowers the patient to access their own healing intelligence.,(c) Including non-drug psychotherapy sessions for integration.,(a) The therapeutic benefits appear to be durable and lasting.,(b) may offer a substantial improvement over existing therapies.,"(c) Medically supervised sessions for specific, approved conditions.",(a) re-establish psychedelics' legitimacy within the medical system.,2,30,,,17,659d874e294242ce3de681c8,17,20,"RetrievalPractice,Psychedelics",,,Instructions|Video|Instructions|Q20|Q7|Q14|Q19 |Q13|Q8|Q11|Q4|Q16|Q9|Q15|Q12|Q3|Q17|Q18|Q6|Q5|Q10|Q1|Q2|Prior knowledge|JOL|Instructions,
09/07/2025 03:08,09/07/2025 03:34,IP Address,100,1541,TRUE,09/07/2025 03:34,R_2SuaOCy19DOtbRl,anonymous,EN,0.899999976,"I have read the information sheet and understand I can email the researchers with any questions.,I understand that my personal information (e.g., my age, gender, and information about my language background) will be used for the purposes of this study, which have been explained to me.,I consent to the processing of my personal information for the purposes of this study, and I understand that any such information will be treated as strictly confidential and handled in accordance with the provisions of the Data Protection Act 2018.,I understand that the information I provide may be published as a report and I will be sent a copy if I wish. Confidentiality and anonymity will be maintained, and it will not be possible to identify me in any publications.,I understand that my anonymised research data may be shared in accordance with open science guidelines (no one will be able to identify me if these data are shared).,I understand that I am free to withdraw from the study without penalty if I so wish.,I am over the age of 18.,I consent to take part in this study.",5ed01d3049ff960da5db12a5,46,Male,Yes,,,,,,,,,,,,,,,,,,,,,,,,,,,,,,,,,,,,,,,,,,,,,,,1,63,0,5ed01d3049ff960da5db12a5,0,0,"ElaboratedExplanation,Psychedelics",,,,Instructions|Video|Instructions|E4|E15|E16|E5|E10|E7|E12|E14|E1|E13|E8|E20|E6|E17|E18|E9|E19|E3|E2|E11|Prior knowledge|JOL|Q140
09/07/2025 03:08,09/07/2025 03:34,IP Address,100,1533,TRUE,09/07/2025 03:34,R_2subEJ0PmCcyzAR,anonymous,EN,0.600000024,"I have read the information sheet and understand I can email the researchers with any questions.,I understand that my personal information (e.g., my age, gender, and information about my language background) will be used for the purposes of this study, which have been explained to me.,I consent to the processing of my personal information for the purposes of this study, and I understand that any such information will be treated as strictly confidential and handled in accordance with the provisions of the Data Protection Act 2018.,I understand that the information I provide may be published as a report and I will be sent a copy if I wish. Confidentiality and anonymity will be maintained, and it will not be possible to identify me in any publications.,I understand that my anonymised research data may be shared in accordance with open science guidelines (no one will be able to identify me if these data are shared).,I understand that I am free to withdraw from the study without penalty if I so wish.,I am over the age of 18.,I consent to take part in this study.",641384b3dffcf39ec42d3c23,50,Male,Yes,,,,,,,,,,,,,,,,,,,,,,,,,(b) A lack of scientific evidence for any therapeutic benefit.,(d) halted progress on a promising mental health treatment approach.,(c) Creating a supportive therapeutic context for administration.,(b) intention and context of their application.,(d) They provided a profound emotional and spiritual connection.,(c) psychedelics can facilitate experiences that traditional rituals may not.,"(a) rigorous, scientific validation of therapeutic potential.",(b) Compelling preliminary data on safety and efficacy for mental illness.,(b) It aims to address the root causes of disorders.,(c) Statements 1 and 2,(a) a self-centered perspective to a broader awareness.,"(d) enhances the creation of a stable, personal narrative.",(d) By reducing fear while increasing cognitive function,"(d) Statements 1, 2, 3 and 4",(a) It empowers the patient to access their own healing intelligence.,(c) Including non-drug psychotherapy sessions for integration.,(a) The therapeutic benefits appear to be durable and lasting.,(b) may offer a substantial improvement over existing therapies.,"(c) Medically supervised sessions for specific, approved conditions.",(a) re-establish psychedelics' legitimacy within the medical system.,5,80,,,18,641384b3dffcf39ec42d3c23,18,20,"RetrievalPractice,Psychedelics",,,Instructions|Video|Instructions|Q14|Q5|Q11|Q4|Q1|Q9|Q17|Q6|Q16|Q2|Q10|Q19 |Q3|Q12|Q18|Q7|Q13|Q15|Q8|Q20|Prior knowledge|JOL|Instructions,
09/07/2025 03:07,09/07/2025 03:34,IP Address,100,1626,TRUE,09/07/2025 03:34,R_2NqWWsdzywnwCPV,anonymous,EN,0.100000001,"I have read the information sheet and understand I can email the researchers with any questions.,I understand that my personal information (e.g., my age, gender, and information about my language background) will be used for the purposes of this study, which have been explained to me.,I consent to the processing of my personal information for the purposes of this study, and I understand that any such information will be treated as strictly confidential and handled in accordance with the provisions of the Data Protection Act 2018.,I understand that the information I provide may be published as a report and I will be sent a copy if I wish. Confidentiality and anonymity will be maintained, and it will not be possible to identify me in any publications.,I understand that my anonymised research data may be shared in accordance with open science guidelines (no one will be able to identify me if these data are shared).,I understand that I am free to withdraw from the study without penalty if I so wish.,I am over the age of 18.,I consent to take part in this study.",6693e53801f738a823813ed4,32,Female,Yes,(b) iPSCs contain the specific genetic makeup of the patient with the heart condition.,(a) It allows for the creation of motor neurons that are genetically identical to the patient's.,(b) The interaction between motor neurons and other cell types contributing to the disease.,"(b) Statements 1, 2, and 3",(b) The over-reliance on animal models that do not accurately predict human responses.,"(b) It would identify failing drugs earlier, reducing the $4 billion sunk cost per success.",(b) The drug's efficacy and safety could vary due to the patient's different genetic makeup.,(a) A drug being effective for one person but causing harmful side effects in another.,(a) To ensure a representative model of the human population for drug testing.,(b) Does this drug cause liver damage in individuals with a specific genetic marker?,(b) They are less constrained by the profit motives and bureaucracy of large organizations.,(c) Their established structures may prevent them from adapting quickly or asking novel questions.,(d) Manually created cells cannot be differentiated into specific tissue types.,"(c) Manual creation would be too slow and inconsistent to produce reliable, comparable lines at scale.","(a) It provides a recording of the events leading up to the ""crash"" or disease state.",(b) Reveal the fundamental cellular interactions underlying a disease.,(a) To suggest that stem cell research will eventually become a routine and accepted medical tool.,(c) To advance critical research without political and financial interference.,(a) By allowing the drug to be tested on diverse cardiac cells before human trials.,(b) To re-screen the drug on diverse liver cell models for a potential new use.,3,70,,,,,,,,,,,,,,,,,,,,,,,,,,,19,6693e53801f738a823813ed4,19,20,"RetrievalPractice,StemCells",Instructions|Video|Instructions|Q19 |Q12|Q13 |Q16|Q9|Q15|Q14 |Q8|Q2|Q18 |Q7|Q1 |Q5 |Q3|Q20|Q6 |Q17 |Q10|Q4|Q11|Prior knowledge|JOL |Instructions ,,,
09/07/2025 03:10,09/07/2025 03:34,IP Address,100,1452,TRUE,09/07/2025 03:34,R_2Genq1rpCEW8aJs,anonymous,EN,0.899999976,"I have read the information sheet and understand I can email the researchers with any questions.,I understand that my personal information (e.g., my age, gender, and information about my language background) will be used for the purposes of this study, which have been explained to me.,I consent to the processing of my personal information for the purposes of this study, and I understand that any such information will be treated as strictly confidential and handled in accordance with the provisions of the Data Protection Act 2018.,I understand that the information I provide may be published as a report and I will be sent a copy if I wish. Confidentiality and anonymity will be maintained, and it will not be possible to identify me in any publications.,I understand that my anonymised research data may be shared in accordance with open science guidelines (no one will be able to identify me if these data are shared).,I understand that I am free to withdraw from the study without penalty if I so wish.,I am over the age of 18.,I consent to take part in this study.",6761f75300af0601c94fb5fa,50,Male,Yes,,,,,,,,,,,,,,,,,,,,,,,1,20,,,,,,,,,,,,,,,,,,,,,,,,,0,6761f75300af0601c94fb5fa,0,0,"ElaboratedExplanation,StemCells",,Instructions|Video |Instructions|E4|E10 |E6|E8|E12 |E13 |E9|E2|E5|E7 |E19|E20 |E15|E16|E11|E18|E1|E14|E17|E3|Prior knowledge|JOL|Instructions,,
09/07/2025 03:08,09/07/2025 03:34,IP Address,100,1589,TRUE,09/07/2025 03:34,R_80vkDPex4TlqVUU,anonymous,EN,0.699999988,"I have read the information sheet and understand I can email the researchers with any questions.,I understand that my personal information (e.g., my age, gender, and information about my language background) will be used for the purposes of this study, which have been explained to me.,I consent to the processing of my personal information for the purposes of this study, and I understand that any such information will be treated as strictly confidential and handled in accordance with the provisions of the Data Protection Act 2018.,I understand that the information I provide may be published as a report and I will be sent a copy if I wish. Confidentiality and anonymity will be maintained, and it will not be possible to identify me in any publications.,I understand that my anonymised research data may be shared in accordance with open science guidelines (no one will be able to identify me if these data are shared).,I understand that I am free to withdraw from the study without penalty if I so wish.,I am over the age of 18.,I consent to take part in this study.",66d1a9db2911b86aa59b4378,33,Female,Yes,,,,,,,,,,,,,,,,,,,,,,,,,,,,,,,,,,,,,,,,,,,,,,,1,30,0,66d1a9db2911b86aa59b4378,0,0,"ElaboratedExplanation,Psychedelics",,,,Instructions|Video|Instructions|E7|E19|E2|E20|E10|E5|E9|E18|E11|E17|E15|E16|E1|E8|E6|E4|E3|E13|E14|E12|Prior knowledge|JOL|Q140
09/07/2025 03:10,09/07/2025 03:34,IP Address,100,1469,TRUE,09/07/2025 03:34,R_8iEyNNhTupu12tD,anonymous,EN,0.899999976,"I have read the information sheet and understand I can email the researchers with any questions.,I understand that my personal information (e.g., my age, gender, and information about my language background) will be used for the purposes of this study, which have been explained to me.,I consent to the processing of my personal information for the purposes of this study, and I understand that any such information will be treated as strictly confidential and handled in accordance with the provisions of the Data Protection Act 2018.,I understand that the information I provide may be published as a report and I will be sent a copy if I wish. Confidentiality and anonymity will be maintained, and it will not be possible to identify me in any publications.,I understand that my anonymised research data may be shared in accordance with open science guidelines (no one will be able to identify me if these data are shared).,I understand that I am free to withdraw from the study without penalty if I so wish.,I am over the age of 18.,I consent to take part in this study.",60eaeaa416ee31f32d13393c,31,Male,Yes,,,,,,,,,,,,,,,,,,,,,,,,,,,,,,,,,,,,,,,,,,,,,,,1,10,0,60eaeaa416ee31f32d13393c,0,0,"ElaboratedExplanation,Psychedelics",,,,Instructions|Video|Instructions|E11|E10|E5|E8|E13|E14|E20|E9|E6|E12|E1|E18|E15|E19|E16|E17|E7|E2|E4|E3|Prior knowledge|JOL|Q140
09/07/2025 03:14,09/07/2025 03:35,IP Address,100,1263,TRUE,09/07/2025 03:35,R_2T9SyvKCGFdOanT,anonymous,EN,1,"I have read the information sheet and understand I can email the researchers with any questions.,I understand that my personal information (e.g., my age, gender, and information about my language background) will be used for the purposes of this study, which have been explained to me.,I consent to the processing of my personal information for the purposes of this study, and I understand that any such information will be treated as strictly confidential and handled in accordance with the provisions of the Data Protection Act 2018.,I understand that the information I provide may be published as a report and I will be sent a copy if I wish. Confidentiality and anonymity will be maintained, and it will not be possible to identify me in any publications.,I understand that my anonymised research data may be shared in accordance with open science guidelines (no one will be able to identify me if these data are shared).,I understand that I am free to withdraw from the study without penalty if I so wish.,I am over the age of 18.,I consent to take part in this study.",65aea1ad4ec9136d74dc5095,46,Male,Yes,,,,,,,,,,,,,,,,,,,,,,,2,36,,,,,,,,,,,,,,,,,,,,,,,,,0,65aea1ad4ec9136d74dc5095,0,0,"ElaboratedExplanation,StemCells",,Instructions|Video |Instructions|E8|E1|E19|E18|E4|E20 |E10 |E2|E5|E7 |E12 |E9|E15|E16|E13 |E14|E11|E3|E6|E17|Prior knowledge|JOL|Instructions,,
09/07/2025 03:11,09/07/2025 03:35,IP Address,100,1422,TRUE,09/07/2025 03:35,R_2CJy7RyT9zokiTr,anonymous,EN,0.899999976,"I have read the information sheet and understand I can email the researchers with any questions.,I understand that my personal information (e.g., my age, gender, and information about my language background) will be used for the purposes of this study, which have been explained to me.,I consent to the processing of my personal information for the purposes of this study, and I understand that any such information will be treated as strictly confidential and handled in accordance with the provisions of the Data Protection Act 2018.,I understand that the information I provide may be published as a report and I will be sent a copy if I wish. Confidentiality and anonymity will be maintained, and it will not be possible to identify me in any publications.,I understand that my anonymised research data may be shared in accordance with open science guidelines (no one will be able to identify me if these data are shared).,I understand that I am free to withdraw from the study without penalty if I so wish.,I am over the age of 18.,I consent to take part in this study.",66d608e93c32a8b90bb92ae4,33,Female,Yes,(b) iPSCs contain the specific genetic makeup of the patient with the heart condition.,(a) It allows for the creation of motor neurons that are genetically identical to the patient's.,(b) The interaction between motor neurons and other cell types contributing to the disease.,"(b) Statements 1, 2, and 3",(b) The over-reliance on animal models that do not accurately predict human responses.,"(b) It would identify failing drugs earlier, reducing the $4 billion sunk cost per success.",(b) The drug's efficacy and safety could vary due to the patient's different genetic makeup.,(a) A drug being effective for one person but causing harmful side effects in another.,(a) To ensure a representative model of the human population for drug testing.,(b) Does this drug cause liver damage in individuals with a specific genetic marker?,(b) They are less constrained by the profit motives and bureaucracy of large organizations.,(c) Their established structures may prevent them from adapting quickly or asking novel questions.,(a) The process is not scalable and introduces variability between cell lines.,"(c) Manual creation would be too slow and inconsistent to produce reliable, comparable lines at scale.","(a) It provides a recording of the events leading up to the ""crash"" or disease state.",(b) Reveal the fundamental cellular interactions underlying a disease.,(a) To suggest that stem cell research will eventually become a routine and accepted medical tool.,(c) To advance critical research without political and financial interference.,(a) By allowing the drug to be tested on diverse cardiac cells before human trials.,(b) To re-screen the drug on diverse liver cell models for a potential new use.,2,82,,,,,,,,,,,,,,,,,,,,,,,,,,,20,66d608e93c32a8b90bb92ae4,20,20,"RetrievalPractice,StemCells",Instructions|Video|Instructions|Q17 |Q18 |Q19 |Q5 |Q14 |Q13 |Q11|Q2|Q6 |Q1 |Q10|Q16|Q20|Q15|Q3|Q12|Q8|Q9|Q4|Q7|Prior knowledge|JOL |Instructions ,,,
09/07/2025 03:14,09/07/2025 03:35,IP Address,100,1284,TRUE,09/07/2025 03:35,R_8SOWFMz3w2iPdrb,anonymous,EN,0.899999976,"I have read the information sheet and understand I can email the researchers with any questions.,I understand that my personal information (e.g., my age, gender, and information about my language background) will be used for the purposes of this study, which have been explained to me.,I consent to the processing of my personal information for the purposes of this study, and I understand that any such information will be treated as strictly confidential and handled in accordance with the provisions of the Data Protection Act 2018.,I understand that the information I provide may be published as a report and I will be sent a copy if I wish. Confidentiality and anonymity will be maintained, and it will not be possible to identify me in any publications.,I understand that my anonymised research data may be shared in accordance with open science guidelines (no one will be able to identify me if these data are shared).,I understand that I am free to withdraw from the study without penalty if I so wish.,I am over the age of 18.,I consent to take part in this study.",66c20b634a3b292d25596fbc,52,Male,Yes,,,,,,,,,,,,,,,,,,,,,,,4,40,,,,,,,,,,,,,,,,,,,,,,,,,0,66c20b634a3b292d25596fbc,0,0,"ElaboratedExplanation,StemCells",,Instructions|Video |Instructions|E7 |E8|E14|E11|E10 |E20 |E9|E2|E12 |E1|E5|E3|E4|E17|E16|E13 |E15|E6|E19|E18|Prior knowledge|JOL|Instructions,,
09/07/2025 03:08,09/07/2025 03:35,IP Address,100,1607,TRUE,09/07/2025 03:35,R_8MLHKbxuCeqijCp,anonymous,EN,0.800000012,"I have read the information sheet and understand I can email the researchers with any questions.,I understand that my personal information (e.g., my age, gender, and information about my language background) will be used for the purposes of this study, which have been explained to me.,I consent to the processing of my personal information for the purposes of this study, and I understand that any such information will be treated as strictly confidential and handled in accordance with the provisions of the Data Protection Act 2018.,I understand that the information I provide may be published as a report and I will be sent a copy if I wish. Confidentiality and anonymity will be maintained, and it will not be possible to identify me in any publications.,I understand that my anonymised research data may be shared in accordance with open science guidelines (no one will be able to identify me if these data are shared).,I understand that I am free to withdraw from the study without penalty if I so wish.,I am over the age of 18.,I consent to take part in this study.",5b07e80e9d397e0001919fba,47,Male,Yes,,,,,,,,,,,,,,,,,,,,,,,1,40,,,,,,,,,,,,,,,,,,,,,,,,,0,5b07e80e9d397e0001919fba,0,0,"ElaboratedExplanation,StemCells",,Instructions|Video |Instructions|E4|E17|E13 |E8|E12 |E1|E2|E3|E5|E10 |E20 |E19|E15|E7 |E16|E14|E11|E18|E9|E6|Prior knowledge|JOL|Instructions,,
09/07/2025 03:14,09/07/2025 03:35,IP Address,100,1278,TRUE,09/07/2025 03:35,R_22CfydB7PbRfaI9,anonymous,EN,0.899999976,"I have read the information sheet and understand I can email the researchers with any questions.,I understand that my personal information (e.g., my age, gender, and information about my language background) will be used for the purposes of this study, which have been explained to me.,I consent to the processing of my personal information for the purposes of this study, and I understand that any such information will be treated as strictly confidential and handled in accordance with the provisions of the Data Protection Act 2018.,I understand that the information I provide may be published as a report and I will be sent a copy if I wish. Confidentiality and anonymity will be maintained, and it will not be possible to identify me in any publications.,I understand that my anonymised research data may be shared in accordance with open science guidelines (no one will be able to identify me if these data are shared).,I understand that I am free to withdraw from the study without penalty if I so wish.,I am over the age of 18.,I consent to take part in this study.",667c308704a084c0aeafb8b4,22,Female,Yes,,,,,,,,,,,,,,,,,,,,,,,,,,,,,,,,,,,,,,,,,,,,,,,2,70,0,667c308704a084c0aeafb8b4,0,0,"ElaboratedExplanation,Psychedelics",,,,Instructions|Video|Instructions|E11|E4|E17|E8|E14|E16|E20|E9|E19|E15|E10|E1|E3|E5|E7|E6|E2|E12|E18|E13|Prior knowledge|JOL|Q140
09/07/2025 03:12,09/07/2025 03:35,IP Address,100,1415,TRUE,09/07/2025 03:35,R_2ARoW0oHNj9wfLS,anonymous,EN,0.899999976,"I have read the information sheet and understand I can email the researchers with any questions.,I understand that my personal information (e.g., my age, gender, and information about my language background) will be used for the purposes of this study, which have been explained to me.,I consent to the processing of my personal information for the purposes of this study, and I understand that any such information will be treated as strictly confidential and handled in accordance with the provisions of the Data Protection Act 2018.,I understand that the information I provide may be published as a report and I will be sent a copy if I wish. Confidentiality and anonymity will be maintained, and it will not be possible to identify me in any publications.,I understand that my anonymised research data may be shared in accordance with open science guidelines (no one will be able to identify me if these data are shared).,I understand that I am free to withdraw from the study without penalty if I so wish.,I am over the age of 18.,I consent to take part in this study.",5efe25a46e799912a9e250c3,36,Male,Yes,,,,,,,,,,,,,,,,,,,,,,,,,,,,,,,,,,,,,,,,,,,,,,,1,90,0,5efe25a46e799912a9e250c3,0,0,"ElaboratedExplanation,Psychedelics",,,,Instructions|Video|Instructions|E15|E14|E10|E7|E11|E6|E1|E4|E16|E8|E18|E12|E19|E2|E17|E13|E3|E20|E9|E5|Prior knowledge|JOL|Q140
09/07/2025 03:11,09/07/2025 03:35,IP Address,100,1457,TRUE,09/07/2025 03:35,R_22QFMWP18HYWCYN,anonymous,EN,0.699999988,"I have read the information sheet and understand I can email the researchers with any questions.,I understand that my personal information (e.g., my age, gender, and information about my language background) will be used for the purposes of this study, which have been explained to me.,I consent to the processing of my personal information for the purposes of this study, and I understand that any such information will be treated as strictly confidential and handled in accordance with the provisions of the Data Protection Act 2018.,I understand that the information I provide may be published as a report and I will be sent a copy if I wish. Confidentiality and anonymity will be maintained, and it will not be possible to identify me in any publications.,I understand that my anonymised research data may be shared in accordance with open science guidelines (no one will be able to identify me if these data are shared).,I understand that I am free to withdraw from the study without penalty if I so wish.,I am over the age of 18.,I consent to take part in this study.",67c60b46b619cad09b65ab51,51,Male,Yes,,,,,,,,,,,,,,,,,,,,,,,,,,,,,,,,,,,,,,,,,,,,,,,3,70,0,67c60b46b619cad09b65ab51,0,0,"ElaboratedExplanation,Psychedelics",,,,Instructions|Video|Instructions|E12|E16|E14|E11|E4|E6|E9|E7|E17|E5|E10|E15|E20|E1|E3|E19|E8|E2|E13|E18|Prior knowledge|JOL|Q140
09/07/2025 03:11,09/07/2025 03:36,IP Address,100,1447,TRUE,09/07/2025 03:36,R_8pQN75r0IJPuUCg,anonymous,EN,0.800000012,"I have read the information sheet and understand I can email the researchers with any questions.,I understand that my personal information (e.g., my age, gender, and information about my language background) will be used for the purposes of this study, which have been explained to me.,I consent to the processing of my personal information for the purposes of this study, and I understand that any such information will be treated as strictly confidential and handled in accordance with the provisions of the Data Protection Act 2018.,I understand that the information I provide may be published as a report and I will be sent a copy if I wish. Confidentiality and anonymity will be maintained, and it will not be possible to identify me in any publications.,I understand that my anonymised research data may be shared in accordance with open science guidelines (no one will be able to identify me if these data are shared).,I understand that I am free to withdraw from the study without penalty if I so wish.,I am over the age of 18.,I consent to take part in this study.",5c5cad3e4ee81200018eafe2,75,Female,Yes,,,,,,,,,,,,,,,,,,,,,,,,,,,,,,,,,,,,,,,,,,,,,,,2,64,0,5c5cad3e4ee81200018eafe2,0,0,"ElaboratedExplanation,Psychedelics",,,,Instructions|Video|Instructions|E5|E10|E7|E18|E16|E13|E4|E17|E20|E6|E14|E19|E1|E15|E3|E8|E12|E9|E11|E2|Prior knowledge|JOL|Q140
09/07/2025 03:08,09/07/2025 03:36,IP Address,100,1660,TRUE,09/07/2025 03:36,R_2DO7UCo9cd87Jog,anonymous,EN,1,"I have read the information sheet and understand I can email the researchers with any questions.,I understand that my personal information (e.g., my age, gender, and information about my language background) will be used for the purposes of this study, which have been explained to me.,I consent to the processing of my personal information for the purposes of this study, and I understand that any such information will be treated as strictly confidential and handled in accordance with the provisions of the Data Protection Act 2018.,I understand that the information I provide may be published as a report and I will be sent a copy if I wish. Confidentiality and anonymity will be maintained, and it will not be possible to identify me in any publications.,I understand that my anonymised research data may be shared in accordance with open science guidelines (no one will be able to identify me if these data are shared).,I understand that I am free to withdraw from the study without penalty if I so wish.,I am over the age of 18.,I consent to take part in this study.",679a0366c8793f4845badfd6,20,Male,Yes,(a) iPSCs can differentiate into a wider variety of cell types than embryonic stem cells.,(b) It confirms that viruses are the only way to induce pluripotency in adult cells.,(b) The interaction between motor neurons and other cell types contributing to the disease.,"(b) Statements 1, 2, and 3",(b) The over-reliance on animal models that do not accurately predict human responses.,"(b) It would identify failing drugs earlier, reducing the $4 billion sunk cost per success.",(b) The drug's efficacy and safety could vary due to the patient's different genetic makeup.,(a) A drug being effective for one person but causing harmful side effects in another.,(a) To ensure a representative model of the human population for drug testing.,(b) Does this drug cause liver damage in individuals with a specific genetic marker?,(b) They are less constrained by the profit motives and bureaucracy of large organizations.,(c) Their established structures may prevent them from adapting quickly or asking novel questions.,(a) The process is not scalable and introduces variability between cell lines.,"(c) Manual creation would be too slow and inconsistent to produce reliable, comparable lines at scale.","(a) It provides a recording of the events leading up to the ""crash"" or disease state.",(b) Reveal the fundamental cellular interactions underlying a disease.,(a) To suggest that stem cell research will eventually become a routine and accepted medical tool.,(c) To advance critical research without political and financial interference.,(a) By allowing the drug to be tested on diverse cardiac cells before human trials.,(b) To re-screen the drug on diverse liver cell models for a potential new use.,2,14,,,,,,,,,,,,,,,,,,,,,,,,,,,18,679a0366c8793f4845badfd6,18,20,"RetrievalPractice,StemCells",Instructions|Video|Instructions|Q6 |Q7|Q17 |Q10|Q3|Q18 |Q9|Q20|Q1 |Q16|Q13 |Q5 |Q11|Q19 |Q2|Q12|Q4|Q15|Q14 |Q8|Prior knowledge|JOL |Instructions ,,,
09/07/2025 03:10,09/07/2025 03:36,IP Address,100,1533,TRUE,09/07/2025 03:36,R_8fx07zePCi2zKmp,anonymous,EN,0.400000006,"I have read the information sheet and understand I can email the researchers with any questions.,I understand that my personal information (e.g., my age, gender, and information about my language background) will be used for the purposes of this study, which have been explained to me.,I consent to the processing of my personal information for the purposes of this study, and I understand that any such information will be treated as strictly confidential and handled in accordance with the provisions of the Data Protection Act 2018.,I understand that the information I provide may be published as a report and I will be sent a copy if I wish. Confidentiality and anonymity will be maintained, and it will not be possible to identify me in any publications.,I understand that my anonymised research data may be shared in accordance with open science guidelines (no one will be able to identify me if these data are shared).,I understand that I am free to withdraw from the study without penalty if I so wish.,I am over the age of 18.,I consent to take part in this study.",5987030cfd8cca00015cbc26,61,Female,Yes,,,,,,,,,,,,,,,,,,,,,,,,,(d) Their promotion by mainstream psychiatric organisations.,(a) prevented recreational users from accessing pure substances.,(c) Creating a supportive therapeutic context for administration.,(b) intention and context of their application.,(b) They were primarily focused on recreational enjoyment.,(c) psychedelics can facilitate experiences that traditional rituals may not.,"(a) rigorous, scientific validation of therapeutic potential.",(c) The failure of all existing psychiatric medications.,(d) It works by suppressing difficult emotions and symptoms.,(a) Statement 1 only,(a) a self-centered perspective to a broader awareness.,(c) increases the brain's filtering of incoming information.,(a) By increasing brain activity in all major regions.,"(d) Statements 1, 2, 3 and 4",(b) It ensures the therapist provides specific guidance and interpretation.,(c) Including non-drug psychotherapy sessions for integration.,(a) The therapeutic benefits appear to be durable and lasting.,(b) may offer a substantial improvement over existing therapies.,"(c) Medically supervised sessions for specific, approved conditions.",(a) re-establish psychedelics' legitimacy within the medical system.,1,40,,,11,5987030cfd8cca00015cbc26,11,20,"RetrievalPractice,Psychedelics",,,Instructions|Video|Instructions|Q13|Q2|Q20|Q18|Q8|Q11|Q5|Q7|Q15|Q1|Q16|Q12|Q6|Q14|Q17|Q19 |Q4|Q3|Q9|Q10|Prior knowledge|JOL|Instructions,
09/07/2025 03:12,09/07/2025 03:36,IP Address,100,1401,TRUE,09/07/2025 03:36,R_2YJvk7cMPgcMnbW,anonymous,EN,0.100000001,"I have read the information sheet and understand I can email the researchers with any questions.,I understand that my personal information (e.g., my age, gender, and information about my language background) will be used for the purposes of this study, which have been explained to me.,I consent to the processing of my personal information for the purposes of this study, and I understand that any such information will be treated as strictly confidential and handled in accordance with the provisions of the Data Protection Act 2018.,I understand that the information I provide may be published as a report and I will be sent a copy if I wish. Confidentiality and anonymity will be maintained, and it will not be possible to identify me in any publications.,I understand that my anonymised research data may be shared in accordance with open science guidelines (no one will be able to identify me if these data are shared).,I understand that I am free to withdraw from the study without penalty if I so wish.,I am over the age of 18.,I consent to take part in this study.",5b15a1369663ee000146421e,39,Female,Yes,,,,,,,,,,,,,,,,,,,,,,,,,,,,,,,,,,,,,,,,,,,,,,,2,38,0,5b15a1369663ee000146421e,0,0,"ElaboratedExplanation,Psychedelics",,,,Instructions|Video|Instructions|E13|E14|E15|E4|E18|E1|E12|E9|E5|E11|E3|E10|E16|E20|E2|E17|E8|E7|E6|E19|Prior knowledge|JOL|Q140
09/07/2025 03:10,09/07/2025 03:36,IP Address,100,1533,TRUE,09/07/2025 03:36,R_8V463vfh3rE3XmY,anonymous,EN,0.899999976,"I have read the information sheet and understand I can email the researchers with any questions.,I understand that my personal information (e.g., my age, gender, and information about my language background) will be used for the purposes of this study, which have been explained to me.,I consent to the processing of my personal information for the purposes of this study, and I understand that any such information will be treated as strictly confidential and handled in accordance with the provisions of the Data Protection Act 2018.,I understand that the information I provide may be published as a report and I will be sent a copy if I wish. Confidentiality and anonymity will be maintained, and it will not be possible to identify me in any publications.,I understand that my anonymised research data may be shared in accordance with open science guidelines (no one will be able to identify me if these data are shared).,I understand that I am free to withdraw from the study without penalty if I so wish.,I am over the age of 18.,I consent to take part in this study.",65787269e68b8f57359ac1ab,53,Male,Yes,,,,,,,,,,,,,,,,,,,,,,,,,(a) Their association with counterculture and anti-war movements.,(d) halted progress on a promising mental health treatment approach.,(c) Creating a supportive therapeutic context for administration.,(b) intention and context of their application.,(d) They provided a profound emotional and spiritual connection.,(c) psychedelics can facilitate experiences that traditional rituals may not.,"(a) rigorous, scientific validation of therapeutic potential.",(b) Compelling preliminary data on safety and efficacy for mental illness.,(b) It aims to address the root causes of disorders.,(c) Statements 1 and 2,(a) a self-centered perspective to a broader awareness.,(b) allows for a temporary dissolution of a rigid sense of self.,(d) By reducing fear while increasing cognitive function,"(d) Statements 1, 2, 3 and 4",(a) It empowers the patient to access their own healing intelligence.,(c) Including non-drug psychotherapy sessions for integration.,(a) The therapeutic benefits appear to be durable and lasting.,(b) may offer a substantial improvement over existing therapies.,"(c) Medically supervised sessions for specific, approved conditions.",(a) re-establish psychedelics' legitimacy within the medical system.,2,50,,,20,65787269e68b8f57359ac1ab,20,20,"RetrievalPractice,Psychedelics",,,Instructions|Video|Instructions|Q17|Q16|Q2|Q3|Q8|Q18|Q4|Q19 |Q20|Q12|Q15|Q7|Q5|Q14|Q10|Q13|Q11|Q9|Q6|Q1|Prior knowledge|JOL|Instructions,
09/07/2025 03:12,09/07/2025 03:36,IP Address,100,1455,TRUE,09/07/2025 03:36,R_8M5kYhmg7GOrW5o,anonymous,EN,0.400000006,"I have read the information sheet and understand I can email the researchers with any questions.,I understand that my personal information (e.g., my age, gender, and information about my language background) will be used for the purposes of this study, which have been explained to me.,I consent to the processing of my personal information for the purposes of this study, and I understand that any such information will be treated as strictly confidential and handled in accordance with the provisions of the Data Protection Act 2018.,I understand that the information I provide may be published as a report and I will be sent a copy if I wish. Confidentiality and anonymity will be maintained, and it will not be possible to identify me in any publications.,I understand that my anonymised research data may be shared in accordance with open science guidelines (no one will be able to identify me if these data are shared).,I understand that I am free to withdraw from the study without penalty if I so wish.,I am over the age of 18.,I consent to take part in this study.",67aca624ef17740af213bc30,20,Male,Yes,,,,,,,,,,,,,,,,,,,,,,,1,16,,,,,,,,,,,,,,,,,,,,,,,,,0,67aca624ef17740af213bc30,0,0,"ElaboratedExplanation,StemCells",,Instructions|Video |Instructions|E9|E3|E5|E8|E13 |E4|E10 |E6|E2|E7 |E20 |E17|E14|E11|E1|E18|E16|E15|E12 |E19|Prior knowledge|JOL|Instructions,,
09/07/2025 03:16,09/07/2025 03:36,IP Address,100,1211,TRUE,09/07/2025 03:36,R_2E78D2oDPWxY06V,anonymous,EN,0.100000001,"I have read the information sheet and understand I can email the researchers with any questions.,I understand that my personal information (e.g., my age, gender, and information about my language background) will be used for the purposes of this study, which have been explained to me.,I consent to the processing of my personal information for the purposes of this study, and I understand that any such information will be treated as strictly confidential and handled in accordance with the provisions of the Data Protection Act 2018.,I understand that the information I provide may be published as a report and I will be sent a copy if I wish. Confidentiality and anonymity will be maintained, and it will not be possible to identify me in any publications.,I understand that my anonymised research data may be shared in accordance with open science guidelines (no one will be able to identify me if these data are shared).,I understand that I am free to withdraw from the study without penalty if I so wish.,I am over the age of 18.,I consent to take part in this study.",6575c4ea606a4f38b29e4e5d,52,Female,Yes,,,,,,,,,,,,,,,,,,,,,,,,,,,,,,,,,,,,,,,,,,,,,,,1,50,0,6575c4ea606a4f38b29e4e5d,0,0,"ElaboratedExplanation,Psychedelics",,,,Instructions|Video|Instructions|E20|E13|E12|E9|E16|E3|E18|E1|E8|E17|E6|E15|E19|E10|E5|E7|E2|E4|E11|E14|Prior knowledge|JOL|Q140
09/07/2025 03:08,09/07/2025 03:36,IP Address,100,1658,TRUE,09/07/2025 03:36,R_8dxgxUfGb1RSq3L,anonymous,EN,1,"I have read the information sheet and understand I can email the researchers with any questions.,I understand that my personal information (e.g., my age, gender, and information about my language background) will be used for the purposes of this study, which have been explained to me.,I consent to the processing of my personal information for the purposes of this study, and I understand that any such information will be treated as strictly confidential and handled in accordance with the provisions of the Data Protection Act 2018.,I understand that the information I provide may be published as a report and I will be sent a copy if I wish. Confidentiality and anonymity will be maintained, and it will not be possible to identify me in any publications.,I understand that my anonymised research data may be shared in accordance with open science guidelines (no one will be able to identify me if these data are shared).,I understand that I am free to withdraw from the study without penalty if I so wish.,I am over the age of 18.,I consent to take part in this study.",5ec6d054e1f1a71078cfbcda,42,Male,Yes,(a) iPSCs can differentiate into a wider variety of cell types than embryonic stem cells.,(a) It allows for the creation of motor neurons that are genetically identical to the patient's.,(b) The interaction between motor neurons and other cell types contributing to the disease.,"(d) Statements 1, 2, 3, and 4",(b) The over-reliance on animal models that do not accurately predict human responses.,"(b) It would identify failing drugs earlier, reducing the $4 billion sunk cost per success.",(b) The drug's efficacy and safety could vary due to the patient's different genetic makeup.,(a) A drug being effective for one person but causing harmful side effects in another.,(a) To ensure a representative model of the human population for drug testing.,(b) Does this drug cause liver damage in individuals with a specific genetic marker?,(b) They are less constrained by the profit motives and bureaucracy of large organizations.,(a) They lack the laboratory space to conduct cutting-edge experiments.,(a) The process is not scalable and introduces variability between cell lines.,"(c) Manual creation would be too slow and inconsistent to produce reliable, comparable lines at scale.",(c) It proves that all diseases are as complex and catastrophic as a plane crash.,(c) Eliminate the need for animal testing in all medical research.,(d) To highlight that both fields rely on the same laboratory techniques and equipment.,(c) To advance critical research without political and financial interference.,(a) By allowing the drug to be tested on diverse cardiac cells before human trials.,(c) To create a new group of patients who would not experience arthritis.,1,5,,,,,,,,,,,,,,,,,,,,,,,,,,,13,5ec6d054e1f1a71078cfbcda,13,20,"RetrievalPractice,StemCells",Instructions|Video|Instructions|Q12|Q13 |Q18 |Q2|Q5 |Q7|Q1 |Q8|Q10|Q3|Q17 |Q4|Q15|Q11|Q6 |Q19 |Q16|Q14 |Q9|Q20|Prior knowledge|JOL |Instructions ,,,
09/07/2025 03:08,09/07/2025 03:36,IP Address,100,1680,TRUE,09/07/2025 03:36,R_2xypPwxgXei6iZN,anonymous,EN,0.899999976,"I have read the information sheet and understand I can email the researchers with any questions.,I understand that my personal information (e.g., my age, gender, and information about my language background) will be used for the purposes of this study, which have been explained to me.,I consent to the processing of my personal information for the purposes of this study, and I understand that any such information will be treated as strictly confidential and handled in accordance with the provisions of the Data Protection Act 2018.,I understand that the information I provide may be published as a report and I will be sent a copy if I wish. Confidentiality and anonymity will be maintained, and it will not be possible to identify me in any publications.,I understand that my anonymised research data may be shared in accordance with open science guidelines (no one will be able to identify me if these data are shared).,I understand that I am free to withdraw from the study without penalty if I so wish.,I am over the age of 18.,I consent to take part in this study.",672380a64e984ba03695602f,42,Female,Yes,(b) iPSCs contain the specific genetic makeup of the patient with the heart condition.,(a) It allows for the creation of motor neurons that are genetically identical to the patient's.,(d) The most effective surgical interventions for treating advanced MND symptoms.,(a) Statements 1 and 2,(b) The over-reliance on animal models that do not accurately predict human responses.,"(b) It would identify failing drugs earlier, reducing the $4 billion sunk cost per success.",(b) The drug's efficacy and safety could vary due to the patient's different genetic makeup.,(a) A drug being effective for one person but causing harmful side effects in another.,(a) To ensure a representative model of the human population for drug testing.,(b) Does this drug cause liver damage in individuals with a specific genetic marker?,(b) They are less constrained by the profit motives and bureaucracy of large organizations.,(a) They lack the laboratory space to conduct cutting-edge experiments.,(a) The process is not scalable and introduces variability between cell lines.,"(a) Automated systems can reprogram cells without using viruses, making them safer.",(d) It can perfectly reconstruct the damaged tissue after the disease has progressed.,(a) Directly cure complex neurodegenerative diseases.,(a) To suggest that stem cell research will eventually become a routine and accepted medical tool.,(c) To advance critical research without political and financial interference.,"(c) By creating a new, safer version of Vioxx using genetic engineering.",(b) To re-screen the drug on diverse liver cell models for a potential new use.,1,82,,,,,,,,,,,,,,,,,,,,,,,,,,,13,672380a64e984ba03695602f,13,20,"RetrievalPractice,StemCells",Instructions|Video|Instructions|Q14 |Q6 |Q11|Q3|Q19 |Q17 |Q13 |Q10|Q9|Q2|Q15|Q20|Q8|Q4|Q5 |Q12|Q18 |Q1 |Q7|Q16|Prior knowledge|JOL |Instructions ,,,
09/07/2025 03:10,09/07/2025 03:36,IP Address,100,1582,TRUE,09/07/2025 03:36,R_21tvVj2Hebw7HOV,anonymous,EN,0.800000012,"I have read the information sheet and understand I can email the researchers with any questions.,I understand that my personal information (e.g., my age, gender, and information about my language background) will be used for the purposes of this study, which have been explained to me.,I consent to the processing of my personal information for the purposes of this study, and I understand that any such information will be treated as strictly confidential and handled in accordance with the provisions of the Data Protection Act 2018.,I understand that the information I provide may be published as a report and I will be sent a copy if I wish. Confidentiality and anonymity will be maintained, and it will not be possible to identify me in any publications.,I understand that my anonymised research data may be shared in accordance with open science guidelines (no one will be able to identify me if these data are shared).,I understand that I am free to withdraw from the study without penalty if I so wish.,I am over the age of 18.,I consent to take part in this study.",62029bb4ef1cb18a1337c8a8,60,Female,Yes,,,,,,,,,,,,,,,,,,,,,,,2,45,,,,,,,,,,,,,,,,,,,,,,,,,0,62029bb4ef1cb18a1337c8a8,0,0,"ElaboratedExplanation,StemCells",,Instructions|Video |Instructions|E11|E6|E18|E14|E10 |E2|E9|E4|E15|E7 |E17|E5|E16|E3|E19|E13 |E1|E20 |E12 |E8|Prior knowledge|JOL|Instructions,,
09/07/2025 03:13,09/07/2025 03:36,IP Address,100,1378,TRUE,09/07/2025 03:36,R_8XTTJr5Uu9iPwlj,anonymous,EN,0.800000012,"I have read the information sheet and understand I can email the researchers with any questions.,I understand that my personal information (e.g., my age, gender, and information about my language background) will be used for the purposes of this study, which have been explained to me.,I consent to the processing of my personal information for the purposes of this study, and I understand that any such information will be treated as strictly confidential and handled in accordance with the provisions of the Data Protection Act 2018.,I understand that the information I provide may be published as a report and I will be sent a copy if I wish. Confidentiality and anonymity will be maintained, and it will not be possible to identify me in any publications.,I understand that my anonymised research data may be shared in accordance with open science guidelines (no one will be able to identify me if these data are shared).,I understand that I am free to withdraw from the study without penalty if I so wish.,I am over the age of 18.,I consent to take part in this study.",60154af277ec314fd8fe1449,28,Female,Yes,,,,,,,,,,,,,,,,,,,,,,,,,(a) Their association with counterculture and anti-war movements.,(b) led to the decline of the 1960s counterculture movement.,(c) Creating a supportive therapeutic context for administration.,(b) intention and context of their application.,(d) They provided a profound emotional and spiritual connection.,(c) psychedelics can facilitate experiences that traditional rituals may not.,(b) exploring the recreational and creative uses of the drugs.,(b) Compelling preliminary data on safety and efficacy for mental illness.,(a) It requires less time commitment from the patient.,(c) Statements 1 and 2,(a) a self-centered perspective to a broader awareness.,(b) allows for a temporary dissolution of a rigid sense of self.,(d) By reducing fear while increasing cognitive function,"(d) Statements 1, 2, 3 and 4",(a) It empowers the patient to access their own healing intelligence.,(c) Including non-drug psychotherapy sessions for integration.,(a) The therapeutic benefits appear to be durable and lasting.,(b) may offer a substantial improvement over existing therapies.,"(c) Medically supervised sessions for specific, approved conditions.",(a) re-establish psychedelics' legitimacy within the medical system.,2,51,,,17,60154af277ec314fd8fe1449,17,20,"RetrievalPractice,Psychedelics",,,Instructions|Video|Instructions|Q17|Q3|Q8|Q10|Q9|Q18|Q14|Q13|Q12|Q15|Q4|Q7|Q16|Q11|Q5|Q1|Q20|Q2|Q6|Q19 |Prior knowledge|JOL|Instructions,
09/07/2025 03:11,09/07/2025 03:36,IP Address,100,1493,TRUE,09/07/2025 03:36,R_237WUtEnYhCkXii,anonymous,EN,0.699999988,"I have read the information sheet and understand I can email the researchers with any questions.,I understand that my personal information (e.g., my age, gender, and information about my language background) will be used for the purposes of this study, which have been explained to me.,I consent to the processing of my personal information for the purposes of this study, and I understand that any such information will be treated as strictly confidential and handled in accordance with the provisions of the Data Protection Act 2018.,I understand that the information I provide may be published as a report and I will be sent a copy if I wish. Confidentiality and anonymity will be maintained, and it will not be possible to identify me in any publications.,I understand that my anonymised research data may be shared in accordance with open science guidelines (no one will be able to identify me if these data are shared).,I understand that I am free to withdraw from the study without penalty if I so wish.,I am over the age of 18.,I consent to take part in this study.",5d85f3490a530a001a4e55aa,46,Male,Yes,(b) iPSCs contain the specific genetic makeup of the patient with the heart condition.,(c) It provides a source of healthy motor neurons for transplantation into the patient.,(b) The interaction between motor neurons and other cell types contributing to the disease.,"(b) Statements 1, 2, and 3",(b) The over-reliance on animal models that do not accurately predict human responses.,"(b) It would identify failing drugs earlier, reducing the $4 billion sunk cost per success.",(b) The drug's efficacy and safety could vary due to the patient's different genetic makeup.,(a) A drug being effective for one person but causing harmful side effects in another.,(d) To allow any person to have their own personal stem cell line for therapy.,(b) Does this drug cause liver damage in individuals with a specific genetic marker?,(b) They are less constrained by the profit motives and bureaucracy of large organizations.,(c) Their established structures may prevent them from adapting quickly or asking novel questions.,"(b) The process requires embryonic stem cells, which are ethically controversial.","(c) Manual creation would be too slow and inconsistent to produce reliable, comparable lines at scale.","(a) It provides a recording of the events leading up to the ""crash"" or disease state.",(b) Reveal the fundamental cellular interactions underlying a disease.,(d) To highlight that both fields rely on the same laboratory techniques and equipment.,(c) To advance critical research without political and financial interference.,(a) By allowing the drug to be tested on diverse cardiac cells before human trials.,(c) To create a new group of patients who would not experience arthritis.,1,20,,,,,,,,,,,,,,,,,,,,,,,,,,,15,5d85f3490a530a001a4e55aa,15,20,"RetrievalPractice,StemCells",Instructions|Video|Instructions|Q13 |Q8|Q2|Q10|Q11|Q4|Q3|Q18 |Q17 |Q1 |Q12|Q16|Q19 |Q6 |Q14 |Q5 |Q20|Q7|Q9|Q15|Prior knowledge|JOL |Instructions ,,,
09/07/2025 03:14,09/07/2025 03:36,IP Address,100,1309,TRUE,09/07/2025 03:36,R_8CqCB7jyi1lCZJf,anonymous,EN,0,"I have read the information sheet and understand I can email the researchers with any questions.,I understand that my personal information (e.g., my age, gender, and information about my language background) will be used for the purposes of this study, which have been explained to me.,I consent to the processing of my personal information for the purposes of this study, and I understand that any such information will be treated as strictly confidential and handled in accordance with the provisions of the Data Protection Act 2018.,I understand that the information I provide may be published as a report and I will be sent a copy if I wish. Confidentiality and anonymity will be maintained, and it will not be possible to identify me in any publications.,I understand that my anonymised research data may be shared in accordance with open science guidelines (no one will be able to identify me if these data are shared).,I understand that I am free to withdraw from the study without penalty if I so wish.,I am over the age of 18.,I consent to take part in this study.",678f621c69647fceb87676a1,47,Male,Yes,(b) iPSCs contain the specific genetic makeup of the patient with the heart condition.,(a) It allows for the creation of motor neurons that are genetically identical to the patient's.,(b) The interaction between motor neurons and other cell types contributing to the disease.,"(b) Statements 1, 2, and 3",(b) The over-reliance on animal models that do not accurately predict human responses.,"(b) It would identify failing drugs earlier, reducing the $4 billion sunk cost per success.",(b) The drug's efficacy and safety could vary due to the patient's different genetic makeup.,(a) A drug being effective for one person but causing harmful side effects in another.,(a) To ensure a representative model of the human population for drug testing.,(b) Does this drug cause liver damage in individuals with a specific genetic marker?,(b) They are less constrained by the profit motives and bureaucracy of large organizations.,(c) Their established structures may prevent them from adapting quickly or asking novel questions.,(a) The process is not scalable and introduces variability between cell lines.,"(c) Manual creation would be too slow and inconsistent to produce reliable, comparable lines at scale.","(a) It provides a recording of the events leading up to the ""crash"" or disease state.",(b) Reveal the fundamental cellular interactions underlying a disease.,(a) To suggest that stem cell research will eventually become a routine and accepted medical tool.,(c) To advance critical research without political and financial interference.,(a) By allowing the drug to be tested on diverse cardiac cells before human trials.,(b) To re-screen the drug on diverse liver cell models for a potential new use.,1,70,,,,,,,,,,,,,,,,,,,,,,,,,,,20,678f621c69647fceb87676a1,20,20,"RetrievalPractice,StemCells",Instructions|Video|Instructions|Q14 |Q13 |Q12|Q10|Q17 |Q19 |Q9|Q15|Q8|Q6 |Q16|Q3|Q2|Q1 |Q5 |Q18 |Q11|Q7|Q20|Q4|Prior knowledge|JOL |Instructions ,,,
09/07/2025 03:06,09/07/2025 03:36,IP Address,100,1829,TRUE,09/07/2025 03:36,R_232FtQZf06AZsgX,anonymous,EN,0,"I have read the information sheet and understand I can email the researchers with any questions.,I understand that my personal information (e.g., my age, gender, and information about my language background) will be used for the purposes of this study, which have been explained to me.,I consent to the processing of my personal information for the purposes of this study, and I understand that any such information will be treated as strictly confidential and handled in accordance with the provisions of the Data Protection Act 2018.,I understand that the information I provide may be published as a report and I will be sent a copy if I wish. Confidentiality and anonymity will be maintained, and it will not be possible to identify me in any publications.,I understand that my anonymised research data may be shared in accordance with open science guidelines (no one will be able to identify me if these data are shared).,I understand that I am free to withdraw from the study without penalty if I so wish.,I am over the age of 18.,I consent to take part in this study.",67c8c28fccf665e3c35c44ce,59,Male,Yes,,,,,,,,,,,,,,,,,,,,,,,,,,,,,,,,,,,,,,,,,,,,,,,1,20,0,67c8c28fccf665e3c35c44ce,0,0,"ElaboratedExplanation,Psychedelics",,,,Instructions|Video|Instructions|E18|E4|E17|E3|E19|E8|E1|E10|E2|E12|E15|E6|E7|E9|E5|E11|E14|E20|E16|E13|Prior knowledge|JOL|Q140
09/07/2025 03:10,09/07/2025 03:36,IP Address,100,1614,TRUE,09/07/2025 03:36,R_8aCXCYzIyopmvtI,anonymous,EN,0.899999976,"I have read the information sheet and understand I can email the researchers with any questions.,I understand that my personal information (e.g., my age, gender, and information about my language background) will be used for the purposes of this study, which have been explained to me.,I consent to the processing of my personal information for the purposes of this study, and I understand that any such information will be treated as strictly confidential and handled in accordance with the provisions of the Data Protection Act 2018.,I understand that the information I provide may be published as a report and I will be sent a copy if I wish. Confidentiality and anonymity will be maintained, and it will not be possible to identify me in any publications.,I understand that my anonymised research data may be shared in accordance with open science guidelines (no one will be able to identify me if these data are shared).,I understand that I am free to withdraw from the study without penalty if I so wish.,I am over the age of 18.,I consent to take part in this study.",610a879e6500d1d653b3da54,57,Male,Yes,,,,,,,,,,,,,,,,,,,,,,,,,(a) Their association with counterculture and anti-war movements.,(d) halted progress on a promising mental health treatment approach.,(c) Creating a supportive therapeutic context for administration.,(b) intention and context of their application.,(b) They were primarily focused on recreational enjoyment.,(c) psychedelics can facilitate experiences that traditional rituals may not.,"(a) rigorous, scientific validation of therapeutic potential.",(b) Compelling preliminary data on safety and efficacy for mental illness.,(b) It aims to address the root causes of disorders.,(c) Statements 1 and 2,(a) a self-centered perspective to a broader awareness.,(b) allows for a temporary dissolution of a rigid sense of self.,(d) By reducing fear while increasing cognitive function,"(d) Statements 1, 2, 3 and 4",(a) It empowers the patient to access their own healing intelligence.,(c) Including non-drug psychotherapy sessions for integration.,(a) The therapeutic benefits appear to be durable and lasting.,(b) may offer a substantial improvement over existing therapies.,"(c) Medically supervised sessions for specific, approved conditions.",(a) re-establish psychedelics' legitimacy within the medical system.,2,60,,,19,610a879e6500d1d653b3da54,19,20,"RetrievalPractice,Psychedelics",,,Instructions|Video|Instructions|Q9|Q1|Q6|Q12|Q11|Q8|Q5|Q13|Q15|Q17|Q7|Q3|Q10|Q2|Q20|Q16|Q14|Q19 |Q4|Q18|Prior knowledge|JOL|Instructions,
09/07/2025 03:07,09/07/2025 03:37,IP Address,100,1806,TRUE,09/07/2025 03:37,R_8jP5lCTQPPBmwy0,anonymous,EN,0.899999976,"I have read the information sheet and understand I can email the researchers with any questions.,I understand that my personal information (e.g., my age, gender, and information about my language background) will be used for the purposes of this study, which have been explained to me.,I consent to the processing of my personal information for the purposes of this study, and I understand that any such information will be treated as strictly confidential and handled in accordance with the provisions of the Data Protection Act 2018.,I understand that the information I provide may be published as a report and I will be sent a copy if I wish. Confidentiality and anonymity will be maintained, and it will not be possible to identify me in any publications.,I understand that my anonymised research data may be shared in accordance with open science guidelines (no one will be able to identify me if these data are shared).,I understand that I am free to withdraw from the study without penalty if I so wish.,I am over the age of 18.,I consent to take part in this study.",66420f13760bbfe0ee3af466,58,Male,Yes,,,,,,,,,,,,,,,,,,,,,,,2,71,,,,,,,,,,,,,,,,,,,,,,,,,0,66420f13760bbfe0ee3af466,0,0,"ElaboratedExplanation,StemCells",,Instructions|Video |Instructions|E15|E3|E17|E1|E4|E9|E11|E19|E14|E12 |E18|E6|E8|E5|E10 |E20 |E16|E13 |E2|E7 |Prior knowledge|JOL|Instructions,,
09/07/2025 03:10,09/07/2025 03:37,IP Address,100,1599,TRUE,09/07/2025 03:37,R_85XhJHF6aJprCxX,anonymous,EN,0.899999976,"I have read the information sheet and understand I can email the researchers with any questions.,I understand that my personal information (e.g., my age, gender, and information about my language background) will be used for the purposes of this study, which have been explained to me.,I consent to the processing of my personal information for the purposes of this study, and I understand that any such information will be treated as strictly confidential and handled in accordance with the provisions of the Data Protection Act 2018.,I understand that the information I provide may be published as a report and I will be sent a copy if I wish. Confidentiality and anonymity will be maintained, and it will not be possible to identify me in any publications.,I understand that my anonymised research data may be shared in accordance with open science guidelines (no one will be able to identify me if these data are shared).,I understand that I am free to withdraw from the study without penalty if I so wish.,I am over the age of 18.,I consent to take part in this study.",6760acee7b448e51215b1910,37,Female,Yes,,,,,,,,,,,,,,,,,,,,,,,1,20,,,,,,,,,,,,,,,,,,,,,,,,,0,6760acee7b448e51215b1910,0,0,"ElaboratedExplanation,StemCells",,Instructions|Video |Instructions|E12 |E3|E9|E5|E13 |E2|E20 |E1|E8|E15|E10 |E16|E14|E6|E11|E17|E4|E18|E19|E7 |Prior knowledge|JOL|Instructions,,
09/07/2025 03:12,09/07/2025 03:37,IP Address,100,1540,TRUE,09/07/2025 03:37,R_2qeE7qI6YNVD2OR,anonymous,EN,0.200000003,"I have read the information sheet and understand I can email the researchers with any questions.,I understand that my personal information (e.g., my age, gender, and information about my language background) will be used for the purposes of this study, which have been explained to me.,I consent to the processing of my personal information for the purposes of this study, and I understand that any such information will be treated as strictly confidential and handled in accordance with the provisions of the Data Protection Act 2018.,I understand that the information I provide may be published as a report and I will be sent a copy if I wish. Confidentiality and anonymity will be maintained, and it will not be possible to identify me in any publications.,I understand that my anonymised research data may be shared in accordance with open science guidelines (no one will be able to identify me if these data are shared).,I understand that I am free to withdraw from the study without penalty if I so wish.,I am over the age of 18.,I consent to take part in this study.",5e9ffa9ee172201b04f1a4c6,43,Female,Yes,,,,,,,,,,,,,,,,,,,,,,,,,(a) Their association with counterculture and anti-war movements.,(d) halted progress on a promising mental health treatment approach.,(c) Creating a supportive therapeutic context for administration.,(b) intention and context of their application.,(d) They provided a profound emotional and spiritual connection.,(c) psychedelics can facilitate experiences that traditional rituals may not.,"(a) rigorous, scientific validation of therapeutic potential.",(b) Compelling preliminary data on safety and efficacy for mental illness.,(b) It aims to address the root causes of disorders.,(a) Statement 1 only,(a) a self-centered perspective to a broader awareness.,(b) allows for a temporary dissolution of a rigid sense of self.,(b) By sedating the patient to prevent emotional recall.,(a) Statements 1 and 2,(a) It empowers the patient to access their own healing intelligence.,(c) Including non-drug psychotherapy sessions for integration.,(a) The therapeutic benefits appear to be durable and lasting.,(b) may offer a substantial improvement over existing therapies.,"(c) Medically supervised sessions for specific, approved conditions.",(a) re-establish psychedelics' legitimacy within the medical system.,1,50,,,17,5e9ffa9ee172201b04f1a4c6,17,20,"RetrievalPractice,Psychedelics",,,Instructions|Video|Instructions|Q2|Q14|Q15|Q3|Q12|Q8|Q10|Q4|Q9|Q16|Q7|Q6|Q1|Q20|Q5|Q19 |Q18|Q13|Q17|Q11|Prior knowledge|JOL|Instructions,
09/07/2025 03:13,09/07/2025 03:37,IP Address,100,1481,TRUE,09/07/2025 03:37,R_8NC8hQJEhkzJTtD,anonymous,EN,0.899999976,"I have read the information sheet and understand I can email the researchers with any questions.,I understand that my personal information (e.g., my age, gender, and information about my language background) will be used for the purposes of this study, which have been explained to me.,I consent to the processing of my personal information for the purposes of this study, and I understand that any such information will be treated as strictly confidential and handled in accordance with the provisions of the Data Protection Act 2018.,I understand that the information I provide may be published as a report and I will be sent a copy if I wish. Confidentiality and anonymity will be maintained, and it will not be possible to identify me in any publications.,I understand that my anonymised research data may be shared in accordance with open science guidelines (no one will be able to identify me if these data are shared).,I understand that I am free to withdraw from the study without penalty if I so wish.,I am over the age of 18.,I consent to take part in this study.",6234a3d5cd2f63c705e5842d,52,Male,Yes,(b) iPSCs contain the specific genetic makeup of the patient with the heart condition.,(a) It allows for the creation of motor neurons that are genetically identical to the patient's.,(b) The interaction between motor neurons and other cell types contributing to the disease.,"(b) Statements 1, 2, and 3",(b) The over-reliance on animal models that do not accurately predict human responses.,"(b) It would identify failing drugs earlier, reducing the $4 billion sunk cost per success.",(b) The drug's efficacy and safety could vary due to the patient's different genetic makeup.,(a) A drug being effective for one person but causing harmful side effects in another.,(a) To ensure a representative model of the human population for drug testing.,(b) Does this drug cause liver damage in individuals with a specific genetic marker?,(b) They are less constrained by the profit motives and bureaucracy of large organizations.,(c) Their established structures may prevent them from adapting quickly or asking novel questions.,(a) The process is not scalable and introduces variability between cell lines.,"(c) Manual creation would be too slow and inconsistent to produce reliable, comparable lines at scale.","(a) It provides a recording of the events leading up to the ""crash"" or disease state.",(b) Reveal the fundamental cellular interactions underlying a disease.,(a) To suggest that stem cell research will eventually become a routine and accepted medical tool.,(c) To advance critical research without political and financial interference.,(a) By allowing the drug to be tested on diverse cardiac cells before human trials.,(b) To re-screen the drug on diverse liver cell models for a potential new use.,2,40,,,,,,,,,,,,,,,,,,,,,,,,,,,20,6234a3d5cd2f63c705e5842d,20,20,"RetrievalPractice,StemCells",Instructions|Video|Instructions|Q13 |Q14 |Q9|Q18 |Q1 |Q6 |Q2|Q8|Q19 |Q3|Q10|Q5 |Q12|Q15|Q17 |Q11|Q4|Q7|Q20|Q16|Prior knowledge|JOL |Instructions ,,,
09/07/2025 03:09,09/07/2025 03:37,IP Address,100,1712,TRUE,09/07/2025 03:37,R_2b0LNZj92qHayG0,anonymous,EN,0.600000024,"I have read the information sheet and understand I can email the researchers with any questions.,I understand that my personal information (e.g., my age, gender, and information about my language background) will be used for the purposes of this study, which have been explained to me.,I consent to the processing of my personal information for the purposes of this study, and I understand that any such information will be treated as strictly confidential and handled in accordance with the provisions of the Data Protection Act 2018.,I understand that the information I provide may be published as a report and I will be sent a copy if I wish. Confidentiality and anonymity will be maintained, and it will not be possible to identify me in any publications.,I understand that my anonymised research data may be shared in accordance with open science guidelines (no one will be able to identify me if these data are shared).,I understand that I am free to withdraw from the study without penalty if I so wish.,I am over the age of 18.,I consent to take part in this study.",6671e1ad81d3578f72ab17ad,57,Female,Yes,(b) iPSCs contain the specific genetic makeup of the patient with the heart condition.,(a) It allows for the creation of motor neurons that are genetically identical to the patient's.,(b) The interaction between motor neurons and other cell types contributing to the disease.,(a) Statements 1 and 2,(c) The inability to manufacture promising drug compounds on a large scale.,"(b) It would identify failing drugs earlier, reducing the $4 billion sunk cost per success.",(b) The drug's efficacy and safety could vary due to the patient's different genetic makeup.,(a) A drug being effective for one person but causing harmful side effects in another.,(a) To ensure a representative model of the human population for drug testing.,(b) Does this drug cause liver damage in individuals with a specific genetic marker?,(b) They are less constrained by the profit motives and bureaucracy of large organizations.,(a) They lack the laboratory space to conduct cutting-edge experiments.,(a) The process is not scalable and introduces variability between cell lines.,"(c) Manual creation would be too slow and inconsistent to produce reliable, comparable lines at scale.","(a) It provides a recording of the events leading up to the ""crash"" or disease state.",(b) Reveal the fundamental cellular interactions underlying a disease.,(a) To suggest that stem cell research will eventually become a routine and accepted medical tool.,(c) To advance critical research without political and financial interference.,(a) By allowing the drug to be tested on diverse cardiac cells before human trials.,(b) To re-screen the drug on diverse liver cell models for a potential new use.,1,50,,,,,,,,,,,,,,,,,,,,,,,,,,,17,6671e1ad81d3578f72ab17ad,17,20,"RetrievalPractice,StemCells",Instructions|Video|Instructions|Q9|Q17 |Q16|Q15|Q1 |Q7|Q11|Q10|Q14 |Q2|Q18 |Q5 |Q12|Q3|Q20|Q8|Q19 |Q6 |Q4|Q13 |Prior knowledge|JOL |Instructions ,,,
09/07/2025 03:15,09/07/2025 03:38,IP Address,100,1381,TRUE,09/07/2025 03:38,R_8Wu4V23j4c0ao6v,anonymous,EN,0.100000001,"I have read the information sheet and understand I can email the researchers with any questions.,I understand that my personal information (e.g., my age, gender, and information about my language background) will be used for the purposes of this study, which have been explained to me.,I consent to the processing of my personal information for the purposes of this study, and I understand that any such information will be treated as strictly confidential and handled in accordance with the provisions of the Data Protection Act 2018.,I understand that the information I provide may be published as a report and I will be sent a copy if I wish. Confidentiality and anonymity will be maintained, and it will not be possible to identify me in any publications.,I understand that my anonymised research data may be shared in accordance with open science guidelines (no one will be able to identify me if these data are shared).,I understand that I am free to withdraw from the study without penalty if I so wish.,I am over the age of 18.,I consent to take part in this study.",6093e78e30fb90f291b261f9,55,Female,Yes,,,,,,,,,,,,,,,,,,,,,,,1,4,,,,,,,,,,,,,,,,,,,,,,,,,0,6093e78e30fb90f291b261f9,0,0,"ElaboratedExplanation,StemCells",,Instructions|Video |Instructions|E10 |E4|E8|E7 |E16|E2|E19|E12 |E13 |E15|E5|E14|E9|E17|E11|E1|E3|E18|E20 |E6|Prior knowledge|JOL|Instructions,,
09/07/2025 03:15,09/07/2025 03:38,IP Address,100,1359,TRUE,09/07/2025 03:38,R_8B4g5GPN5PsoHv3,anonymous,EN,0.699999988,"I have read the information sheet and understand I can email the researchers with any questions.,I understand that my personal information (e.g., my age, gender, and information about my language background) will be used for the purposes of this study, which have been explained to me.,I consent to the processing of my personal information for the purposes of this study, and I understand that any such information will be treated as strictly confidential and handled in accordance with the provisions of the Data Protection Act 2018.,I understand that the information I provide may be published as a report and I will be sent a copy if I wish. Confidentiality and anonymity will be maintained, and it will not be possible to identify me in any publications.,I understand that my anonymised research data may be shared in accordance with open science guidelines (no one will be able to identify me if these data are shared).,I understand that I am free to withdraw from the study without penalty if I so wish.,I am over the age of 18.,I consent to take part in this study.",67e282f63445e665072a9861,53,Male,Yes,,,,,,,,,,,,,,,,,,,,,,,,,,,,,,,,,,,,,,,,,,,,,,,2,50,0,67e282f63445e665072a9861,0,0,"ElaboratedExplanation,Psychedelics",,,,Instructions|Video|Instructions|E16|E7|E5|E4|E1|E8|E15|E19|E3|E6|E9|E2|E14|E12|E11|E13|E17|E10|E18|E20|Prior knowledge|JOL|Q140
09/07/2025 03:16,09/07/2025 03:38,IP Address,100,1328,TRUE,09/07/2025 03:38,R_223ZhyL2Jnu4X02,anonymous,EN,0.5,"I have read the information sheet and understand I can email the researchers with any questions.,I understand that my personal information (e.g., my age, gender, and information about my language background) will be used for the purposes of this study, which have been explained to me.,I consent to the processing of my personal information for the purposes of this study, and I understand that any such information will be treated as strictly confidential and handled in accordance with the provisions of the Data Protection Act 2018.,I understand that the information I provide may be published as a report and I will be sent a copy if I wish. Confidentiality and anonymity will be maintained, and it will not be possible to identify me in any publications.,I understand that my anonymised research data may be shared in accordance with open science guidelines (no one will be able to identify me if these data are shared).,I understand that I am free to withdraw from the study without penalty if I so wish.,I am over the age of 18.,I consent to take part in this study.",676055469b245b53e81358d0,21,Male,Yes,(a) iPSCs can differentiate into a wider variety of cell types than embryonic stem cells.,(a) It allows for the creation of motor neurons that are genetically identical to the patient's.,(b) The interaction between motor neurons and other cell types contributing to the disease.,"(b) Statements 1, 2, and 3",(c) The inability to manufacture promising drug compounds on a large scale.,"(b) It would identify failing drugs earlier, reducing the $4 billion sunk cost per success.",(d) The drug was likely not tested on embryonic stem cells from that population.,(a) A drug being effective for one person but causing harmful side effects in another.,(a) To ensure a representative model of the human population for drug testing.,(b) Does this drug cause liver damage in individuals with a specific genetic marker?,(b) They are less constrained by the profit motives and bureaucracy of large organizations.,(c) Their established structures may prevent them from adapting quickly or asking novel questions.,(a) The process is not scalable and introduces variability between cell lines.,"(c) Manual creation would be too slow and inconsistent to produce reliable, comparable lines at scale.","(a) It provides a recording of the events leading up to the ""crash"" or disease state.",(b) Reveal the fundamental cellular interactions underlying a disease.,(a) To suggest that stem cell research will eventually become a routine and accepted medical tool.,(b) To protect valuable intellectual property from competing pharmaceutical companies.,(a) By allowing the drug to be tested on diverse cardiac cells before human trials.,(b) To re-screen the drug on diverse liver cell models for a potential new use.,4,65,,,,,,,,,,,,,,,,,,,,,,,,,,,16,676055469b245b53e81358d0,16,20,"RetrievalPractice,StemCells",Instructions|Video|Instructions|Q20|Q15|Q9|Q10|Q14 |Q16|Q18 |Q3|Q7|Q8|Q11|Q5 |Q12|Q13 |Q4|Q17 |Q6 |Q2|Q19 |Q1 |Prior knowledge|JOL |Instructions ,,,
09/07/2025 03:16,09/07/2025 03:38,IP Address,100,1332,TRUE,09/07/2025 03:38,R_29aGl7bXHAvVQbw,anonymous,EN,1,"I have read the information sheet and understand I can email the researchers with any questions.,I understand that my personal information (e.g., my age, gender, and information about my language background) will be used for the purposes of this study, which have been explained to me.,I consent to the processing of my personal information for the purposes of this study, and I understand that any such information will be treated as strictly confidential and handled in accordance with the provisions of the Data Protection Act 2018.,I understand that the information I provide may be published as a report and I will be sent a copy if I wish. Confidentiality and anonymity will be maintained, and it will not be possible to identify me in any publications.,I understand that my anonymised research data may be shared in accordance with open science guidelines (no one will be able to identify me if these data are shared).,I understand that I am free to withdraw from the study without penalty if I so wish.,I am over the age of 18.,I consent to take part in this study.",5657688f995911000a482d40,46,Male,Yes,,,,,,,,,,,,,,,,,,,,,,,1,60,,,,,,,,,,,,,,,,,,,,,,,,,0,5657688f995911000a482d40,0,0,"ElaboratedExplanation,StemCells",,Instructions|Video |Instructions|E2|E7 |E6|E10 |E15|E8|E3|E17|E19|E1|E13 |E20 |E16|E11|E5|E14|E9|E12 |E18|E4|Prior knowledge|JOL|Instructions,,
09/07/2025 03:13,09/07/2025 03:38,IP Address,100,1504,TRUE,09/07/2025 03:38,R_25uTGinYEXI47yA,anonymous,EN,0.800000012,"I have read the information sheet and understand I can email the researchers with any questions.,I understand that my personal information (e.g., my age, gender, and information about my language background) will be used for the purposes of this study, which have been explained to me.,I consent to the processing of my personal information for the purposes of this study, and I understand that any such information will be treated as strictly confidential and handled in accordance with the provisions of the Data Protection Act 2018.,I understand that the information I provide may be published as a report and I will be sent a copy if I wish. Confidentiality and anonymity will be maintained, and it will not be possible to identify me in any publications.,I understand that my anonymised research data may be shared in accordance with open science guidelines (no one will be able to identify me if these data are shared).,I understand that I am free to withdraw from the study without penalty if I so wish.,I am over the age of 18.,I consent to take part in this study.",58ededd652ac63000154a4e6,61,Male,Yes,(b) iPSCs contain the specific genetic makeup of the patient with the heart condition.,(c) It provides a source of healthy motor neurons for transplantation into the patient.,(b) The interaction between motor neurons and other cell types contributing to the disease.,(a) Statements 1 and 2,(b) The over-reliance on animal models that do not accurately predict human responses.,"(b) It would identify failing drugs earlier, reducing the $4 billion sunk cost per success.",(b) The drug's efficacy and safety could vary due to the patient's different genetic makeup.,(a) A drug being effective for one person but causing harmful side effects in another.,(d) To allow any person to have their own personal stem cell line for therapy.,(b) Does this drug cause liver damage in individuals with a specific genetic marker?,(b) They are less constrained by the profit motives and bureaucracy of large organizations.,(a) They lack the laboratory space to conduct cutting-edge experiments.,(d) Manually created cells cannot be differentiated into specific tissue types.,"(c) Manual creation would be too slow and inconsistent to produce reliable, comparable lines at scale.","(a) It provides a recording of the events leading up to the ""crash"" or disease state.",(d) Confirm that all diseases are caused by multiple cell types.,(a) To suggest that stem cell research will eventually become a routine and accepted medical tool.,(a) To conduct research that was considered too dangerous for university labs.,(a) By allowing the drug to be tested on diverse cardiac cells before human trials.,(b) To re-screen the drug on diverse liver cell models for a potential new use.,1,51,,,,,,,,,,,,,,,,,,,,,,,,,,,13,58ededd652ac63000154a4e6,13,20,"RetrievalPractice,StemCells",Instructions|Video|Instructions|Q9|Q8|Q10|Q7|Q5 |Q3|Q20|Q1 |Q13 |Q19 |Q12|Q11|Q2|Q16|Q14 |Q15|Q4|Q18 |Q17 |Q6 |Prior knowledge|JOL |Instructions ,,,
09/07/2025 03:13,09/07/2025 03:39,IP Address,100,1559,TRUE,09/07/2025 03:39,R_8L55ZUOafQW3rfE,anonymous,EN,1,"I have read the information sheet and understand I can email the researchers with any questions.,I understand that my personal information (e.g., my age, gender, and information about my language background) will be used for the purposes of this study, which have been explained to me.,I consent to the processing of my personal information for the purposes of this study, and I understand that any such information will be treated as strictly confidential and handled in accordance with the provisions of the Data Protection Act 2018.,I understand that the information I provide may be published as a report and I will be sent a copy if I wish. Confidentiality and anonymity will be maintained, and it will not be possible to identify me in any publications.,I understand that my anonymised research data may be shared in accordance with open science guidelines (no one will be able to identify me if these data are shared).,I understand that I am free to withdraw from the study without penalty if I so wish.,I am over the age of 18.,I consent to take part in this study.",5ba60abd9629a90001b36fdc,52,Male,Yes,,,,,,,,,,,,,,,,,,,,,,,1,50,,,,,,,,,,,,,,,,,,,,,,,,,0,5ba60abd9629a90001b36fdc,0,0,"ElaboratedExplanation,StemCells",,Instructions|Video |Instructions|E12 |E20 |E10 |E13 |E1|E4|E5|E7 |E16|E2|E6|E9|E14|E11|E3|E18|E19|E17|E8|E15|Prior knowledge|JOL|Instructions,,
09/07/2025 03:04,09/07/2025 03:39,IP Address,100,2083,TRUE,09/07/2025 03:39,R_2YBsh2EXnrHuD5v,anonymous,EN,0.200000003,"I have read the information sheet and understand I can email the researchers with any questions.,I understand that my personal information (e.g., my age, gender, and information about my language background) will be used for the purposes of this study, which have been explained to me.,I consent to the processing of my personal information for the purposes of this study, and I understand that any such information will be treated as strictly confidential and handled in accordance with the provisions of the Data Protection Act 2018.,I understand that the information I provide may be published as a report and I will be sent a copy if I wish. Confidentiality and anonymity will be maintained, and it will not be possible to identify me in any publications.,I understand that my anonymised research data may be shared in accordance with open science guidelines (no one will be able to identify me if these data are shared).,I understand that I am free to withdraw from the study without penalty if I so wish.,I am over the age of 18.,I consent to take part in this study.",572bcdbb34b25a0010ddd977,50,Male,Yes,(c) iPSCs are less controversial because they are derived from adult skin tissue.,(a) It allows for the creation of motor neurons that are genetically identical to the patient's.,(b) The interaction between motor neurons and other cell types contributing to the disease.,"(b) Statements 1, 2, and 3",(b) The over-reliance on animal models that do not accurately predict human responses.,"(b) It would identify failing drugs earlier, reducing the $4 billion sunk cost per success.",(b) The drug's efficacy and safety could vary due to the patient's different genetic makeup.,(a) A drug being effective for one person but causing harmful side effects in another.,(a) To ensure a representative model of the human population for drug testing.,(a) Is this drug more effective than a placebo in a double-blind study?,(b) They are less constrained by the profit motives and bureaucracy of large organizations.,(c) Their established structures may prevent them from adapting quickly or asking novel questions.,(a) The process is not scalable and introduces variability between cell lines.,"(c) Manual creation would be too slow and inconsistent to produce reliable, comparable lines at scale.","(a) It provides a recording of the events leading up to the ""crash"" or disease state.",(b) Reveal the fundamental cellular interactions underlying a disease.,(a) To suggest that stem cell research will eventually become a routine and accepted medical tool.,(c) To advance critical research without political and financial interference.,(a) By allowing the drug to be tested on diverse cardiac cells before human trials.,(b) To re-screen the drug on diverse liver cell models for a potential new use.,4,60,,,,,,,,,,,,,,,,,,,,,,,,,,,18,572bcdbb34b25a0010ddd977,18,20,"RetrievalPractice,StemCells",Instructions|Video|Instructions|Q9|Q4|Q1 |Q16|Q10|Q6 |Q2|Q15|Q3|Q11|Q5 |Q7|Q18 |Q13 |Q8|Q20|Q17 |Q19 |Q12|Q14 |Prior knowledge|JOL |Instructions ,,,
09/07/2025 03:11,09/07/2025 03:39,IP Address,100,1656,TRUE,09/07/2025 03:39,R_8b670Qi355s6KOd,anonymous,EN,1,"I have read the information sheet and understand I can email the researchers with any questions.,I understand that my personal information (e.g., my age, gender, and information about my language background) will be used for the purposes of this study, which have been explained to me.,I consent to the processing of my personal information for the purposes of this study, and I understand that any such information will be treated as strictly confidential and handled in accordance with the provisions of the Data Protection Act 2018.,I understand that the information I provide may be published as a report and I will be sent a copy if I wish. Confidentiality and anonymity will be maintained, and it will not be possible to identify me in any publications.,I understand that my anonymised research data may be shared in accordance with open science guidelines (no one will be able to identify me if these data are shared).,I understand that I am free to withdraw from the study without penalty if I so wish.,I am over the age of 18.,I consent to take part in this study.",5eb9499bcbc2140180e31037,42,Female,Yes,(b) iPSCs contain the specific genetic makeup of the patient with the heart condition.,(a) It allows for the creation of motor neurons that are genetically identical to the patient's.,(b) The interaction between motor neurons and other cell types contributing to the disease.,(a) Statements 1 and 2,(b) The over-reliance on animal models that do not accurately predict human responses.,"(a) It would eliminate the need for clinical trials, reducing the timeline to under five years.",(b) The drug's efficacy and safety could vary due to the patient's different genetic makeup.,(a) A drug being effective for one person but causing harmful side effects in another.,(a) To ensure a representative model of the human population for drug testing.,(b) Does this drug cause liver damage in individuals with a specific genetic marker?,(c) They operate under different government regulations than academic labs.,(c) Their established structures may prevent them from adapting quickly or asking novel questions.,(a) The process is not scalable and introduces variability between cell lines.,"(c) Manual creation would be too slow and inconsistent to produce reliable, comparable lines at scale.","(a) It provides a recording of the events leading up to the ""crash"" or disease state.",(b) Reveal the fundamental cellular interactions underlying a disease.,(a) To suggest that stem cell research will eventually become a routine and accepted medical tool.,(c) To advance critical research without political and financial interference.,(a) By allowing the drug to be tested on diverse cardiac cells before human trials.,(b) To re-screen the drug on diverse liver cell models for a potential new use.,2,50,,,,,,,,,,,,,,,,,,,,,,,,,,,17,5eb9499bcbc2140180e31037,17,20,"RetrievalPractice,StemCells",Instructions|Video|Instructions|Q4|Q1 |Q17 |Q10|Q14 |Q5 |Q7|Q11|Q9|Q13 |Q18 |Q16|Q8|Q6 |Q12|Q3|Q20|Q15|Q2|Q19 |Prior knowledge|JOL |Instructions ,,,
09/07/2025 03:13,09/07/2025 03:39,IP Address,100,1526,TRUE,09/07/2025 03:39,R_25Z5G1TKyKpsEh1,anonymous,EN,0.899999976,"I have read the information sheet and understand I can email the researchers with any questions.,I understand that my personal information (e.g., my age, gender, and information about my language background) will be used for the purposes of this study, which have been explained to me.,I consent to the processing of my personal information for the purposes of this study, and I understand that any such information will be treated as strictly confidential and handled in accordance with the provisions of the Data Protection Act 2018.,I understand that the information I provide may be published as a report and I will be sent a copy if I wish. Confidentiality and anonymity will be maintained, and it will not be possible to identify me in any publications.,I understand that my anonymised research data may be shared in accordance with open science guidelines (no one will be able to identify me if these data are shared).,I understand that I am free to withdraw from the study without penalty if I so wish.,I am over the age of 18.,I consent to take part in this study.",5e7fa0e918b10804bb87eb63,53,Male,Yes,,,,,,,,,,,,,,,,,,,,,,,,,(a) Their association with counterculture and anti-war movements.,(d) halted progress on a promising mental health treatment approach.,(c) Creating a supportive therapeutic context for administration.,(b) intention and context of their application.,(d) They provided a profound emotional and spiritual connection.,(c) psychedelics can facilitate experiences that traditional rituals may not.,"(a) rigorous, scientific validation of therapeutic potential.",(b) Compelling preliminary data on safety and efficacy for mental illness.,(d) It works by suppressing difficult emotions and symptoms.,(c) Statements 1 and 2,(a) a self-centered perspective to a broader awareness.,(b) allows for a temporary dissolution of a rigid sense of self.,(d) By reducing fear while increasing cognitive function,"(c) Statements 1, 3 and 4",(a) It empowers the patient to access their own healing intelligence.,(c) Including non-drug psychotherapy sessions for integration.,(a) The therapeutic benefits appear to be durable and lasting.,(b) may offer a substantial improvement over existing therapies.,"(c) Medically supervised sessions for specific, approved conditions.",(a) re-establish psychedelics' legitimacy within the medical system.,1,76,,,18,5e7fa0e918b10804bb87eb63,18,20,"RetrievalPractice,Psychedelics",,,Instructions|Video|Instructions|Q11|Q20|Q15|Q7|Q5|Q16|Q14|Q6|Q2|Q17|Q1|Q9|Q8|Q10|Q4|Q13|Q3|Q19 |Q12|Q18|Prior knowledge|JOL|Instructions,
09/07/2025 03:09,09/07/2025 03:39,IP Address,100,1839,TRUE,09/07/2025 03:39,R_8fbVgkRXhNvCPmh,anonymous,EN,0.200000003,"I have read the information sheet and understand I can email the researchers with any questions.,I understand that my personal information (e.g., my age, gender, and information about my language background) will be used for the purposes of this study, which have been explained to me.,I consent to the processing of my personal information for the purposes of this study, and I understand that any such information will be treated as strictly confidential and handled in accordance with the provisions of the Data Protection Act 2018.,I understand that the information I provide may be published as a report and I will be sent a copy if I wish. Confidentiality and anonymity will be maintained, and it will not be possible to identify me in any publications.,I understand that my anonymised research data may be shared in accordance with open science guidelines (no one will be able to identify me if these data are shared).,I understand that I am free to withdraw from the study without penalty if I so wish.,I am over the age of 18.,I consent to take part in this study.",5edca29654fe059801608fc0,40,Female,Yes,,,,,,,,,,,,,,,,,,,,,,,,,(b) A lack of scientific evidence for any therapeutic benefit.,(d) halted progress on a promising mental health treatment approach.,(c) Creating a supportive therapeutic context for administration.,(a) inherent chemical properties of the substance.,(b) They were primarily focused on recreational enjoyment.,(c) psychedelics can facilitate experiences that traditional rituals may not.,"(a) rigorous, scientific validation of therapeutic potential.",(b) Compelling preliminary data on safety and efficacy for mental illness.,(d) It works by suppressing difficult emotions and symptoms.,(b) Statements 1 and 4,(a) a self-centered perspective to a broader awareness.,(a) strengthens the ego's control over thoughts and emotions.,(d) By reducing fear while increasing cognitive function,"(c) Statements 1, 3 and 4",(a) It empowers the patient to access their own healing intelligence.,(c) Including non-drug psychotherapy sessions for integration.,(a) The therapeutic benefits appear to be durable and lasting.,(b) may offer a substantial improvement over existing therapies.,"(c) Medically supervised sessions for specific, approved conditions.",(a) re-establish psychedelics' legitimacy within the medical system.,1,81,,,13,5edca29654fe059801608fc0,13,20,"RetrievalPractice,Psychedelics",,,Instructions|Video|Instructions|Q6|Q18|Q14|Q10|Q12|Q5|Q9|Q2|Q7|Q3|Q16|Q11|Q20|Q17|Q19 |Q15|Q4|Q13|Q1|Q8|Prior knowledge|JOL|Instructions,
09/07/2025 03:15,09/07/2025 03:40,IP Address,100,1466,TRUE,09/07/2025 03:40,R_2DrugvD2zy4ZNVD,anonymous,EN,1,"I have read the information sheet and understand I can email the researchers with any questions.,I understand that my personal information (e.g., my age, gender, and information about my language background) will be used for the purposes of this study, which have been explained to me.,I consent to the processing of my personal information for the purposes of this study, and I understand that any such information will be treated as strictly confidential and handled in accordance with the provisions of the Data Protection Act 2018.,I understand that the information I provide may be published as a report and I will be sent a copy if I wish. Confidentiality and anonymity will be maintained, and it will not be possible to identify me in any publications.,I understand that my anonymised research data may be shared in accordance with open science guidelines (no one will be able to identify me if these data are shared).,I understand that I am free to withdraw from the study without penalty if I so wish.,I am over the age of 18.,I consent to take part in this study.",673321669f5c5d443040682b,38,Female,Yes,,,,,,,,,,,,,,,,,,,,,,,3,70,,,,,,,,,,,,,,,,,,,,,,,,,0,673321669f5c5d443040682b,0,0,"ElaboratedExplanation,StemCells",,Instructions|Video |Instructions|E7 |E13 |E8|E16|E14|E6|E19|E5|E12 |E11|E20 |E15|E18|E2|E10 |E4|E9|E1|E17|E3|Prior knowledge|JOL|Instructions,,
09/07/2025 03:08,09/07/2025 03:40,IP Address,100,1885,TRUE,09/07/2025 03:40,R_2cCUNIyqU69o85R,anonymous,EN,0.800000012,"I have read the information sheet and understand I can email the researchers with any questions.,I understand that my personal information (e.g., my age, gender, and information about my language background) will be used for the purposes of this study, which have been explained to me.,I consent to the processing of my personal information for the purposes of this study, and I understand that any such information will be treated as strictly confidential and handled in accordance with the provisions of the Data Protection Act 2018.,I understand that the information I provide may be published as a report and I will be sent a copy if I wish. Confidentiality and anonymity will be maintained, and it will not be possible to identify me in any publications.,I understand that my anonymised research data may be shared in accordance with open science guidelines (no one will be able to identify me if these data are shared).,I understand that I am free to withdraw from the study without penalty if I so wish.,I am over the age of 18.,I consent to take part in this study.",5ad22ebba010190001b363e8,38,Male,Yes,,,,,,,,,,,,,,,,,,,,,,,,,(a) Their association with counterculture and anti-war movements.,(d) halted progress on a promising mental health treatment approach.,(c) Creating a supportive therapeutic context for administration.,(b) intention and context of their application.,(b) They were primarily focused on recreational enjoyment.,(c) psychedelics can facilitate experiences that traditional rituals may not.,"(a) rigorous, scientific validation of therapeutic potential.",(b) Compelling preliminary data on safety and efficacy for mental illness.,(b) It aims to address the root causes of disorders.,(c) Statements 1 and 2,(a) a self-centered perspective to a broader awareness.,"(d) enhances the creation of a stable, personal narrative.",(d) By reducing fear while increasing cognitive function,"(d) Statements 1, 2, 3 and 4",(a) It empowers the patient to access their own healing intelligence.,(c) Including non-drug psychotherapy sessions for integration.,(d) The therapy works better than any other treatment available.,(b) may offer a substantial improvement over existing therapies.,"(c) Medically supervised sessions for specific, approved conditions.",(a) re-establish psychedelics' legitimacy within the medical system.,1,50,,,17,5ad22ebba010190001b363e8,17,20,"RetrievalPractice,Psychedelics",,,Instructions|Video|Instructions|Q16|Q15|Q1|Q5|Q14|Q19 |Q9|Q4|Q13|Q18|Q10|Q20|Q11|Q3|Q12|Q17|Q2|Q8|Q6|Q7|Prior knowledge|JOL|Instructions,
09/07/2025 03:13,09/07/2025 03:40,IP Address,100,1610,TRUE,09/07/2025 03:40,R_8sstMCuMrzuVbCl,anonymous,EN,0.800000012,"I have read the information sheet and understand I can email the researchers with any questions.,I understand that my personal information (e.g., my age, gender, and information about my language background) will be used for the purposes of this study, which have been explained to me.,I consent to the processing of my personal information for the purposes of this study, and I understand that any such information will be treated as strictly confidential and handled in accordance with the provisions of the Data Protection Act 2018.,I understand that the information I provide may be published as a report and I will be sent a copy if I wish. Confidentiality and anonymity will be maintained, and it will not be possible to identify me in any publications.,I understand that my anonymised research data may be shared in accordance with open science guidelines (no one will be able to identify me if these data are shared).,I understand that I am free to withdraw from the study without penalty if I so wish.,I am over the age of 18.,I consent to take part in this study.",67665f7b0329bd3e30515ad2,35,Male,Yes,(b) iPSCs contain the specific genetic makeup of the patient with the heart condition.,(a) It allows for the creation of motor neurons that are genetically identical to the patient's.,(b) The interaction between motor neurons and other cell types contributing to the disease.,"(b) Statements 1, 2, and 3",(b) The over-reliance on animal models that do not accurately predict human responses.,"(b) It would identify failing drugs earlier, reducing the $4 billion sunk cost per success.",(b) The drug's efficacy and safety could vary due to the patient's different genetic makeup.,(a) A drug being effective for one person but causing harmful side effects in another.,(a) To ensure a representative model of the human population for drug testing.,(c) Can this drug be manufactured cheaply and distributed globally?,(b) They are less constrained by the profit motives and bureaucracy of large organizations.,(c) Their established structures may prevent them from adapting quickly or asking novel questions.,(a) The process is not scalable and introduces variability between cell lines.,"(c) Manual creation would be too slow and inconsistent to produce reliable, comparable lines at scale.","(a) It provides a recording of the events leading up to the ""crash"" or disease state.",(b) Reveal the fundamental cellular interactions underlying a disease.,(a) To suggest that stem cell research will eventually become a routine and accepted medical tool.,(c) To advance critical research without political and financial interference.,(a) By allowing the drug to be tested on diverse cardiac cells before human trials.,(b) To re-screen the drug on diverse liver cell models for a potential new use.,1,100,,,,,,,,,,,,,,,,,,,,,,,,,,,19,67665f7b0329bd3e30515ad2,19,20,"RetrievalPractice,StemCells",Instructions|Video|Instructions|Q10|Q17 |Q2|Q14 |Q16|Q13 |Q15|Q11|Q18 |Q19 |Q3|Q1 |Q6 |Q9|Q20|Q12|Q8|Q5 |Q7|Q4|Prior knowledge|JOL |Instructions ,,,
09/07/2025 03:02,09/07/2025 03:40,IP Address,100,2312,TRUE,09/07/2025 03:40,R_8vrk4EZUDL3VY1r,anonymous,EN,1,"I have read the information sheet and understand I can email the researchers with any questions.,I understand that my personal information (e.g., my age, gender, and information about my language background) will be used for the purposes of this study, which have been explained to me.,I consent to the processing of my personal information for the purposes of this study, and I understand that any such information will be treated as strictly confidential and handled in accordance with the provisions of the Data Protection Act 2018.,I understand that the information I provide may be published as a report and I will be sent a copy if I wish. Confidentiality and anonymity will be maintained, and it will not be possible to identify me in any publications.,I understand that my anonymised research data may be shared in accordance with open science guidelines (no one will be able to identify me if these data are shared).,I understand that I am free to withdraw from the study without penalty if I so wish.,I am over the age of 18.,I consent to take part in this study.",611e4473b1bc14664b7aa068,37,Male,Yes,,,,,,,,,,,,,,,,,,,,,,,,,(b) A lack of scientific evidence for any therapeutic benefit.,(d) halted progress on a promising mental health treatment approach.,(c) Creating a supportive therapeutic context for administration.,(b) intention and context of their application.,(d) They provided a profound emotional and spiritual connection.,(c) psychedelics can facilitate experiences that traditional rituals may not.,"(a) rigorous, scientific validation of therapeutic potential.",(c) The failure of all existing psychiatric medications.,(a) It requires less time commitment from the patient.,(c) Statements 1 and 2,(a) a self-centered perspective to a broader awareness.,(c) increases the brain's filtering of incoming information.,(b) By sedating the patient to prevent emotional recall.,(b) Statements 2 and 4,(a) It empowers the patient to access their own healing intelligence.,(c) Including non-drug psychotherapy sessions for integration.,(d) The therapy works better than any other treatment available.,(b) may offer a substantial improvement over existing therapies.,"(c) Medically supervised sessions for specific, approved conditions.",(a) re-establish psychedelics' legitimacy within the medical system.,2,71,,,13,611e4473b1bc14664b7aa068,13,20,"RetrievalPractice,Psychedelics",,,Instructions|Video|Instructions|Q10|Q9|Q19 |Q3|Q12|Q2|Q6|Q4|Q16|Q20|Q7|Q5|Q1|Q14|Q13|Q15|Q11|Q17|Q18|Q8|Prior knowledge|JOL|Instructions,
09/07/2025 03:18,09/07/2025 03:41,IP Address,100,1347,TRUE,09/07/2025 03:41,R_8OZpbJu8L8w3WsV,anonymous,EN,1,"I have read the information sheet and understand I can email the researchers with any questions.,I understand that my personal information (e.g., my age, gender, and information about my language background) will be used for the purposes of this study, which have been explained to me.,I consent to the processing of my personal information for the purposes of this study, and I understand that any such information will be treated as strictly confidential and handled in accordance with the provisions of the Data Protection Act 2018.,I understand that the information I provide may be published as a report and I will be sent a copy if I wish. Confidentiality and anonymity will be maintained, and it will not be possible to identify me in any publications.,I understand that my anonymised research data may be shared in accordance with open science guidelines (no one will be able to identify me if these data are shared).,I understand that I am free to withdraw from the study without penalty if I so wish.,I am over the age of 18.,I consent to take part in this study.",5edeea354d54cb1a825aa8f9,47,Male,Yes,,,,,,,,,,,,,,,,,,,,,,,,,,,,,,,,,,,,,,,,,,,,,,,1,70,0,5edeea354d54cb1a825aa8f9,0,0,"ElaboratedExplanation,Psychedelics",,,,Instructions|Video|Instructions|E10|E20|E6|E3|E19|E8|E4|E13|E1|E17|E15|E12|E9|E2|E14|E18|E11|E7|E5|E16|Prior knowledge|JOL|Q140
09/07/2025 03:14,09/07/2025 03:41,IP Address,100,1611,TRUE,09/07/2025 03:41,R_8LKdGQQbh26713H,anonymous,EN,0.800000012,"I have read the information sheet and understand I can email the researchers with any questions.,I understand that my personal information (e.g., my age, gender, and information about my language background) will be used for the purposes of this study, which have been explained to me.,I consent to the processing of my personal information for the purposes of this study, and I understand that any such information will be treated as strictly confidential and handled in accordance with the provisions of the Data Protection Act 2018.,I understand that the information I provide may be published as a report and I will be sent a copy if I wish. Confidentiality and anonymity will be maintained, and it will not be possible to identify me in any publications.,I understand that my anonymised research data may be shared in accordance with open science guidelines (no one will be able to identify me if these data are shared).,I understand that I am free to withdraw from the study without penalty if I so wish.,I am over the age of 18.,I consent to take part in this study.",647869e6f69318bacc341d53,50,Female,Yes,,,,,,,,,,,,,,,,,,,,,,,2,14,,,,,,,,,,,,,,,,,,,,,,,,,0,647869e6f69318bacc341d53,0,0,"ElaboratedExplanation,StemCells",,Instructions|Video |Instructions|E1|E4|E18|E10 |E9|E15|E12 |E6|E13 |E17|E20 |E16|E3|E8|E5|E2|E14|E19|E7 |E11|Prior knowledge|JOL|Instructions,,
09/07/2025 03:15,09/07/2025 03:41,IP Address,100,1558,TRUE,09/07/2025 03:41,R_8fgWtmYgrwPlVux,anonymous,EN,0.200000003,"I have read the information sheet and understand I can email the researchers with any questions.,I understand that my personal information (e.g., my age, gender, and information about my language background) will be used for the purposes of this study, which have been explained to me.,I consent to the processing of my personal information for the purposes of this study, and I understand that any such information will be treated as strictly confidential and handled in accordance with the provisions of the Data Protection Act 2018.,I understand that the information I provide may be published as a report and I will be sent a copy if I wish. Confidentiality and anonymity will be maintained, and it will not be possible to identify me in any publications.,I understand that my anonymised research data may be shared in accordance with open science guidelines (no one will be able to identify me if these data are shared).,I understand that I am free to withdraw from the study without penalty if I so wish.,I am over the age of 18.,I consent to take part in this study.",5df0a8f97505ad0f45eca4d7,29,Female,Yes,,,,,,,,,,,,,,,,,,,,,,,,,(a) Their association with counterculture and anti-war movements.,(d) halted progress on a promising mental health treatment approach.,(c) Creating a supportive therapeutic context for administration.,(b) intention and context of their application.,(d) They provided a profound emotional and spiritual connection.,(c) psychedelics can facilitate experiences that traditional rituals may not.,"(a) rigorous, scientific validation of therapeutic potential.",(b) Compelling preliminary data on safety and efficacy for mental illness.,(b) It aims to address the root causes of disorders.,(c) Statements 1 and 2,(a) a self-centered perspective to a broader awareness.,"(d) enhances the creation of a stable, personal narrative.",(d) By reducing fear while increasing cognitive function,"(d) Statements 1, 2, 3 and 4",(a) It empowers the patient to access their own healing intelligence.,(c) Including non-drug psychotherapy sessions for integration.,(a) The therapeutic benefits appear to be durable and lasting.,(b) may offer a substantial improvement over existing therapies.,"(c) Medically supervised sessions for specific, approved conditions.",(a) re-establish psychedelics' legitimacy within the medical system.,2,70,,,19,5df0a8f97505ad0f45eca4d7,19,20,"RetrievalPractice,Psychedelics",,,Instructions|Video|Instructions|Q6|Q17|Q15|Q7|Q10|Q18|Q19 |Q4|Q2|Q13|Q12|Q1|Q5|Q8|Q3|Q16|Q9|Q20|Q11|Q14|Prior knowledge|JOL|Instructions,
09/07/2025 03:15,09/07/2025 03:41,IP Address,100,1554,TRUE,09/07/2025 03:41,R_82fnVwbEe7DM082,anonymous,EN,0.5,"I have read the information sheet and understand I can email the researchers with any questions.,I understand that my personal information (e.g., my age, gender, and information about my language background) will be used for the purposes of this study, which have been explained to me.,I consent to the processing of my personal information for the purposes of this study, and I understand that any such information will be treated as strictly confidential and handled in accordance with the provisions of the Data Protection Act 2018.,I understand that the information I provide may be published as a report and I will be sent a copy if I wish. Confidentiality and anonymity will be maintained, and it will not be possible to identify me in any publications.,I understand that my anonymised research data may be shared in accordance with open science guidelines (no one will be able to identify me if these data are shared).,I understand that I am free to withdraw from the study without penalty if I so wish.,I am over the age of 18.,I consent to take part in this study.",5ec569b654c5b852e7502a54,29,Female,Yes,,,,,,,,,,,,,,,,,,,,,,,,,(a) Their association with counterculture and anti-war movements.,(a) prevented recreational users from accessing pure substances.,(c) Creating a supportive therapeutic context for administration.,(b) intention and context of their application.,(d) They provided a profound emotional and spiritual connection.,(c) psychedelics can facilitate experiences that traditional rituals may not.,"(a) rigorous, scientific validation of therapeutic potential.",(b) Compelling preliminary data on safety and efficacy for mental illness.,(b) It aims to address the root causes of disorders.,(c) Statements 1 and 2,(a) a self-centered perspective to a broader awareness.,"(d) enhances the creation of a stable, personal narrative.",(a) By increasing brain activity in all major regions.,"(c) Statements 1, 3 and 4",(b) It ensures the therapist provides specific guidance and interpretation.,(c) Including non-drug psychotherapy sessions for integration.,(a) The therapeutic benefits appear to be durable and lasting.,(d) has completed all necessary research and is ready for market.,"(c) Medically supervised sessions for specific, approved conditions.",(a) re-establish psychedelics' legitimacy within the medical system.,2,30,,,14,5ec569b654c5b852e7502a54,14,20,"RetrievalPractice,Psychedelics",,,Instructions|Video|Instructions|Q2|Q19 |Q5|Q8|Q20|Q11|Q17|Q10|Q15|Q4|Q6|Q9|Q18|Q12|Q7|Q14|Q3|Q16|Q13|Q1|Prior knowledge|JOL|Instructions,
09/07/2025 03:10,09/07/2025 03:41,IP Address,100,1883,TRUE,09/07/2025 03:41,R_2ez9lSJdMLqctDL,anonymous,EN,1,"I have read the information sheet and understand I can email the researchers with any questions.,I understand that my personal information (e.g., my age, gender, and information about my language background) will be used for the purposes of this study, which have been explained to me.,I consent to the processing of my personal information for the purposes of this study, and I understand that any such information will be treated as strictly confidential and handled in accordance with the provisions of the Data Protection Act 2018.,I understand that the information I provide may be published as a report and I will be sent a copy if I wish. Confidentiality and anonymity will be maintained, and it will not be possible to identify me in any publications.,I understand that my anonymised research data may be shared in accordance with open science guidelines (no one will be able to identify me if these data are shared).,I understand that I am free to withdraw from the study without penalty if I so wish.,I am over the age of 18.,I consent to take part in this study.",629ee9680199e14b1bfafaf3,56,Male,Yes,,,,,,,,,,,,,,,,,,,,,,,,,,,,,,,,,,,,,,,,,,,,,,,1,60,0,629ee9680199e14b1bfafaf3,0,0,"ElaboratedExplanation,Psychedelics",,,,Instructions|Video|Instructions|E4|E8|E20|E12|E6|E13|E3|E18|E17|E19|E16|E14|E1|E5|E7|E10|E2|E9|E15|E11|Prior knowledge|JOL|Q140
09/07/2025 03:08,09/07/2025 03:41,IP Address,100,1990,TRUE,09/07/2025 03:41,R_2tskyg9bGB3LQ6R,anonymous,EN,0.100000001,"I have read the information sheet and understand I can email the researchers with any questions.,I understand that my personal information (e.g., my age, gender, and information about my language background) will be used for the purposes of this study, which have been explained to me.,I consent to the processing of my personal information for the purposes of this study, and I understand that any such information will be treated as strictly confidential and handled in accordance with the provisions of the Data Protection Act 2018.,I understand that the information I provide may be published as a report and I will be sent a copy if I wish. Confidentiality and anonymity will be maintained, and it will not be possible to identify me in any publications.,I understand that my anonymised research data may be shared in accordance with open science guidelines (no one will be able to identify me if these data are shared).,I understand that I am free to withdraw from the study without penalty if I so wish.,I am over the age of 18.,I consent to take part in this study.",5b27587e007d870001c7de84,39,Female,Yes,(a) iPSCs can differentiate into a wider variety of cell types than embryonic stem cells.,(a) It allows for the creation of motor neurons that are genetically identical to the patient's.,(b) The interaction between motor neurons and other cell types contributing to the disease.,"(d) Statements 1, 2, 3, and 4",(b) The over-reliance on animal models that do not accurately predict human responses.,"(b) It would identify failing drugs earlier, reducing the $4 billion sunk cost per success.",(b) The drug's efficacy and safety could vary due to the patient's different genetic makeup.,(a) A drug being effective for one person but causing harmful side effects in another.,(a) To ensure a representative model of the human population for drug testing.,(b) Does this drug cause liver damage in individuals with a specific genetic marker?,(b) They are less constrained by the profit motives and bureaucracy of large organizations.,(c) Their established structures may prevent them from adapting quickly or asking novel questions.,(a) The process is not scalable and introduces variability between cell lines.,"(a) Automated systems can reprogram cells without using viruses, making them safer.","(a) It provides a recording of the events leading up to the ""crash"" or disease state.",(a) Directly cure complex neurodegenerative diseases.,(a) To suggest that stem cell research will eventually become a routine and accepted medical tool.,(c) To advance critical research without political and financial interference.,(a) By allowing the drug to be tested on diverse cardiac cells before human trials.,(b) To re-screen the drug on diverse liver cell models for a potential new use.,1,50,,,,,,,,,,,,,,,,,,,,,,,,,,,16,5b27587e007d870001c7de84,16,20,"RetrievalPractice,StemCells",Instructions|Video|Instructions|Q5 |Q10|Q17 |Q11|Q6 |Q12|Q2|Q13 |Q9|Q8|Q7|Q3|Q15|Q20|Q16|Q18 |Q4|Q19 |Q1 |Q14 |Prior knowledge|JOL |Instructions ,,,
09/07/2025 03:12,09/07/2025 03:41,IP Address,100,1772,TRUE,09/07/2025 03:41,R_8ibxXXXLkKgT0XE,anonymous,EN,0.899999976,"I have read the information sheet and understand I can email the researchers with any questions.,I understand that my personal information (e.g., my age, gender, and information about my language background) will be used for the purposes of this study, which have been explained to me.,I consent to the processing of my personal information for the purposes of this study, and I understand that any such information will be treated as strictly confidential and handled in accordance with the provisions of the Data Protection Act 2018.,I understand that the information I provide may be published as a report and I will be sent a copy if I wish. Confidentiality and anonymity will be maintained, and it will not be possible to identify me in any publications.,I understand that my anonymised research data may be shared in accordance with open science guidelines (no one will be able to identify me if these data are shared).,I understand that I am free to withdraw from the study without penalty if I so wish.,I am over the age of 18.,I consent to take part in this study.",6730f965beb7513190d2be93,61,Male,Yes,(b) iPSCs contain the specific genetic makeup of the patient with the heart condition.,(b) It confirms that viruses are the only way to induce pluripotency in adult cells.,(b) The interaction between motor neurons and other cell types contributing to the disease.,"(b) Statements 1, 2, and 3",(a) The lack of funding for late-stage clinical trials in human subjects.,"(b) It would identify failing drugs earlier, reducing the $4 billion sunk cost per success.",(b) The drug's efficacy and safety could vary due to the patient's different genetic makeup.,(a) A drug being effective for one person but causing harmful side effects in another.,(a) To ensure a representative model of the human population for drug testing.,(b) Does this drug cause liver damage in individuals with a specific genetic marker?,(b) They are less constrained by the profit motives and bureaucracy of large organizations.,(c) Their established structures may prevent them from adapting quickly or asking novel questions.,(a) The process is not scalable and introduces variability between cell lines.,"(c) Manual creation would be too slow and inconsistent to produce reliable, comparable lines at scale.","(a) It provides a recording of the events leading up to the ""crash"" or disease state.",(b) Reveal the fundamental cellular interactions underlying a disease.,(a) To suggest that stem cell research will eventually become a routine and accepted medical tool.,(c) To advance critical research without political and financial interference.,(a) By allowing the drug to be tested on diverse cardiac cells before human trials.,(b) To re-screen the drug on diverse liver cell models for a potential new use.,2,60,,,,,,,,,,,,,,,,,,,,,,,,,,,18,6730f965beb7513190d2be93,18,20,"RetrievalPractice,StemCells",Instructions|Video|Instructions|Q1 |Q10|Q14 |Q19 |Q6 |Q15|Q12|Q13 |Q16|Q18 |Q17 |Q2|Q4|Q9|Q20|Q5 |Q3|Q8|Q7|Q11|Prior knowledge|JOL |Instructions ,,,
09/07/2025 03:07,09/07/2025 03:41,IP Address,100,2058,TRUE,09/07/2025 03:41,R_8QWMGdZOkXk635k,anonymous,EN,1,"I have read the information sheet and understand I can email the researchers with any questions.,I understand that my personal information (e.g., my age, gender, and information about my language background) will be used for the purposes of this study, which have been explained to me.,I consent to the processing of my personal information for the purposes of this study, and I understand that any such information will be treated as strictly confidential and handled in accordance with the provisions of the Data Protection Act 2018.,I understand that the information I provide may be published as a report and I will be sent a copy if I wish. Confidentiality and anonymity will be maintained, and it will not be possible to identify me in any publications.,I understand that my anonymised research data may be shared in accordance with open science guidelines (no one will be able to identify me if these data are shared).,I understand that I am free to withdraw from the study without penalty if I so wish.,I am over the age of 18.,I consent to take part in this study.",5d24e4ba5018e900158d31f1,34,Male,Yes,,,,,,,,,,,,,,,,,,,,,,,1,61,,,,,,,,,,,,,,,,,,,,,,,,,0,5d24e4ba5018e900158d31f1,0,0,"ElaboratedExplanation,StemCells",,Instructions|Video |Instructions|E12 |E16|E5|E13 |E18|E19|E11|E10 |E2|E8|E9|E14|E6|E3|E7 |E15|E17|E20 |E1|E4|Prior knowledge|JOL|Instructions,,
09/07/2025 03:16,09/07/2025 03:41,IP Address,100,1521,TRUE,09/07/2025 03:41,R_2sbtJWEa97GDLsd,anonymous,EN,0,"I have read the information sheet and understand I can email the researchers with any questions.,I understand that my personal information (e.g., my age, gender, and information about my language background) will be used for the purposes of this study, which have been explained to me.,I consent to the processing of my personal information for the purposes of this study, and I understand that any such information will be treated as strictly confidential and handled in accordance with the provisions of the Data Protection Act 2018.,I understand that the information I provide may be published as a report and I will be sent a copy if I wish. Confidentiality and anonymity will be maintained, and it will not be possible to identify me in any publications.,I understand that my anonymised research data may be shared in accordance with open science guidelines (no one will be able to identify me if these data are shared).,I understand that I am free to withdraw from the study without penalty if I so wish.,I am over the age of 18.,I consent to take part in this study.",66d1a3beb6b1c3ca21b3229c,36,Male,Yes,(c) iPSCs are less controversial because they are derived from adult skin tissue.,(a) It allows for the creation of motor neurons that are genetically identical to the patient's.,(b) The interaction between motor neurons and other cell types contributing to the disease.,"(d) Statements 1, 2, 3, and 4",(b) The over-reliance on animal models that do not accurately predict human responses.,"(b) It would identify failing drugs earlier, reducing the $4 billion sunk cost per success.",(b) The drug's efficacy and safety could vary due to the patient's different genetic makeup.,(a) A drug being effective for one person but causing harmful side effects in another.,(a) To ensure a representative model of the human population for drug testing.,(b) Does this drug cause liver damage in individuals with a specific genetic marker?,(a) They have more funding than both universities and pharmaceutical companies combined.,(c) Their established structures may prevent them from adapting quickly or asking novel questions.,"(b) The process requires embryonic stem cells, which are ethically controversial.",(d) Automated systems can source skin cells from donors around the world.,"(a) It provides a recording of the events leading up to the ""crash"" or disease state.",(b) Reveal the fundamental cellular interactions underlying a disease.,(a) To suggest that stem cell research will eventually become a routine and accepted medical tool.,(c) To advance critical research without political and financial interference.,"(c) By creating a new, safer version of Vioxx using genetic engineering.",(b) To re-screen the drug on diverse liver cell models for a potential new use.,2,49,,,,,,,,,,,,,,,,,,,,,,,,,,,14,66d1a3beb6b1c3ca21b3229c,14,20,"RetrievalPractice,StemCells",Instructions|Video|Instructions|Q11|Q6 |Q1 |Q15|Q5 |Q17 |Q9|Q14 |Q16|Q20|Q3|Q4|Q10|Q8|Q19 |Q18 |Q13 |Q7|Q12|Q2|Prior knowledge|JOL |Instructions ,,,
09/07/2025 03:14,09/07/2025 03:41,IP Address,100,1658,TRUE,09/07/2025 03:41,R_8ItkSuO4UxdnBD0,anonymous,EN,1,"I have read the information sheet and understand I can email the researchers with any questions.,I understand that my personal information (e.g., my age, gender, and information about my language background) will be used for the purposes of this study, which have been explained to me.,I consent to the processing of my personal information for the purposes of this study, and I understand that any such information will be treated as strictly confidential and handled in accordance with the provisions of the Data Protection Act 2018.,I understand that the information I provide may be published as a report and I will be sent a copy if I wish. Confidentiality and anonymity will be maintained, and it will not be possible to identify me in any publications.,I understand that my anonymised research data may be shared in accordance with open science guidelines (no one will be able to identify me if these data are shared).,I understand that I am free to withdraw from the study without penalty if I so wish.,I am over the age of 18.,I consent to take part in this study.",6128d76bf2f6b1df98035506,29,Female,Yes,,,,,,,,,,,,,,,,,,,,,,,,,,,,,,,,,,,,,,,,,,,,,,,1,40,0,6128d76bf2f6b1df98035506,0,0,"ElaboratedExplanation,Psychedelics",,,,Instructions|Video|Instructions|E15|E1|E19|E16|E4|E18|E20|E11|E2|E8|E6|E9|E17|E3|E5|E14|E12|E7|E10|E13|Prior knowledge|JOL|Q140
09/07/2025 03:12,09/07/2025 03:42,IP Address,100,1752,TRUE,09/07/2025 03:42,R_81bLb8INtbLXTHv,anonymous,EN,0.899999976,"I have read the information sheet and understand I can email the researchers with any questions.,I understand that my personal information (e.g., my age, gender, and information about my language background) will be used for the purposes of this study, which have been explained to me.,I consent to the processing of my personal information for the purposes of this study, and I understand that any such information will be treated as strictly confidential and handled in accordance with the provisions of the Data Protection Act 2018.,I understand that the information I provide may be published as a report and I will be sent a copy if I wish. Confidentiality and anonymity will be maintained, and it will not be possible to identify me in any publications.,I understand that my anonymised research data may be shared in accordance with open science guidelines (no one will be able to identify me if these data are shared).,I understand that I am free to withdraw from the study without penalty if I so wish.,I am over the age of 18.,I consent to take part in this study.",6725c4a8e3ab0787551acf38,65,Female,Yes,,,,,,,,,,,,,,,,,,,,,,,,,(b) A lack of scientific evidence for any therapeutic benefit.,(b) led to the decline of the 1960s counterculture movement.,(c) Creating a supportive therapeutic context for administration.,(b) intention and context of their application.,(b) They were primarily focused on recreational enjoyment.,(c) psychedelics can facilitate experiences that traditional rituals may not.,(b) exploring the recreational and creative uses of the drugs.,(b) Compelling preliminary data on safety and efficacy for mental illness.,(b) It aims to address the root causes of disorders.,"(d) Statements 1, 2, 3 and 4",(d) an emotional state to a purely rational one.,(a) strengthens the ego's control over thoughts and emotions.,(d) By reducing fear while increasing cognitive function,"(d) Statements 1, 2, 3 and 4",(a) It empowers the patient to access their own healing intelligence.,(c) Including non-drug psychotherapy sessions for integration.,(a) The therapeutic benefits appear to be durable and lasting.,(d) has completed all necessary research and is ready for market.,"(c) Medically supervised sessions for specific, approved conditions.",(a) re-establish psychedelics' legitimacy within the medical system.,1,10,,,12,6725c4a8e3ab0787551acf38,12,20,"RetrievalPractice,Psychedelics",,,Instructions|Video|Instructions|Q20|Q8|Q19 |Q10|Q13|Q6|Q14|Q3|Q9|Q5|Q16|Q11|Q1|Q4|Q7|Q2|Q17|Q15|Q18|Q12|Prior knowledge|JOL|Instructions,
09/07/2025 03:13,09/07/2025 03:42,IP Address,100,1740,TRUE,09/07/2025 03:42,R_8hqHm2iuntEMpFv,anonymous,EN,0.899999976,"I have read the information sheet and understand I can email the researchers with any questions.,I understand that my personal information (e.g., my age, gender, and information about my language background) will be used for the purposes of this study, which have been explained to me.,I consent to the processing of my personal information for the purposes of this study, and I understand that any such information will be treated as strictly confidential and handled in accordance with the provisions of the Data Protection Act 2018.,I understand that the information I provide may be published as a report and I will be sent a copy if I wish. Confidentiality and anonymity will be maintained, and it will not be possible to identify me in any publications.,I understand that my anonymised research data may be shared in accordance with open science guidelines (no one will be able to identify me if these data are shared).,I understand that I am free to withdraw from the study without penalty if I so wish.,I am over the age of 18.,I consent to take part in this study.",60819ba1a8862e33495f8914,33,Male,Yes,,,,,,,,,,,,,,,,,,,,,,,,,(a) Their association with counterculture and anti-war movements.,(d) halted progress on a promising mental health treatment approach.,(c) Creating a supportive therapeutic context for administration.,(b) intention and context of their application.,(d) They provided a profound emotional and spiritual connection.,(c) psychedelics can facilitate experiences that traditional rituals may not.,"(a) rigorous, scientific validation of therapeutic potential.",(b) Compelling preliminary data on safety and efficacy for mental illness.,(a) It requires less time commitment from the patient.,(c) Statements 1 and 2,(a) a self-centered perspective to a broader awareness.,(b) allows for a temporary dissolution of a rigid sense of self.,(a) By increasing brain activity in all major regions.,"(d) Statements 1, 2, 3 and 4",(b) It ensures the therapist provides specific guidance and interpretation.,(c) Including non-drug psychotherapy sessions for integration.,(a) The therapeutic benefits appear to be durable and lasting.,(b) may offer a substantial improvement over existing therapies.,"(c) Medically supervised sessions for specific, approved conditions.",(a) re-establish psychedelics' legitimacy within the medical system.,2,70,,,17,60819ba1a8862e33495f8914,17,20,"RetrievalPractice,Psychedelics",,,Instructions|Video|Instructions|Q8|Q4|Q13|Q1|Q15|Q14|Q12|Q10|Q7|Q11|Q5|Q20|Q18|Q6|Q9|Q17|Q3|Q16|Q19 |Q2|Prior knowledge|JOL|Instructions,
09/07/2025 03:09,09/07/2025 03:43,IP Address,100,2002,TRUE,09/07/2025 03:43,R_87YqJ7UCd9b2p1L,anonymous,EN,0.100000001,"I have read the information sheet and understand I can email the researchers with any questions.,I understand that my personal information (e.g., my age, gender, and information about my language background) will be used for the purposes of this study, which have been explained to me.,I consent to the processing of my personal information for the purposes of this study, and I understand that any such information will be treated as strictly confidential and handled in accordance with the provisions of the Data Protection Act 2018.,I understand that the information I provide may be published as a report and I will be sent a copy if I wish. Confidentiality and anonymity will be maintained, and it will not be possible to identify me in any publications.,I understand that my anonymised research data may be shared in accordance with open science guidelines (no one will be able to identify me if these data are shared).,I understand that I am free to withdraw from the study without penalty if I so wish.,I am over the age of 18.,I consent to take part in this study.",63d16bb09fbf6b74afb1a010,48,Male,Yes,,,,,,,,,,,,,,,,,,,,,,,4,61,,,,,,,,,,,,,,,,,,,,,,,,,0,63d16bb09fbf6b74afb1a010,0,0,"ElaboratedExplanation,StemCells",,Instructions|Video |Instructions|E12 |E7 |E4|E18|E15|E8|E1|E20 |E2|E11|E10 |E9|E19|E6|E17|E5|E16|E3|E13 |E14|Prior knowledge|JOL|Instructions,,
09/07/2025 03:11,09/07/2025 03:43,IP Address,100,1881,TRUE,09/07/2025 03:43,R_2Qox4EK8sQJd5zr,anonymous,EN,0.699999988,"I have read the information sheet and understand I can email the researchers with any questions.,I understand that my personal information (e.g., my age, gender, and information about my language background) will be used for the purposes of this study, which have been explained to me.,I consent to the processing of my personal information for the purposes of this study, and I understand that any such information will be treated as strictly confidential and handled in accordance with the provisions of the Data Protection Act 2018.,I understand that the information I provide may be published as a report and I will be sent a copy if I wish. Confidentiality and anonymity will be maintained, and it will not be possible to identify me in any publications.,I understand that my anonymised research data may be shared in accordance with open science guidelines (no one will be able to identify me if these data are shared).,I understand that I am free to withdraw from the study without penalty if I so wish.,I am over the age of 18.,I consent to take part in this study.",672f779907ad8e74fb666bef,33,Male,Yes,,,,,,,,,,,,,,,,,,,,,,,,,,,,,,,,,,,,,,,,,,,,,,,1,80,0,672f779907ad8e74fb666bef,0,0,"ElaboratedExplanation,Psychedelics",,,,Instructions|Video|Instructions|E2|E6|E9|E3|E17|E19|E18|E11|E20|E8|E12|E13|E16|E4|E14|E1|E10|E7|E15|E5|Prior knowledge|JOL|Q140
09/07/2025 03:17,09/07/2025 03:43,IP Address,100,1526,TRUE,09/07/2025 03:43,R_8nSC1R5TOolKZ80,anonymous,EN,0.800000012,"I have read the information sheet and understand I can email the researchers with any questions.,I understand that my personal information (e.g., my age, gender, and information about my language background) will be used for the purposes of this study, which have been explained to me.,I consent to the processing of my personal information for the purposes of this study, and I understand that any such information will be treated as strictly confidential and handled in accordance with the provisions of the Data Protection Act 2018.,I understand that the information I provide may be published as a report and I will be sent a copy if I wish. Confidentiality and anonymity will be maintained, and it will not be possible to identify me in any publications.,I understand that my anonymised research data may be shared in accordance with open science guidelines (no one will be able to identify me if these data are shared).,I understand that I am free to withdraw from the study without penalty if I so wish.,I am over the age of 18.,I consent to take part in this study.",672f246d1d67d71960402ef8,32,Male,Yes,,,,,,,,,,,,,,,,,,,,,,,2,36,,,,,,,,,,,,,,,,,,,,,,,,,0,672f246d1d67d71960402ef8,0,0,"ElaboratedExplanation,StemCells",,Instructions|Video |Instructions|E1|E18|E12 |E4|E17|E15|E11|E19|E9|E7 |E13 |E10 |E5|E20 |E8|E14|E3|E16|E6|E2|Prior knowledge|JOL|Instructions,,
09/07/2025 03:11,09/07/2025 03:43,IP Address,100,1930,TRUE,09/07/2025 03:43,R_8HbD5drFsQMUGaC,anonymous,EN,0.899999976,"I have read the information sheet and understand I can email the researchers with any questions.,I understand that my personal information (e.g., my age, gender, and information about my language background) will be used for the purposes of this study, which have been explained to me.,I consent to the processing of my personal information for the purposes of this study, and I understand that any such information will be treated as strictly confidential and handled in accordance with the provisions of the Data Protection Act 2018.,I understand that the information I provide may be published as a report and I will be sent a copy if I wish. Confidentiality and anonymity will be maintained, and it will not be possible to identify me in any publications.,I understand that my anonymised research data may be shared in accordance with open science guidelines (no one will be able to identify me if these data are shared).,I understand that I am free to withdraw from the study without penalty if I so wish.,I am over the age of 18.,I consent to take part in this study.",672b19cc67687cb549eb412c,36,Male,Yes,,,,,,,,,,,,,,,,,,,,,,,,,,,,,,,,,,,,,,,,,,,,,,,1,40,0,672b19cc67687cb549eb412c,0,0,"ElaboratedExplanation,Psychedelics",,,,Instructions|Video|Instructions|E18|E7|E17|E13|E4|E11|E15|E9|E3|E12|E6|E16|E8|E2|E5|E10|E1|E20|E14|E19|Prior knowledge|JOL|Q140
09/07/2025 03:07,09/07/2025 03:43,IP Address,100,2147,TRUE,09/07/2025 03:43,R_2z5wn0y02JW8Aat,anonymous,EN,0.400000006,"I have read the information sheet and understand I can email the researchers with any questions.,I understand that my personal information (e.g., my age, gender, and information about my language background) will be used for the purposes of this study, which have been explained to me.,I consent to the processing of my personal information for the purposes of this study, and I understand that any such information will be treated as strictly confidential and handled in accordance with the provisions of the Data Protection Act 2018.,I understand that the information I provide may be published as a report and I will be sent a copy if I wish. Confidentiality and anonymity will be maintained, and it will not be possible to identify me in any publications.,I understand that my anonymised research data may be shared in accordance with open science guidelines (no one will be able to identify me if these data are shared).,I understand that I am free to withdraw from the study without penalty if I so wish.,I am over the age of 18.,I consent to take part in this study.",63d5384e1162358d3233adf9,34,Male,Yes,,,,,,,,,,,,,,,,,,,,,,,1,5,,,,,,,,,,,,,,,,,,,,,,,,,0,63d5384e1162358d3233adf9,0,0,"ElaboratedExplanation,StemCells",,Instructions|Video |Instructions|E14|E9|E8|E12 |E4|E11|E3|E19|E16|E15|E6|E5|E1|E7 |E20 |E13 |E2|E18|E10 |E17|Prior knowledge|JOL|Instructions,,
09/07/2025 03:10,09/07/2025 03:43,IP Address,100,2028,TRUE,09/07/2025 03:43,R_82yKF1boHd9cDMf,anonymous,EN,0.899999976,"I have read the information sheet and understand I can email the researchers with any questions.,I understand that my personal information (e.g., my age, gender, and information about my language background) will be used for the purposes of this study, which have been explained to me.,I consent to the processing of my personal information for the purposes of this study, and I understand that any such information will be treated as strictly confidential and handled in accordance with the provisions of the Data Protection Act 2018.,I understand that the information I provide may be published as a report and I will be sent a copy if I wish. Confidentiality and anonymity will be maintained, and it will not be possible to identify me in any publications.,I understand that my anonymised research data may be shared in accordance with open science guidelines (no one will be able to identify me if these data are shared).,I understand that I am free to withdraw from the study without penalty if I so wish.,I am over the age of 18.,I consent to take part in this study.",5f25419d6c25411a2b68ddd8,39,Male,Yes,(b) iPSCs contain the specific genetic makeup of the patient with the heart condition.,(a) It allows for the creation of motor neurons that are genetically identical to the patient's.,(d) The most effective surgical interventions for treating advanced MND symptoms.,"(b) Statements 1, 2, and 3",(b) The over-reliance on animal models that do not accurately predict human responses.,"(b) It would identify failing drugs earlier, reducing the $4 billion sunk cost per success.",(b) The drug's efficacy and safety could vary due to the patient's different genetic makeup.,(a) A drug being effective for one person but causing harmful side effects in another.,(a) To ensure a representative model of the human population for drug testing.,(a) Is this drug more effective than a placebo in a double-blind study?,(b) They are less constrained by the profit motives and bureaucracy of large organizations.,(a) They lack the laboratory space to conduct cutting-edge experiments.,(a) The process is not scalable and introduces variability between cell lines.,"(c) Manual creation would be too slow and inconsistent to produce reliable, comparable lines at scale.","(a) It provides a recording of the events leading up to the ""crash"" or disease state.",(b) Reveal the fundamental cellular interactions underlying a disease.,(a) To suggest that stem cell research will eventually become a routine and accepted medical tool.,(c) To advance critical research without political and financial interference.,"(c) By creating a new, safer version of Vioxx using genetic engineering.",(b) To re-screen the drug on diverse liver cell models for a potential new use.,2,62,,,,,,,,,,,,,,,,,,,,,,,,,,,16,5f25419d6c25411a2b68ddd8,16,20,"RetrievalPractice,StemCells",Instructions|Video|Instructions|Q7|Q11|Q15|Q8|Q2|Q5 |Q13 |Q10|Q6 |Q17 |Q1 |Q20|Q16|Q14 |Q19 |Q12|Q3|Q4|Q18 |Q9|Prior knowledge|JOL |Instructions ,,,
09/07/2025 03:19,09/07/2025 03:43,IP Address,100,1445,TRUE,09/07/2025 03:43,R_8ww7MeLuPEjg50d,anonymous,EN,0.600000024,"I have read the information sheet and understand I can email the researchers with any questions.,I understand that my personal information (e.g., my age, gender, and information about my language background) will be used for the purposes of this study, which have been explained to me.,I consent to the processing of my personal information for the purposes of this study, and I understand that any such information will be treated as strictly confidential and handled in accordance with the provisions of the Data Protection Act 2018.,I understand that the information I provide may be published as a report and I will be sent a copy if I wish. Confidentiality and anonymity will be maintained, and it will not be possible to identify me in any publications.,I understand that my anonymised research data may be shared in accordance with open science guidelines (no one will be able to identify me if these data are shared).,I understand that I am free to withdraw from the study without penalty if I so wish.,I am over the age of 18.,I consent to take part in this study.",66927ac65524897b604bc734,31,Male,Yes,,,,,,,,,,,,,,,,,,,,,,,3,8,,,,,,,,,,,,,,,,,,,,,,,,,0,66927ac65524897b604bc734,0,0,"ElaboratedExplanation,StemCells",,Instructions|Video |Instructions|E7 |E18|E11|E1|E3|E9|E17|E8|E16|E2|E14|E12 |E19|E20 |E6|E15|E5|E10 |E4|E13 |Prior knowledge|JOL|Instructions,,
09/07/2025 03:07,09/07/2025 03:44,IP Address,100,2212,TRUE,09/07/2025 03:44,R_2q97NbXrF2IqV30,anonymous,EN,0.100000001,"I have read the information sheet and understand I can email the researchers with any questions.,I understand that my personal information (e.g., my age, gender, and information about my language background) will be used for the purposes of this study, which have been explained to me.,I consent to the processing of my personal information for the purposes of this study, and I understand that any such information will be treated as strictly confidential and handled in accordance with the provisions of the Data Protection Act 2018.,I understand that the information I provide may be published as a report and I will be sent a copy if I wish. Confidentiality and anonymity will be maintained, and it will not be possible to identify me in any publications.,I understand that my anonymised research data may be shared in accordance with open science guidelines (no one will be able to identify me if these data are shared).,I understand that I am free to withdraw from the study without penalty if I so wish.,I am over the age of 18.,I consent to take part in this study.",5aae93f5fb22320001baaaac,52,Female,Yes,,,,,,,,,,,,,,,,,,,,,,,,,,,,,,,,,,,,,,,,,,,,,,,3,70,0,5aae93f5fb22320001baaaac,0,0,"ElaboratedExplanation,Psychedelics",,,,Instructions|Video|Instructions|E6|E1|E18|E14|E10|E13|E20|E16|E12|E2|E19|E17|E11|E15|E5|E8|E9|E7|E3|E4|Prior knowledge|JOL|Q140
09/07/2025 03:07,09/07/2025 03:45,IP Address,100,2249,TRUE,09/07/2025 03:45,R_8rRptZGvfEw5zVv,anonymous,EN,0.899999976,"I have read the information sheet and understand I can email the researchers with any questions.,I understand that my personal information (e.g., my age, gender, and information about my language background) will be used for the purposes of this study, which have been explained to me.,I consent to the processing of my personal information for the purposes of this study, and I understand that any such information will be treated as strictly confidential and handled in accordance with the provisions of the Data Protection Act 2018.,I understand that the information I provide may be published as a report and I will be sent a copy if I wish. Confidentiality and anonymity will be maintained, and it will not be possible to identify me in any publications.,I understand that my anonymised research data may be shared in accordance with open science guidelines (no one will be able to identify me if these data are shared).,I understand that I am free to withdraw from the study without penalty if I so wish.,I am over the age of 18.,I consent to take part in this study.",5bb756696322c5000159756c,43,Male,Yes,(c) iPSCs are less controversial because they are derived from adult skin tissue.,(a) It allows for the creation of motor neurons that are genetically identical to the patient's.,(c) The statistical probability of inheriting MND across different populations.,(a) Statements 1 and 2,(b) The over-reliance on animal models that do not accurately predict human responses.,"(b) It would identify failing drugs earlier, reducing the $4 billion sunk cost per success.",(b) The drug's efficacy and safety could vary due to the patient's different genetic makeup.,(a) A drug being effective for one person but causing harmful side effects in another.,(a) To ensure a representative model of the human population for drug testing.,(b) Does this drug cause liver damage in individuals with a specific genetic marker?,(b) They are less constrained by the profit motives and bureaucracy of large organizations.,(c) Their established structures may prevent them from adapting quickly or asking novel questions.,(a) The process is not scalable and introduces variability between cell lines.,"(c) Manual creation would be too slow and inconsistent to produce reliable, comparable lines at scale.","(a) It provides a recording of the events leading up to the ""crash"" or disease state.",(b) Reveal the fundamental cellular interactions underlying a disease.,(a) To suggest that stem cell research will eventually become a routine and accepted medical tool.,(c) To advance critical research without political and financial interference.,(a) By allowing the drug to be tested on diverse cardiac cells before human trials.,(b) To re-screen the drug on diverse liver cell models for a potential new use.,2,80,,,,,,,,,,,,,,,,,,,,,,,,,,,17,5bb756696322c5000159756c,17,20,"RetrievalPractice,StemCells",Instructions|Video|Instructions|Q8|Q9|Q7|Q11|Q2|Q10|Q12|Q14 |Q19 |Q5 |Q17 |Q3|Q20|Q13 |Q15|Q18 |Q4|Q6 |Q1 |Q16|Prior knowledge|JOL |Instructions ,,,
09/07/2025 03:14,09/07/2025 03:45,IP Address,100,1818,TRUE,09/07/2025 03:45,R_8KqlAmap7wOt09d,anonymous,EN,1,"I have read the information sheet and understand I can email the researchers with any questions.,I understand that my personal information (e.g., my age, gender, and information about my language background) will be used for the purposes of this study, which have been explained to me.,I consent to the processing of my personal information for the purposes of this study, and I understand that any such information will be treated as strictly confidential and handled in accordance with the provisions of the Data Protection Act 2018.,I understand that the information I provide may be published as a report and I will be sent a copy if I wish. Confidentiality and anonymity will be maintained, and it will not be possible to identify me in any publications.,I understand that my anonymised research data may be shared in accordance with open science guidelines (no one will be able to identify me if these data are shared).,I understand that I am free to withdraw from the study without penalty if I so wish.,I am over the age of 18.,I consent to take part in this study.",67d7598ad9aacf9073ca130d,55,Male,Yes,,,,,,,,,,,,,,,,,,,,,,,,,,,,,,,,,,,,,,,,,,,,,,,2,30,0,67d7598ad9aacf9073ca130d,0,0,"ElaboratedExplanation,Psychedelics",,,,Instructions|Video|Instructions|E10|E3|E19|E14|E13|E20|E8|E11|E2|E12|E18|E6|E5|E7|E4|E1|E16|E9|E17|E15|Prior knowledge|JOL|Q140
09/07/2025 03:10,09/07/2025 03:45,IP Address,100,2064,TRUE,09/07/2025 03:45,R_8K8bMDXVyBVZWtw,anonymous,EN,0.5,"I have read the information sheet and understand I can email the researchers with any questions.,I understand that my personal information (e.g., my age, gender, and information about my language background) will be used for the purposes of this study, which have been explained to me.,I consent to the processing of my personal information for the purposes of this study, and I understand that any such information will be treated as strictly confidential and handled in accordance with the provisions of the Data Protection Act 2018.,I understand that the information I provide may be published as a report and I will be sent a copy if I wish. Confidentiality and anonymity will be maintained, and it will not be possible to identify me in any publications.,I understand that my anonymised research data may be shared in accordance with open science guidelines (no one will be able to identify me if these data are shared).,I understand that I am free to withdraw from the study without penalty if I so wish.,I am over the age of 18.,I consent to take part in this study.",59d4283121977e0001d62f46,32,Female,Yes,,,,,,,,,,,,,,,,,,,,,,,,,,,,,,,,,,,,,,,,,,,,,,,2,50,0,59d4283121977e0001d62f46,0,0,"ElaboratedExplanation,Psychedelics",,,,Instructions|Video|Instructions|E1|E17|E19|E4|E13|E12|E14|E10|E5|E18|E3|E8|E11|E7|E20|E16|E2|E9|E15|E6|Prior knowledge|JOL|Q140
09/07/2025 03:04,09/07/2025 03:45,IP Address,100,2448,TRUE,09/07/2025 03:45,R_2gbBRQ5Ay7RlDJr,anonymous,EN,1,"I have read the information sheet and understand I can email the researchers with any questions.,I understand that my personal information (e.g., my age, gender, and information about my language background) will be used for the purposes of this study, which have been explained to me.,I consent to the processing of my personal information for the purposes of this study, and I understand that any such information will be treated as strictly confidential and handled in accordance with the provisions of the Data Protection Act 2018.,I understand that the information I provide may be published as a report and I will be sent a copy if I wish. Confidentiality and anonymity will be maintained, and it will not be possible to identify me in any publications.,I understand that my anonymised research data may be shared in accordance with open science guidelines (no one will be able to identify me if these data are shared).,I understand that I am free to withdraw from the study without penalty if I so wish.,I am over the age of 18.,I consent to take part in this study.",62c862b854735cb56e44ae1f,50,Male,Yes,,,,,,,,,,,,,,,,,,,,,,,,,(b) A lack of scientific evidence for any therapeutic benefit.,(d) halted progress on a promising mental health treatment approach.,(c) Creating a supportive therapeutic context for administration.,(b) intention and context of their application.,(c) They caused him significant psychological distress.,(c) psychedelics can facilitate experiences that traditional rituals may not.,"(a) rigorous, scientific validation of therapeutic potential.",(a) A societal shift towards favouring recreational drug use.,(b) It aims to address the root causes of disorders.,"(d) Statements 1, 2, 3 and 4",(c) a spiritual mindset to a more scientific one.,(a) strengthens the ego's control over thoughts and emotions.,(d) By reducing fear while increasing cognitive function,"(d) Statements 1, 2, 3 and 4",(b) It ensures the therapist provides specific guidance and interpretation.,(d) Using only one therapist for all the sessions.,(a) The therapeutic benefits appear to be durable and lasting.,(b) may offer a substantial improvement over existing therapies.,"(c) Medically supervised sessions for specific, approved conditions.",(a) re-establish psychedelics' legitimacy within the medical system.,1,46,,,12,62c862b854735cb56e44ae1f,12,20,"RetrievalPractice,Psychedelics",,,Instructions|Video|Instructions|Q6|Q8|Q17|Q3|Q16|Q7|Q13|Q12|Q19 |Q20|Q14|Q18|Q5|Q1|Q9|Q2|Q15|Q4|Q11|Q10|Prior knowledge|JOL|Instructions,
09/07/2025 03:07,09/07/2025 03:45,IP Address,100,2258,TRUE,09/07/2025 03:45,R_2rYfeMxrufmTbPI,anonymous,EN,1,"I have read the information sheet and understand I can email the researchers with any questions.,I understand that my personal information (e.g., my age, gender, and information about my language background) will be used for the purposes of this study, which have been explained to me.,I consent to the processing of my personal information for the purposes of this study, and I understand that any such information will be treated as strictly confidential and handled in accordance with the provisions of the Data Protection Act 2018.,I understand that the information I provide may be published as a report and I will be sent a copy if I wish. Confidentiality and anonymity will be maintained, and it will not be possible to identify me in any publications.,I understand that my anonymised research data may be shared in accordance with open science guidelines (no one will be able to identify me if these data are shared).,I understand that I am free to withdraw from the study without penalty if I so wish.,I am over the age of 18.,I consent to take part in this study.",67659224c577c7e97b074f43,36,Male,Yes,,,,,,,,,,,,,,,,,,,,,,,1,80,,,,,,,,,,,,,,,,,,,,,,,,,0,67659224c577c7e97b074f43,0,0,"ElaboratedExplanation,StemCells",,Instructions|Video |Instructions|E2|E15|E13 |E17|E8|E1|E6|E18|E5|E19|E16|E11|E9|E12 |E20 |E10 |E14|E3|E7 |E4|Prior knowledge|JOL|Instructions,,
09/07/2025 03:15,09/07/2025 03:45,IP Address,100,1802,TRUE,09/07/2025 03:45,R_8llVWrBabAIzwhb,anonymous,EN,0.800000012,"I have read the information sheet and understand I can email the researchers with any questions.,I understand that my personal information (e.g., my age, gender, and information about my language background) will be used for the purposes of this study, which have been explained to me.,I consent to the processing of my personal information for the purposes of this study, and I understand that any such information will be treated as strictly confidential and handled in accordance with the provisions of the Data Protection Act 2018.,I understand that the information I provide may be published as a report and I will be sent a copy if I wish. Confidentiality and anonymity will be maintained, and it will not be possible to identify me in any publications.,I understand that my anonymised research data may be shared in accordance with open science guidelines (no one will be able to identify me if these data are shared).,I understand that I am free to withdraw from the study without penalty if I so wish.,I am over the age of 18.,I consent to take part in this study.",6720fbc84253185973cbe564,36,Male,Yes,,,,,,,,,,,,,,,,,,,,,,,,,(a) Their association with counterculture and anti-war movements.,(d) halted progress on a promising mental health treatment approach.,(c) Creating a supportive therapeutic context for administration.,(b) intention and context of their application.,(d) They provided a profound emotional and spiritual connection.,(c) psychedelics can facilitate experiences that traditional rituals may not.,"(a) rigorous, scientific validation of therapeutic potential.",(b) Compelling preliminary data on safety and efficacy for mental illness.,(b) It aims to address the root causes of disorders.,(a) Statement 1 only,(c) a spiritual mindset to a more scientific one.,"(d) enhances the creation of a stable, personal narrative.",(d) By reducing fear while increasing cognitive function,"(d) Statements 1, 2, 3 and 4",(a) It empowers the patient to access their own healing intelligence.,(c) Including non-drug psychotherapy sessions for integration.,(a) The therapeutic benefits appear to be durable and lasting.,(d) has completed all necessary research and is ready for market.,"(c) Medically supervised sessions for specific, approved conditions.",(a) re-establish psychedelics' legitimacy within the medical system.,4,65,,,16,6720fbc84253185973cbe564,16,20,"RetrievalPractice,Psychedelics",,,Instructions|Video|Instructions|Q13|Q1|Q6|Q4|Q5|Q8|Q14|Q17|Q12|Q15|Q19 |Q10|Q2|Q7|Q20|Q18|Q16|Q11|Q9|Q3|Prior knowledge|JOL|Instructions,
09/07/2025 03:13,09/07/2025 03:45,IP Address,100,1920,TRUE,09/07/2025 03:45,R_8TFvJLcwiCfiNoo,anonymous,EN,0.400000006,"I have read the information sheet and understand I can email the researchers with any questions.,I understand that my personal information (e.g., my age, gender, and information about my language background) will be used for the purposes of this study, which have been explained to me.,I consent to the processing of my personal information for the purposes of this study, and I understand that any such information will be treated as strictly confidential and handled in accordance with the provisions of the Data Protection Act 2018.,I understand that the information I provide may be published as a report and I will be sent a copy if I wish. Confidentiality and anonymity will be maintained, and it will not be possible to identify me in any publications.,I understand that my anonymised research data may be shared in accordance with open science guidelines (no one will be able to identify me if these data are shared).,I understand that I am free to withdraw from the study without penalty if I so wish.,I am over the age of 18.,I consent to take part in this study.",6229dc51dff340226697778e,60,Male,Yes,(b) iPSCs contain the specific genetic makeup of the patient with the heart condition.,(c) It provides a source of healthy motor neurons for transplantation into the patient.,(b) The interaction between motor neurons and other cell types contributing to the disease.,"(b) Statements 1, 2, and 3",(b) The over-reliance on animal models that do not accurately predict human responses.,"(b) It would identify failing drugs earlier, reducing the $4 billion sunk cost per success.",(b) The drug's efficacy and safety could vary due to the patient's different genetic makeup.,(a) A drug being effective for one person but causing harmful side effects in another.,(d) To allow any person to have their own personal stem cell line for therapy.,(b) Does this drug cause liver damage in individuals with a specific genetic marker?,(b) They are less constrained by the profit motives and bureaucracy of large organizations.,(c) Their established structures may prevent them from adapting quickly or asking novel questions.,(a) The process is not scalable and introduces variability between cell lines.,"(c) Manual creation would be too slow and inconsistent to produce reliable, comparable lines at scale.","(a) It provides a recording of the events leading up to the ""crash"" or disease state.",(b) Reveal the fundamental cellular interactions underlying a disease.,(c) To imply that both technologies are financially unsustainable in the long run.,(c) To advance critical research without political and financial interference.,(a) By allowing the drug to be tested on diverse cardiac cells before human trials.,(b) To re-screen the drug on diverse liver cell models for a potential new use.,1,60,,,,,,,,,,,,,,,,,,,,,,,,,,,17,6229dc51dff340226697778e,17,20,"RetrievalPractice,StemCells",Instructions|Video|Instructions|Q17 |Q12|Q15|Q4|Q13 |Q5 |Q6 |Q16|Q14 |Q1 |Q20|Q8|Q2|Q3|Q11|Q19 |Q18 |Q10|Q9|Q7|Prior knowledge|JOL |Instructions ,,,
09/07/2025 03:15,09/07/2025 03:46,IP Address,100,1911,TRUE,09/07/2025 03:46,R_8DLIKymU6XSMspB,anonymous,EN,0.899999976,"I have read the information sheet and understand I can email the researchers with any questions.,I understand that my personal information (e.g., my age, gender, and information about my language background) will be used for the purposes of this study, which have been explained to me.,I consent to the processing of my personal information for the purposes of this study, and I understand that any such information will be treated as strictly confidential and handled in accordance with the provisions of the Data Protection Act 2018.,I understand that the information I provide may be published as a report and I will be sent a copy if I wish. Confidentiality and anonymity will be maintained, and it will not be possible to identify me in any publications.,I understand that my anonymised research data may be shared in accordance with open science guidelines (no one will be able to identify me if these data are shared).,I understand that I am free to withdraw from the study without penalty if I so wish.,I am over the age of 18.,I consent to take part in this study.",669a80310e64395f4edd70b6,31,Female,Yes,,,,,,,,,,,,,,,,,,,,,,,,,,,,,,,,,,,,,,,,,,,,,,,1,10,0,669a80310e64395f4edd70b6,0,0,"ElaboratedExplanation,Psychedelics",,,,Instructions|Video|Instructions|E10|E6|E15|E8|E3|E19|E13|E14|E12|E9|E5|E11|E16|E18|E1|E2|E4|E17|E20|E7|Prior knowledge|JOL|Q140
09/07/2025 03:16,09/07/2025 03:47,IP Address,100,1829,TRUE,09/07/2025 03:47,R_2BpLuHm3cJe4dvX,anonymous,EN,1,"I have read the information sheet and understand I can email the researchers with any questions.,I understand that my personal information (e.g., my age, gender, and information about my language background) will be used for the purposes of this study, which have been explained to me.,I consent to the processing of my personal information for the purposes of this study, and I understand that any such information will be treated as strictly confidential and handled in accordance with the provisions of the Data Protection Act 2018.,I understand that the information I provide may be published as a report and I will be sent a copy if I wish. Confidentiality and anonymity will be maintained, and it will not be possible to identify me in any publications.,I understand that my anonymised research data may be shared in accordance with open science guidelines (no one will be able to identify me if these data are shared).,I understand that I am free to withdraw from the study without penalty if I so wish.,I am over the age of 18.,I consent to take part in this study.",6779a7384e1d652039e569e1,40,Male,Yes,(b) iPSCs contain the specific genetic makeup of the patient with the heart condition.,(a) It allows for the creation of motor neurons that are genetically identical to the patient's.,(b) The interaction between motor neurons and other cell types contributing to the disease.,"(b) Statements 1, 2, and 3",(b) The over-reliance on animal models that do not accurately predict human responses.,"(a) It would eliminate the need for clinical trials, reducing the timeline to under five years.",(b) The drug's efficacy and safety could vary due to the patient's different genetic makeup.,(a) A drug being effective for one person but causing harmful side effects in another.,(a) To ensure a representative model of the human population for drug testing.,(b) Does this drug cause liver damage in individuals with a specific genetic marker?,(c) They operate under different government regulations than academic labs.,(c) Their established structures may prevent them from adapting quickly or asking novel questions.,(a) The process is not scalable and introduces variability between cell lines.,"(c) Manual creation would be too slow and inconsistent to produce reliable, comparable lines at scale.","(a) It provides a recording of the events leading up to the ""crash"" or disease state.",(b) Reveal the fundamental cellular interactions underlying a disease.,(a) To suggest that stem cell research will eventually become a routine and accepted medical tool.,(a) To conduct research that was considered too dangerous for university labs.,(d) By proving the drug was completely safe for all genetic subtypes.,(b) To re-screen the drug on diverse liver cell models for a potential new use.,2,10,,,,,,,,,,,,,,,,,,,,,,,,,,,16,6779a7384e1d652039e569e1,16,20,"RetrievalPractice,StemCells",Instructions|Video|Instructions|Q14 |Q1 |Q19 |Q7|Q12|Q2|Q17 |Q9|Q3|Q18 |Q13 |Q16|Q5 |Q6 |Q20|Q15|Q10|Q8|Q4|Q11|Prior knowledge|JOL |Instructions ,,,
09/07/2025 03:07,09/07/2025 03:48,IP Address,100,2419,TRUE,09/07/2025 03:48,R_2l4AW0F83vBe36x,anonymous,EN,0.899999976,"I have read the information sheet and understand I can email the researchers with any questions.,I understand that my personal information (e.g., my age, gender, and information about my language background) will be used for the purposes of this study, which have been explained to me.,I consent to the processing of my personal information for the purposes of this study, and I understand that any such information will be treated as strictly confidential and handled in accordance with the provisions of the Data Protection Act 2018.,I understand that the information I provide may be published as a report and I will be sent a copy if I wish. Confidentiality and anonymity will be maintained, and it will not be possible to identify me in any publications.,I understand that my anonymised research data may be shared in accordance with open science guidelines (no one will be able to identify me if these data are shared).,I understand that I am free to withdraw from the study without penalty if I so wish.,I am over the age of 18.,I consent to take part in this study.",66f0765bb7f6c2ae6ef721ee,41,Male,Yes,,,,,,,,,,,,,,,,,,,,,,,,,(a) Their association with counterculture and anti-war movements.,(c) cost the government significant funds in enforcement.,(c) Creating a supportive therapeutic context for administration.,(d) dosage administered in a given session.,(d) They provided a profound emotional and spiritual connection.,(d) psychedelic use is a modern replacement for religious practice.,(c) reviving the exact research methods of the 1960s.,(b) Compelling preliminary data on safety and efficacy for mental illness.,(d) It works by suppressing difficult emotions and symptoms.,"(d) Statements 1, 2, 3 and 4",(d) an emotional state to a purely rational one.,(c) increases the brain's filtering of incoming information.,(c) By temporarily erasing the traumatic memories.,"(d) Statements 1, 2, 3 and 4",(c) It allows patients to passively receive the drug's benefits.,(c) Including non-drug psychotherapy sessions for integration.,(d) The therapy works better than any other treatment available.,(b) may offer a substantial improvement over existing therapies.,"(c) Medically supervised sessions for specific, approved conditions.",(a) re-establish psychedelics' legitimacy within the medical system.,2,51,,,9,66f0765bb7f6c2ae6ef721ee,9,20,"RetrievalPractice,Psychedelics",,,Instructions|Video|Instructions|Q20|Q3|Q10|Q1|Q12|Q13|Q19 |Q4|Q11|Q16|Q5|Q17|Q15|Q14|Q6|Q8|Q2|Q7|Q18|Q9|Prior knowledge|JOL|Instructions,
09/07/2025 03:07,09/07/2025 03:48,IP Address,100,2425,TRUE,09/07/2025 03:48,R_2QpSSoqF4sMMwHD,anonymous,EN,1,"I have read the information sheet and understand I can email the researchers with any questions.,I understand that my personal information (e.g., my age, gender, and information about my language background) will be used for the purposes of this study, which have been explained to me.,I consent to the processing of my personal information for the purposes of this study, and I understand that any such information will be treated as strictly confidential and handled in accordance with the provisions of the Data Protection Act 2018.,I understand that the information I provide may be published as a report and I will be sent a copy if I wish. Confidentiality and anonymity will be maintained, and it will not be possible to identify me in any publications.,I understand that my anonymised research data may be shared in accordance with open science guidelines (no one will be able to identify me if these data are shared).,I understand that I am free to withdraw from the study without penalty if I so wish.,I am over the age of 18.,I consent to take part in this study.",6447a21bdb359b012f49465b,28,Female,Yes,,,,,,,,,,,,,,,,,,,,,,,2,35,,,,,,,,,,,,,,,,,,,,,,,,,0,6447a21bdb359b012f49465b,0,0,"ElaboratedExplanation,StemCells",,Instructions|Video |Instructions|E7 |E19|E11|E16|E12 |E14|E2|E3|E1|E10 |E4|E15|E6|E18|E17|E13 |E8|E9|E5|E20 |Prior knowledge|JOL|Instructions,,
09/07/2025 03:07,09/07/2025 03:48,IP Address,100,2455,TRUE,09/07/2025 03:48,R_2rp3yl5uiNhKwtb,anonymous,EN,1,"I have read the information sheet and understand I can email the researchers with any questions.,I understand that my personal information (e.g., my age, gender, and information about my language background) will be used for the purposes of this study, which have been explained to me.,I consent to the processing of my personal information for the purposes of this study, and I understand that any such information will be treated as strictly confidential and handled in accordance with the provisions of the Data Protection Act 2018.,I understand that the information I provide may be published as a report and I will be sent a copy if I wish. Confidentiality and anonymity will be maintained, and it will not be possible to identify me in any publications.,I understand that my anonymised research data may be shared in accordance with open science guidelines (no one will be able to identify me if these data are shared).,I understand that I am free to withdraw from the study without penalty if I so wish.,I am over the age of 18.,I consent to take part in this study.",671ac509e93a57b5220b3d4e,51,Female,Yes,(d)  iPSCs are simpler and faster to generate in the lab than embryonic stem cells,(c) It provides a source of healthy motor neurons for transplantation into the patient.,(b) The interaction between motor neurons and other cell types contributing to the disease.,"(b) Statements 1, 2, and 3",(c) The inability to manufacture promising drug compounds on a large scale.,(c) It would make the process more expensive due to the high cost of automation.,(b) The drug's efficacy and safety could vary due to the patient's different genetic makeup.,(d) Researchers focusing on rare diseases instead of more common ones.,(b) To create a backup of the human genome in case of a global catastrophe.,(b) Does this drug cause liver damage in individuals with a specific genetic marker?,(a) They have more funding than both universities and pharmaceutical companies combined.,(c) Their established structures may prevent them from adapting quickly or asking novel questions.,"(b) The process requires embryonic stem cells, which are ethically controversial.","(a) Automated systems can reprogram cells without using viruses, making them safer.",(d) It can perfectly reconstruct the damaged tissue after the disease has progressed.,(a) Directly cure complex neurodegenerative diseases.,(d) To highlight that both fields rely on the same laboratory techniques and equipment.,(c) To advance critical research without political and financial interference.,(d) By proving the drug was completely safe for all genetic subtypes.,(b) To re-screen the drug on diverse liver cell models for a potential new use.,2,11,,,,,,,,,,,,,,,,,,,,,,,,,,,7,671ac509e93a57b5220b3d4e,7,20,"RetrievalPractice,StemCells",Instructions|Video|Instructions|Q14 |Q9|Q10|Q12|Q18 |Q3|Q13 |Q19 |Q16|Q15|Q20|Q7|Q2|Q6 |Q17 |Q11|Q5 |Q4|Q1 |Q8|Prior knowledge|JOL |Instructions ,,,
09/07/2025 03:23,09/07/2025 03:51,IP Address,100,1661,TRUE,09/07/2025 03:51,R_2cc5zdDkm344BbR,anonymous,EN,0.899999976,"I have read the information sheet and understand I can email the researchers with any questions.,I understand that my personal information (e.g., my age, gender, and information about my language background) will be used for the purposes of this study, which have been explained to me.,I consent to the processing of my personal information for the purposes of this study, and I understand that any such information will be treated as strictly confidential and handled in accordance with the provisions of the Data Protection Act 2018.,I understand that the information I provide may be published as a report and I will be sent a copy if I wish. Confidentiality and anonymity will be maintained, and it will not be possible to identify me in any publications.,I understand that my anonymised research data may be shared in accordance with open science guidelines (no one will be able to identify me if these data are shared).,I understand that I am free to withdraw from the study without penalty if I so wish.,I am over the age of 18.,I consent to take part in this study.",5d7f598628843a00181eb444,64,Male,Yes,,,,,,,,,,,,,,,,,,,,,,,,,,,,,,,,,,,,,,,,,,,,,,,1,30,0,5d7f598628843a00181eb444,0,0,"ElaboratedExplanation,Psychedelics",,,,Instructions|Video|Instructions|E5|E2|E12|E9|E11|E14|E17|E10|E18|E20|E8|E7|E3|E15|E4|E1|E13|E19|E16|E6|Prior knowledge|JOL|Q140
09/07/2025 03:10,09/07/2025 03:53,IP Address,100,2607,TRUE,09/07/2025 03:53,R_86c2OFf6AE8WWQw,anonymous,EN,0.200000003,"I have read the information sheet and understand I can email the researchers with any questions.,I understand that my personal information (e.g., my age, gender, and information about my language background) will be used for the purposes of this study, which have been explained to me.,I consent to the processing of my personal information for the purposes of this study, and I understand that any such information will be treated as strictly confidential and handled in accordance with the provisions of the Data Protection Act 2018.,I understand that the information I provide may be published as a report and I will be sent a copy if I wish. Confidentiality and anonymity will be maintained, and it will not be possible to identify me in any publications.,I understand that my anonymised research data may be shared in accordance with open science guidelines (no one will be able to identify me if these data are shared).,I understand that I am free to withdraw from the study without penalty if I so wish.,I am over the age of 18.,I consent to take part in this study.",672be724a1f9a800fcbd3d02,28,Male,Yes,,,,,,,,,,,,,,,,,,,,,,,3,65,,,,,,,,,,,,,,,,,,,,,,,,,0,672be724a1f9a800fcbd3d02,0,0,"ElaboratedExplanation,StemCells",,Instructions|Video |Instructions|E13 |E19|E18|E8|E7 |E3|E4|E16|E17|E1|E15|E20 |E9|E11|E14|E6|E12 |E5|E2|E10 |Prior knowledge|JOL|Instructions,,
09/07/2025 03:22,09/07/2025 03:54,IP Address,100,1946,TRUE,09/07/2025 03:54,R_8wuWe4oc68PZztT,anonymous,EN,0.899999976,"I have read the information sheet and understand I can email the researchers with any questions.,I understand that my personal information (e.g., my age, gender, and information about my language background) will be used for the purposes of this study, which have been explained to me.,I consent to the processing of my personal information for the purposes of this study, and I understand that any such information will be treated as strictly confidential and handled in accordance with the provisions of the Data Protection Act 2018.,I understand that the information I provide may be published as a report and I will be sent a copy if I wish. Confidentiality and anonymity will be maintained, and it will not be possible to identify me in any publications.,I understand that my anonymised research data may be shared in accordance with open science guidelines (no one will be able to identify me if these data are shared).,I understand that I am free to withdraw from the study without penalty if I so wish.,I am over the age of 18.,I consent to take part in this study.",6708e405424678d90434ac89,34,Male,Yes,,,,,,,,,,,,,,,,,,,,,,,1,50,,,,,,,,,,,,,,,,,,,,,,,,,0,6708e405424678d90434ac89,0,0,"ElaboratedExplanation,StemCells",,Instructions|Video |Instructions|E3|E18|E12 |E17|E2|E8|E20 |E5|E1|E13 |E10 |E14|E11|E6|E19|E9|E16|E4|E15|E7 |Prior knowledge|JOL|Instructions,,
09/07/2025 03:16,09/07/2025 03:55,IP Address,100,2303,TRUE,09/07/2025 03:55,R_2ot8kCKpQjNBsWd,anonymous,EN,1,"I have read the information sheet and understand I can email the researchers with any questions.,I understand that my personal information (e.g., my age, gender, and information about my language background) will be used for the purposes of this study, which have been explained to me.,I consent to the processing of my personal information for the purposes of this study, and I understand that any such information will be treated as strictly confidential and handled in accordance with the provisions of the Data Protection Act 2018.,I understand that the information I provide may be published as a report and I will be sent a copy if I wish. Confidentiality and anonymity will be maintained, and it will not be possible to identify me in any publications.,I understand that my anonymised research data may be shared in accordance with open science guidelines (no one will be able to identify me if these data are shared).,I understand that I am free to withdraw from the study without penalty if I so wish.,I am over the age of 18.,I consent to take part in this study.",665c3ea072dfed905f1465a8,56,Female,Yes,(c) iPSCs are less controversial because they are derived from adult skin tissue.,(c) It provides a source of healthy motor neurons for transplantation into the patient.,(b) The interaction between motor neurons and other cell types contributing to the disease.,"(b) Statements 1, 2, and 3",(b) The over-reliance on animal models that do not accurately predict human responses.,"(b) It would identify failing drugs earlier, reducing the $4 billion sunk cost per success.",(b) The drug's efficacy and safety could vary due to the patient's different genetic makeup.,(a) A drug being effective for one person but causing harmful side effects in another.,(d) To allow any person to have their own personal stem cell line for therapy.,(b) Does this drug cause liver damage in individuals with a specific genetic marker?,(b) They are less constrained by the profit motives and bureaucracy of large organizations.,(d) They are unable to secure the necessary patents for new discoveries,"(b) The process requires embryonic stem cells, which are ethically controversial.","(a) Automated systems can reprogram cells without using viruses, making them safer.",(c) It proves that all diseases are as complex and catastrophic as a plane crash.,(c) Eliminate the need for animal testing in all medical research.,(a) To suggest that stem cell research will eventually become a routine and accepted medical tool.,(d) To focus exclusively on research that could be quickly turned into profitable products.,(a) By allowing the drug to be tested on diverse cardiac cells before human trials.,(b) To re-screen the drug on diverse liver cell models for a potential new use.,2,30,,,,,,,,,,,,,,,,,,,,,,,,,,,11,665c3ea072dfed905f1465a8,11,20,"RetrievalPractice,StemCells",Instructions|Video|Instructions|Q4|Q3|Q7|Q12|Q15|Q6 |Q19 |Q20|Q17 |Q11|Q1 |Q18 |Q9|Q13 |Q2|Q8|Q16|Q14 |Q10|Q5 |Prior knowledge|JOL |Instructions ,,,
09/07/2025 03:06,09/07/2025 03:55,IP Address,100,2948,TRUE,09/07/2025 03:55,R_2bITbRLrJDIdKRe,anonymous,EN,0.300000012,"I have read the information sheet and understand I can email the researchers with any questions.,I understand that my personal information (e.g., my age, gender, and information about my language background) will be used for the purposes of this study, which have been explained to me.,I consent to the processing of my personal information for the purposes of this study, and I understand that any such information will be treated as strictly confidential and handled in accordance with the provisions of the Data Protection Act 2018.,I understand that the information I provide may be published as a report and I will be sent a copy if I wish. Confidentiality and anonymity will be maintained, and it will not be possible to identify me in any publications.,I understand that my anonymised research data may be shared in accordance with open science guidelines (no one will be able to identify me if these data are shared).,I understand that I am free to withdraw from the study without penalty if I so wish.,I am over the age of 18.,I consent to take part in this study.",6765e63b9cbc0ec185d7e8fa,45,Male,Yes,,,,,,,,,,,,,,,,,,,,,,,,,,,,,,,,,,,,,,,,,,,,,,,4,55,0,6765e63b9cbc0ec185d7e8fa,0,0,"ElaboratedExplanation,Psychedelics",,,,Instructions|Video|Instructions|E11|E15|E10|E18|E12|E16|E19|E14|E17|E7|E4|E5|E13|E3|E9|E2|E6|E8|E1|E20|Prior knowledge|JOL|Q140
09/07/2025 03:12,09/07/2025 03:56,IP Address,100,2634,TRUE,09/07/2025 03:56,R_2kGQdlj7ZGIJtjo,anonymous,EN,0.899999976,"I have read the information sheet and understand I can email the researchers with any questions.,I understand that my personal information (e.g., my age, gender, and information about my language background) will be used for the purposes of this study, which have been explained to me.,I consent to the processing of my personal information for the purposes of this study, and I understand that any such information will be treated as strictly confidential and handled in accordance with the provisions of the Data Protection Act 2018.,I understand that the information I provide may be published as a report and I will be sent a copy if I wish. Confidentiality and anonymity will be maintained, and it will not be possible to identify me in any publications.,I understand that my anonymised research data may be shared in accordance with open science guidelines (no one will be able to identify me if these data are shared).,I understand that I am free to withdraw from the study without penalty if I so wish.,I am over the age of 18.,I consent to take part in this study.",64526be1abfd84e77ccaeb63,30,Male,Yes,(b) iPSCs contain the specific genetic makeup of the patient with the heart condition.,(a) It allows for the creation of motor neurons that are genetically identical to the patient's.,(b) The interaction between motor neurons and other cell types contributing to the disease.,"(b) Statements 1, 2, and 3",(b) The over-reliance on animal models that do not accurately predict human responses.,"(a) It would eliminate the need for clinical trials, reducing the timeline to under five years.",(b) The drug's efficacy and safety could vary due to the patient's different genetic makeup.,(a) A drug being effective for one person but causing harmful side effects in another.,(a) To ensure a representative model of the human population for drug testing.,(b) Does this drug cause liver damage in individuals with a specific genetic marker?,(b) They are less constrained by the profit motives and bureaucracy of large organizations.,(c) Their established structures may prevent them from adapting quickly or asking novel questions.,(a) The process is not scalable and introduces variability between cell lines.,"(c) Manual creation would be too slow and inconsistent to produce reliable, comparable lines at scale.","(a) It provides a recording of the events leading up to the ""crash"" or disease state.",(b) Reveal the fundamental cellular interactions underlying a disease.,(a) To suggest that stem cell research will eventually become a routine and accepted medical tool.,(b) To protect valuable intellectual property from competing pharmaceutical companies.,(a) By allowing the drug to be tested on diverse cardiac cells before human trials.,(b) To re-screen the drug on diverse liver cell models for a potential new use.,2,81,,,,,,,,,,,,,,,,,,,,,,,,,,,18,64526be1abfd84e77ccaeb63,18,20,"RetrievalPractice,StemCells",Instructions|Video|Instructions|Q17 |Q11|Q4|Q2|Q7|Q13 |Q19 |Q9|Q5 |Q3|Q8|Q16|Q6 |Q1 |Q14 |Q20|Q10|Q12|Q18 |Q15|Prior knowledge|JOL |Instructions ,,,
09/07/2025 03:12,09/07/2025 03:56,IP Address,100,2653,TRUE,09/07/2025 03:56,R_8OeRbdaygtYgqJg,anonymous,EN,0.100000001,"I have read the information sheet and understand I can email the researchers with any questions.,I understand that my personal information (e.g., my age, gender, and information about my language background) will be used for the purposes of this study, which have been explained to me.,I consent to the processing of my personal information for the purposes of this study, and I understand that any such information will be treated as strictly confidential and handled in accordance with the provisions of the Data Protection Act 2018.,I understand that the information I provide may be published as a report and I will be sent a copy if I wish. Confidentiality and anonymity will be maintained, and it will not be possible to identify me in any publications.,I understand that my anonymised research data may be shared in accordance with open science guidelines (no one will be able to identify me if these data are shared).,I understand that I am free to withdraw from the study without penalty if I so wish.,I am over the age of 18.,I consent to take part in this study.",6813930fa89acc3bcd677b3b,51,Female,Yes,(a) iPSCs can differentiate into a wider variety of cell types than embryonic stem cells.,(a) It allows for the creation of motor neurons that are genetically identical to the patient's.,(b) The interaction between motor neurons and other cell types contributing to the disease.,(a) Statements 1 and 2,(b) The over-reliance on animal models that do not accurately predict human responses.,"(b) It would identify failing drugs earlier, reducing the $4 billion sunk cost per success.",(b) The drug's efficacy and safety could vary due to the patient's different genetic makeup.,(a) A drug being effective for one person but causing harmful side effects in another.,(d) To allow any person to have their own personal stem cell line for therapy.,(b) Does this drug cause liver damage in individuals with a specific genetic marker?,(b) They are less constrained by the profit motives and bureaucracy of large organizations.,(c) Their established structures may prevent them from adapting quickly or asking novel questions.,(a) The process is not scalable and introduces variability between cell lines.,"(c) Manual creation would be too slow and inconsistent to produce reliable, comparable lines at scale.","(a) It provides a recording of the events leading up to the ""crash"" or disease state.",(a) Directly cure complex neurodegenerative diseases.,(a) To suggest that stem cell research will eventually become a routine and accepted medical tool.,(c) To advance critical research without political and financial interference.,"(c) By creating a new, safer version of Vioxx using genetic engineering.",(b) To re-screen the drug on diverse liver cell models for a potential new use.,2,81,,,,,,,,,,,,,,,,,,,,,,,,,,,15,6813930fa89acc3bcd677b3b,15,20,"RetrievalPractice,StemCells",Instructions|Video|Instructions|Q4|Q15|Q5 |Q13 |Q7|Q17 |Q9|Q8|Q12|Q10|Q14 |Q3|Q1 |Q18 |Q19 |Q2|Q16|Q20|Q6 |Q11|Prior knowledge|JOL |Instructions ,,,
09/07/2025 03:12,09/07/2025 03:58,IP Address,100,2716,TRUE,09/07/2025 03:58,R_2OUy9e2BYhYeuWs,anonymous,EN,1,"I have read the information sheet and understand I can email the researchers with any questions.,I understand that my personal information (e.g., my age, gender, and information about my language background) will be used for the purposes of this study, which have been explained to me.,I consent to the processing of my personal information for the purposes of this study, and I understand that any such information will be treated as strictly confidential and handled in accordance with the provisions of the Data Protection Act 2018.,I understand that the information I provide may be published as a report and I will be sent a copy if I wish. Confidentiality and anonymity will be maintained, and it will not be possible to identify me in any publications.,I understand that my anonymised research data may be shared in accordance with open science guidelines (no one will be able to identify me if these data are shared).,I understand that I am free to withdraw from the study without penalty if I so wish.,I am over the age of 18.,I consent to take part in this study.",6007421356226920359b5f3e,33,Male,Yes,,,,,,,,,,,,,,,,,,,,,,,,,(b) A lack of scientific evidence for any therapeutic benefit.,(d) halted progress on a promising mental health treatment approach.,(c) Creating a supportive therapeutic context for administration.,(b) intention and context of their application.,(b) They were primarily focused on recreational enjoyment.,(d) psychedelic use is a modern replacement for religious practice.,"(a) rigorous, scientific validation of therapeutic potential.",(b) Compelling preliminary data on safety and efficacy for mental illness.,(b) It aims to address the root causes of disorders.,(c) Statements 1 and 2,(d) an emotional state to a purely rational one.,"(d) enhances the creation of a stable, personal narrative.",(a) By increasing brain activity in all major regions.,"(d) Statements 1, 2, 3 and 4",(a) It empowers the patient to access their own healing intelligence.,(c) Including non-drug psychotherapy sessions for integration.,(d) The therapy works better than any other treatment available.,(b) may offer a substantial improvement over existing therapies.,"(c) Medically supervised sessions for specific, approved conditions.",(a) re-establish psychedelics' legitimacy within the medical system.,4,80,,,13,6007421356226920359b5f3e,13,20,"RetrievalPractice,Psychedelics",,,Instructions|Video|Instructions|Q9|Q3|Q4|Q7|Q6|Q15|Q10|Q12|Q5|Q8|Q2|Q1|Q20|Q19 |Q13|Q14|Q18|Q16|Q11|Q17|Prior knowledge|JOL|Instructions,
09/07/2025 03:20,09/07/2025 03:58,IP Address,100,2277,TRUE,09/07/2025 03:58,R_8ix95Ys2jqHNkFf,anonymous,EN,0.800000012,"I have read the information sheet and understand I can email the researchers with any questions.,I understand that my personal information (e.g., my age, gender, and information about my language background) will be used for the purposes of this study, which have been explained to me.,I consent to the processing of my personal information for the purposes of this study, and I understand that any such information will be treated as strictly confidential and handled in accordance with the provisions of the Data Protection Act 2018.,I understand that the information I provide may be published as a report and I will be sent a copy if I wish. Confidentiality and anonymity will be maintained, and it will not be possible to identify me in any publications.,I understand that my anonymised research data may be shared in accordance with open science guidelines (no one will be able to identify me if these data are shared).,I understand that I am free to withdraw from the study without penalty if I so wish.,I am over the age of 18.,I consent to take part in this study.",56b78f11e77ebe000cbefe79,59,Female,Yes,(b) iPSCs contain the specific genetic makeup of the patient with the heart condition.,(a) It allows for the creation of motor neurons that are genetically identical to the patient's.,(b) The interaction between motor neurons and other cell types contributing to the disease.,"(b) Statements 1, 2, and 3",(b) The over-reliance on animal models that do not accurately predict human responses.,"(b) It would identify failing drugs earlier, reducing the $4 billion sunk cost per success.",(b) The drug's efficacy and safety could vary due to the patient's different genetic makeup.,(a) A drug being effective for one person but causing harmful side effects in another.,(d) To allow any person to have their own personal stem cell line for therapy.,(b) Does this drug cause liver damage in individuals with a specific genetic marker?,(b) They are less constrained by the profit motives and bureaucracy of large organizations.,(c) Their established structures may prevent them from adapting quickly or asking novel questions.,(a) The process is not scalable and introduces variability between cell lines.,"(c) Manual creation would be too slow and inconsistent to produce reliable, comparable lines at scale.","(a) It provides a recording of the events leading up to the ""crash"" or disease state.",(b) Reveal the fundamental cellular interactions underlying a disease.,(a) To suggest that stem cell research will eventually become a routine and accepted medical tool.,(c) To advance critical research without political and financial interference.,(a) By allowing the drug to be tested on diverse cardiac cells before human trials.,(b) To re-screen the drug on diverse liver cell models for a potential new use.,1,50,,,,,,,,,,,,,,,,,,,,,,,,,,,19,56b78f11e77ebe000cbefe79,19,20,"RetrievalPractice,StemCells",Instructions|Video|Instructions|Q19 |Q3|Q8|Q6 |Q18 |Q12|Q17 |Q15|Q2|Q14 |Q10|Q11|Q4|Q20|Q16|Q9|Q7|Q13 |Q1 |Q5 |Prior knowledge|JOL |Instructions ,,,
09/07/2025 03:13,09/07/2025 03:58,IP Address,100,2744,TRUE,09/07/2025 03:58,R_2VszJXdLzDGEs5b,anonymous,EN,0.200000003,"I have read the information sheet and understand I can email the researchers with any questions.,I understand that my personal information (e.g., my age, gender, and information about my language background) will be used for the purposes of this study, which have been explained to me.,I consent to the processing of my personal information for the purposes of this study, and I understand that any such information will be treated as strictly confidential and handled in accordance with the provisions of the Data Protection Act 2018.,I understand that the information I provide may be published as a report and I will be sent a copy if I wish. Confidentiality and anonymity will be maintained, and it will not be possible to identify me in any publications.,I understand that my anonymised research data may be shared in accordance with open science guidelines (no one will be able to identify me if these data are shared).,I understand that I am free to withdraw from the study without penalty if I so wish.,I am over the age of 18.,I consent to take part in this study.",660d6a1f4a7f1337de235daa,59,Prefer not to say,Yes,,,,,,,,,,,,,,,,,,,,,,,,,(a) Their association with counterculture and anti-war movements.,(d) halted progress on a promising mental health treatment approach.,(c) Creating a supportive therapeutic context for administration.,(b) intention and context of their application.,(d) They provided a profound emotional and spiritual connection.,(c) psychedelics can facilitate experiences that traditional rituals may not.,"(a) rigorous, scientific validation of therapeutic potential.",(b) Compelling preliminary data on safety and efficacy for mental illness.,(b) It aims to address the root causes of disorders.,(c) Statements 1 and 2,(a) a self-centered perspective to a broader awareness.,(c) increases the brain's filtering of incoming information.,(d) By reducing fear while increasing cognitive function,"(d) Statements 1, 2, 3 and 4",(a) It empowers the patient to access their own healing intelligence.,(c) Including non-drug psychotherapy sessions for integration.,(a) The therapeutic benefits appear to be durable and lasting.,(b) may offer a substantial improvement over existing therapies.,"(c) Medically supervised sessions for specific, approved conditions.",(a) re-establish psychedelics' legitimacy within the medical system.,1,87,,,19,660d6a1f4a7f1337de235daa,19,20,"RetrievalPractice,Psychedelics",,,Instructions|Video|Instructions|Q6|Q3|Q5|Q7|Q14|Q1|Q16|Q18|Q19 |Q11|Q10|Q20|Q17|Q9|Q2|Q15|Q8|Q13|Q12|Q4|Prior knowledge|JOL|Instructions,
09/07/2025 03:16,09/07/2025 04:03,IP Address,100,2844,TRUE,09/07/2025 04:03,R_2X68jFmZk9GzjgQ,anonymous,EN,0.899999976,"I have read the information sheet and understand I can email the researchers with any questions.,I understand that my personal information (e.g., my age, gender, and information about my language background) will be used for the purposes of this study, which have been explained to me.,I consent to the processing of my personal information for the purposes of this study, and I understand that any such information will be treated as strictly confidential and handled in accordance with the provisions of the Data Protection Act 2018.,I understand that the information I provide may be published as a report and I will be sent a copy if I wish. Confidentiality and anonymity will be maintained, and it will not be possible to identify me in any publications.,I understand that my anonymised research data may be shared in accordance with open science guidelines (no one will be able to identify me if these data are shared).,I understand that I am free to withdraw from the study without penalty if I so wish.,I am over the age of 18.,I consent to take part in this study.",6658be27269c7299f759d8e9,28,Female,Yes,,,,,,,,,,,,,,,,,,,,,,,1,30,,,,,,,,,,,,,,,,,,,,,,,,,0,6658be27269c7299f759d8e9,0,0,"ElaboratedExplanation,StemCells",,Instructions|Video |Instructions|E2|E19|E18|E6|E16|E5|E11|E17|E4|E1|E3|E9|E7 |E15|E12 |E14|E10 |E20 |E13 |E8|Prior knowledge|JOL|Instructions,,
09/07/2025 03:10,09/07/2025 04:04,IP Address,100,3252,TRUE,09/07/2025 04:04,R_8MbcJuebNeucNsa,anonymous,EN,0.699999988,"I have read the information sheet and understand I can email the researchers with any questions.,I understand that my personal information (e.g., my age, gender, and information about my language background) will be used for the purposes of this study, which have been explained to me.,I consent to the processing of my personal information for the purposes of this study, and I understand that any such information will be treated as strictly confidential and handled in accordance with the provisions of the Data Protection Act 2018.,I understand that the information I provide may be published as a report and I will be sent a copy if I wish. Confidentiality and anonymity will be maintained, and it will not be possible to identify me in any publications.,I understand that my anonymised research data may be shared in accordance with open science guidelines (no one will be able to identify me if these data are shared).,I understand that I am free to withdraw from the study without penalty if I so wish.,I am over the age of 18.,I consent to take part in this study.",670e851632b444a56d13cfb8,28,Female,Yes,,,,,,,,,,,,,,,,,,,,,,,,,,,,,,,,,,,,,,,,,,,,,,,2,70,0,670e851632b444a56d13cfb8,0,0,"ElaboratedExplanation,Psychedelics",,,,Instructions|Video|Instructions|E6|E9|E1|E18|E13|E3|E20|E4|E16|E2|E8|E12|E14|E19|E10|E11|E15|E17|E5|E7|Prior knowledge|JOL|Q140
09/07/2025 03:20,09/07/2025 04:08,IP Address,100,2841,TRUE,09/07/2025 04:08,R_2C7MzXhknBBKSuZ,anonymous,EN,0.800000012,"I have read the information sheet and understand I can email the researchers with any questions.,I understand that my personal information (e.g., my age, gender, and information about my language background) will be used for the purposes of this study, which have been explained to me.,I consent to the processing of my personal information for the purposes of this study, and I understand that any such information will be treated as strictly confidential and handled in accordance with the provisions of the Data Protection Act 2018.,I understand that the information I provide may be published as a report and I will be sent a copy if I wish. Confidentiality and anonymity will be maintained, and it will not be possible to identify me in any publications.,I understand that my anonymised research data may be shared in accordance with open science guidelines (no one will be able to identify me if these data are shared).,I understand that I am free to withdraw from the study without penalty if I so wish.,I am over the age of 18.,I consent to take part in this study.",66fad26e4b07f6149ceb136d,42,Male,Yes,,,,,,,,,,,,,,,,,,,,,,,,,(a) Their association with counterculture and anti-war movements.,(d) halted progress on a promising mental health treatment approach.,(c) Creating a supportive therapeutic context for administration.,(b) intention and context of their application.,(d) They provided a profound emotional and spiritual connection.,(c) psychedelics can facilitate experiences that traditional rituals may not.,"(a) rigorous, scientific validation of therapeutic potential.",(b) Compelling preliminary data on safety and efficacy for mental illness.,(a) It requires less time commitment from the patient.,(b) Statements 1 and 4,(a) a self-centered perspective to a broader awareness.,(b) allows for a temporary dissolution of a rigid sense of self.,(d) By reducing fear while increasing cognitive function,"(d) Statements 1, 2, 3 and 4",(a) It empowers the patient to access their own healing intelligence.,(c) Including non-drug psychotherapy sessions for integration.,(a) The therapeutic benefits appear to be durable and lasting.,(b) may offer a substantial improvement over existing therapies.,"(c) Medically supervised sessions for specific, approved conditions.",(a) re-establish psychedelics' legitimacy within the medical system.,2,70,,,18,66fad26e4b07f6149ceb136d,18,20,"RetrievalPractice,Psychedelics",,,Instructions|Video|Instructions|Q12|Q8|Q7|Q10|Q16|Q13|Q11|Q5|Q18|Q17|Q2|Q15|Q4|Q20|Q3|Q9|Q19 |Q14|Q1|Q6|Prior knowledge|JOL|Instructions,
09/07/2025 03:12,09/07/2025 04:10,IP Address,100,3525,TRUE,09/07/2025 04:10,R_2LihivgoVbbuSN3,anonymous,EN,1,"I have read the information sheet and understand I can email the researchers with any questions.,I understand that my personal information (e.g., my age, gender, and information about my language background) will be used for the purposes of this study, which have been explained to me.,I consent to the processing of my personal information for the purposes of this study, and I understand that any such information will be treated as strictly confidential and handled in accordance with the provisions of the Data Protection Act 2018.,I understand that the information I provide may be published as a report and I will be sent a copy if I wish. Confidentiality and anonymity will be maintained, and it will not be possible to identify me in any publications.,I understand that my anonymised research data may be shared in accordance with open science guidelines (no one will be able to identify me if these data are shared).,I understand that I am free to withdraw from the study without penalty if I so wish.,I am over the age of 18.,I consent to take part in this study.",62ed1d676bc4d1eaeae21c1b,50,Female,Yes,(b) iPSCs contain the specific genetic makeup of the patient with the heart condition.,(a) It allows for the creation of motor neurons that are genetically identical to the patient's.,(b) The interaction between motor neurons and other cell types contributing to the disease.,"(b) Statements 1, 2, and 3",(d) The strict government regulations that prevent most new drugs from being approved.,"(b) It would identify failing drugs earlier, reducing the $4 billion sunk cost per success.",(b) The drug's efficacy and safety could vary due to the patient's different genetic makeup.,(c) The cost of manufacturing drugs being too high for most healthcare systems.,(a) To ensure a representative model of the human population for drug testing.,(c) Can this drug be manufactured cheaply and distributed globally?,(b) They are less constrained by the profit motives and bureaucracy of large organizations.,(c) Their established structures may prevent them from adapting quickly or asking novel questions.,(a) The process is not scalable and introduces variability between cell lines.,"(c) Manual creation would be too slow and inconsistent to produce reliable, comparable lines at scale.",(c) It proves that all diseases are as complex and catastrophic as a plane crash.,(b) Reveal the fundamental cellular interactions underlying a disease.,(d) To highlight that both fields rely on the same laboratory techniques and equipment.,(c) To advance critical research without political and financial interference.,"(c) By creating a new, safer version of Vioxx using genetic engineering.",(b) To re-screen the drug on diverse liver cell models for a potential new use.,1,34,,,,,,,,,,,,,,,,,,,,,,,,,,,14,62ed1d676bc4d1eaeae21c1b,14,20,"RetrievalPractice,StemCells",Instructions|Video|Instructions|Q12|Q2|Q14 |Q16|Q13 |Q10|Q8|Q17 |Q6 |Q3|Q7|Q1 |Q19 |Q9|Q18 |Q20|Q15|Q11|Q4|Q5 |Prior knowledge|JOL |Instructions ,,,
09/07/2025 03:11,09/07/2025 04:11,IP Address,100,3601,TRUE,09/07/2025 04:11,R_8Ho7pY8ChVhW8Za,anonymous,EN,0.5,"I have read the information sheet and understand I can email the researchers with any questions.,I understand that my personal information (e.g., my age, gender, and information about my language background) will be used for the purposes of this study, which have been explained to me.,I consent to the processing of my personal information for the purposes of this study, and I understand that any such information will be treated as strictly confidential and handled in accordance with the provisions of the Data Protection Act 2018.,I understand that the information I provide may be published as a report and I will be sent a copy if I wish. Confidentiality and anonymity will be maintained, and it will not be possible to identify me in any publications.,I understand that my anonymised research data may be shared in accordance with open science guidelines (no one will be able to identify me if these data are shared).,I understand that I am free to withdraw from the study without penalty if I so wish.,I am over the age of 18.,I consent to take part in this study.",62e02f9779587a5557757264,24,Male,Yes,,,,,,,,,,,,,,,,,,,,,,,,,,,,,,,,,,,,,,,,,,,,,,,1,39,0,62e02f9779587a5557757264,0,0,"ElaboratedExplanation,Psychedelics",,,,Instructions|Video|Instructions|E14|E1|E16|E13|E7|E20|E3|E4|E17|E2|E10|E8|E15|E5|E6|E19|E9|E18|E12|E11|Prior knowledge|JOL|Q140
09/07/2025 03:31,09/07/2025 04:28,IP Address,100,3412,TRUE,09/07/2025 04:28,R_8oXYI1HvoSWQBSF,anonymous,EN,0.800000012,"I have read the information sheet and understand I can email the researchers with any questions.,I understand that my personal information (e.g., my age, gender, and information about my language background) will be used for the purposes of this study, which have been explained to me.,I consent to the processing of my personal information for the purposes of this study, and I understand that any such information will be treated as strictly confidential and handled in accordance with the provisions of the Data Protection Act 2018.,I understand that the information I provide may be published as a report and I will be sent a copy if I wish. Confidentiality and anonymity will be maintained, and it will not be possible to identify me in any publications.,I understand that my anonymised research data may be shared in accordance with open science guidelines (no one will be able to identify me if these data are shared).,I understand that I am free to withdraw from the study without penalty if I so wish.,I am over the age of 18.,I consent to take part in this study.",6704539fe462b87182866f14,43,Male,Yes,(b) iPSCs contain the specific genetic makeup of the patient with the heart condition.,(a) It allows for the creation of motor neurons that are genetically identical to the patient's.,(c) The statistical probability of inheriting MND across different populations.,"(b) Statements 1, 2, and 3",(b) The over-reliance on animal models that do not accurately predict human responses.,"(a) It would eliminate the need for clinical trials, reducing the timeline to under five years.",(b) The drug's efficacy and safety could vary due to the patient's different genetic makeup.,(a) A drug being effective for one person but causing harmful side effects in another.,(a) To ensure a representative model of the human population for drug testing.,(b) Does this drug cause liver damage in individuals with a specific genetic marker?,(b) They are less constrained by the profit motives and bureaucracy of large organizations.,(c) Their established structures may prevent them from adapting quickly or asking novel questions.,(a) The process is not scalable and introduces variability between cell lines.,"(c) Manual creation would be too slow and inconsistent to produce reliable, comparable lines at scale.","(a) It provides a recording of the events leading up to the ""crash"" or disease state.",(b) Reveal the fundamental cellular interactions underlying a disease.,(a) To suggest that stem cell research will eventually become a routine and accepted medical tool.,(c) To advance critical research without political and financial interference.,(a) By allowing the drug to be tested on diverse cardiac cells before human trials.,(c) To create a new group of patients who would not experience arthritis.,3,50,,,,,,,,,,,,,,,,,,,,,,,,,,,17,6704539fe462b87182866f14,17,20,"RetrievalPractice,StemCells",Instructions|Video|Instructions|Q19 |Q8|Q5 |Q20|Q10|Q12|Q1 |Q7|Q9|Q14 |Q11|Q13 |Q18 |Q4|Q17 |Q15|Q16|Q2|Q6 |Q3|Prior knowledge|JOL |Instructions ,,,
09/07/2025 03:07,09/07/2025 06:16,IP Address,100,11368,TRUE,09/07/2025 06:16,R_27QvdVMqqJ4zbyx,anonymous,EN,0.5,"I have read the information sheet and understand I can email the researchers with any questions.,I understand that my personal information (e.g., my age, gender, and information about my language background) will be used for the purposes of this study, which have been explained to me.,I consent to the processing of my personal information for the purposes of this study, and I understand that any such information will be treated as strictly confidential and handled in accordance with the provisions of the Data Protection Act 2018.,I understand that the information I provide may be published as a report and I will be sent a copy if I wish. Confidentiality and anonymity will be maintained, and it will not be possible to identify me in any publications.,I understand that my anonymised research data may be shared in accordance with open science guidelines (no one will be able to identify me if these data are shared).,I understand that I am free to withdraw from the study without penalty if I so wish.,I am over the age of 18.,I consent to take part in this study.",5e909d6c5321c13abee11725,37,Female,Yes,(b) iPSCs contain the specific genetic makeup of the patient with the heart condition.,(a) It allows for the creation of motor neurons that are genetically identical to the patient's.,(b) The interaction between motor neurons and other cell types contributing to the disease.,"(b) Statements 1, 2, and 3",(b) The over-reliance on animal models that do not accurately predict human responses.,(c) It would make the process more expensive due to the high cost of automation.,(b) The drug's efficacy and safety could vary due to the patient's different genetic makeup.,(c) The cost of manufacturing drugs being too high for most healthcare systems.,(a) To ensure a representative model of the human population for drug testing.,(b) Does this drug cause liver damage in individuals with a specific genetic marker?,(a) They have more funding than both universities and pharmaceutical companies combined.,(d) They are unable to secure the necessary patents for new discoveries,"(b) The process requires embryonic stem cells, which are ethically controversial.","(c) Manual creation would be too slow and inconsistent to produce reliable, comparable lines at scale.",(d) It can perfectly reconstruct the damaged tissue after the disease has progressed.,(b) Reveal the fundamental cellular interactions underlying a disease.,(b) To argue that stem cell research is only useful for addressing issues of infertility.,(b) To protect valuable intellectual property from competing pharmaceutical companies.,(a) By allowing the drug to be tested on diverse cardiac cells before human trials.,(b) To re-screen the drug on diverse liver cell models for a potential new use.,2,0,,,,,,,,,,,,,,,,,,,,,,,,,,,12,5e909d6c5321c13abee11725,12,20,"RetrievalPractice,StemCells",Instructions|Video|Instructions|Q9|Q1 |Q14 |Q10|Q2|Q5 |Q20|Q13 |Q4|Q3|Q11|Q12|Q8|Q6 |Q18 |Q17 |Q7|Q15|Q19 |Q16|Prior knowledge|JOL |Instructions ,,,
13/07/2025 03:01,13/07/2025 03:21,IP Address,100,1196,TRUE,13/07/2025 03:21,R_2YcJK21r5Yo2Klj,anonymous,EN,0.899999976,"I have read the information sheet and understand I can email the researchers with any questions.,I understand that my personal information (e.g., my age, gender, and information about my language background) will be used for the purposes of this study, which have been explained to me.,I consent to the processing of my personal information for the purposes of this study, and I understand that any such information will be treated as strictly confidential and handled in accordance with the provisions of the Data Protection Act 2018.,I understand that the information I provide may be published as a report and I will be sent a copy if I wish. Confidentiality and anonymity will be maintained, and it will not be possible to identify me in any publications.,I understand that my anonymised research data may be shared in accordance with open science guidelines (no one will be able to identify me if these data are shared).,I understand that I am free to withdraw from the study without penalty if I so wish.,I am over the age of 18.,I consent to take part in this study.",5bbb5e3f118c0600013c3202,39,Female,Yes,,,,,,,,,,,,,,,,,,,,,,,4,49,,,,,,,,,,,,,,,,,,,,,,,,,0,5bbb5e3f118c0600013c3202,0,0,"ElaboratedExplanation,StemCells",,Instructions|Video |Instructions|E4|E19|E3|E16|E7 |E12 |E2|E10 |E8|E18|E14|E13 |E5|E11|E6|E15|E20 |E1|E17|E9|Prior knowledge|JOL|Instructions,,
13/07/2025 03:00,13/07/2025 03:21,IP Address,100,1263,TRUE,13/07/2025 03:21,R_2N3cctOlGD4b8Q8,anonymous,EN,1,"I have read the information sheet and understand I can email the researchers with any questions.,I understand that my personal information (e.g., my age, gender, and information about my language background) will be used for the purposes of this study, which have been explained to me.,I consent to the processing of my personal information for the purposes of this study, and I understand that any such information will be treated as strictly confidential and handled in accordance with the provisions of the Data Protection Act 2018.,I understand that the information I provide may be published as a report and I will be sent a copy if I wish. Confidentiality and anonymity will be maintained, and it will not be possible to identify me in any publications.,I understand that my anonymised research data may be shared in accordance with open science guidelines (no one will be able to identify me if these data are shared).,I understand that I am free to withdraw from the study without penalty if I so wish.,I am over the age of 18.,I consent to take part in this study.",5f1833a16e55c522eeaf4dbe,58,Female,Yes,,,,,,,,,,,,,,,,,,,,,,,,,(a) Their association with counterculture and anti-war movements.,(d) halted progress on a promising mental health treatment approach.,(c) Creating a supportive therapeutic context for administration.,(b) intention and context of their application.,(c) They caused him significant psychological distress.,(c) psychedelics can facilitate experiences that traditional rituals may not.,"(a) rigorous, scientific validation of therapeutic potential.",(b) Compelling preliminary data on safety and efficacy for mental illness.,(b) It aims to address the root causes of disorders.,(c) Statements 1 and 2,(a) a self-centered perspective to a broader awareness.,(b) allows for a temporary dissolution of a rigid sense of self.,(a) By increasing brain activity in all major regions.,(a) Statements 1 and 2,(a) It empowers the patient to access their own healing intelligence.,(c) Including non-drug psychotherapy sessions for integration.,(a) The therapeutic benefits appear to be durable and lasting.,(b) may offer a substantial improvement over existing therapies.,"(c) Medically supervised sessions for specific, approved conditions.",(a) re-establish psychedelics' legitimacy within the medical system.,1,50,,,17,5f1833a16e55c522eeaf4dbe,17,20,"RetrievalPractice,Psychedelics",,,Instructions|Video|Instructions|Q8|Q16|Q13|Q12|Q7|Q1|Q14|Q6|Q15|Q2|Q5|Q19 |Q20|Q11|Q4|Q17|Q3|Q10|Q18|Q9|Prior knowledge|JOL|Instructions,
13/07/2025 03:00,13/07/2025 03:23,IP Address,100,1365,TRUE,13/07/2025 03:23,R_81hZVrnWqOtxa17,anonymous,EN,1,"I have read the information sheet and understand I can email the researchers with any questions.,I understand that my personal information (e.g., my age, gender, and information about my language background) will be used for the purposes of this study, which have been explained to me.,I consent to the processing of my personal information for the purposes of this study, and I understand that any such information will be treated as strictly confidential and handled in accordance with the provisions of the Data Protection Act 2018.,I understand that the information I provide may be published as a report and I will be sent a copy if I wish. Confidentiality and anonymity will be maintained, and it will not be possible to identify me in any publications.,I understand that my anonymised research data may be shared in accordance with open science guidelines (no one will be able to identify me if these data are shared).,I understand that I am free to withdraw from the study without penalty if I so wish.,I am over the age of 18.,I consent to take part in this study.",60f816ff1fa74fcfab532378,30,Female,Yes,,,,,,,,,,,,,,,,,,,,,,,,,,,,,,,,,,,,,,,,,,,,,,,1,82,0,60f816ff1fa74fcfab532378,0,0,"ElaboratedExplanation,Psychedelics",,,,Instructions|Video|Instructions|E13|E3|E10|E17|E15|E6|E18|E4|E7|E12|E9|E14|E5|E19|E2|E16|E11|E20|E8|E1|Prior knowledge|JOL|Q140
13/07/2025 03:07,13/07/2025 03:28,IP Address,100,1242,TRUE,13/07/2025 03:28,R_8BmHCjP7GWYPzht,anonymous,EN,0.600000024,"I have read the information sheet and understand I can email the researchers with any questions.,I understand that my personal information (e.g., my age, gender, and information about my language background) will be used for the purposes of this study, which have been explained to me.,I consent to the processing of my personal information for the purposes of this study, and I understand that any such information will be treated as strictly confidential and handled in accordance with the provisions of the Data Protection Act 2018.,I understand that the information I provide may be published as a report and I will be sent a copy if I wish. Confidentiality and anonymity will be maintained, and it will not be possible to identify me in any publications.,I understand that my anonymised research data may be shared in accordance with open science guidelines (no one will be able to identify me if these data are shared).,I understand that I am free to withdraw from the study without penalty if I so wish.,I am over the age of 18.,I consent to take part in this study.",631610af8e747093cd90e00d,40,Female,Yes,,,,,,,,,,,,,,,,,,,,,,,,,,,,,,,,,,,,,,,,,,,,,,,2,25,0,631610af8e747093cd90e00d,0,0,"ElaboratedExplanation,Psychedelics",,,,Instructions|Video|Instructions|E20|E8|E18|E5|E10|E16|E19|E14|E12|E4|E3|E17|E1|E7|E13|E9|E2|E15|E6|E11|Prior knowledge|JOL|Q140
13/07/2025 03:00,13/07/2025 03:28,IP Address,100,1674,TRUE,13/07/2025 03:28,R_2YfdOlJHXJsnD2W,anonymous,EN,0.800000012,"I have read the information sheet and understand I can email the researchers with any questions.,I understand that my personal information (e.g., my age, gender, and information about my language background) will be used for the purposes of this study, which have been explained to me.,I consent to the processing of my personal information for the purposes of this study, and I understand that any such information will be treated as strictly confidential and handled in accordance with the provisions of the Data Protection Act 2018.,I understand that the information I provide may be published as a report and I will be sent a copy if I wish. Confidentiality and anonymity will be maintained, and it will not be possible to identify me in any publications.,I understand that my anonymised research data may be shared in accordance with open science guidelines (no one will be able to identify me if these data are shared).,I understand that I am free to withdraw from the study without penalty if I so wish.,I am over the age of 18.,I consent to take part in this study.",677985c03cd33b60c6e0ee91,51,Female,Yes,,,,,,,,,,,,,,,,,,,,,,,,,(a) Their association with counterculture and anti-war movements.,(d) halted progress on a promising mental health treatment approach.,(c) Creating a supportive therapeutic context for administration.,(b) intention and context of their application.,(b) They were primarily focused on recreational enjoyment.,(c) psychedelics can facilitate experiences that traditional rituals may not.,"(a) rigorous, scientific validation of therapeutic potential.",(b) Compelling preliminary data on safety and efficacy for mental illness.,(b) It aims to address the root causes of disorders.,(c) Statements 1 and 2,(b) a state of confusion to one of logical clarity.,"(d) enhances the creation of a stable, personal narrative.",(d) By reducing fear while increasing cognitive function,"(d) Statements 1, 2, 3 and 4",(a) It empowers the patient to access their own healing intelligence.,(c) Including non-drug psychotherapy sessions for integration.,(a) The therapeutic benefits appear to be durable and lasting.,(b) may offer a substantial improvement over existing therapies.,"(c) Medically supervised sessions for specific, approved conditions.",(a) re-establish psychedelics' legitimacy within the medical system.,1,71,,,17,677985c03cd33b60c6e0ee91,17,20,"RetrievalPractice,Psychedelics",,,Instructions|Video|Instructions|Q8|Q12|Q7|Q14|Q16|Q18|Q3|Q1|Q10|Q20|Q5|Q13|Q19 |Q17|Q11|Q4|Q15|Q2|Q9|Q6|Prior knowledge|JOL|Instructions,
13/07/2025 03:04,13/07/2025 03:35,IP Address,100,1838,TRUE,13/07/2025 03:35,R_2gVcufPuVW2wLId,anonymous,EN,1,"I have read the information sheet and understand I can email the researchers with any questions.,I understand that my personal information (e.g., my age, gender, and information about my language background) will be used for the purposes of this study, which have been explained to me.,I consent to the processing of my personal information for the purposes of this study, and I understand that any such information will be treated as strictly confidential and handled in accordance with the provisions of the Data Protection Act 2018.,I understand that the information I provide may be published as a report and I will be sent a copy if I wish. Confidentiality and anonymity will be maintained, and it will not be possible to identify me in any publications.,I understand that my anonymised research data may be shared in accordance with open science guidelines (no one will be able to identify me if these data are shared).,I understand that I am free to withdraw from the study without penalty if I so wish.,I am over the age of 18.,I consent to take part in this study.",6786682cfe5424ad10237085,65,Male,Yes,,,,,,,,,,,,,,,,,,,,,,,1,50,,,,,,,,,,,,,,,,,,,,,,,,,0,6786682cfe5424ad10237085,0,0,"ElaboratedExplanation,StemCells",,Instructions|Video |Instructions|E19|E17|E16|E20 |E4|E18|E3|E1|E14|E2|E13 |E7 |E10 |E6|E9|E15|E5|E11|E12 |E8|Prior knowledge|JOL|Instructions,,
13/07/2025 03:39,13/07/2025 04:05,IP Address,100,1551,TRUE,13/07/2025 04:05,R_8DdMvJlSqTQ7rep,anonymous,EN,1,"I have read the information sheet and understand I can email the researchers with any questions.,I understand that my personal information (e.g., my age, gender, and information about my language background) will be used for the purposes of this study, which have been explained to me.,I consent to the processing of my personal information for the purposes of this study, and I understand that any such information will be treated as strictly confidential and handled in accordance with the provisions of the Data Protection Act 2018.,I understand that the information I provide may be published as a report and I will be sent a copy if I wish. Confidentiality and anonymity will be maintained, and it will not be possible to identify me in any publications.,I understand that my anonymised research data may be shared in accordance with open science guidelines (no one will be able to identify me if these data are shared).,I understand that I am free to withdraw from the study without penalty if I so wish.,I am over the age of 18.,I consent to take part in this study.",665a2e401d3f242a05ff9933,39,Female,Yes,,,,,,,,,,,,,,,,,,,,,,,1,70,,,,,,,,,,,,,,,,,,,,,,,,,0,665a2e401d3f242a05ff9933,0,0,"ElaboratedExplanation,StemCells",,Instructions|Video |Instructions|E16|E2|E9|E5|E7 |E13 |E10 |E4|E1|E17|E15|E20 |E14|E3|E11|E19|E12 |E8|E6|E18|Prior knowledge|JOL|Instructions,,