StartDate,EndDate,Status,Progress,Duration (in seconds),Finished,RecordedDate,ResponseId,DistributionChannel,UserLanguage,Q_RecaptchaScore,Participant ID,Q1,Q2 ,Q3,Q4,Q5,Q6,Q7,Q8,Q9,Q10,Q11,Q12,Q13,Q14,Q15,Q16,Q17,Q18,Q19,Q20,SC0,PROLIFIC_PID,FL_14_DO,PsychedelicsFinalTest_DO
Start Date,End Date,Response Type,Progress,Duration (in seconds),Finished,Recorded Date,Response ID,Distribution Channel,User Language,Q_RecaptchaScore,"Please provide your Prolific ID

Please note that this response should auto-fill with the correct ID.",What fundamental capability do psychedelics offer for studying the mind?,"The term ""mind-manifesting"" suggests that psychedelic experiences largely stem from:","Considering the backlash of psychedelics research in the past, what lesson could we learn to guide the development of new and potentially controversial drugs?",What would be the most impactful societal consequence during the ban on psychedelics?,The effectiveness of psychedelics are more variable than fixed because of:,"Which factor(s) were NOT mentioned by the speaker as relevant in ensuring the effectiveness of psychedelics? 

 

	
	
		
		
			Statement 1: The specific type and potency of the psychedelic
			Statement 2: The user's mentality and environment in which psychedelics are taken.
			Statement 3: The duration and frequency of which the user is exposed to psychedelics.
			Statement 4: The legality of the psychedelic in the given jurisdiction.","How might the ""feeling of our shared humanity"" induced by psychedelics help address fundamentalism and tribalism?","The speaker's personal journey into psychedelic research, following his own experiences, illustrates their capacity to:",What is the key difference between psychedelic-assisted psychotherapy and conventional psychiatric drug treatments?,The structured approach of psychedelic therapy (few drug sessions with integration) is designed primarily to:,"Marcela's story, contrasting her recreational MDMA use with its therapeutic potential, primarily demonstrates that:","In the ""inner-directed therapy"" approach with MDMA, the therapist's main function is to:",Modulating the Default Mode Network (DMN) with psychedelics could be therapeutically beneficial by:,"If the Default Mode Network (DMN) acts as a ""filter"" for our experience, its temporary reduction might result in:",What combination of MDMA-induced brain changes is thought to facilitate trauma processing in therapy?,The finding that MDMA makes typically asocial octopuses more social suggests that MDMA:,The strategic decision to establish MAPS as a non-profit pharmaceutical entity was primarily to:,"Should MDMA-assisted psychotherapy be approved by the FDA, a likely implication is that:","The speaker’s final statement about ""catastrophe and consciousness"" implies that psychedelics could contribute to humanity's survival by:

 

	
	
		
		
			Statement 1: Offering new technological solutions to environmental crises.
			Statement 2: Strengthening national identities and cultural traditions.
			Statement 3: Elevating collective awareness and understanding.
			Statement 4: Increasing economic productivity and global competition.","The future vision of psychedelic clinics offering services like personal growth and couples therapy, alongside medical treatments, points towards:",Score,PROLIFIC_PID,FL_14 - Block Randomizer - Display Order,Psychedelics Final Test - Display Order
"{""ImportId"":""startDate"",""timeZone"":""America/Denver""}","{""ImportId"":""endDate"",""timeZone"":""America/Denver""}","{""ImportId"":""status""}","{""ImportId"":""progress""}","{""ImportId"":""duration""}","{""ImportId"":""finished""}","{""ImportId"":""recordedDate"",""timeZone"":""America/Denver""}","{""ImportId"":""_recordId""}","{""ImportId"":""distributionChannel""}","{""ImportId"":""userLanguage""}","{""ImportId"":""Q_RecaptchaScore""}","{""ImportId"":""QID165_TEXT""}","{""ImportId"":""QID144""}","{""ImportId"":""QID145""}","{""ImportId"":""QID146""}","{""ImportId"":""QID147""}","{""ImportId"":""QID148""}","{""ImportId"":""QID149""}","{""ImportId"":""QID150""}","{""ImportId"":""QID151""}","{""ImportId"":""QID152""}","{""ImportId"":""QID153""}","{""ImportId"":""QID154""}","{""ImportId"":""QID155""}","{""ImportId"":""QID156""}","{""ImportId"":""QID157""}","{""ImportId"":""QID158""}","{""ImportId"":""QID159""}","{""ImportId"":""QID160""}","{""ImportId"":""QID161""}","{""ImportId"":""QID162""}","{""ImportId"":""QID163""}","{""ImportId"":""SC_23vC4bifGQ7v5ie""}","{""ImportId"":""PROLIFIC_PID""}","{""ImportId"":""FL_14_DO""}","{""ImportId"":""BL_9ztGfEUjQWnlTaC_DO""}"
28/06/2025 05:04,28/06/2025 05:17,IP Address,100,773,TRUE,28/06/2025 05:17,R_22Xh3Ttirw5Hh02,anonymous,EN,1,5ee4a14b578f8a000b384376,(d) They enhance memory recall and cognitive processing.,(d) The individual's own pre-existing mental contents.,(c) Implement stricter controls and ethical regulations early on.,(c) A lost breakthrough opportunity to alleviate significant human suffering.,(d) The interplay between the individual’s mindset and usage environment.,"(a) Statements 1, 4",(b) By fostering a sense of interconnectedness and unity.,(a) Provide long-lasting relief from existential anxieties.,(c) Conventional drugs prioritize long-term emotional growth.,(a) Facilitate profound and enduring psychological transformation.,(c) The context and support are crucial for MDMA's effectiveness.,(d) Create a safe space for the patient's own healing to emerge.,(b) Strengthening the individual's established sense of self.,(b) A perception of reality with less personal bias.,"(c) Reduced amygdala activity, increased prefrontal activity, and oxytocin release.",(c) Reduces fear and increases affiliative tendencies.,(c) Legalize and approve funded research through established medical channels.,(b) Administration would only be done by specifically credentialed practitioners.,(b) Statement 3 only,(a) A broader application of psychedelics for human flourishing.,15,5ee4a14b578f8a000b384376,PsychedelicsFinalTest,Participant ID|Instructions|Q8|Q7|Q6|Q1|Q15|Q4|Q12|Q2 |Q10|Q14|Q16|Q18|Q9|Q11|Q3|Q20|Q19|Q5|Q13|Q17|Debrief
28/06/2025 05:23,28/06/2025 05:38,IP Address,100,906,TRUE,28/06/2025 05:38,R_82rpzPS4oOdZezn,anonymous,EN,1,681f421f57f106703aeaf6e8,(c) They provide a means to explore our inner workings.,(d) The individual's own pre-existing mental contents.,(c) Implement stricter controls and ethical regulations early on.,(c) A lost breakthrough opportunity to alleviate significant human suffering.,(d) The interplay between the individual’s mindset and usage environment.,"(a) Statements 1, 4",(b) By fostering a sense of interconnectedness and unity.,(a) Provide long-lasting relief from existential anxieties.,(b) Psychedelic therapy aims to resolve underlying issues.,(c) Tackle root causes by addressing the symptoms directly.,(c) The context and support are crucial for MDMA's effectiveness.,(d) Create a safe space for the patient's own healing to emerge.,(c) Temporarily loosening rigid patterns of thought and self-perception.,(b) A perception of reality with less personal bias.,"(c) Reduced amygdala activity, increased prefrontal activity, and oxytocin release.",(c) Reduces fear and increases affiliative tendencies.,(c) Legalize and approve funded research through established medical channels.,(b) Administration would only be done by specifically credentialed practitioners.,(b) Statement 3 only,(a) A broader application of psychedelics for human flourishing.,17,681f421f57f106703aeaf6e8,PsychedelicsFinalTest,Participant ID|Instructions|Q18|Q5|Q15|Q16|Q9|Q1|Q12|Q7|Q10|Q14|Q2 |Q17|Q6|Q8|Q13|Q11|Q3|Q19|Q20|Q4|Debrief
28/06/2025 07:23,28/06/2025 07:32,IP Address,100,571,TRUE,28/06/2025 07:32,R_2QKaePijB95bPIj,anonymous,EN,1,612f5beeadebe8b6969dc5a9,(c) They provide a means to explore our inner workings.,(a) External stimuli amplified by psychedelics.,(a) Prioritize getting the necessary funding and expertise through public outreach.,(a) A major impediment in our understanding of neural mechanisms.,(a) The unstable and complex chemical composition of the substance.,"(a) Statements 1, 4",(b) By fostering a sense of interconnectedness and unity.,(a) Provide long-lasting relief from existential anxieties.,(b) Psychedelic therapy aims to resolve underlying issues.,(b) Minimize the need for therapy-client interaction in the healing process.,(c) The context and support are crucial for MDMA's effectiveness.,(d) Create a safe space for the patient's own healing to emerge.,(d) Enhancing the brain's capacity for logical reasoning.,(a) A heightened sense of confusion and disorientation.,"(c) Reduced amygdala activity, increased prefrontal activity, and oxytocin release.",(a) Heightens sensory awareness and exploration.,(c) Legalize and approve funded research through established medical channels.,(b) Administration would only be done by specifically credentialed practitioners.,(b) Statement 3 only,(a) A broader application of psychedelics for human flourishing.,10,612f5beeadebe8b6969dc5a9,PsychedelicsFinalTest,Participant ID|Instructions|Q5|Q4|Q13|Q12|Q1|Q15|Q14|Q19|Q2 |Q16|Q10|Q8|Q3|Q9|Q6|Q7|Q11|Q20|Q17|Q18|Debrief
28/06/2025 08:39,28/06/2025 08:46,IP Address,100,435,TRUE,28/06/2025 08:46,R_8LgPn9dQSlpX7Ml,anonymous,EN,1,6658c4239af9537eefdfbcc9,(a) They induce states of deep relaxation.,(a) External stimuli amplified by psychedelics.,(c) Implement stricter controls and ethical regulations early on.,(c) A lost breakthrough opportunity to alleviate significant human suffering.,(b) The user’s prior unique experiences with other psychoactive drugs.,"(b) Statements 2, 3",(a) By promoting adherence to a single global ideology.,(b) Enhance professional and academic pursuits.,(d) Conventional drugs are designed for short-term use only.,(c) Tackle root causes by addressing the symptoms directly.,(b) Higher doses of MDMA are required for therapeutic benefit.,(d) Create a safe space for the patient's own healing to emerge.,(c) Temporarily loosening rigid patterns of thought and self-perception.,(a) A heightened sense of confusion and disorientation.,(b) Decreased oxytocin release and heightened DMN activity.,(c) Reduces fear and increases affiliative tendencies.,(c) Legalize and approve funded research through established medical channels.,(a) MDMA would be available as a take-home prescription.,(b) Statement 3 only,(c) The gradual replacement of other conventional therapies.,7,6658c4239af9537eefdfbcc9,PsychedelicsFinalTest,Participant ID|Instructions|Q12|Q14|Q6|Q15|Q2 |Q19|Q11|Q9|Q5|Q20|Q7|Q4|Q18|Q16|Q3|Q13|Q1|Q8|Q17|Q10|Debrief
28/06/2025 09:43,28/06/2025 09:49,IP Address,100,338,TRUE,28/06/2025 09:49,R_8P4DlLNs0JgAiCV,anonymous,EN,0.800000012,5d1a1d97a51463000183f7af,(c) They provide a means to explore our inner workings.,(d) The individual's own pre-existing mental contents.,(c) Implement stricter controls and ethical regulations early on.,(c) A lost breakthrough opportunity to alleviate significant human suffering.,(d) The interplay between the individual’s mindset and usage environment.,"(a) Statements 1, 4",(c) By encouraging acceptance and understanding of differing viewpoints.,(c) Catalyze deep personal re-orientation and commitment to a cause.,(b) Psychedelic therapy aims to resolve underlying issues.,(a) Facilitate profound and enduring psychological transformation.,(c) The context and support are crucial for MDMA's effectiveness.,(d) Create a safe space for the patient's own healing to emerge.,(c) Temporarily loosening rigid patterns of thought and self-perception.,(b) A perception of reality with less personal bias.,"(c) Reduced amygdala activity, increased prefrontal activity, and oxytocin release.",(c) Reduces fear and increases affiliative tendencies.,(c) Legalize and approve funded research through established medical channels.,(b) Administration would only be done by specifically credentialed practitioners.,(c) Statements 2 and 3,(a) A broader application of psychedelics for human flourishing.,17,5d1a1d97a51463000183f7af,PsychedelicsFinalTest,Participant ID|Instructions|Q19|Q17|Q20|Q1|Q16|Q6|Q3|Q10|Q7|Q5|Q11|Q13|Q12|Q4|Q8|Q18|Q2 |Q9|Q14|Q15|Debrief
28/06/2025 10:15,28/06/2025 10:27,IP Address,100,747,TRUE,28/06/2025 10:27,R_2EtZiBsHZROz32Z,anonymous,EN,1,67607e34fb2abbf20ec24851,(d) They enhance memory recall and cognitive processing.,(d) The individual's own pre-existing mental contents.,(c) Implement stricter controls and ethical regulations early on.,(a) A major impediment in our understanding of neural mechanisms.,(c) The specific dosage administered to different individuals.,"(b) Statements 2, 3",(b) By fostering a sense of interconnectedness and unity.,(a) Provide long-lasting relief from existential anxieties.,(d) Conventional drugs are designed for short-term use only.,(a) Facilitate profound and enduring psychological transformation.,(c) The context and support are crucial for MDMA's effectiveness.,(d) Create a safe space for the patient's own healing to emerge.,(c) Temporarily loosening rigid patterns of thought and self-perception.,(b) A perception of reality with less personal bias.,"(c) Reduced amygdala activity, increased prefrontal activity, and oxytocin release.",(c) Reduces fear and increases affiliative tendencies.,(d) Advocate for the immediate decriminalization of all psychedelics.,(b) Administration would only be done by specifically credentialed practitioners.,"(d) Statements 1, 2, 3, and 4",(d) A shift in focus from treating severe mental illnesses.,11,67607e34fb2abbf20ec24851,PsychedelicsFinalTest,Participant ID|Instructions|Q4|Q18|Q11|Q16|Q8|Q12|Q5|Q14|Q6|Q2 |Q7|Q20|Q15|Q19|Q17|Q1|Q10|Q3|Q13|Q9|Debrief
28/06/2025 10:42,28/06/2025 10:49,IP Address,100,440,TRUE,28/06/2025 10:49,R_2xK1D79BQbmx2f5,anonymous,EN,1,66640059232bcc6a15b24803,(c) They provide a means to explore our inner workings.,(d) The individual's own pre-existing mental contents.,(a) Prioritize getting the necessary funding and expertise through public outreach.,(c) A lost breakthrough opportunity to alleviate significant human suffering.,(d) The interplay between the individual’s mindset and usage environment.,"(a) Statements 1, 4",(c) By encouraging acceptance and understanding of differing viewpoints.,(c) Catalyze deep personal re-orientation and commitment to a cause.,(b) Psychedelic therapy aims to resolve underlying issues.,(a) Facilitate profound and enduring psychological transformation.,(c) The context and support are crucial for MDMA's effectiveness.,(d) Create a safe space for the patient's own healing to emerge.,(c) Temporarily loosening rigid patterns of thought and self-perception.,(b) A perception of reality with less personal bias.,(a) Increased amygdala activity and reduced prefrontal cortex activity.,(c) Reduces fear and increases affiliative tendencies.,(c) Legalize and approve funded research through established medical channels.,(b) Administration would only be done by specifically credentialed practitioners.,(b) Statement 3 only,(a) A broader application of psychedelics for human flourishing.,16,66640059232bcc6a15b24803,PsychedelicsFinalTest,Participant ID|Instructions|Q15|Q8|Q20|Q12|Q16|Q2 |Q19|Q4|Q13|Q6|Q17|Q10|Q7|Q5|Q9|Q1|Q11|Q18|Q14|Q3|Debrief
28/06/2025 11:53,28/06/2025 12:03,IP Address,100,566,TRUE,28/06/2025 12:03,R_2mZofn90u6W7lW9,anonymous,EN,1,5bb48501d3be310001c1afeb,(c) They provide a means to explore our inner workings.,(d) The individual's own pre-existing mental contents.,(c) Implement stricter controls and ethical regulations early on.,(c) A lost breakthrough opportunity to alleviate significant human suffering.,(d) The interplay between the individual’s mindset and usage environment.,"(a) Statements 1, 4",(b) By fostering a sense of interconnectedness and unity.,(c) Catalyze deep personal re-orientation and commitment to a cause.,(b) Psychedelic therapy aims to resolve underlying issues.,(c) Tackle root causes by addressing the symptoms directly.,(c) The context and support are crucial for MDMA's effectiveness.,(d) Create a safe space for the patient's own healing to emerge.,(c) Temporarily loosening rigid patterns of thought and self-perception.,(b) A perception of reality with less personal bias.,"(c) Reduced amygdala activity, increased prefrontal activity, and oxytocin release.",(c) Reduces fear and increases affiliative tendencies.,(c) Legalize and approve funded research through established medical channels.,(b) Administration would only be done by specifically credentialed practitioners.,(b) Statement 3 only,(a) A broader application of psychedelics for human flourishing.,18,5bb48501d3be310001c1afeb,PsychedelicsFinalTest,Participant ID|Instructions|Q19|Q2 |Q3|Q15|Q9|Q16|Q10|Q8|Q1|Q17|Q4|Q12|Q6|Q7|Q20|Q18|Q14|Q5|Q13|Q11|Debrief
28/06/2025 15:10,28/06/2025 15:18,IP Address,100,489,TRUE,28/06/2025 15:18,R_2nAh0u3rjXQWI1r,anonymous,EN,0.800000012,5ecf5a78ba30501d2ca5e34b,(d) They enhance memory recall and cognitive processing.,(d) The individual's own pre-existing mental contents.,(a) Prioritize getting the necessary funding and expertise through public outreach.,(c) A lost breakthrough opportunity to alleviate significant human suffering.,(c) The specific dosage administered to different individuals.,"(c) Statements 1, 2, 4",(c) By encouraging acceptance and understanding of differing viewpoints.,(c) Catalyze deep personal re-orientation and commitment to a cause.,(b) Psychedelic therapy aims to resolve underlying issues.,(d) Test the drug's effects in isolation from therapy.,(d) Recreational use of MDMA can sometime lead to therapeutic insights.,(d) Create a safe space for the patient's own healing to emerge.,(d) Enhancing the brain's capacity for logical reasoning.,(b) A perception of reality with less personal bias.,"(c) Reduced amygdala activity, increased prefrontal activity, and oxytocin release.",(c) Reduces fear and increases affiliative tendencies.,(c) Legalize and approve funded research through established medical channels.,(b) Administration would only be done by specifically credentialed practitioners.,(b) Statement 3 only,(a) A broader application of psychedelics for human flourishing.,12,5ecf5a78ba30501d2ca5e34b,PsychedelicsFinalTest,Participant ID|Instructions|Q13|Q1|Q15|Q6|Q19|Q4|Q9|Q12|Q18|Q7|Q8|Q16|Q20|Q11|Q2 |Q10|Q5|Q3|Q14|Q17|Debrief
29/06/2025 00:01,29/06/2025 00:03,IP Address,100,142,TRUE,29/06/2025 00:03,R_2aFdqOKGvxP0TO4,anonymous,EN,1,66d44140d05dc9d8c9889ed2,(d) They enhance memory recall and cognitive processing.,(a) External stimuli amplified by psychedelics.,(c) Implement stricter controls and ethical regulations early on.,(a) A major impediment in our understanding of neural mechanisms.,(b) The user’s prior unique experiences with other psychoactive drugs.,"(b) Statements 2, 3",(c) By encouraging acceptance and understanding of differing viewpoints.,(c) Catalyze deep personal re-orientation and commitment to a cause.,(d) Conventional drugs are designed for short-term use only.,(d) Test the drug's effects in isolation from therapy.,(c) The context and support are crucial for MDMA's effectiveness.,(c) Minimize all emotional expression during the session.,(d) Enhancing the brain's capacity for logical reasoning.,(c) A complete inability to access personal memories.,(b) Decreased oxytocin release and heightened DMN activity.,(d) Enhances complex problem-solving abilities.,"(a) Ensure rapid, low-cost availability and accessibility of psychedelics.",(a) MDMA would be available as a take-home prescription.,(c) Statements 2 and 3,(a) A broader application of psychedelics for human flourishing.,4,66d44140d05dc9d8c9889ed2,PsychedelicsFinalTest,Participant ID|Instructions|Q20|Q7|Q14|Q19|Q16|Q13|Q10|Q18|Q11|Q6|Q5|Q8|Q17|Q9|Q2 |Q12|Q1|Q15|Q3|Q4|Debrief
11/07/2025 03:02,11/07/2025 03:05,IP Address,100,151,TRUE,11/07/2025 03:05,R_8rq25TN408As4CM,anonymous,EN,0.899999976,651c1d7524852e9f9d614ce3,(c) They provide a means to explore our inner workings.,(d) The individual's own pre-existing mental contents.,(c) Implement stricter controls and ethical regulations early on.,(d) A decreased reliability in spiritually therapeutic interventions.,(d) The interplay between the individual’s mindset and usage environment.,"(a) Statements 1, 4",(b) By fostering a sense of interconnectedness and unity.,(c) Catalyze deep personal re-orientation and commitment to a cause.,(b) Psychedelic therapy aims to resolve underlying issues.,(d) Test the drug's effects in isolation from therapy.,(c) The context and support are crucial for MDMA's effectiveness.,(a) Interpret the patient's visions and provide solutions.,(b) Strengthening the individual's established sense of self.,(d) An increased feeling of detachment from others.,(a) Increased amygdala activity and reduced prefrontal cortex activity.,(c) Reduces fear and increases affiliative tendencies.,(c) Legalize and approve funded research through established medical channels.,(b) Administration would only be done by specifically credentialed practitioners.,(a) Statement 2 only,(d) A shift in focus from treating severe mental illnesses.,11,651c1d7524852e9f9d614ce3,PsychedelicsFinalTest,Participant ID|Instructions|Q16|Q15|Q5|Q13|Q2 |Q19|Q4|Q10|Q3|Q9|Q8|Q7|Q20|Q1|Q6|Q14|Q12|Q11|Q18|Q17|Debrief
11/07/2025 03:01,11/07/2025 03:06,IP Address,100,324,TRUE,11/07/2025 03:06,R_8fefYlYS1zVgzkK,anonymous,EN,1,59e7232f24d7bf00012f112e,(a) They induce states of deep relaxation.,(a) External stimuli amplified by psychedelics.,(d) Focus on non-therapeutic applications before using them for therapy.,(c) A lost breakthrough opportunity to alleviate significant human suffering.,(a) The unstable and complex chemical composition of the substance.,"(a) Statements 1, 4",(b) By fostering a sense of interconnectedness and unity.,(a) Provide long-lasting relief from existential anxieties.,(c) Conventional drugs prioritize long-term emotional growth.,(a) Facilitate profound and enduring psychological transformation.,(c) The context and support are crucial for MDMA's effectiveness.,(d) Create a safe space for the patient's own healing to emerge.,(c) Temporarily loosening rigid patterns of thought and self-perception.,(d) An increased feeling of detachment from others.,"(c) Reduced amygdala activity, increased prefrontal activity, and oxytocin release.",(c) Reduces fear and increases affiliative tendencies.,(c) Legalize and approve funded research through established medical channels.,(b) Administration would only be done by specifically credentialed practitioners.,(c) Statements 2 and 3,(a) A broader application of psychedelics for human flourishing.,11,59e7232f24d7bf00012f112e,PsychedelicsFinalTest,Participant ID|Instructions|Q7|Q19|Q20|Q13|Q5|Q8|Q12|Q6|Q2 |Q9|Q10|Q18|Q1|Q17|Q4|Q15|Q11|Q16|Q3|Q14|Debrief
11/07/2025 03:01,11/07/2025 03:08,IP Address,100,376,TRUE,11/07/2025 03:08,R_8jVZdgSK9aAL8Oa,anonymous,EN,1,5ec569b654c5b852e7502a54,(d) They enhance memory recall and cognitive processing.,(c) The individual’s immediate physical and social surroundings.,(c) Implement stricter controls and ethical regulations early on.,(a) A major impediment in our understanding of neural mechanisms.,(d) The interplay between the individual’s mindset and usage environment.,"(b) Statements 2, 3",(b) By fostering a sense of interconnectedness and unity.,(d) Break down complex issues into simple solutions.,(b) Psychedelic therapy aims to resolve underlying issues.,(a) Facilitate profound and enduring psychological transformation.,(c) The context and support are crucial for MDMA's effectiveness.,(d) Create a safe space for the patient's own healing to emerge.,(a) Permanently increasing the brain's overall plasticity.,(b) A perception of reality with less personal bias.,(a) Increased amygdala activity and reduced prefrontal cortex activity.,(a) Heightens sensory awareness and exploration.,(c) Legalize and approve funded research through established medical channels.,(b) Administration would only be done by specifically credentialed practitioners.,(a) Statement 2 only,(a) A broader application of psychedelics for human flourishing.,11,5ec569b654c5b852e7502a54,PsychedelicsFinalTest,Participant ID|Instructions|Q16|Q9|Q12|Q10|Q5|Q7|Q18|Q17|Q2 |Q11|Q1|Q6|Q19|Q15|Q8|Q14|Q3|Q20|Q4|Q13|Debrief
11/07/2025 03:01,11/07/2025 03:08,IP Address,100,403,TRUE,11/07/2025 03:08,R_2DpVICpwXFDVXpL,anonymous,EN,1,5aae93f5fb22320001baaaac,(d) They enhance memory recall and cognitive processing.,(d) The individual's own pre-existing mental contents.,(a) Prioritize getting the necessary funding and expertise through public outreach.,(a) A major impediment in our understanding of neural mechanisms.,(c) The specific dosage administered to different individuals.,"(a) Statements 1, 4",(b) By fostering a sense of interconnectedness and unity.,(d) Break down complex issues into simple solutions.,(b) Psychedelic therapy aims to resolve underlying issues.,(a) Facilitate profound and enduring psychological transformation.,(c) The context and support are crucial for MDMA's effectiveness.,(d) Create a safe space for the patient's own healing to emerge.,(c) Temporarily loosening rigid patterns of thought and self-perception.,(b) A perception of reality with less personal bias.,"(c) Reduced amygdala activity, increased prefrontal activity, and oxytocin release.",(c) Reduces fear and increases affiliative tendencies.,(c) Legalize and approve funded research through established medical channels.,(b) Administration would only be done by specifically credentialed practitioners.,(a) Statement 2 only,(d) A shift in focus from treating severe mental illnesses.,12,5aae93f5fb22320001baaaac,PsychedelicsFinalTest,Participant ID|Instructions|Q15|Q9|Q12|Q19|Q2 |Q20|Q6|Q1|Q13|Q8|Q11|Q4|Q17|Q18|Q10|Q5|Q3|Q7|Q14|Q16|Debrief
11/07/2025 03:02,11/07/2025 03:08,IP Address,100,365,TRUE,11/07/2025 03:08,R_8711maICcIFsfj8,anonymous,EN,1,5987030cfd8cca00015cbc26,(b) They promote for creative problem-solving abilities.,(d) The individual's own pre-existing mental contents.,(c) Implement stricter controls and ethical regulations early on.,(b) An increase in the prevalence of illicit global drug trafficking.,(c) The specific dosage administered to different individuals.,"(a) Statements 1, 4",(b) By fostering a sense of interconnectedness and unity.,(a) Provide long-lasting relief from existential anxieties.,(b) Psychedelic therapy aims to resolve underlying issues.,(c) Tackle root causes by addressing the symptoms directly.,(c) The context and support are crucial for MDMA's effectiveness.,(d) Create a safe space for the patient's own healing to emerge.,(c) Temporarily loosening rigid patterns of thought and self-perception.,(b) A perception of reality with less personal bias.,"(d) Increased hippocampus activity, decreased DMN activity, and oxytocin release.",(c) Reduces fear and increases affiliative tendencies.,(c) Legalize and approve funded research through established medical channels.,(b) Administration would only be done by specifically credentialed practitioners.,(a) Statement 2 only,(d) A shift in focus from treating severe mental illnesses.,11,5987030cfd8cca00015cbc26,PsychedelicsFinalTest,Participant ID|Instructions|Q5|Q14|Q15|Q19|Q9|Q3|Q11|Q4|Q7|Q12|Q20|Q17|Q13|Q16|Q6|Q1|Q18|Q2 |Q8|Q10|Debrief
11/07/2025 03:01,11/07/2025 03:08,IP Address,100,433,TRUE,11/07/2025 03:08,R_8n12mnlWhsZEqGG,anonymous,EN,1,60eaeaa416ee31f32d13393c,(c) They provide a means to explore our inner workings.,(b) Entirely novel cognitions brought about by psychedelics.,(c) Implement stricter controls and ethical regulations early on.,(b) An increase in the prevalence of illicit global drug trafficking.,(d) The interplay between the individual’s mindset and usage environment.,"(a) Statements 1, 4",(b) By fostering a sense of interconnectedness and unity.,(c) Catalyze deep personal re-orientation and commitment to a cause.,(b) Psychedelic therapy aims to resolve underlying issues.,(c) Tackle root causes by addressing the symptoms directly.,(c) The context and support are crucial for MDMA's effectiveness.,(d) Create a safe space for the patient's own healing to emerge.,(c) Temporarily loosening rigid patterns of thought and self-perception.,(b) A perception of reality with less personal bias.,"(c) Reduced amygdala activity, increased prefrontal activity, and oxytocin release.",(a) Heightens sensory awareness and exploration.,(c) Legalize and approve funded research through established medical channels.,(b) Administration would only be done by specifically credentialed practitioners.,(b) Statement 3 only,(d) A shift in focus from treating severe mental illnesses.,14,60eaeaa416ee31f32d13393c,PsychedelicsFinalTest,Participant ID|Instructions|Q16|Q3|Q8|Q15|Q18|Q7|Q13|Q5|Q2 |Q17|Q11|Q1|Q20|Q12|Q10|Q9|Q6|Q4|Q14|Q19|Debrief
11/07/2025 03:02,11/07/2025 03:09,IP Address,100,397,TRUE,11/07/2025 03:09,R_8Dc8AFd3OYpDEcN,anonymous,EN,1,5eaadc0a7adeb404eea9c3c0,(c) They provide a means to explore our inner workings.,(b) Entirely novel cognitions brought about by psychedelics.,(a) Prioritize getting the necessary funding and expertise through public outreach.,(a) A major impediment in our understanding of neural mechanisms.,(a) The unstable and complex chemical composition of the substance.,"(a) Statements 1, 4",(c) By encouraging acceptance and understanding of differing viewpoints.,(a) Provide long-lasting relief from existential anxieties.,(b) Psychedelic therapy aims to resolve underlying issues.,(d) Test the drug's effects in isolation from therapy.,(c) The context and support are crucial for MDMA's effectiveness.,(d) Create a safe space for the patient's own healing to emerge.,(b) Strengthening the individual's established sense of self.,(b) A perception of reality with less personal bias.,(a) Increased amygdala activity and reduced prefrontal cortex activity.,(c) Reduces fear and increases affiliative tendencies.,(c) Legalize and approve funded research through established medical channels.,(b) Administration would only be done by specifically credentialed practitioners.,(b) Statement 3 only,(d) A shift in focus from treating severe mental illnesses.,9,5eaadc0a7adeb404eea9c3c0,PsychedelicsFinalTest,Participant ID|Instructions|Q3|Q15|Q19|Q7|Q11|Q20|Q5|Q17|Q6|Q13|Q12|Q16|Q18|Q2 |Q8|Q4|Q10|Q14|Q1|Q9|Debrief
11/07/2025 03:01,11/07/2025 03:09,IP Address,100,438,TRUE,11/07/2025 03:09,R_81Yr8qSBlbXhc6c,anonymous,EN,1,65537e14439274fe5036b4d2,(c) They provide a means to explore our inner workings.,(b) Entirely novel cognitions brought about by psychedelics.,(c) Implement stricter controls and ethical regulations early on.,(c) A lost breakthrough opportunity to alleviate significant human suffering.,(d) The interplay between the individual’s mindset and usage environment.,"(a) Statements 1, 4",(b) By fostering a sense of interconnectedness and unity.,(a) Provide long-lasting relief from existential anxieties.,(b) Psychedelic therapy aims to resolve underlying issues.,(a) Facilitate profound and enduring psychological transformation.,(c) The context and support are crucial for MDMA's effectiveness.,(d) Create a safe space for the patient's own healing to emerge.,(c) Temporarily loosening rigid patterns of thought and self-perception.,(a) A heightened sense of confusion and disorientation.,"(c) Reduced amygdala activity, increased prefrontal activity, and oxytocin release.",(c) Reduces fear and increases affiliative tendencies.,(c) Legalize and approve funded research through established medical channels.,(b) Administration would only be done by specifically credentialed practitioners.,(b) Statement 3 only,(d) A shift in focus from treating severe mental illnesses.,15,65537e14439274fe5036b4d2,PsychedelicsFinalTest,Participant ID|Instructions|Q19|Q11|Q6|Q9|Q17|Q14|Q15|Q3|Q13|Q12|Q10|Q20|Q18|Q5|Q16|Q4|Q1|Q8|Q2 |Q7|Debrief
11/07/2025 03:03,11/07/2025 03:09,IP Address,100,369,TRUE,11/07/2025 03:09,R_8E11NgVbMfWbhvT,anonymous,EN,0.899999976,67e282f63445e665072a9861,(d) They enhance memory recall and cognitive processing.,(d) The individual's own pre-existing mental contents.,(c) Implement stricter controls and ethical regulations early on.,(c) A lost breakthrough opportunity to alleviate significant human suffering.,(c) The specific dosage administered to different individuals.,"(a) Statements 1, 4",(c) By encouraging acceptance and understanding of differing viewpoints.,(b) Enhance professional and academic pursuits.,(b) Psychedelic therapy aims to resolve underlying issues.,(c) Tackle root causes by addressing the symptoms directly.,(c) The context and support are crucial for MDMA's effectiveness.,(d) Create a safe space for the patient's own healing to emerge.,(d) Enhancing the brain's capacity for logical reasoning.,(b) A perception of reality with less personal bias.,"(c) Reduced amygdala activity, increased prefrontal activity, and oxytocin release.",(c) Reduces fear and increases affiliative tendencies.,(c) Legalize and approve funded research through established medical channels.,(b) Administration would only be done by specifically credentialed practitioners.,(b) Statement 3 only,(a) A broader application of psychedelics for human flourishing.,13,67e282f63445e665072a9861,PsychedelicsFinalTest,Participant ID|Instructions|Q11|Q9|Q15|Q18|Q19|Q16|Q10|Q1|Q13|Q4|Q12|Q6|Q2 |Q7|Q20|Q14|Q5|Q17|Q8|Q3|Debrief
11/07/2025 03:03,11/07/2025 03:09,IP Address,100,371,TRUE,11/07/2025 03:09,R_8v7xVyUysXE4KRl,anonymous,EN,1,65804dc6b00fe596b885c595,(c) They provide a means to explore our inner workings.,(c) The individual’s immediate physical and social surroundings.,(c) Implement stricter controls and ethical regulations early on.,(c) A lost breakthrough opportunity to alleviate significant human suffering.,(d) The interplay between the individual’s mindset and usage environment.,"(a) Statements 1, 4",(c) By encouraging acceptance and understanding of differing viewpoints.,(a) Provide long-lasting relief from existential anxieties.,(b) Psychedelic therapy aims to resolve underlying issues.,(b) Minimize the need for therapy-client interaction in the healing process.,(c) The context and support are crucial for MDMA's effectiveness.,(b) Guide the patient through a pre-set series of exercises.,(b) Strengthening the individual's established sense of self.,(b) A perception of reality with less personal bias.,(b) Decreased oxytocin release and heightened DMN activity.,(c) Reduces fear and increases affiliative tendencies.,(c) Legalize and approve funded research through established medical channels.,"(c) MDMA could be used in large, group therapy settings.","(d) Statements 1, 2, 3, and 4",(a) A broader application of psychedelics for human flourishing.,10,65804dc6b00fe596b885c595,PsychedelicsFinalTest,Participant ID|Instructions|Q20|Q17|Q8|Q2 |Q12|Q11|Q6|Q19|Q14|Q13|Q18|Q7|Q9|Q10|Q15|Q16|Q5|Q1|Q4|Q3|Debrief
11/07/2025 03:03,11/07/2025 03:10,IP Address,100,411,TRUE,11/07/2025 03:10,R_8qQmXyXw6n3HaNj,anonymous,EN,0.100000001,60154af277ec314fd8fe1449,(d) They enhance memory recall and cognitive processing.,(c) The individual’s immediate physical and social surroundings.,(b) Conduct more randomized controlled trials in non-clinical populations.,(a) A major impediment in our understanding of neural mechanisms.,(d) The interplay between the individual’s mindset and usage environment.,"(b) Statements 2, 3",(b) By fostering a sense of interconnectedness and unity.,(c) Catalyze deep personal re-orientation and commitment to a cause.,(d) Conventional drugs are designed for short-term use only.,(a) Facilitate profound and enduring psychological transformation.,(c) The context and support are crucial for MDMA's effectiveness.,(a) Interpret the patient's visions and provide solutions.,(c) Temporarily loosening rigid patterns of thought and self-perception.,(a) A heightened sense of confusion and disorientation.,"(c) Reduced amygdala activity, increased prefrontal activity, and oxytocin release.",(c) Reduces fear and increases affiliative tendencies.,"(a) Ensure rapid, low-cost availability and accessibility of psychedelics.",(b) Administration would only be done by specifically credentialed practitioners.,"(d) Statements 1, 2, 3, and 4",(c) The gradual replacement of other conventional therapies.,9,60154af277ec314fd8fe1449,PsychedelicsFinalTest,Participant ID|Instructions|Q15|Q3|Q10|Q11|Q9|Q1|Q19|Q14|Q16|Q7|Q17|Q4|Q13|Q8|Q20|Q5|Q2 |Q6|Q12|Q18|Debrief
11/07/2025 03:02,11/07/2025 03:11,IP Address,100,530,TRUE,11/07/2025 03:11,R_2Imk4POXIpIkvwN,anonymous,EN,0.899999976,610a879e6500d1d653b3da54,(d) They enhance memory recall and cognitive processing.,(d) The individual's own pre-existing mental contents.,(b) Conduct more randomized controlled trials in non-clinical populations.,(c) A lost breakthrough opportunity to alleviate significant human suffering.,(d) The interplay between the individual’s mindset and usage environment.,"(a) Statements 1, 4",(c) By encouraging acceptance and understanding of differing viewpoints.,(a) Provide long-lasting relief from existential anxieties.,(b) Psychedelic therapy aims to resolve underlying issues.,(c) Tackle root causes by addressing the symptoms directly.,(c) The context and support are crucial for MDMA's effectiveness.,(d) Create a safe space for the patient's own healing to emerge.,(b) Strengthening the individual's established sense of self.,(b) A perception of reality with less personal bias.,"(c) Reduced amygdala activity, increased prefrontal activity, and oxytocin release.",(a) Heightens sensory awareness and exploration.,(d) Advocate for the immediate decriminalization of all psychedelics.,(b) Administration would only be done by specifically credentialed practitioners.,(b) Statement 3 only,(a) A broader application of psychedelics for human flourishing.,11,610a879e6500d1d653b3da54,PsychedelicsFinalTest,Participant ID|Instructions|Q19|Q4|Q14|Q3|Q12|Q1|Q13|Q2 |Q6|Q18|Q17|Q10|Q20|Q15|Q16|Q8|Q11|Q9|Q5|Q7|Debrief
11/07/2025 03:02,11/07/2025 03:11,IP Address,100,570,TRUE,11/07/2025 03:11,R_2Io3XLa5PbBAztO,anonymous,EN,0.899999976,5ced66139b5b490001b688ed,(c) They provide a means to explore our inner workings.,(d) The individual's own pre-existing mental contents.,(c) Implement stricter controls and ethical regulations early on.,(c) A lost breakthrough opportunity to alleviate significant human suffering.,(c) The specific dosage administered to different individuals.,"(b) Statements 2, 3",(c) By encouraging acceptance and understanding of differing viewpoints.,(a) Provide long-lasting relief from existential anxieties.,(b) Psychedelic therapy aims to resolve underlying issues.,(b) Minimize the need for therapy-client interaction in the healing process.,(c) The context and support are crucial for MDMA's effectiveness.,(d) Create a safe space for the patient's own healing to emerge.,(b) Strengthening the individual's established sense of self.,(b) A perception of reality with less personal bias.,"(c) Reduced amygdala activity, increased prefrontal activity, and oxytocin release.",(a) Heightens sensory awareness and exploration.,(c) Legalize and approve funded research through established medical channels.,(b) Administration would only be done by specifically credentialed practitioners.,(b) Statement 3 only,(d) A shift in focus from treating severe mental illnesses.,12,5ced66139b5b490001b688ed,PsychedelicsFinalTest,Participant ID|Instructions|Q19|Q5|Q17|Q4|Q8|Q6|Q16|Q2 |Q1|Q18|Q14|Q15|Q10|Q20|Q3|Q12|Q9|Q13|Q11|Q7|Debrief
11/07/2025 03:03,11/07/2025 03:12,IP Address,100,495,TRUE,11/07/2025 03:12,R_82i12uvXs7g7jXF,anonymous,EN,0.800000012,5edca29654fe059801608fc0,(b) They promote for creative problem-solving abilities.,(a) External stimuli amplified by psychedelics.,(a) Prioritize getting the necessary funding and expertise through public outreach.,(c) A lost breakthrough opportunity to alleviate significant human suffering.,(c) The specific dosage administered to different individuals.,"(a) Statements 1, 4",(b) By fostering a sense of interconnectedness and unity.,(a) Provide long-lasting relief from existential anxieties.,(b) Psychedelic therapy aims to resolve underlying issues.,(c) Tackle root causes by addressing the symptoms directly.,(b) Higher doses of MDMA are required for therapeutic benefit.,(d) Create a safe space for the patient's own healing to emerge.,(d) Enhancing the brain's capacity for logical reasoning.,(b) A perception of reality with less personal bias.,(a) Increased amygdala activity and reduced prefrontal cortex activity.,(a) Heightens sensory awareness and exploration.,"(a) Ensure rapid, low-cost availability and accessibility of psychedelics.","(c) MDMA could be used in large, group therapy settings.",(b) Statement 3 only,(c) The gradual replacement of other conventional therapies.,6,5edca29654fe059801608fc0,PsychedelicsFinalTest,Participant ID|Instructions|Q2 |Q3|Q12|Q20|Q10|Q13|Q7|Q5|Q8|Q16|Q14|Q15|Q4|Q11|Q6|Q19|Q18|Q17|Q9|Q1|Debrief
11/07/2025 03:04,11/07/2025 03:12,IP Address,100,482,TRUE,11/07/2025 03:12,R_2DuHDhscBuIO7za,anonymous,EN,1,5caccbc4976d010014b9cd9d,(d) They enhance memory recall and cognitive processing.,(d) The individual's own pre-existing mental contents.,(c) Implement stricter controls and ethical regulations early on.,(c) A lost breakthrough opportunity to alleviate significant human suffering.,(d) The interplay between the individual’s mindset and usage environment.,"(a) Statements 1, 4",(c) By encouraging acceptance and understanding of differing viewpoints.,(a) Provide long-lasting relief from existential anxieties.,(b) Psychedelic therapy aims to resolve underlying issues.,(c) Tackle root causes by addressing the symptoms directly.,(c) The context and support are crucial for MDMA's effectiveness.,(d) Create a safe space for the patient's own healing to emerge.,(d) Enhancing the brain's capacity for logical reasoning.,(a) A heightened sense of confusion and disorientation.,"(c) Reduced amygdala activity, increased prefrontal activity, and oxytocin release.",(c) Reduces fear and increases affiliative tendencies.,(c) Legalize and approve funded research through established medical channels.,(b) Administration would only be done by specifically credentialed practitioners.,(b) Statement 3 only,(a) A broader application of psychedelics for human flourishing.,13,5caccbc4976d010014b9cd9d,PsychedelicsFinalTest,Participant ID|Instructions|Q20|Q7|Q18|Q11|Q4|Q12|Q5|Q3|Q8|Q10|Q9|Q16|Q13|Q19|Q6|Q14|Q2 |Q1|Q17|Q15|Debrief
11/07/2025 03:06,11/07/2025 03:12,IP Address,100,413,TRUE,11/07/2025 03:12,R_2smfaGUDYDD7rvL,anonymous,EN,1,6673e154af89f4f85eaa7c73,(c) They provide a means to explore our inner workings.,(d) The individual's own pre-existing mental contents.,(a) Prioritize getting the necessary funding and expertise through public outreach.,(c) A lost breakthrough opportunity to alleviate significant human suffering.,(d) The interplay between the individual’s mindset and usage environment.,"(b) Statements 2, 3",(b) By fostering a sense of interconnectedness and unity.,(d) Break down complex issues into simple solutions.,(b) Psychedelic therapy aims to resolve underlying issues.,(a) Facilitate profound and enduring psychological transformation.,(c) The context and support are crucial for MDMA's effectiveness.,(d) Create a safe space for the patient's own healing to emerge.,(c) Temporarily loosening rigid patterns of thought and self-perception.,(b) A perception of reality with less personal bias.,"(c) Reduced amygdala activity, increased prefrontal activity, and oxytocin release.",(a) Heightens sensory awareness and exploration.,(c) Legalize and approve funded research through established medical channels.,(b) Administration would only be done by specifically credentialed practitioners.,(b) Statement 3 only,(d) A shift in focus from treating severe mental illnesses.,15,6673e154af89f4f85eaa7c73,PsychedelicsFinalTest,Participant ID|Instructions|Q15|Q19|Q5|Q6|Q14|Q7|Q12|Q11|Q17|Q18|Q8|Q13|Q20|Q1|Q2 |Q10|Q4|Q16|Q3|Q9|Debrief
11/07/2025 03:02,11/07/2025 03:13,IP Address,100,706,TRUE,11/07/2025 03:13,R_2wiOyRPYWrqQn7X,anonymous,EN,1,5c50efd2cc71f4000125ce0d,(c) They provide a means to explore our inner workings.,(a) External stimuli amplified by psychedelics.,(d) Focus on non-therapeutic applications before using them for therapy.,(a) A major impediment in our understanding of neural mechanisms.,(a) The unstable and complex chemical composition of the substance.,"(c) Statements 1, 2, 4",(a) By promoting adherence to a single global ideology.,(a) Provide long-lasting relief from existential anxieties.,"(a) Psychedelic therapy focuses on harmful, immediate behavioral changes.",(a) Facilitate profound and enduring psychological transformation.,(d) Recreational use of MDMA can sometime lead to therapeutic insights.,(a) Interpret the patient's visions and provide solutions.,(a) Permanently increasing the brain's overall plasticity.,(c) A complete inability to access personal memories.,(a) Increased amygdala activity and reduced prefrontal cortex activity.,(a) Heightens sensory awareness and exploration.,"(a) Ensure rapid, low-cost availability and accessibility of psychedelics.",(b) Administration would only be done by specifically credentialed practitioners.,"(d) Statements 1, 2, 3, and 4",(c) The gradual replacement of other conventional therapies.,3,5c50efd2cc71f4000125ce0d,PsychedelicsFinalTest,Participant ID|Instructions|Q6|Q11|Q20|Q8|Q9|Q14|Q1|Q3|Q18|Q5|Q10|Q4|Q17|Q12|Q7|Q19|Q16|Q15|Q13|Q2 |Debrief
11/07/2025 03:08,11/07/2025 03:14,IP Address,100,346,TRUE,11/07/2025 03:14,R_2JFQvrQNE2Jhm5G,anonymous,EN,0.899999976,5fe0b183d8918b2030aa99a0,(b) They promote for creative problem-solving abilities.,(d) The individual's own pre-existing mental contents.,(c) Implement stricter controls and ethical regulations early on.,(c) A lost breakthrough opportunity to alleviate significant human suffering.,(d) The interplay between the individual’s mindset and usage environment.,"(a) Statements 1, 4",(c) By encouraging acceptance and understanding of differing viewpoints.,(b) Enhance professional and academic pursuits.,(b) Psychedelic therapy aims to resolve underlying issues.,(a) Facilitate profound and enduring psychological transformation.,(c) The context and support are crucial for MDMA's effectiveness.,(d) Create a safe space for the patient's own healing to emerge.,(c) Temporarily loosening rigid patterns of thought and self-perception.,(b) A perception of reality with less personal bias.,"(c) Reduced amygdala activity, increased prefrontal activity, and oxytocin release.",(c) Reduces fear and increases affiliative tendencies.,(c) Legalize and approve funded research through established medical channels.,(b) Administration would only be done by specifically credentialed practitioners.,(b) Statement 3 only,(a) A broader application of psychedelics for human flourishing.,16,5fe0b183d8918b2030aa99a0,PsychedelicsFinalTest,Participant ID|Instructions|Q20|Q19|Q2 |Q13|Q9|Q14|Q16|Q17|Q10|Q7|Q3|Q5|Q4|Q12|Q11|Q15|Q18|Q8|Q1|Q6|Debrief
11/07/2025 03:05,11/07/2025 03:14,IP Address,100,554,TRUE,11/07/2025 03:14,R_2hzKah1zYHXnEfT,anonymous,EN,1,65787269e68b8f57359ac1ab,(c) They provide a means to explore our inner workings.,(d) The individual's own pre-existing mental contents.,(c) Implement stricter controls and ethical regulations early on.,(c) A lost breakthrough opportunity to alleviate significant human suffering.,(d) The interplay between the individual’s mindset and usage environment.,"(a) Statements 1, 4",(b) By fostering a sense of interconnectedness and unity.,(a) Provide long-lasting relief from existential anxieties.,(b) Psychedelic therapy aims to resolve underlying issues.,(a) Facilitate profound and enduring psychological transformation.,(c) The context and support are crucial for MDMA's effectiveness.,(d) Create a safe space for the patient's own healing to emerge.,(c) Temporarily loosening rigid patterns of thought and self-perception.,(b) A perception of reality with less personal bias.,"(c) Reduced amygdala activity, increased prefrontal activity, and oxytocin release.",(c) Reduces fear and increases affiliative tendencies.,(c) Legalize and approve funded research through established medical channels.,(b) Administration would only be done by specifically credentialed practitioners.,(b) Statement 3 only,(a) A broader application of psychedelics for human flourishing.,18,65787269e68b8f57359ac1ab,PsychedelicsFinalTest,Participant ID|Instructions|Q16|Q18|Q3|Q12|Q14|Q17|Q6|Q15|Q5|Q7|Q10|Q8|Q9|Q4|Q1|Q2 |Q13|Q20|Q11|Q19|Debrief
11/07/2025 03:03,11/07/2025 03:16,IP Address,100,789,TRUE,11/07/2025 03:16,R_8ezDOfVxP5o8S0s,anonymous,EN,0.899999976,611e4473b1bc14664b7aa068,(d) They enhance memory recall and cognitive processing.,(c) The individual’s immediate physical and social surroundings.,(b) Conduct more randomized controlled trials in non-clinical populations.,(b) An increase in the prevalence of illicit global drug trafficking.,(d) The interplay between the individual’s mindset and usage environment.,"(a) Statements 1, 4",(c) By encouraging acceptance and understanding of differing viewpoints.,(b) Enhance professional and academic pursuits.,(b) Psychedelic therapy aims to resolve underlying issues.,(d) Test the drug's effects in isolation from therapy.,(c) The context and support are crucial for MDMA's effectiveness.,(d) Create a safe space for the patient's own healing to emerge.,(c) Temporarily loosening rigid patterns of thought and self-perception.,(a) A heightened sense of confusion and disorientation.,"(c) Reduced amygdala activity, increased prefrontal activity, and oxytocin release.",(a) Heightens sensory awareness and exploration.,(c) Legalize and approve funded research through established medical channels.,(b) Administration would only be done by specifically credentialed practitioners.,(b) Statement 3 only,(d) A shift in focus from treating severe mental illnesses.,9,611e4473b1bc14664b7aa068,PsychedelicsFinalTest,Participant ID|Instructions|Q13|Q9|Q17|Q18|Q14|Q11|Q20|Q15|Q3|Q6|Q5|Q1|Q8|Q10|Q16|Q7|Q4|Q12|Q19|Q2 |Debrief
11/07/2025 03:07,11/07/2025 03:18,IP Address,100,655,TRUE,11/07/2025 03:18,R_2uUwDWhXGcFyk8N,anonymous,EN,0.5,5ed01d3049ff960da5db12a5,(c) They provide a means to explore our inner workings.,(b) Entirely novel cognitions brought about by psychedelics.,(c) Implement stricter controls and ethical regulations early on.,(c) A lost breakthrough opportunity to alleviate significant human suffering.,(d) The interplay between the individual’s mindset and usage environment.,"(c) Statements 1, 2, 4",(b) By fostering a sense of interconnectedness and unity.,(c) Catalyze deep personal re-orientation and commitment to a cause.,(b) Psychedelic therapy aims to resolve underlying issues.,(a) Facilitate profound and enduring psychological transformation.,(c) The context and support are crucial for MDMA's effectiveness.,(d) Create a safe space for the patient's own healing to emerge.,(b) Strengthening the individual's established sense of self.,(b) A perception of reality with less personal bias.,"(c) Reduced amygdala activity, increased prefrontal activity, and oxytocin release.",(a) Heightens sensory awareness and exploration.,(c) Legalize and approve funded research through established medical channels.,(b) Administration would only be done by specifically credentialed practitioners.,(b) Statement 3 only,(a) A broader application of psychedelics for human flourishing.,16,5ed01d3049ff960da5db12a5,PsychedelicsFinalTest,Participant ID|Instructions|Q19|Q16|Q15|Q20|Q13|Q3|Q17|Q11|Q14|Q2 |Q7|Q12|Q8|Q5|Q6|Q9|Q4|Q18|Q10|Q1|Debrief
11/07/2025 03:05,11/07/2025 03:18,IP Address,100,749,TRUE,11/07/2025 03:18,R_2UWtU7sQZVvRsPL,anonymous,EN,0.100000001,5c5cad3e4ee81200018eafe2,(c) They provide a means to explore our inner workings.,(d) The individual's own pre-existing mental contents.,(a) Prioritize getting the necessary funding and expertise through public outreach.,(c) A lost breakthrough opportunity to alleviate significant human suffering.,(b) The user’s prior unique experiences with other psychoactive drugs.,"(d) Statements 1, 3, 4",(b) By fostering a sense of interconnectedness and unity.,(a) Provide long-lasting relief from existential anxieties.,(b) Psychedelic therapy aims to resolve underlying issues.,(c) Tackle root causes by addressing the symptoms directly.,(c) The context and support are crucial for MDMA's effectiveness.,(d) Create a safe space for the patient's own healing to emerge.,(b) Strengthening the individual's established sense of self.,(d) An increased feeling of detachment from others.,(a) Increased amygdala activity and reduced prefrontal cortex activity.,(c) Reduces fear and increases affiliative tendencies.,(c) Legalize and approve funded research through established medical channels.,(b) Administration would only be done by specifically credentialed practitioners.,(b) Statement 3 only,(a) A broader application of psychedelics for human flourishing.,13,5c5cad3e4ee81200018eafe2,PsychedelicsFinalTest,Participant ID|Instructions|Q10|Q18|Q6|Q11|Q8|Q20|Q17|Q12|Q15|Q1|Q9|Q7|Q3|Q16|Q19|Q2 |Q4|Q5|Q13|Q14|Debrief
11/07/2025 03:14,11/07/2025 03:19,IP Address,100,274,TRUE,11/07/2025 03:19,R_89STHeFzMYYlh97,anonymous,EN,1,62c862b854735cb56e44ae1f,(d) They enhance memory recall and cognitive processing.,(c) The individual’s immediate physical and social surroundings.,(b) Conduct more randomized controlled trials in non-clinical populations.,(a) A major impediment in our understanding of neural mechanisms.,(c) The specific dosage administered to different individuals.,"(a) Statements 1, 4",(d) By increasing self-reliance and independence.,(a) Provide long-lasting relief from existential anxieties.,(b) Psychedelic therapy aims to resolve underlying issues.,(c) Tackle root causes by addressing the symptoms directly.,(c) The context and support are crucial for MDMA's effectiveness.,(a) Interpret the patient's visions and provide solutions.,(b) Strengthening the individual's established sense of self.,(a) A heightened sense of confusion and disorientation.,"(c) Reduced amygdala activity, increased prefrontal activity, and oxytocin release.",(c) Reduces fear and increases affiliative tendencies.,(c) Legalize and approve funded research through established medical channels.,(b) Administration would only be done by specifically credentialed practitioners.,(c) Statements 2 and 3,(d) A shift in focus from treating severe mental illnesses.,6,62c862b854735cb56e44ae1f,PsychedelicsFinalTest,Participant ID|Instructions|Q19|Q10|Q11|Q17|Q3|Q2 |Q12|Q1|Q6|Q8|Q9|Q16|Q18|Q13|Q20|Q4|Q7|Q15|Q5|Q14|Debrief
11/07/2025 03:12,11/07/2025 03:20,IP Address,100,495,TRUE,11/07/2025 03:20,R_8s5DbSUonqqKtui,anonymous,EN,0.899999976,61026015b70c93b95254a4ca,(d) They enhance memory recall and cognitive processing.,(d) The individual's own pre-existing mental contents.,(c) Implement stricter controls and ethical regulations early on.,(c) A lost breakthrough opportunity to alleviate significant human suffering.,(d) The interplay between the individual’s mindset and usage environment.,"(a) Statements 1, 4",(b) By fostering a sense of interconnectedness and unity.,(a) Provide long-lasting relief from existential anxieties.,(b) Psychedelic therapy aims to resolve underlying issues.,(a) Facilitate profound and enduring psychological transformation.,(c) The context and support are crucial for MDMA's effectiveness.,(d) Create a safe space for the patient's own healing to emerge.,(d) Enhancing the brain's capacity for logical reasoning.,(b) A perception of reality with less personal bias.,"(c) Reduced amygdala activity, increased prefrontal activity, and oxytocin release.",(a) Heightens sensory awareness and exploration.,(c) Legalize and approve funded research through established medical channels.,(b) Administration would only be done by specifically credentialed practitioners.,(b) Statement 3 only,(a) A broader application of psychedelics for human flourishing.,15,61026015b70c93b95254a4ca,PsychedelicsFinalTest,Participant ID|Instructions|Q17|Q4|Q16|Q20|Q6|Q10|Q3|Q19|Q8|Q5|Q18|Q9|Q2 |Q15|Q14|Q13|Q7|Q1|Q11|Q12|Debrief
11/07/2025 03:08,11/07/2025 03:21,IP Address,100,750,TRUE,11/07/2025 03:21,R_2MLnjdCBGk8fXAZ,anonymous,EN,1,672f779907ad8e74fb666bef,(d) They enhance memory recall and cognitive processing.,(b) Entirely novel cognitions brought about by psychedelics.,(c) Implement stricter controls and ethical regulations early on.,(c) A lost breakthrough opportunity to alleviate significant human suffering.,(d) The interplay between the individual’s mindset and usage environment.,"(a) Statements 1, 4",(b) By fostering a sense of interconnectedness and unity.,(a) Provide long-lasting relief from existential anxieties.,(b) Psychedelic therapy aims to resolve underlying issues.,(c) Tackle root causes by addressing the symptoms directly.,(c) The context and support are crucial for MDMA's effectiveness.,(d) Create a safe space for the patient's own healing to emerge.,(c) Temporarily loosening rigid patterns of thought and self-perception.,(c) A complete inability to access personal memories.,(a) Increased amygdala activity and reduced prefrontal cortex activity.,(a) Heightens sensory awareness and exploration.,"(a) Ensure rapid, low-cost availability and accessibility of psychedelics.",(b) Administration would only be done by specifically credentialed practitioners.,(c) Statements 2 and 3,(a) A broader application of psychedelics for human flourishing.,10,672f779907ad8e74fb666bef,PsychedelicsFinalTest,Participant ID|Instructions|Q14|Q2 |Q17|Q19|Q5|Q8|Q1|Q15|Q11|Q6|Q10|Q18|Q4|Q9|Q16|Q20|Q3|Q12|Q7|Q13|Debrief
11/07/2025 03:15,11/07/2025 03:21,IP Address,100,357,TRUE,11/07/2025 03:21,R_80DvvnFpZH5SX2F,anonymous,EN,0.899999976,6720fbc84253185973cbe564,(c) They provide a means to explore our inner workings.,(d) The individual's own pre-existing mental contents.,(c) Implement stricter controls and ethical regulations early on.,(a) A major impediment in our understanding of neural mechanisms.,(d) The interplay between the individual’s mindset and usage environment.,"(a) Statements 1, 4",(b) By fostering a sense of interconnectedness and unity.,(b) Enhance professional and academic pursuits.,(b) Psychedelic therapy aims to resolve underlying issues.,(a) Facilitate profound and enduring psychological transformation.,(c) The context and support are crucial for MDMA's effectiveness.,(d) Create a safe space for the patient's own healing to emerge.,(c) Temporarily loosening rigid patterns of thought and self-perception.,(b) A perception of reality with less personal bias.,"(c) Reduced amygdala activity, increased prefrontal activity, and oxytocin release.",(c) Reduces fear and increases affiliative tendencies.,(c) Legalize and approve funded research through established medical channels.,(b) Administration would only be done by specifically credentialed practitioners.,(b) Statement 3 only,(a) A broader application of psychedelics for human flourishing.,17,6720fbc84253185973cbe564,PsychedelicsFinalTest,Participant ID|Instructions|Q17|Q7|Q4|Q18|Q1|Q8|Q9|Q15|Q19|Q14|Q2 |Q6|Q3|Q11|Q10|Q13|Q5|Q12|Q20|Q16|Debrief
11/07/2025 03:03,11/07/2025 03:22,IP Address,100,1159,TRUE,11/07/2025 03:22,R_8yrq7CsOtbSy5Oy,anonymous,EN,0.899999976,62d59b380be0866cf039e0ee,(d) They enhance memory recall and cognitive processing.,(a) External stimuli amplified by psychedelics.,(b) Conduct more randomized controlled trials in non-clinical populations.,(c) A lost breakthrough opportunity to alleviate significant human suffering.,(d) The interplay between the individual’s mindset and usage environment.,"(b) Statements 2, 3",(d) By increasing self-reliance and independence.,(a) Provide long-lasting relief from existential anxieties.,(b) Psychedelic therapy aims to resolve underlying issues.,(c) Tackle root causes by addressing the symptoms directly.,(d) Recreational use of MDMA can sometime lead to therapeutic insights.,(d) Create a safe space for the patient's own healing to emerge.,(d) Enhancing the brain's capacity for logical reasoning.,(b) A perception of reality with less personal bias.,"(d) Increased hippocampus activity, decreased DMN activity, and oxytocin release.",(c) Reduces fear and increases affiliative tendencies.,(c) Legalize and approve funded research through established medical channels.,"(c) MDMA could be used in large, group therapy settings.",(c) Statements 2 and 3,(c) The gradual replacement of other conventional therapies.,7,62d59b380be0866cf039e0ee,PsychedelicsFinalTest,Participant ID|Instructions|Q10|Q2 |Q14|Q15|Q13|Q20|Q1|Q11|Q3|Q19|Q17|Q6|Q18|Q12|Q5|Q8|Q16|Q9|Q4|Q7|Debrief
11/07/2025 03:01,11/07/2025 03:23,IP Address,100,1276,TRUE,11/07/2025 03:23,R_8zPjlTqFZ2tHStU,anonymous,EN,0.600000024,66f0765bb7f6c2ae6ef721ee,(c) They provide a means to explore our inner workings.,(a) External stimuli amplified by psychedelics.,(a) Prioritize getting the necessary funding and expertise through public outreach.,(d) A decreased reliability in spiritually therapeutic interventions.,(c) The specific dosage administered to different individuals.,"(d) Statements 1, 3, 4",(d) By increasing self-reliance and independence.,(a) Provide long-lasting relief from existential anxieties.,(b) Psychedelic therapy aims to resolve underlying issues.,(c) Tackle root causes by addressing the symptoms directly.,(d) Recreational use of MDMA can sometime lead to therapeutic insights.,(d) Create a safe space for the patient's own healing to emerge.,(d) Enhancing the brain's capacity for logical reasoning.,(b) A perception of reality with less personal bias.,(a) Increased amygdala activity and reduced prefrontal cortex activity.,(a) Heightens sensory awareness and exploration.,(c) Legalize and approve funded research through established medical channels.,(a) MDMA would be available as a take-home prescription.,(b) Statement 3 only,(d) A shift in focus from treating severe mental illnesses.,7,66f0765bb7f6c2ae6ef721ee,PsychedelicsFinalTest,Participant ID|Instructions|Q6|Q13|Q2 |Q4|Q12|Q20|Q10|Q11|Q16|Q3|Q9|Q18|Q15|Q1|Q5|Q8|Q14|Q19|Q7|Q17|Debrief
11/07/2025 03:11,11/07/2025 03:23,IP Address,100,686,TRUE,11/07/2025 03:23,R_2OwvYm2jqKBpMQV,anonymous,EN,0.899999976,669a80310e64395f4edd70b6,(a) They induce states of deep relaxation.,(b) Entirely novel cognitions brought about by psychedelics.,(a) Prioritize getting the necessary funding and expertise through public outreach.,(a) A major impediment in our understanding of neural mechanisms.,(d) The interplay between the individual’s mindset and usage environment.,"(a) Statements 1, 4",(c) By encouraging acceptance and understanding of differing viewpoints.,(c) Catalyze deep personal re-orientation and commitment to a cause.,(b) Psychedelic therapy aims to resolve underlying issues.,(c) Tackle root causes by addressing the symptoms directly.,(c) The context and support are crucial for MDMA's effectiveness.,(b) Guide the patient through a pre-set series of exercises.,(d) Enhancing the brain's capacity for logical reasoning.,(d) An increased feeling of detachment from others.,(a) Increased amygdala activity and reduced prefrontal cortex activity.,(c) Reduces fear and increases affiliative tendencies.,(c) Legalize and approve funded research through established medical channels.,(a) MDMA would be available as a take-home prescription.,"(d) Statements 1, 2, 3, and 4",(a) A broader application of psychedelics for human flourishing.,7,669a80310e64395f4edd70b6,PsychedelicsFinalTest,Participant ID|Instructions|Q17|Q20|Q3|Q16|Q1|Q10|Q18|Q7|Q14|Q6|Q13|Q15|Q9|Q19|Q12|Q2 |Q5|Q11|Q8|Q4|Debrief
11/07/2025 03:10,11/07/2025 03:24,IP Address,100,861,TRUE,11/07/2025 03:24,R_2XdjQoYCQLZN72U,anonymous,EN,1,5edeea354d54cb1a825aa8f9,(c) They provide a means to explore our inner workings.,(d) The individual's own pre-existing mental contents.,(d) Focus on non-therapeutic applications before using them for therapy.,(c) A lost breakthrough opportunity to alleviate significant human suffering.,(b) The user’s prior unique experiences with other psychoactive drugs.,"(c) Statements 1, 2, 4",(c) By encouraging acceptance and understanding of differing viewpoints.,(b) Enhance professional and academic pursuits.,(b) Psychedelic therapy aims to resolve underlying issues.,(d) Test the drug's effects in isolation from therapy.,(c) The context and support are crucial for MDMA's effectiveness.,(d) Create a safe space for the patient's own healing to emerge.,(b) Strengthening the individual's established sense of self.,(d) An increased feeling of detachment from others.,"(c) Reduced amygdala activity, increased prefrontal activity, and oxytocin release.",(c) Reduces fear and increases affiliative tendencies.,(c) Legalize and approve funded research through established medical channels.,(b) Administration would only be done by specifically credentialed practitioners.,(b) Statement 3 only,(c) The gradual replacement of other conventional therapies.,11,5edeea354d54cb1a825aa8f9,PsychedelicsFinalTest,Participant ID|Instructions|Q1|Q20|Q11|Q8|Q17|Q13|Q7|Q15|Q19|Q6|Q16|Q5|Q18|Q12|Q9|Q14|Q10|Q3|Q2 |Q4|Debrief
11/07/2025 03:10,11/07/2025 03:24,IP Address,100,894,TRUE,11/07/2025 03:24,R_2Ov26H0pXvH6jgz,anonymous,EN,1,66d1a9db2911b86aa59b4378,(d) They enhance memory recall and cognitive processing.,(d) The individual's own pre-existing mental contents.,(c) Implement stricter controls and ethical regulations early on.,(c) A lost breakthrough opportunity to alleviate significant human suffering.,(c) The specific dosage administered to different individuals.,"(a) Statements 1, 4",(b) By fostering a sense of interconnectedness and unity.,(a) Provide long-lasting relief from existential anxieties.,(b) Psychedelic therapy aims to resolve underlying issues.,(c) Tackle root causes by addressing the symptoms directly.,(c) The context and support are crucial for MDMA's effectiveness.,(d) Create a safe space for the patient's own healing to emerge.,(d) Enhancing the brain's capacity for logical reasoning.,(b) A perception of reality with less personal bias.,"(c) Reduced amygdala activity, increased prefrontal activity, and oxytocin release.",(c) Reduces fear and increases affiliative tendencies.,(c) Legalize and approve funded research through established medical channels.,(b) Administration would only be done by specifically credentialed practitioners.,(b) Statement 3 only,(a) A broader application of psychedelics for human flourishing.,14,66d1a9db2911b86aa59b4378,PsychedelicsFinalTest,Participant ID|Instructions|Q12|Q6|Q9|Q1|Q8|Q3|Q5|Q16|Q2 |Q10|Q17|Q13|Q11|Q14|Q4|Q15|Q18|Q7|Q20|Q19|Debrief
11/07/2025 03:20,11/07/2025 03:25,IP Address,100,298,TRUE,11/07/2025 03:25,R_8nc4FuyzgR0suzJ,anonymous,EN,0.899999976,6773d42d35be03a65cf4b3e1,(c) They provide a means to explore our inner workings.,(c) The individual’s immediate physical and social surroundings.,(a) Prioritize getting the necessary funding and expertise through public outreach.,(a) A major impediment in our understanding of neural mechanisms.,(d) The interplay between the individual’s mindset and usage environment.,"(a) Statements 1, 4",(b) By fostering a sense of interconnectedness and unity.,(a) Provide long-lasting relief from existential anxieties.,(b) Psychedelic therapy aims to resolve underlying issues.,(a) Facilitate profound and enduring psychological transformation.,(c) The context and support are crucial for MDMA's effectiveness.,(d) Create a safe space for the patient's own healing to emerge.,(d) Enhancing the brain's capacity for logical reasoning.,(b) A perception of reality with less personal bias.,"(d) Increased hippocampus activity, decreased DMN activity, and oxytocin release.",(c) Reduces fear and increases affiliative tendencies.,(c) Legalize and approve funded research through established medical channels.,(b) Administration would only be done by specifically credentialed practitioners.,(b) Statement 3 only,(a) A broader application of psychedelics for human flourishing.,13,6773d42d35be03a65cf4b3e1,PsychedelicsFinalTest,Participant ID|Instructions|Q20|Q14|Q7|Q13|Q17|Q1|Q12|Q6|Q18|Q16|Q5|Q19|Q9|Q8|Q11|Q3|Q2 |Q15|Q10|Q4|Debrief
11/07/2025 03:11,11/07/2025 03:27,IP Address,100,949,TRUE,11/07/2025 03:27,R_8WtQgZwT2b6zeuJ,anonymous,EN,0.899999976,67c60b46b619cad09b65ab51,(a) They induce states of deep relaxation.,(c) The individual’s immediate physical and social surroundings.,(c) Implement stricter controls and ethical regulations early on.,(a) A major impediment in our understanding of neural mechanisms.,(d) The interplay between the individual’s mindset and usage environment.,"(a) Statements 1, 4",(b) By fostering a sense of interconnectedness and unity.,(c) Catalyze deep personal re-orientation and commitment to a cause.,"(a) Psychedelic therapy focuses on harmful, immediate behavioral changes.",(c) Tackle root causes by addressing the symptoms directly.,(c) The context and support are crucial for MDMA's effectiveness.,(b) Guide the patient through a pre-set series of exercises.,(a) Permanently increasing the brain's overall plasticity.,(b) A perception of reality with less personal bias.,"(c) Reduced amygdala activity, increased prefrontal activity, and oxytocin release.",(c) Reduces fear and increases affiliative tendencies.,(b) Focus on public education rather than clinical trials.,(b) Administration would only be done by specifically credentialed practitioners.,(c) Statements 2 and 3,(a) A broader application of psychedelics for human flourishing.,10,67c60b46b619cad09b65ab51,PsychedelicsFinalTest,Participant ID|Instructions|Q12|Q14|Q15|Q19|Q17|Q3|Q4|Q11|Q18|Q9|Q20|Q6|Q1|Q13|Q7|Q16|Q10|Q2 |Q5|Q8|Debrief
11/07/2025 03:15,11/07/2025 03:28,IP Address,100,778,TRUE,11/07/2025 03:28,R_2Eb8QfOYsNSebYU,anonymous,EN,1,60819ba1a8862e33495f8914,(d) They enhance memory recall and cognitive processing.,(b) Entirely novel cognitions brought about by psychedelics.,(a) Prioritize getting the necessary funding and expertise through public outreach.,(c) A lost breakthrough opportunity to alleviate significant human suffering.,(d) The interplay between the individual’s mindset and usage environment.,"(c) Statements 1, 2, 4",(b) By fostering a sense of interconnectedness and unity.,(a) Provide long-lasting relief from existential anxieties.,(b) Psychedelic therapy aims to resolve underlying issues.,(c) Tackle root causes by addressing the symptoms directly.,(c) The context and support are crucial for MDMA's effectiveness.,(d) Create a safe space for the patient's own healing to emerge.,(c) Temporarily loosening rigid patterns of thought and self-perception.,(b) A perception of reality with less personal bias.,"(c) Reduced amygdala activity, increased prefrontal activity, and oxytocin release.",(c) Reduces fear and increases affiliative tendencies.,(c) Legalize and approve funded research through established medical channels.,(b) Administration would only be done by specifically credentialed practitioners.,(b) Statement 3 only,(d) A shift in focus from treating severe mental illnesses.,13,60819ba1a8862e33495f8914,PsychedelicsFinalTest,Participant ID|Instructions|Q2 |Q1|Q4|Q6|Q12|Q5|Q9|Q11|Q3|Q10|Q15|Q7|Q16|Q14|Q19|Q13|Q18|Q20|Q8|Q17|Debrief
11/07/2025 03:21,11/07/2025 03:28,IP Address,100,380,TRUE,11/07/2025 03:28,R_2HdWvqN3y6RhEAO,anonymous,EN,0.800000012,6658ba167affbe300577b93d,(c) They provide a means to explore our inner workings.,(d) The individual's own pre-existing mental contents.,(a) Prioritize getting the necessary funding and expertise through public outreach.,(c) A lost breakthrough opportunity to alleviate significant human suffering.,(d) The interplay between the individual’s mindset and usage environment.,"(a) Statements 1, 4",(b) By fostering a sense of interconnectedness and unity.,(d) Break down complex issues into simple solutions.,(b) Psychedelic therapy aims to resolve underlying issues.,(c) Tackle root causes by addressing the symptoms directly.,(c) The context and support are crucial for MDMA's effectiveness.,(d) Create a safe space for the patient's own healing to emerge.,(c) Temporarily loosening rigid patterns of thought and self-perception.,(b) A perception of reality with less personal bias.,"(c) Reduced amygdala activity, increased prefrontal activity, and oxytocin release.",(a) Heightens sensory awareness and exploration.,(c) Legalize and approve funded research through established medical channels.,(b) Administration would only be done by specifically credentialed practitioners.,(b) Statement 3 only,(a) A broader application of psychedelics for human flourishing.,15,6658ba167affbe300577b93d,PsychedelicsFinalTest,Participant ID|Instructions|Q6|Q18|Q10|Q1|Q5|Q12|Q3|Q13|Q14|Q19|Q11|Q20|Q2 |Q8|Q15|Q9|Q7|Q16|Q17|Q4|Debrief
11/07/2025 03:19,11/07/2025 03:28,IP Address,100,552,TRUE,11/07/2025 03:28,R_8EFfk2acgsJ8Kh7,anonymous,EN,0.800000012,6007421356226920359b5f3e,(d) They enhance memory recall and cognitive processing.,(a) External stimuli amplified by psychedelics.,(a) Prioritize getting the necessary funding and expertise through public outreach.,(c) A lost breakthrough opportunity to alleviate significant human suffering.,(a) The unstable and complex chemical composition of the substance.,"(b) Statements 2, 3",(b) By fostering a sense of interconnectedness and unity.,(c) Catalyze deep personal re-orientation and commitment to a cause.,(b) Psychedelic therapy aims to resolve underlying issues.,(a) Facilitate profound and enduring psychological transformation.,(c) The context and support are crucial for MDMA's effectiveness.,(d) Create a safe space for the patient's own healing to emerge.,(c) Temporarily loosening rigid patterns of thought and self-perception.,(b) A perception of reality with less personal bias.,"(c) Reduced amygdala activity, increased prefrontal activity, and oxytocin release.",(c) Reduces fear and increases affiliative tendencies.,(c) Legalize and approve funded research through established medical channels.,(b) Administration would only be done by specifically credentialed practitioners.,(b) Statement 3 only,(c) The gradual replacement of other conventional therapies.,14,6007421356226920359b5f3e,PsychedelicsFinalTest,Participant ID|Instructions|Q16|Q19|Q13|Q15|Q17|Q11|Q7|Q4|Q18|Q6|Q5|Q3|Q9|Q2 |Q1|Q8|Q20|Q14|Q12|Q10|Debrief
11/07/2025 03:23,11/07/2025 03:30,IP Address,100,404,TRUE,11/07/2025 03:30,R_2htKz81Z5eAmnRr,anonymous,EN,1,667c308704a084c0aeafb8b4,(d) They enhance memory recall and cognitive processing.,(d) The individual's own pre-existing mental contents.,(c) Implement stricter controls and ethical regulations early on.,(c) A lost breakthrough opportunity to alleviate significant human suffering.,(d) The interplay between the individual’s mindset and usage environment.,"(a) Statements 1, 4",(c) By encouraging acceptance and understanding of differing viewpoints.,(b) Enhance professional and academic pursuits.,(b) Psychedelic therapy aims to resolve underlying issues.,(a) Facilitate profound and enduring psychological transformation.,(c) The context and support are crucial for MDMA's effectiveness.,(d) Create a safe space for the patient's own healing to emerge.,(b) Strengthening the individual's established sense of self.,(b) A perception of reality with less personal bias.,"(c) Reduced amygdala activity, increased prefrontal activity, and oxytocin release.",(c) Reduces fear and increases affiliative tendencies.,(c) Legalize and approve funded research through established medical channels.,(b) Administration would only be done by specifically credentialed practitioners.,(c) Statements 2 and 3,(a) A broader application of psychedelics for human flourishing.,14,667c308704a084c0aeafb8b4,PsychedelicsFinalTest,Participant ID|Instructions|Q1|Q3|Q7|Q15|Q11|Q2 |Q13|Q16|Q5|Q4|Q19|Q6|Q10|Q12|Q18|Q20|Q14|Q9|Q17|Q8|Debrief
11/07/2025 03:17,11/07/2025 03:31,IP Address,100,794,TRUE,11/07/2025 03:31,R_8kMIMlRFAqtbP3a,anonymous,EN,0.899999976,629ee9680199e14b1bfafaf3,(d) They enhance memory recall and cognitive processing.,(b) Entirely novel cognitions brought about by psychedelics.,(a) Prioritize getting the necessary funding and expertise through public outreach.,(c) A lost breakthrough opportunity to alleviate significant human suffering.,(d) The interplay between the individual’s mindset and usage environment.,"(a) Statements 1, 4",(b) By fostering a sense of interconnectedness and unity.,(a) Provide long-lasting relief from existential anxieties.,(b) Psychedelic therapy aims to resolve underlying issues.,(a) Facilitate profound and enduring psychological transformation.,(c) The context and support are crucial for MDMA's effectiveness.,(d) Create a safe space for the patient's own healing to emerge.,(d) Enhancing the brain's capacity for logical reasoning.,(b) A perception of reality with less personal bias.,(a) Increased amygdala activity and reduced prefrontal cortex activity.,(c) Reduces fear and increases affiliative tendencies.,(c) Legalize and approve funded research through established medical channels.,(b) Administration would only be done by specifically credentialed practitioners.,(b) Statement 3 only,(a) A broader application of psychedelics for human flourishing.,13,629ee9680199e14b1bfafaf3,PsychedelicsFinalTest,Participant ID|Instructions|Q7|Q12|Q19|Q15|Q14|Q13|Q17|Q4|Q6|Q5|Q18|Q1|Q2 |Q3|Q10|Q8|Q11|Q20|Q9|Q16|Debrief
11/07/2025 03:29,11/07/2025 03:31,IP Address,100,115,TRUE,11/07/2025 03:31,R_2dssflOmrJupx8g,anonymous,EN,0.100000001,65bbf83dbe0f27e1a871bf48,(b) They promote for creative problem-solving abilities.,(b) Entirely novel cognitions brought about by psychedelics.,(a) Prioritize getting the necessary funding and expertise through public outreach.,(b) An increase in the prevalence of illicit global drug trafficking.,(a) The unstable and complex chemical composition of the substance.,"(c) Statements 1, 2, 4",(c) By encouraging acceptance and understanding of differing viewpoints.,(c) Catalyze deep personal re-orientation and commitment to a cause.,"(a) Psychedelic therapy focuses on harmful, immediate behavioral changes.",(b) Minimize the need for therapy-client interaction in the healing process.,(d) Recreational use of MDMA can sometime lead to therapeutic insights.,(b) Guide the patient through a pre-set series of exercises.,(c) Temporarily loosening rigid patterns of thought and self-perception.,(a) A heightened sense of confusion and disorientation.,"(d) Increased hippocampus activity, decreased DMN activity, and oxytocin release.",(c) Reduces fear and increases affiliative tendencies.,(c) Legalize and approve funded research through established medical channels.,(b) Administration would only be done by specifically credentialed practitioners.,(c) Statements 2 and 3,(c) The gradual replacement of other conventional therapies.,5,65bbf83dbe0f27e1a871bf48,PsychedelicsFinalTest,Participant ID|Instructions|Q15|Q16|Q4|Q11|Q5|Q20|Q7|Q19|Q17|Q18|Q1|Q13|Q3|Q2 |Q8|Q6|Q9|Q10|Q12|Q14|Debrief
11/07/2025 03:22,11/07/2025 03:31,IP Address,100,546,TRUE,11/07/2025 03:31,R_8OQYSKch6XMJLvr,anonymous,EN,1,5efe25a46e799912a9e250c3,(d) They enhance memory recall and cognitive processing.,(a) External stimuli amplified by psychedelics.,(a) Prioritize getting the necessary funding and expertise through public outreach.,(a) A major impediment in our understanding of neural mechanisms.,(d) The interplay between the individual’s mindset and usage environment.,"(b) Statements 2, 3",(b) By fostering a sense of interconnectedness and unity.,(c) Catalyze deep personal re-orientation and commitment to a cause.,(b) Psychedelic therapy aims to resolve underlying issues.,(a) Facilitate profound and enduring psychological transformation.,(c) The context and support are crucial for MDMA's effectiveness.,(d) Create a safe space for the patient's own healing to emerge.,(d) Enhancing the brain's capacity for logical reasoning.,(b) A perception of reality with less personal bias.,"(c) Reduced amygdala activity, increased prefrontal activity, and oxytocin release.",(a) Heightens sensory awareness and exploration.,(c) Legalize and approve funded research through established medical channels.,(b) Administration would only be done by specifically credentialed practitioners.,"(d) Statements 1, 2, 3, and 4",(a) A broader application of psychedelics for human flourishing.,12,5efe25a46e799912a9e250c3,PsychedelicsFinalTest,Participant ID|Instructions|Q2 |Q1|Q13|Q14|Q19|Q11|Q6|Q9|Q16|Q20|Q10|Q4|Q5|Q17|Q8|Q3|Q12|Q7|Q15|Q18|Debrief
11/07/2025 03:27,11/07/2025 03:36,IP Address,100,502,TRUE,11/07/2025 03:36,R_8dp4VzCkkK5FNiP,anonymous,EN,1,5e1cc37a173db405a7a33774,(a) They induce states of deep relaxation.,(d) The individual's own pre-existing mental contents.,(c) Implement stricter controls and ethical regulations early on.,(c) A lost breakthrough opportunity to alleviate significant human suffering.,(d) The interplay between the individual’s mindset and usage environment.,"(a) Statements 1, 4",(c) By encouraging acceptance and understanding of differing viewpoints.,(a) Provide long-lasting relief from existential anxieties.,(b) Psychedelic therapy aims to resolve underlying issues.,(c) Tackle root causes by addressing the symptoms directly.,(c) The context and support are crucial for MDMA's effectiveness.,(d) Create a safe space for the patient's own healing to emerge.,(c) Temporarily loosening rigid patterns of thought and self-perception.,(b) A perception of reality with less personal bias.,(a) Increased amygdala activity and reduced prefrontal cortex activity.,(b) Reduces a temporary state of euphoria.,(c) Legalize and approve funded research through established medical channels.,(b) Administration would only be done by specifically credentialed practitioners.,(b) Statement 3 only,(c) The gradual replacement of other conventional therapies.,12,5e1cc37a173db405a7a33774,PsychedelicsFinalTest,Participant ID|Instructions|Q9|Q19|Q4|Q3|Q1|Q17|Q7|Q14|Q5|Q11|Q16|Q8|Q6|Q18|Q15|Q12|Q10|Q2 |Q20|Q13|Debrief
11/07/2025 03:30,11/07/2025 03:38,IP Address,100,496,TRUE,11/07/2025 03:38,R_2oG9XFd9Q6JHqoq,anonymous,EN,0.300000012,65c8d7f023278532f6f49139,(c) They provide a means to explore our inner workings.,(d) The individual's own pre-existing mental contents.,(c) Implement stricter controls and ethical regulations early on.,(c) A lost breakthrough opportunity to alleviate significant human suffering.,(d) The interplay between the individual’s mindset and usage environment.,"(a) Statements 1, 4",(b) By fostering a sense of interconnectedness and unity.,(c) Catalyze deep personal re-orientation and commitment to a cause.,(b) Psychedelic therapy aims to resolve underlying issues.,(a) Facilitate profound and enduring psychological transformation.,(c) The context and support are crucial for MDMA's effectiveness.,(d) Create a safe space for the patient's own healing to emerge.,(d) Enhancing the brain's capacity for logical reasoning.,(a) A heightened sense of confusion and disorientation.,"(c) Reduced amygdala activity, increased prefrontal activity, and oxytocin release.",(c) Reduces fear and increases affiliative tendencies.,(c) Legalize and approve funded research through established medical channels.,(b) Administration would only be done by specifically credentialed practitioners.,(b) Statement 3 only,(a) A broader application of psychedelics for human flourishing.,17,65c8d7f023278532f6f49139,PsychedelicsFinalTest,Participant ID|Instructions|Q17|Q18|Q12|Q10|Q1|Q20|Q19|Q6|Q2 |Q3|Q16|Q9|Q7|Q13|Q8|Q11|Q14|Q5|Q15|Q4|Debrief
11/07/2025 03:28,11/07/2025 03:39,IP Address,100,637,TRUE,11/07/2025 03:39,R_2GCgIVOZMTU5Gde,anonymous,EN,0.100000001,6575c4ea606a4f38b29e4e5d,(d) They enhance memory recall and cognitive processing.,(d) The individual's own pre-existing mental contents.,(a) Prioritize getting the necessary funding and expertise through public outreach.,(a) A major impediment in our understanding of neural mechanisms.,(d) The interplay between the individual’s mindset and usage environment.,"(a) Statements 1, 4",(b) By fostering a sense of interconnectedness and unity.,(c) Catalyze deep personal re-orientation and commitment to a cause.,(b) Psychedelic therapy aims to resolve underlying issues.,(c) Tackle root causes by addressing the symptoms directly.,(c) The context and support are crucial for MDMA's effectiveness.,(d) Create a safe space for the patient's own healing to emerge.,(c) Temporarily loosening rigid patterns of thought and self-perception.,(a) A heightened sense of confusion and disorientation.,(a) Increased amygdala activity and reduced prefrontal cortex activity.,(a) Heightens sensory awareness and exploration.,(c) Legalize and approve funded research through established medical channels.,(b) Administration would only be done by specifically credentialed practitioners.,(b) Statement 3 only,(a) A broader application of psychedelics for human flourishing.,12,6575c4ea606a4f38b29e4e5d,PsychedelicsFinalTest,Participant ID|Instructions|Q20|Q15|Q12|Q2 |Q11|Q19|Q1|Q16|Q13|Q7|Q17|Q14|Q10|Q18|Q9|Q5|Q4|Q6|Q8|Q3|Debrief
11/07/2025 03:02,11/07/2025 03:40,IP Address,100,2273,TRUE,11/07/2025 03:40,R_842xm2zGaRaa3mz,anonymous,EN,0.899999976,6765e63b9cbc0ec185d7e8fa,(c) They provide a means to explore our inner workings.,(d) The individual's own pre-existing mental contents.,(c) Implement stricter controls and ethical regulations early on.,(c) A lost breakthrough opportunity to alleviate significant human suffering.,(d) The interplay between the individual’s mindset and usage environment.,"(d) Statements 1, 3, 4",(b) By fostering a sense of interconnectedness and unity.,(a) Provide long-lasting relief from existential anxieties.,(d) Conventional drugs are designed for short-term use only.,(a) Facilitate profound and enduring psychological transformation.,(b) Higher doses of MDMA are required for therapeutic benefit.,(d) Create a safe space for the patient's own healing to emerge.,(c) Temporarily loosening rigid patterns of thought and self-perception.,(b) A perception of reality with less personal bias.,"(c) Reduced amygdala activity, increased prefrontal activity, and oxytocin release.",(c) Reduces fear and increases affiliative tendencies.,(c) Legalize and approve funded research through established medical channels.,(b) Administration would only be done by specifically credentialed practitioners.,(b) Statement 3 only,(a) A broader application of psychedelics for human flourishing.,17,6765e63b9cbc0ec185d7e8fa,PsychedelicsFinalTest,Participant ID|Instructions|Q11|Q16|Q7|Q3|Q8|Q4|Q14|Q13|Q1|Q6|Q15|Q10|Q2 |Q5|Q19|Q18|Q20|Q9|Q17|Q12|Debrief
11/07/2025 03:33,11/07/2025 03:41,IP Address,100,451,TRUE,11/07/2025 03:41,R_8R25aL0il1bRQf9,anonymous,EN,0.800000012,659d874e294242ce3de681c8,(d) They enhance memory recall and cognitive processing.,(b) Entirely novel cognitions brought about by psychedelics.,(c) Implement stricter controls and ethical regulations early on.,(d) A decreased reliability in spiritually therapeutic interventions.,(d) The interplay between the individual’s mindset and usage environment.,"(b) Statements 2, 3",(b) By fostering a sense of interconnectedness and unity.,(c) Catalyze deep personal re-orientation and commitment to a cause.,(b) Psychedelic therapy aims to resolve underlying issues.,(c) Tackle root causes by addressing the symptoms directly.,(c) The context and support are crucial for MDMA's effectiveness.,(d) Create a safe space for the patient's own healing to emerge.,(c) Temporarily loosening rigid patterns of thought and self-perception.,(a) A heightened sense of confusion and disorientation.,"(c) Reduced amygdala activity, increased prefrontal activity, and oxytocin release.",(c) Reduces fear and increases affiliative tendencies.,"(a) Ensure rapid, low-cost availability and accessibility of psychedelics.",(a) MDMA would be available as a take-home prescription.,"(d) Statements 1, 2, 3, and 4",(a) A broader application of psychedelics for human flourishing.,11,659d874e294242ce3de681c8,PsychedelicsFinalTest,Participant ID|Instructions|Q10|Q14|Q5|Q19|Q1|Q13|Q2 |Q8|Q7|Q20|Q3|Q18|Q12|Q15|Q16|Q9|Q17|Q4|Q11|Q6|Debrief
11/07/2025 03:36,11/07/2025 03:46,IP Address,100,592,TRUE,11/07/2025 03:46,R_2XrPIWThOGiv0zL,anonymous,EN,0.400000006,5b15a1369663ee000146421e,(c) They provide a means to explore our inner workings.,(d) The individual's own pre-existing mental contents.,(c) Implement stricter controls and ethical regulations early on.,(c) A lost breakthrough opportunity to alleviate significant human suffering.,(d) The interplay between the individual’s mindset and usage environment.,"(a) Statements 1, 4",(b) By fostering a sense of interconnectedness and unity.,(a) Provide long-lasting relief from existential anxieties.,(b) Psychedelic therapy aims to resolve underlying issues.,(a) Facilitate profound and enduring psychological transformation.,(c) The context and support are crucial for MDMA's effectiveness.,(d) Create a safe space for the patient's own healing to emerge.,(c) Temporarily loosening rigid patterns of thought and self-perception.,(b) A perception of reality with less personal bias.,"(c) Reduced amygdala activity, increased prefrontal activity, and oxytocin release.",(c) Reduces fear and increases affiliative tendencies.,(c) Legalize and approve funded research through established medical channels.,(b) Administration would only be done by specifically credentialed practitioners.,(b) Statement 3 only,(a) A broader application of psychedelics for human flourishing.,18,5b15a1369663ee000146421e,PsychedelicsFinalTest,Participant ID|Instructions|Q15|Q17|Q7|Q3|Q20|Q18|Q2 |Q13|Q5|Q10|Q8|Q6|Q1|Q9|Q14|Q12|Q4|Q11|Q16|Q19|Debrief
11/07/2025 03:43,11/07/2025 03:50,IP Address,100,385,TRUE,11/07/2025 03:50,R_20BEyq48DxGMPJv,anonymous,EN,1,6694f651114152694e96d7c4,(c) They provide a means to explore our inner workings.,(b) Entirely novel cognitions brought about by psychedelics.,(a) Prioritize getting the necessary funding and expertise through public outreach.,(d) A decreased reliability in spiritually therapeutic interventions.,(d) The interplay between the individual’s mindset and usage environment.,"(a) Statements 1, 4",(b) By fostering a sense of interconnectedness and unity.,(a) Provide long-lasting relief from existential anxieties.,(b) Psychedelic therapy aims to resolve underlying issues.,(c) Tackle root causes by addressing the symptoms directly.,(a) MDMA is only effective for specific types of trauma.,(d) Create a safe space for the patient's own healing to emerge.,(b) Strengthening the individual's established sense of self.,(c) A complete inability to access personal memories.,"(c) Reduced amygdala activity, increased prefrontal activity, and oxytocin release.",(c) Reduces fear and increases affiliative tendencies.,(c) Legalize and approve funded research through established medical channels.,(b) Administration would only be done by specifically credentialed practitioners.,(b) Statement 3 only,(c) The gradual replacement of other conventional therapies.,10,6694f651114152694e96d7c4,PsychedelicsFinalTest,Participant ID|Instructions|Q7|Q16|Q4|Q19|Q3|Q5|Q17|Q14|Q15|Q13|Q11|Q9|Q18|Q10|Q6|Q1|Q2 |Q20|Q12|Q8|Debrief
11/07/2025 03:38,11/07/2025 03:50,IP Address,100,763,TRUE,11/07/2025 03:50,R_8y1KSWwhR9ykWmK,anonymous,EN,0.200000003,67c8c28fccf665e3c35c44ce,(a) They induce states of deep relaxation.,(d) The individual's own pre-existing mental contents.,(a) Prioritize getting the necessary funding and expertise through public outreach.,(a) A major impediment in our understanding of neural mechanisms.,(d) The interplay between the individual’s mindset and usage environment.,"(a) Statements 1, 4",(b) By fostering a sense of interconnectedness and unity.,(a) Provide long-lasting relief from existential anxieties.,(b) Psychedelic therapy aims to resolve underlying issues.,(c) Tackle root causes by addressing the symptoms directly.,(c) The context and support are crucial for MDMA's effectiveness.,(d) Create a safe space for the patient's own healing to emerge.,(c) Temporarily loosening rigid patterns of thought and self-perception.,(b) A perception of reality with less personal bias.,"(d) Increased hippocampus activity, decreased DMN activity, and oxytocin release.",(a) Heightens sensory awareness and exploration.,(b) Focus on public education rather than clinical trials.,(b) Administration would only be done by specifically credentialed practitioners.,"(d) Statements 1, 2, 3, and 4",(a) A broader application of psychedelics for human flourishing.,10,67c8c28fccf665e3c35c44ce,PsychedelicsFinalTest,Participant ID|Instructions|Q12|Q9|Q2 |Q1|Q7|Q6|Q3|Q10|Q8|Q18|Q16|Q17|Q19|Q5|Q13|Q11|Q20|Q15|Q4|Q14|Debrief
11/07/2025 03:48,11/07/2025 03:55,IP Address,100,401,TRUE,11/07/2025 03:55,R_8IaWivPIUfk1CMr,anonymous,EN,1,5d62e42406ed5a001a2084f3,(b) They promote for creative problem-solving abilities.,(d) The individual's own pre-existing mental contents.,(c) Implement stricter controls and ethical regulations early on.,(c) A lost breakthrough opportunity to alleviate significant human suffering.,(d) The interplay between the individual’s mindset and usage environment.,"(b) Statements 2, 3",(c) By encouraging acceptance and understanding of differing viewpoints.,(a) Provide long-lasting relief from existential anxieties.,(b) Psychedelic therapy aims to resolve underlying issues.,(c) Tackle root causes by addressing the symptoms directly.,(c) The context and support are crucial for MDMA's effectiveness.,(d) Create a safe space for the patient's own healing to emerge.,(d) Enhancing the brain's capacity for logical reasoning.,(b) A perception of reality with less personal bias.,(a) Increased amygdala activity and reduced prefrontal cortex activity.,(c) Reduces fear and increases affiliative tendencies.,"(a) Ensure rapid, low-cost availability and accessibility of psychedelics.",(b) Administration would only be done by specifically credentialed practitioners.,"(d) Statements 1, 2, 3, and 4",(a) A broader application of psychedelics for human flourishing.,11,5d62e42406ed5a001a2084f3,PsychedelicsFinalTest,Participant ID|Instructions|Q9|Q10|Q13|Q2 |Q12|Q5|Q3|Q14|Q16|Q17|Q8|Q20|Q7|Q6|Q19|Q4|Q18|Q1|Q15|Q11|Debrief
11/07/2025 03:36,11/07/2025 03:57,IP Address,100,1231,TRUE,11/07/2025 03:57,R_8suHiC4PZfPFLWQ,anonymous,EN,0.800000012,670e851632b444a56d13cfb8,(d) They enhance memory recall and cognitive processing.,(d) The individual's own pre-existing mental contents.,(c) Implement stricter controls and ethical regulations early on.,(c) A lost breakthrough opportunity to alleviate significant human suffering.,(d) The interplay between the individual’s mindset and usage environment.,"(a) Statements 1, 4",(c) By encouraging acceptance and understanding of differing viewpoints.,(d) Break down complex issues into simple solutions.,(b) Psychedelic therapy aims to resolve underlying issues.,(c) Tackle root causes by addressing the symptoms directly.,(c) The context and support are crucial for MDMA's effectiveness.,(d) Create a safe space for the patient's own healing to emerge.,(d) Enhancing the brain's capacity for logical reasoning.,(d) An increased feeling of detachment from others.,"(d) Increased hippocampus activity, decreased DMN activity, and oxytocin release.",(c) Reduces fear and increases affiliative tendencies.,(c) Legalize and approve funded research through established medical channels.,(b) Administration would only be done by specifically credentialed practitioners.,(c) Statements 2 and 3,(a) A broader application of psychedelics for human flourishing.,11,670e851632b444a56d13cfb8,PsychedelicsFinalTest,Participant ID|Instructions|Q14|Q11|Q15|Q12|Q7|Q19|Q6|Q5|Q10|Q18|Q3|Q1|Q17|Q4|Q8|Q20|Q2 |Q9|Q13|Q16|Debrief
11/07/2025 03:48,11/07/2025 03:57,IP Address,100,502,TRUE,11/07/2025 03:57,R_2dpXt20OSyvXcFr,anonymous,EN,0.699999988,66acbaf5c803ca1a1ef3f056,(b) They promote for creative problem-solving abilities.,(d) The individual's own pre-existing mental contents.,(c) Implement stricter controls and ethical regulations early on.,(b) An increase in the prevalence of illicit global drug trafficking.,(d) The interplay between the individual’s mindset and usage environment.,"(b) Statements 2, 3",(c) By encouraging acceptance and understanding of differing viewpoints.,(a) Provide long-lasting relief from existential anxieties.,(b) Psychedelic therapy aims to resolve underlying issues.,(c) Tackle root causes by addressing the symptoms directly.,(b) Higher doses of MDMA are required for therapeutic benefit.,(d) Create a safe space for the patient's own healing to emerge.,(b) Strengthening the individual's established sense of self.,(c) A complete inability to access personal memories.,"(d) Increased hippocampus activity, decreased DMN activity, and oxytocin release.",(b) Reduces a temporary state of euphoria.,(d) Advocate for the immediate decriminalization of all psychedelics.,(b) Administration would only be done by specifically credentialed practitioners.,"(d) Statements 1, 2, 3, and 4",(d) A shift in focus from treating severe mental illnesses.,6,66acbaf5c803ca1a1ef3f056,PsychedelicsFinalTest,Participant ID|Instructions|Q5|Q13|Q18|Q3|Q2 |Q4|Q14|Q12|Q7|Q20|Q11|Q10|Q16|Q8|Q15|Q6|Q17|Q9|Q19|Q1|Debrief
11/07/2025 03:14,11/07/2025 04:00,IP Address,100,2754,TRUE,11/07/2025 04:00,R_8nc5CUxDlKbbnMC,anonymous,EN,1,660d6a1f4a7f1337de235daa,(d) They enhance memory recall and cognitive processing.,(d) The individual's own pre-existing mental contents.,(c) Implement stricter controls and ethical regulations early on.,(c) A lost breakthrough opportunity to alleviate significant human suffering.,(d) The interplay between the individual’s mindset and usage environment.,"(b) Statements 2, 3",(b) By fostering a sense of interconnectedness and unity.,(c) Catalyze deep personal re-orientation and commitment to a cause.,(b) Psychedelic therapy aims to resolve underlying issues.,(c) Tackle root causes by addressing the symptoms directly.,(c) The context and support are crucial for MDMA's effectiveness.,(d) Create a safe space for the patient's own healing to emerge.,(c) Temporarily loosening rigid patterns of thought and self-perception.,(b) A perception of reality with less personal bias.,"(c) Reduced amygdala activity, increased prefrontal activity, and oxytocin release.",(c) Reduces fear and increases affiliative tendencies.,(c) Legalize and approve funded research through established medical channels.,(b) Administration would only be done by specifically credentialed practitioners.,(b) Statement 3 only,(d) A shift in focus from treating severe mental illnesses.,16,660d6a1f4a7f1337de235daa,PsychedelicsFinalTest,Participant ID|Instructions|Q9|Q17|Q8|Q20|Q16|Q14|Q13|Q15|Q2 |Q1|Q10|Q7|Q19|Q12|Q18|Q3|Q4|Q11|Q5|Q6|Debrief
11/07/2025 03:57,11/07/2025 04:04,IP Address,100,445,TRUE,11/07/2025 04:04,R_22Q6fRCpQq40xLZ,anonymous,EN,0.899999976,5fcfb1fe79b8060e0662270a,(c) They provide a means to explore our inner workings.,(d) The individual's own pre-existing mental contents.,(c) Implement stricter controls and ethical regulations early on.,(c) A lost breakthrough opportunity to alleviate significant human suffering.,(d) The interplay between the individual’s mindset and usage environment.,"(a) Statements 1, 4",(b) By fostering a sense of interconnectedness and unity.,(a) Provide long-lasting relief from existential anxieties.,(b) Psychedelic therapy aims to resolve underlying issues.,(a) Facilitate profound and enduring psychological transformation.,(d) Recreational use of MDMA can sometime lead to therapeutic insights.,(d) Create a safe space for the patient's own healing to emerge.,(c) Temporarily loosening rigid patterns of thought and self-perception.,(b) A perception of reality with less personal bias.,"(c) Reduced amygdala activity, increased prefrontal activity, and oxytocin release.",(a) Heightens sensory awareness and exploration.,(c) Legalize and approve funded research through established medical channels.,(b) Administration would only be done by specifically credentialed practitioners.,(b) Statement 3 only,(a) A broader application of psychedelics for human flourishing.,16,5fcfb1fe79b8060e0662270a,PsychedelicsFinalTest,Participant ID|Instructions|Q13|Q10|Q3|Q17|Q8|Q6|Q12|Q7|Q9|Q19|Q4|Q20|Q5|Q1|Q11|Q14|Q18|Q15|Q2 |Q16|Debrief
11/07/2025 03:11,11/07/2025 04:05,IP Address,100,3262,TRUE,11/07/2025 04:05,R_2uIvhUFtes1uFyh,anonymous,EN,0.600000024,5e9ffa9ee172201b04f1a4c6,(c) They provide a means to explore our inner workings.,(b) Entirely novel cognitions brought about by psychedelics.,(c) Implement stricter controls and ethical regulations early on.,(c) A lost breakthrough opportunity to alleviate significant human suffering.,(c) The specific dosage administered to different individuals.,"(a) Statements 1, 4",(c) By encouraging acceptance and understanding of differing viewpoints.,(a) Provide long-lasting relief from existential anxieties.,(b) Psychedelic therapy aims to resolve underlying issues.,(c) Tackle root causes by addressing the symptoms directly.,(c) The context and support are crucial for MDMA's effectiveness.,(d) Create a safe space for the patient's own healing to emerge.,(c) Temporarily loosening rigid patterns of thought and self-perception.,(b) A perception of reality with less personal bias.,"(d) Increased hippocampus activity, decreased DMN activity, and oxytocin release.",(a) Heightens sensory awareness and exploration.,(c) Legalize and approve funded research through established medical channels.,(b) Administration would only be done by specifically credentialed practitioners.,(b) Statement 3 only,(a) A broader application of psychedelics for human flourishing.,12,5e9ffa9ee172201b04f1a4c6,PsychedelicsFinalTest,Participant ID|Instructions|Q11|Q15|Q3|Q2 |Q4|Q20|Q19|Q5|Q7|Q12|Q14|Q1|Q6|Q13|Q18|Q8|Q17|Q10|Q16|Q9|Debrief
11/07/2025 04:02,11/07/2025 04:06,IP Address,100,286,TRUE,11/07/2025 04:06,R_8YNYjq2fcHfWUTv,anonymous,EN,0.899999976,5f06234e59035e156f46d69a,(c) They provide a means to explore our inner workings.,(d) The individual's own pre-existing mental contents.,(a) Prioritize getting the necessary funding and expertise through public outreach.,(a) A major impediment in our understanding of neural mechanisms.,(d) The interplay between the individual’s mindset and usage environment.,"(a) Statements 1, 4",(b) By fostering a sense of interconnectedness and unity.,(a) Provide long-lasting relief from existential anxieties.,(b) Psychedelic therapy aims to resolve underlying issues.,(c) Tackle root causes by addressing the symptoms directly.,(c) The context and support are crucial for MDMA's effectiveness.,(d) Create a safe space for the patient's own healing to emerge.,(d) Enhancing the brain's capacity for logical reasoning.,(b) A perception of reality with less personal bias.,"(d) Increased hippocampus activity, decreased DMN activity, and oxytocin release.",(c) Reduces fear and increases affiliative tendencies.,(c) Legalize and approve funded research through established medical channels.,(b) Administration would only be done by specifically credentialed practitioners.,(b) Statement 3 only,(a) A broader application of psychedelics for human flourishing.,13,5f06234e59035e156f46d69a,PsychedelicsFinalTest,Participant ID|Instructions|Q16|Q5|Q15|Q6|Q4|Q10|Q19|Q1|Q13|Q12|Q3|Q20|Q8|Q17|Q9|Q18|Q11|Q2 |Q14|Q7|Debrief
11/07/2025 03:55,11/07/2025 04:07,IP Address,100,743,TRUE,11/07/2025 04:07,R_80WcmKvycdSr0jf,anonymous,EN,0.899999976,672b19cc67687cb549eb412c,(c) They provide a means to explore our inner workings.,(d) The individual's own pre-existing mental contents.,(a) Prioritize getting the necessary funding and expertise through public outreach.,(a) A major impediment in our understanding of neural mechanisms.,(d) The interplay between the individual’s mindset and usage environment.,"(a) Statements 1, 4",(b) By fostering a sense of interconnectedness and unity.,(b) Enhance professional and academic pursuits.,(b) Psychedelic therapy aims to resolve underlying issues.,(a) Facilitate profound and enduring psychological transformation.,(c) The context and support are crucial for MDMA's effectiveness.,(d) Create a safe space for the patient's own healing to emerge.,(d) Enhancing the brain's capacity for logical reasoning.,(a) A heightened sense of confusion and disorientation.,"(c) Reduced amygdala activity, increased prefrontal activity, and oxytocin release.",(a) Heightens sensory awareness and exploration.,(c) Legalize and approve funded research through established medical channels.,(b) Administration would only be done by specifically credentialed practitioners.,(b) Statement 3 only,(d) A shift in focus from treating severe mental illnesses.,12,672b19cc67687cb549eb412c,PsychedelicsFinalTest,Participant ID|Instructions|Q9|Q2 |Q18|Q11|Q14|Q5|Q1|Q15|Q6|Q7|Q17|Q10|Q4|Q19|Q3|Q8|Q13|Q12|Q20|Q16|Debrief
11/07/2025 03:46,11/07/2025 04:20,IP Address,100,2006,TRUE,11/07/2025 04:20,R_2DIsqd9I5yrFHSo,anonymous,EN,0.300000012,59d4283121977e0001d62f46,(c) They provide a means to explore our inner workings.,(d) The individual's own pre-existing mental contents.,(a) Prioritize getting the necessary funding and expertise through public outreach.,(c) A lost breakthrough opportunity to alleviate significant human suffering.,(d) The interplay between the individual’s mindset and usage environment.,"(a) Statements 1, 4",(b) By fostering a sense of interconnectedness and unity.,(c) Catalyze deep personal re-orientation and commitment to a cause.,(b) Psychedelic therapy aims to resolve underlying issues.,(b) Minimize the need for therapy-client interaction in the healing process.,(a) MDMA is only effective for specific types of trauma.,(d) Create a safe space for the patient's own healing to emerge.,(b) Strengthening the individual's established sense of self.,(b) A perception of reality with less personal bias.,"(c) Reduced amygdala activity, increased prefrontal activity, and oxytocin release.",(c) Reduces fear and increases affiliative tendencies.,(c) Legalize and approve funded research through established medical channels.,(b) Administration would only be done by specifically credentialed practitioners.,"(d) Statements 1, 2, 3, and 4",(d) A shift in focus from treating severe mental illnesses.,13,59d4283121977e0001d62f46,PsychedelicsFinalTest,Participant ID|Instructions|Q15|Q14|Q16|Q20|Q18|Q9|Q13|Q5|Q6|Q12|Q19|Q11|Q3|Q7|Q8|Q10|Q2 |Q4|Q17|Q1|Debrief
11/07/2025 04:22,11/07/2025 04:38,IP Address,100,953,TRUE,11/07/2025 04:38,R_2qVxQ3Y1WJAUGF4,anonymous,EN,1,5d7f598628843a00181eb444,(d) They enhance memory recall and cognitive processing.,(a) External stimuli amplified by psychedelics.,(a) Prioritize getting the necessary funding and expertise through public outreach.,(c) A lost breakthrough opportunity to alleviate significant human suffering.,(d) The interplay between the individual’s mindset and usage environment.,"(a) Statements 1, 4",(c) By encouraging acceptance and understanding of differing viewpoints.,(a) Provide long-lasting relief from existential anxieties.,(b) Psychedelic therapy aims to resolve underlying issues.,(a) Facilitate profound and enduring psychological transformation.,(c) The context and support are crucial for MDMA's effectiveness.,(d) Create a safe space for the patient's own healing to emerge.,(d) Enhancing the brain's capacity for logical reasoning.,(b) A perception of reality with less personal bias.,"(d) Increased hippocampus activity, decreased DMN activity, and oxytocin release.",(c) Reduces fear and increases affiliative tendencies.,(c) Legalize and approve funded research through established medical channels.,(b) Administration would only be done by specifically credentialed practitioners.,"(d) Statements 1, 2, 3, and 4",(d) A shift in focus from treating severe mental illnesses.,10,5d7f598628843a00181eb444,PsychedelicsFinalTest,Participant ID|Instructions|Q15|Q6|Q20|Q18|Q19|Q13|Q10|Q8|Q1|Q16|Q4|Q17|Q3|Q7|Q11|Q14|Q12|Q5|Q9|Q2 |Debrief
11/07/2025 04:28,11/07/2025 04:44,IP Address,100,984,TRUE,11/07/2025 04:44,R_2wXKyDk5sP7fWeJ,anonymous,EN,1,5e7fa0e918b10804bb87eb63,(d) They enhance memory recall and cognitive processing.,(b) Entirely novel cognitions brought about by psychedelics.,(c) Implement stricter controls and ethical regulations early on.,(c) A lost breakthrough opportunity to alleviate significant human suffering.,(d) The interplay between the individual’s mindset and usage environment.,"(c) Statements 1, 2, 4",(b) By fostering a sense of interconnectedness and unity.,(a) Provide long-lasting relief from existential anxieties.,(b) Psychedelic therapy aims to resolve underlying issues.,(a) Facilitate profound and enduring psychological transformation.,(d) Recreational use of MDMA can sometime lead to therapeutic insights.,(d) Create a safe space for the patient's own healing to emerge.,(c) Temporarily loosening rigid patterns of thought and self-perception.,(d) An increased feeling of detachment from others.,"(d) Increased hippocampus activity, decreased DMN activity, and oxytocin release.",(c) Reduces fear and increases affiliative tendencies.,(c) Legalize and approve funded research through established medical channels.,(b) Administration would only be done by specifically credentialed practitioners.,(b) Statement 3 only,(a) A broader application of psychedelics for human flourishing.,13,5e7fa0e918b10804bb87eb63,PsychedelicsFinalTest,Participant ID|Instructions|Q17|Q3|Q8|Q16|Q9|Q2 |Q10|Q15|Q4|Q11|Q20|Q12|Q5|Q14|Q19|Q13|Q6|Q1|Q7|Q18|Debrief
11/07/2025 04:41,11/07/2025 04:45,IP Address,100,263,TRUE,11/07/2025 04:45,R_8hcp4x3ZlTVzUoe,anonymous,EN,1,6304deb78f14a18b18ceed4a,(c) They provide a means to explore our inner workings.,(d) The individual's own pre-existing mental contents.,(c) Implement stricter controls and ethical regulations early on.,(c) A lost breakthrough opportunity to alleviate significant human suffering.,(d) The interplay between the individual’s mindset and usage environment.,"(a) Statements 1, 4",(b) By fostering a sense of interconnectedness and unity.,(a) Provide long-lasting relief from existential anxieties.,(b) Psychedelic therapy aims to resolve underlying issues.,(a) Facilitate profound and enduring psychological transformation.,(c) The context and support are crucial for MDMA's effectiveness.,(d) Create a safe space for the patient's own healing to emerge.,(c) Temporarily loosening rigid patterns of thought and self-perception.,(b) A perception of reality with less personal bias.,"(c) Reduced amygdala activity, increased prefrontal activity, and oxytocin release.",(c) Reduces fear and increases affiliative tendencies.,(c) Legalize and approve funded research through established medical channels.,(b) Administration would only be done by specifically credentialed practitioners.,(b) Statement 3 only,(a) A broader application of psychedelics for human flourishing.,18,6304deb78f14a18b18ceed4a,PsychedelicsFinalTest,Participant ID|Instructions|Q17|Q18|Q3|Q6|Q5|Q8|Q12|Q2 |Q4|Q15|Q19|Q7|Q1|Q9|Q13|Q14|Q11|Q20|Q16|Q10|Debrief
11/07/2025 04:38,11/07/2025 04:48,IP Address,100,641,TRUE,11/07/2025 04:48,R_2vPcXBY0FOhR7W1,anonymous,EN,1,5ad22ebba010190001b363e8,(c) They provide a means to explore our inner workings.,(d) The individual's own pre-existing mental contents.,(a) Prioritize getting the necessary funding and expertise through public outreach.,(c) A lost breakthrough opportunity to alleviate significant human suffering.,(d) The interplay between the individual’s mindset and usage environment.,"(c) Statements 1, 2, 4",(b) By fostering a sense of interconnectedness and unity.,(c) Catalyze deep personal re-orientation and commitment to a cause.,(b) Psychedelic therapy aims to resolve underlying issues.,(a) Facilitate profound and enduring psychological transformation.,(c) The context and support are crucial for MDMA's effectiveness.,(d) Create a safe space for the patient's own healing to emerge.,(c) Temporarily loosening rigid patterns of thought and self-perception.,(b) A perception of reality with less personal bias.,"(c) Reduced amygdala activity, increased prefrontal activity, and oxytocin release.",(c) Reduces fear and increases affiliative tendencies.,(c) Legalize and approve funded research through established medical channels.,(b) Administration would only be done by specifically credentialed practitioners.,(b) Statement 3 only,(a) A broader application of psychedelics for human flourishing.,18,5ad22ebba010190001b363e8,PsychedelicsFinalTest,Participant ID|Instructions|Q16|Q7|Q8|Q5|Q19|Q9|Q14|Q4|Q12|Q15|Q18|Q10|Q17|Q1|Q2 |Q13|Q6|Q3|Q11|Q20|Debrief
11/07/2025 04:42,11/07/2025 04:49,IP Address,100,443,TRUE,11/07/2025 04:49,R_2pJoO3hblr3ZRpF,anonymous,EN,0.899999976,60fcb280d58f26d33cb004a6,(d) They enhance memory recall and cognitive processing.,(a) External stimuli amplified by psychedelics.,(c) Implement stricter controls and ethical regulations early on.,(b) An increase in the prevalence of illicit global drug trafficking.,(b) The user’s prior unique experiences with other psychoactive drugs.,"(c) Statements 1, 2, 4",(c) By encouraging acceptance and understanding of differing viewpoints.,(c) Catalyze deep personal re-orientation and commitment to a cause.,(b) Psychedelic therapy aims to resolve underlying issues.,(d) Test the drug's effects in isolation from therapy.,(d) Recreational use of MDMA can sometime lead to therapeutic insights.,(a) Interpret the patient's visions and provide solutions.,(d) Enhancing the brain's capacity for logical reasoning.,(b) A perception of reality with less personal bias.,(b) Decreased oxytocin release and heightened DMN activity.,(c) Reduces fear and increases affiliative tendencies.,(d) Advocate for the immediate decriminalization of all psychedelics.,(b) Administration would only be done by specifically credentialed practitioners.,(b) Statement 3 only,(c) The gradual replacement of other conventional therapies.,7,60fcb280d58f26d33cb004a6,PsychedelicsFinalTest,Participant ID|Instructions|Q13|Q9|Q10|Q18|Q12|Q4|Q19|Q1|Q16|Q11|Q3|Q15|Q6|Q2 |Q8|Q7|Q5|Q14|Q17|Q20|Debrief
11/07/2025 05:04,11/07/2025 05:22,IP Address,100,1082,TRUE,11/07/2025 05:22,R_8dAlcmLnQYO9nKV,anonymous,EN,0.899999976,66fad26e4b07f6149ceb136d,(c) They provide a means to explore our inner workings.,(d) The individual's own pre-existing mental contents.,(a) Prioritize getting the necessary funding and expertise through public outreach.,(c) A lost breakthrough opportunity to alleviate significant human suffering.,(d) The interplay between the individual’s mindset and usage environment.,"(a) Statements 1, 4",(b) By fostering a sense of interconnectedness and unity.,(c) Catalyze deep personal re-orientation and commitment to a cause.,(b) Psychedelic therapy aims to resolve underlying issues.,(a) Facilitate profound and enduring psychological transformation.,(c) The context and support are crucial for MDMA's effectiveness.,(d) Create a safe space for the patient's own healing to emerge.,(c) Temporarily loosening rigid patterns of thought and self-perception.,(d) An increased feeling of detachment from others.,(a) Increased amygdala activity and reduced prefrontal cortex activity.,(c) Reduces fear and increases affiliative tendencies.,(b) Focus on public education rather than clinical trials.,(b) Administration would only be done by specifically credentialed practitioners.,(b) Statement 3 only,(a) A broader application of psychedelics for human flourishing.,15,66fad26e4b07f6149ceb136d,PsychedelicsFinalTest,Participant ID|Instructions|Q9|Q2 |Q14|Q5|Q13|Q4|Q1|Q10|Q15|Q18|Q19|Q8|Q7|Q16|Q11|Q20|Q6|Q17|Q3|Q12|Debrief
11/07/2025 06:48,11/07/2025 07:06,IP Address,100,1060,TRUE,11/07/2025 07:06,R_8IjcoYxzXS0iy16,anonymous,EN,0.100000001,67d7598ad9aacf9073ca130d,(c) They provide a means to explore our inner workings.,(d) The individual's own pre-existing mental contents.,(c) Implement stricter controls and ethical regulations early on.,(c) A lost breakthrough opportunity to alleviate significant human suffering.,(d) The interplay between the individual’s mindset and usage environment.,"(a) Statements 1, 4",(b) By fostering a sense of interconnectedness and unity.,(a) Provide long-lasting relief from existential anxieties.,(c) Conventional drugs prioritize long-term emotional growth.,(a) Facilitate profound and enduring psychological transformation.,(c) The context and support are crucial for MDMA's effectiveness.,(d) Create a safe space for the patient's own healing to emerge.,(b) Strengthening the individual's established sense of self.,(b) A perception of reality with less personal bias.,"(c) Reduced amygdala activity, increased prefrontal activity, and oxytocin release.",(a) Heightens sensory awareness and exploration.,(d) Advocate for the immediate decriminalization of all psychedelics.,(b) Administration would only be done by specifically credentialed practitioners.,(b) Statement 3 only,(a) A broader application of psychedelics for human flourishing.,14,67d7598ad9aacf9073ca130d,PsychedelicsFinalTest,Participant ID|Instructions|Q1|Q4|Q5|Q16|Q13|Q7|Q11|Q15|Q19|Q18|Q14|Q10|Q6|Q3|Q8|Q9|Q2 |Q17|Q20|Q12|Debrief
11/07/2025 08:02,11/07/2025 08:12,IP Address,100,588,TRUE,11/07/2025 08:12,R_2QAFIYPRAgFpNgP,anonymous,EN,0.400000006,641384b3dffcf39ec42d3c23,(d) They enhance memory recall and cognitive processing.,(d) The individual's own pre-existing mental contents.,(c) Implement stricter controls and ethical regulations early on.,(c) A lost breakthrough opportunity to alleviate significant human suffering.,(b) The user’s prior unique experiences with other psychoactive drugs.,"(a) Statements 1, 4",(c) By encouraging acceptance and understanding of differing viewpoints.,(a) Provide long-lasting relief from existential anxieties.,(b) Psychedelic therapy aims to resolve underlying issues.,(c) Tackle root causes by addressing the symptoms directly.,(c) The context and support are crucial for MDMA's effectiveness.,(d) Create a safe space for the patient's own healing to emerge.,(c) Temporarily loosening rigid patterns of thought and self-perception.,(b) A perception of reality with less personal bias.,(a) Increased amygdala activity and reduced prefrontal cortex activity.,(c) Reduces fear and increases affiliative tendencies.,(c) Legalize and approve funded research through established medical channels.,(b) Administration would only be done by specifically credentialed practitioners.,(b) Statement 3 only,(a) A broader application of psychedelics for human flourishing.,13,641384b3dffcf39ec42d3c23,PsychedelicsFinalTest,Participant ID|Instructions|Q7|Q2 |Q4|Q13|Q12|Q5|Q3|Q6|Q1|Q20|Q15|Q17|Q11|Q9|Q18|Q10|Q14|Q8|Q19|Q16|Debrief
11/07/2025 08:37,11/07/2025 08:53,IP Address,100,947,TRUE,11/07/2025 08:53,R_8jVW0BjjDKKU9xY,anonymous,EN,0.400000006,62e02f9779587a5557757264,(a) They induce states of deep relaxation.,(c) The individual’s immediate physical and social surroundings.,(c) Implement stricter controls and ethical regulations early on.,(b) An increase in the prevalence of illicit global drug trafficking.,(b) The user’s prior unique experiences with other psychoactive drugs.,"(a) Statements 1, 4",(a) By promoting adherence to a single global ideology.,(a) Provide long-lasting relief from existential anxieties.,(b) Psychedelic therapy aims to resolve underlying issues.,(c) Tackle root causes by addressing the symptoms directly.,(d) Recreational use of MDMA can sometime lead to therapeutic insights.,(a) Interpret the patient's visions and provide solutions.,(b) Strengthening the individual's established sense of self.,(a) A heightened sense of confusion and disorientation.,"(d) Increased hippocampus activity, decreased DMN activity, and oxytocin release.",(c) Reduces fear and increases affiliative tendencies.,(d) Advocate for the immediate decriminalization of all psychedelics.,(b) Administration would only be done by specifically credentialed practitioners.,(b) Statement 3 only,(a) A broader application of psychedelics for human flourishing.,6,62e02f9779587a5557757264,PsychedelicsFinalTest,Participant ID|Instructions|Q3|Q1|Q18|Q10|Q9|Q12|Q17|Q5|Q8|Q6|Q19|Q16|Q13|Q11|Q14|Q2 |Q20|Q4|Q15|Q7|Debrief
11/07/2025 08:47,11/07/2025 08:56,IP Address,100,527,TRUE,11/07/2025 08:56,R_8feX8kFDrno0d0r,anonymous,EN,1,6725c4a8e3ab0787551acf38,(b) They promote for creative problem-solving abilities.,(a) External stimuli amplified by psychedelics.,(c) Implement stricter controls and ethical regulations early on.,(c) A lost breakthrough opportunity to alleviate significant human suffering.,(b) The user’s prior unique experiences with other psychoactive drugs.,"(d) Statements 1, 3, 4",(d) By increasing self-reliance and independence.,(d) Break down complex issues into simple solutions.,(b) Psychedelic therapy aims to resolve underlying issues.,(c) Tackle root causes by addressing the symptoms directly.,(d) Recreational use of MDMA can sometime lead to therapeutic insights.,(d) Create a safe space for the patient's own healing to emerge.,(d) Enhancing the brain's capacity for logical reasoning.,(d) An increased feeling of detachment from others.,(a) Increased amygdala activity and reduced prefrontal cortex activity.,(a) Heightens sensory awareness and exploration.,(c) Legalize and approve funded research through established medical channels.,(b) Administration would only be done by specifically credentialed practitioners.,(b) Statement 3 only,(d) A shift in focus from treating severe mental illnesses.,8,6725c4a8e3ab0787551acf38,PsychedelicsFinalTest,Participant ID|Instructions|Q3|Q12|Q14|Q4|Q5|Q8|Q9|Q17|Q10|Q2 |Q16|Q15|Q18|Q13|Q6|Q7|Q19|Q20|Q11|Q1|Debrief
11/07/2025 11:55,11/07/2025 12:05,IP Address,100,581,TRUE,11/07/2025 12:05,R_8bVWK6sGFRYnd73,anonymous,EN,1,5df0a8f97505ad0f45eca4d7,(c) They provide a means to explore our inner workings.,(d) The individual's own pre-existing mental contents.,(c) Implement stricter controls and ethical regulations early on.,(a) A major impediment in our understanding of neural mechanisms.,(d) The interplay between the individual’s mindset and usage environment.,"(d) Statements 1, 3, 4",(b) By fostering a sense of interconnectedness and unity.,(c) Catalyze deep personal re-orientation and commitment to a cause.,(b) Psychedelic therapy aims to resolve underlying issues.,(c) Tackle root causes by addressing the symptoms directly.,(c) The context and support are crucial for MDMA's effectiveness.,(d) Create a safe space for the patient's own healing to emerge.,(c) Temporarily loosening rigid patterns of thought and self-perception.,(b) A perception of reality with less personal bias.,"(c) Reduced amygdala activity, increased prefrontal activity, and oxytocin release.",(c) Reduces fear and increases affiliative tendencies.,(c) Legalize and approve funded research through established medical channels.,(b) Administration would only be done by specifically credentialed practitioners.,(b) Statement 3 only,(a) A broader application of psychedelics for human flourishing.,18,5df0a8f97505ad0f45eca4d7,PsychedelicsFinalTest,Participant ID|Instructions|Q5|Q1|Q4|Q6|Q20|Q8|Q17|Q3|Q18|Q16|Q19|Q13|Q9|Q15|Q11|Q12|Q7|Q2 |Q10|Q14|Debrief
11/07/2025 12:05,11/07/2025 12:12,IP Address,100,387,TRUE,11/07/2025 12:12,R_2gUAWA1roQEH8Gt,anonymous,EN,1,6107247967dedd82e06c6f27,(d) They enhance memory recall and cognitive processing.,(d) The individual's own pre-existing mental contents.,(a) Prioritize getting the necessary funding and expertise through public outreach.,(a) A major impediment in our understanding of neural mechanisms.,(d) The interplay between the individual’s mindset and usage environment.,"(a) Statements 1, 4",(b) By fostering a sense of interconnectedness and unity.,(c) Catalyze deep personal re-orientation and commitment to a cause.,(b) Psychedelic therapy aims to resolve underlying issues.,(a) Facilitate profound and enduring psychological transformation.,(c) The context and support are crucial for MDMA's effectiveness.,(d) Create a safe space for the patient's own healing to emerge.,(c) Temporarily loosening rigid patterns of thought and self-perception.,(b) A perception of reality with less personal bias.,"(d) Increased hippocampus activity, decreased DMN activity, and oxytocin release.",(c) Reduces fear and increases affiliative tendencies.,(c) Legalize and approve funded research through established medical channels.,(b) Administration would only be done by specifically credentialed practitioners.,(c) Statements 2 and 3,(a) A broader application of psychedelics for human flourishing.,14,6107247967dedd82e06c6f27,PsychedelicsFinalTest,Participant ID|Instructions|Q17|Q14|Q6|Q7|Q13|Q5|Q16|Q15|Q8|Q1|Q19|Q12|Q11|Q18|Q3|Q2 |Q9|Q4|Q10|Q20|Debrief
11/07/2025 13:02,11/07/2025 13:14,IP Address,100,680,TRUE,11/07/2025 13:14,R_8E4UUXxJUzm1pJz,anonymous,EN,0.899999976,6128d76bf2f6b1df98035506,(d) They enhance memory recall and cognitive processing.,(b) Entirely novel cognitions brought about by psychedelics.,(c) Implement stricter controls and ethical regulations early on.,(b) An increase in the prevalence of illicit global drug trafficking.,(c) The specific dosage administered to different individuals.,"(b) Statements 2, 3",(c) By encouraging acceptance and understanding of differing viewpoints.,(d) Break down complex issues into simple solutions.,(c) Conventional drugs prioritize long-term emotional growth.,(b) Minimize the need for therapy-client interaction in the healing process.,(d) Recreational use of MDMA can sometime lead to therapeutic insights.,(d) Create a safe space for the patient's own healing to emerge.,(d) Enhancing the brain's capacity for logical reasoning.,(a) A heightened sense of confusion and disorientation.,"(c) Reduced amygdala activity, increased prefrontal activity, and oxytocin release.",(a) Heightens sensory awareness and exploration.,(c) Legalize and approve funded research through established medical channels.,(b) Administration would only be done by specifically credentialed practitioners.,(c) Statements 2 and 3,(a) A broader application of psychedelics for human flourishing.,6,6128d76bf2f6b1df98035506,PsychedelicsFinalTest,Participant ID|Instructions|Q15|Q5|Q17|Q3|Q1|Q14|Q13|Q2 |Q18|Q7|Q19|Q20|Q6|Q9|Q16|Q8|Q11|Q10|Q4|Q12|Debrief
15/07/2025 04:57,15/07/2025 05:11,IP Address,100,833,TRUE,15/07/2025 05:11,R_2CyCwiKOKR996W0,anonymous,EN,0.899999976,631610af8e747093cd90e00d,(c) They provide a means to explore our inner workings.,(d) The individual's own pre-existing mental contents.,(a) Prioritize getting the necessary funding and expertise through public outreach.,(c) A lost breakthrough opportunity to alleviate significant human suffering.,(d) The interplay between the individual’s mindset and usage environment.,"(a) Statements 1, 4",(b) By fostering a sense of interconnectedness and unity.,(a) Provide long-lasting relief from existential anxieties.,(b) Psychedelic therapy aims to resolve underlying issues.,(a) Facilitate profound and enduring psychological transformation.,(c) The context and support are crucial for MDMA's effectiveness.,(d) Create a safe space for the patient's own healing to emerge.,(c) Temporarily loosening rigid patterns of thought and self-perception.,(b) A perception of reality with less personal bias.,"(c) Reduced amygdala activity, increased prefrontal activity, and oxytocin release.",(a) Heightens sensory awareness and exploration.,(c) Legalize and approve funded research through established medical channels.,(b) Administration would only be done by specifically credentialed practitioners.,(b) Statement 3 only,(a) A broader application of psychedelics for human flourishing.,16,631610af8e747093cd90e00d,PsychedelicsFinalTest,Participant ID|Instructions|Q8|Q1|Q2 |Q6|Q15|Q19|Q20|Q12|Q14|Q4|Q3|Q7|Q11|Q16|Q13|Q5|Q9|Q10|Q18|Q17|Debrief
15/07/2025 08:04,15/07/2025 08:11,IP Address,100,417,TRUE,15/07/2025 08:11,R_80wHYijcLGu92UN,anonymous,EN,0.899999976,60f816ff1fa74fcfab532378,(c) They provide a means to explore our inner workings.,(d) The individual's own pre-existing mental contents.,(c) Implement stricter controls and ethical regulations early on.,(c) A lost breakthrough opportunity to alleviate significant human suffering.,(c) The specific dosage administered to different individuals.,"(c) Statements 1, 2, 4",(b) By fostering a sense of interconnectedness and unity.,(c) Catalyze deep personal re-orientation and commitment to a cause.,(b) Psychedelic therapy aims to resolve underlying issues.,(a) Facilitate profound and enduring psychological transformation.,(c) The context and support are crucial for MDMA's effectiveness.,(d) Create a safe space for the patient's own healing to emerge.,(b) Strengthening the individual's established sense of self.,(b) A perception of reality with less personal bias.,(a) Increased amygdala activity and reduced prefrontal cortex activity.,(c) Reduces fear and increases affiliative tendencies.,(c) Legalize and approve funded research through established medical channels.,(b) Administration would only be done by specifically credentialed practitioners.,(b) Statement 3 only,(d) A shift in focus from treating severe mental illnesses.,15,60f816ff1fa74fcfab532378,PsychedelicsFinalTest,Participant ID|Instructions|Q1|Q16|Q19|Q6|Q10|Q18|Q2 |Q13|Q11|Q5|Q7|Q9|Q15|Q8|Q4|Q12|Q20|Q3|Q14|Q17|Debrief
15/07/2025 08:22,15/07/2025 08:28,IP Address,100,371,TRUE,15/07/2025 08:28,R_2A0BDJ9cUHhmnEf,anonymous,EN,0.200000003,5f1833a16e55c522eeaf4dbe,(c) They provide a means to explore our inner workings.,(a) External stimuli amplified by psychedelics.,(a) Prioritize getting the necessary funding and expertise through public outreach.,(c) A lost breakthrough opportunity to alleviate significant human suffering.,(d) The interplay between the individual’s mindset and usage environment.,"(a) Statements 1, 4",(b) By fostering a sense of interconnectedness and unity.,(d) Break down complex issues into simple solutions.,(b) Psychedelic therapy aims to resolve underlying issues.,(c) Tackle root causes by addressing the symptoms directly.,(c) The context and support are crucial for MDMA's effectiveness.,(d) Create a safe space for the patient's own healing to emerge.,(b) Strengthening the individual's established sense of self.,(d) An increased feeling of detachment from others.,(a) Increased amygdala activity and reduced prefrontal cortex activity.,(a) Heightens sensory awareness and exploration.,(c) Legalize and approve funded research through established medical channels.,"(c) MDMA could be used in large, group therapy settings.",(b) Statement 3 only,(c) The gradual replacement of other conventional therapies.,9,5f1833a16e55c522eeaf4dbe,PsychedelicsFinalTest,Participant ID|Instructions|Q7|Q10|Q9|Q5|Q18|Q17|Q1|Q15|Q19|Q8|Q2 |Q20|Q6|Q13|Q16|Q12|Q3|Q4|Q14|Q11|Debrief
15/07/2025 08:53,15/07/2025 09:01,IP Address,100,499,TRUE,15/07/2025 09:01,R_8SfyEw00smvdsZB,anonymous,EN,0.899999976,677985c03cd33b60c6e0ee91,(b) They promote for creative problem-solving abilities.,(d) The individual's own pre-existing mental contents.,(c) Implement stricter controls and ethical regulations early on.,(c) A lost breakthrough opportunity to alleviate significant human suffering.,(c) The specific dosage administered to different individuals.,"(b) Statements 2, 3",(c) By encouraging acceptance and understanding of differing viewpoints.,(a) Provide long-lasting relief from existential anxieties.,(b) Psychedelic therapy aims to resolve underlying issues.,(c) Tackle root causes by addressing the symptoms directly.,(c) The context and support are crucial for MDMA's effectiveness.,(d) Create a safe space for the patient's own healing to emerge.,(b) Strengthening the individual's established sense of self.,(b) A perception of reality with less personal bias.,"(c) Reduced amygdala activity, increased prefrontal activity, and oxytocin release.",(c) Reduces fear and increases affiliative tendencies.,(c) Legalize and approve funded research through established medical channels.,(b) Administration would only be done by specifically credentialed practitioners.,(c) Statements 2 and 3,(c) The gradual replacement of other conventional therapies.,11,677985c03cd33b60c6e0ee91,PsychedelicsFinalTest,Participant ID|Instructions|Q17|Q13|Q9|Q6|Q16|Q15|Q20|Q3|Q14|Q1|Q11|Q5|Q8|Q4|Q7|Q2 |Q10|Q12|Q18|Q19|Debrief