StartDate,EndDate,Status,Progress,Duration (in seconds),Finished,RecordedDate,ResponseId,DistributionChannel,UserLanguage,Q_RecaptchaScore,Participant ID,Q1 ,Q2,Q3,Q4,"Q5 ","Q6 ",Q7,Q8,Q9,Q10,Q11,Q12,"Q13 ","Q14 ",Q15,Q16,"Q17 ","Q18 ","Q19 ",Q20,SC0,PROLIFIC_PID
Start Date,End Date,Response Type,Progress,Duration (in seconds),Finished,Recorded Date,Response ID,Distribution Channel,User Language,Q_RecaptchaScore,"Please provide your Prolific ID

Please note that this response should auto-fill with the correct ID.",Which characteristic of pluripotent stem cells can be used to treat a patient with diabetes?,Which of the following best describes the action of pluripotent stem cells to treat Parkinson’s disease?,"According to the speaker, stem cell research allows us to view Alzheimer's like how polio is viewed today because it:",Which of the following best explains why conventional drug testing methods often not reliably predict how humans will respond?,What is the most significant anticipated effect of automation in stem cell research on drug development?,What was the main motivation behind establishing the New York Stem Cell Foundation (NYSCF) laboratory?,"According to the speaker, what is the one major challenge in drug development that may affect stem cell research?","In conjunction with a patient’s DNA, how do stem cell models serve as a ""flight recorder"" in understanding different illnesses?",The speaker compares the challenges of stem cell research to that of In Vitro Fertilization (IVF) to highlight that:,What is the most plausible reason for the 99% failure rate for new medications in traditional development pipeline?,Why is it so valuable for a patient's own skin cells to be reprogrammed into induced pluripotent stem cells (iPSCs) to model their disease?,"According to the speaker, why might large, established organizations sometimes face difficulties in pioneering new fields like stem cell research?","Which of the following statements are reflective of the challenges the speaker raised that can impede the progress of stem cell research?

	
	
		
		
			Statement 1: Insufficient or restricted funding can significantly impede research.
			Statement 2: Political ideologies can create barriers to essential research activities.
			Statement 3: The lack of patient subjects which can delay controlled clinical trials.
			Statement 4: The inherent complexity and novelty of stem cells.","The analogy of stem cell models as a ""black box"" or ""flight recorder"" for diseases primarily illustrates their unique ability to:",A pharmaceutical company is developing a novel drug for cystic fibrosis. How would using patient-derived stem cell models most improve their pre-clinical testing efficacy?,"The Vioxx case, primarily highlights the critical need for which advancement in drug development?",Which major bottleneck does the development of new software and hardware for stem cell research potentially solve?,"What was the critical insight gained from creating the first ""disease in a dish"" model for Motor Neurone Disease (ALS)?","Which outcomes are most directly anticipated from using a ""global array of genetically diverse stem cell lines"" (avatars) for pre-clinical drug testing?

 

	
	
		
		
			Statement 1: More accurate prediction of how different populations will respond to a drug.
			 Statement 2: Early identification of genetic subgroups susceptible to adverse drug reactions.
			 Statement 3: Facilitation of drug development tailored to specific patient genetic profiles.
			 Statement 4: Gradual replacement of animal models in all drug development stages.",Why did the speaker suggest that we need to move away from a “one-size-fits-all” drug development?,Score,PROLIFIC_PID
"{""ImportId"":""startDate"",""timeZone"":""Europe/London""}","{""ImportId"":""endDate"",""timeZone"":""Europe/London""}","{""ImportId"":""status""}","{""ImportId"":""progress""}","{""ImportId"":""duration""}","{""ImportId"":""finished""}","{""ImportId"":""recordedDate"",""timeZone"":""Europe/London""}","{""ImportId"":""_recordId""}","{""ImportId"":""distributionChannel""}","{""ImportId"":""userLanguage""}","{""ImportId"":""Q_RecaptchaScore""}","{""ImportId"":""QID166_TEXT""}","{""ImportId"":""QID12""}","{""ImportId"":""QID19""}","{""ImportId"":""QID25""}","{""ImportId"":""QID37""}","{""ImportId"":""QID42""}","{""ImportId"":""QID47""}","{""ImportId"":""QID53""}","{""ImportId"":""QID58""}","{""ImportId"":""QID63""}","{""ImportId"":""QID64""}","{""ImportId"":""QID65""}","{""ImportId"":""QID66""}","{""ImportId"":""QID67""}","{""ImportId"":""QID68""}","{""ImportId"":""QID69""}","{""ImportId"":""QID70""}","{""ImportId"":""QID71""}","{""ImportId"":""QID72""}","{""ImportId"":""QID73""}","{""ImportId"":""QID74""}","{""ImportId"":""SC_23vC4bifGQ7v5ie""}","{""ImportId"":""PROLIFIC_PID""}"
2025-11-22 10:01:01,2025-11-22 10:07:01,IP Address,100,359,True,2025-11-22 10:07:01,R_2C4HMvsvIqtxgyd,anonymous,EN,0.8999999761581421,5d542c3a5af5900019bc80c4,"(a) Their ability to differentiate into any specialized cell type, including beta cells.",(a) Dividing controllably in the brain without forming tumours.,(c) Provides a unique breakthrough medication for different diseases.,(b) A drug for liver conditions may unexpectedly impact neural cells in human studies.,"(d) Improving the rate, capacity, and uniformity in the production of diverse human cell lines for testing.","(b) To establish a conducive research environment, away from external pressures.",(d) The gap in resources and processes that prevents early research from translating into industrial innovations.,(a) By demonstrating how specific genetic predispositions manifest as functional changes at the cellular level as the disease unfolds.,(b) There is minimal financial support from private firms due to disinterest and ignorance.,(c) The inaccuracy of early-stage models to predict a drug's efficacy in humans.,"(c) iPSCs can turn into embryonic stem cells to differentiate into specialized cell types. ",(b) Their operational structures may impede rapid adaptation and novel inquiry.,"(d) Statements 1, 2, 3, and 4",(a) Securely store extensive and complex patient genetic information.,(d) It lowers the manufacturing cost of the drug by leveraging on patients’ stem cells.,(d) Tools to predict individual drug responses based on genetic makeup.,"(c)  The slow, laborious, and inconsistent nature of manual stem cell line creation.",(c) The motor neurones were not actually dying in the dish.,"(d) Statements 1, 2, 3, and 4",(c) Every individual has a different genetic makeup.,11,
2025-11-22 10:02:08,2025-11-22 10:08:35,IP Address,100,386,True,2025-11-22 10:08:35,R_2mW5opObCEnuIP7,anonymous,EN,1,5c60501d767686000100150c,"(a) Their ability to differentiate into any specialized cell type, including beta cells.","(b) Differentiating into new, healthy cells that can release dopamine.",(a) Allows us to better understand disease-preventing strategies.,(d) A compound that is non-toxic for animals may cause serious harm in humans.,"(d) Improving the rate, capacity, and uniformity in the production of diverse human cell lines for testing.","(b) To establish a conducive research environment, away from external pressures.",(d) The gap in resources and processes that prevents early research from translating into industrial innovations.,(a) By demonstrating how specific genetic predispositions manifest as functional changes at the cellular level as the disease unfolds.,(d) Stem cell research suffers from a worldwide shortage of skilled researchers.,(b) The lack of an adequately representative sample of human subjects for testing.,(d) iPSCs can tackle diseased cells without rejection from the immune system.,(d) They are subject to more intense ethical scrutiny than smaller institutions.,(c) Statements 3 and 4,(d) Automatically and rapidly diagnose a wide range of diseases.,(b) It provides a platform to observe drug effects on human lung cells.,(c) A shift in animal testing models to human testing models.,(d) The high financial cost needed to sequence patient genomes for iPSC generation.,(c) The motor neurones were not actually dying in the dish.,(b) Statements 1 and 2,(c) Every individual has a different genetic makeup.,10,
2025-11-22 10:03:50,2025-11-22 10:09:00,IP Address,100,310,True,2025-11-22 10:09:00,R_8r018UywtthgnsG,anonymous,EN,1,59e7232f24d7bf00012f112e,"(a) Their ability to differentiate into any specialized cell type, including beta cells.",(d) Stimulating existing damaged neurons to release more dopamine.,(a) Allows us to better understand disease-preventing strategies.,(a) A medication effective in young animals provides little benefits to older humans.,"(d) Improving the rate, capacity, and uniformity in the production of diverse human cell lines for testing.","(b) To establish a conducive research environment, away from external pressures.",(c) The high costs that educational institutions will incur to materialize innovations.,(a) By demonstrating how specific genetic predispositions manifest as functional changes at the cellular level as the disease unfolds.,(c) There are strong political and financial opposition towards the use of stem cells.,(b) The lack of an adequately representative sample of human subjects for testing.,(a) iPSCs can differentiate into various cell types pertinent to the disease.,(a) They are more tightly regulated by the government and face more stringent checks.,"(b) Statements 1, 2, and 3",(c) Function as a indestructible repository for individual patient-specific data.,(a) It removes the need for animal testing which may not be transferrable to humans.,(a) More stringent government regulations on all newly approved pain relief medications.,(a) The ethical concerns surrounding the manual sourcing of embryonic stem cells.,(c) The motor neurones were not actually dying in the dish.,"(d) Statements 1, 2, 3, and 4",(c) Every individual has a different genetic makeup.,9,
2025-11-22 10:00:16,2025-11-22 10:10:03,IP Address,100,586,True,2025-11-22 10:10:03,R_2PFTvW1CBc8IgWV,anonymous,EN,1,66854df2e5fef4239ff63a7d,"(a) Their ability to differentiate into any specialized cell type, including beta cells.",(d) Stimulating existing damaged neurons to release more dopamine.,(d) Enables us to remedy the onset of diseases more effectively.,(d) A compound that is non-toxic for animals may cause serious harm in humans.,"(d) Improving the rate, capacity, and uniformity in the production of diverse human cell lines for testing.","(b) To establish a conducive research environment, away from external pressures.",(d) The gap in resources and processes that prevents early research from translating into industrial innovations.,(b) By forecasting the precise age at which the symptoms of a disease will first appear.,(c) There are strong political and financial opposition towards the use of stem cells.,(c) The inaccuracy of early-stage models to predict a drug's efficacy in humans.,(a) iPSCs can differentiate into various cell types pertinent to the disease.,(b) Their operational structures may impede rapid adaptation and novel inquiry.,"(d) Statements 1, 2, 3, and 4",(c) Function as a indestructible repository for individual patient-specific data.,(b) It provides a platform to observe drug effects on human lung cells.,(b) More resources should be devoted to reduce potential side effects of new drugs.,"(c)  The slow, laborious, and inconsistent nature of manual stem cell line creation.",(a) The disease was found to be caused by a virus.,"(a) Statements 1, 2, and 3",(c) Every individual has a different genetic makeup.,12,
2025-11-22 10:00:37,2025-11-22 10:10:14,IP Address,100,576,True,2025-11-22 10:10:15,R_2EXUVoY8dQjgzJo,anonymous,EN,1,56aa2ab9402d62000c7096f2,"(b) Their capacity for indefinite self-renewal, ensuring an ample supply for research.",(d) Stimulating existing damaged neurons to release more dopamine.,(a) Allows us to better understand disease-preventing strategies.,(b) A drug for liver conditions may unexpectedly impact neural cells in human studies.,"(d) Improving the rate, capacity, and uniformity in the production of diverse human cell lines for testing.",(d) To consolidate different stem cell research globally under one central organization.,(d) The gap in resources and processes that prevents early research from translating into industrial innovations.,(d) By storing a wide range of genetic information that can be used to study diseases,(a) Stem cell research is inherently too advanced for the general public to comprehend.,(c) The inaccuracy of early-stage models to predict a drug's efficacy in humans.,(a) iPSCs can differentiate into various cell types pertinent to the disease.,(a) They are more tightly regulated by the government and face more stringent checks.,(c) Statements 3 and 4,(a) Securely store extensive and complex patient genetic information.,(a) It removes the need for animal testing which may not be transferrable to humans.,(c) A shift in animal testing models to human testing models.,"(c)  The slow, laborious, and inconsistent nature of manual stem cell line creation.",(c) The motor neurones were not actually dying in the dish.,"(d) Statements 1, 2, 3, and 4",(c) Every individual has a different genetic makeup.,8,
2025-11-22 10:01:27,2025-11-22 10:11:00,IP Address,100,573,True,2025-11-22 10:11:00,R_2ilFDhsRDwDy5GX,anonymous,EN,0.8999999761581421,6023f94d1951e70ae21770ec,"(a) Their ability to differentiate into any specialized cell type, including beta cells.","(b) Differentiating into new, healthy cells that can release dopamine.",(a) Allows us to better understand disease-preventing strategies.,(d) A compound that is non-toxic for animals may cause serious harm in humans.,"(d) Improving the rate, capacity, and uniformity in the production of diverse human cell lines for testing.","(b) To establish a conducive research environment, away from external pressures.",(d) The gap in resources and processes that prevents early research from translating into industrial innovations.,(a) By demonstrating how specific genetic predispositions manifest as functional changes at the cellular level as the disease unfolds.,(c) There are strong political and financial opposition towards the use of stem cells.,(c) The inaccuracy of early-stage models to predict a drug's efficacy in humans.,(a) iPSCs can differentiate into various cell types pertinent to the disease.,(b) Their operational structures may impede rapid adaptation and novel inquiry.,"(d) Statements 1, 2, 3, and 4",(b) Reveal the underlying cellular and molecular mechanisms of disease.,(b) It provides a platform to observe drug effects on human lung cells.,(d) Tools to predict individual drug responses based on genetic makeup.,"(c)  The slow, laborious, and inconsistent nature of manual stem cell line creation.",(b) A second cell type was discovered to be contributing to the disease.,"(a) Statements 1, 2, and 3",(c) Every individual has a different genetic makeup.,18,
2025-11-22 10:02:25,2025-11-22 10:11:29,IP Address,100,544,True,2025-11-22 10:11:30,R_2fzpe0tigJYWrZf,anonymous,EN,1,5c88cfc680858000011363df,"(a) Their ability to differentiate into any specialized cell type, including beta cells.","(b) Differentiating into new, healthy cells that can release dopamine.",(a) Allows us to better understand disease-preventing strategies.,(d) A compound that is non-toxic for animals may cause serious harm in humans.,"(d) Improving the rate, capacity, and uniformity in the production of diverse human cell lines for testing.","(b) To establish a conducive research environment, away from external pressures.",(d) The gap in resources and processes that prevents early research from translating into industrial innovations.,(a) By demonstrating how specific genetic predispositions manifest as functional changes at the cellular level as the disease unfolds.,(d) Stem cell research suffers from a worldwide shortage of skilled researchers.,(b) The lack of an adequately representative sample of human subjects for testing.,(a) iPSCs can differentiate into various cell types pertinent to the disease.,(b) Their operational structures may impede rapid adaptation and novel inquiry.,(a) Statements 1 and 2,(b) Reveal the underlying cellular and molecular mechanisms of disease.,(a) It removes the need for animal testing which may not be transferrable to humans.,(d) Tools to predict individual drug responses based on genetic makeup.,"(c)  The slow, laborious, and inconsistent nature of manual stem cell line creation.",(b) A second cell type was discovered to be contributing to the disease.,"(d) Statements 1, 2, 3, and 4",(c) Every individual has a different genetic makeup.,17,
2025-11-22 10:02:08,2025-11-22 10:11:41,IP Address,100,573,True,2025-11-22 10:11:42,R_8fj8sqnnvy0vAgL,anonymous,EN,1,5d8b66f5d189bd001a378273,"(a) Their ability to differentiate into any specialized cell type, including beta cells.",(d) Stimulating existing damaged neurons to release more dopamine.,(a) Allows us to better understand disease-preventing strategies.,(d) A compound that is non-toxic for animals may cause serious harm in humans.,"(d) Improving the rate, capacity, and uniformity in the production of diverse human cell lines for testing.",(d) To consolidate different stem cell research globally under one central organization.,(d) The gap in resources and processes that prevents early research from translating into industrial innovations.,"(c) By documenting the various environmental factors that contributed to the disease's onset, in addition to genetic factors.",(c) There are strong political and financial opposition towards the use of stem cells.,(a) The difficulty in obtaining sufficient funds for the costly final phases of clinical trials.,(d) iPSCs can tackle diseased cells without rejection from the immune system.,"(c) Their primary focus is restricted to late-stage, highly profitable drug development.","(d) Statements 1, 2, 3, and 4",(b) Reveal the underlying cellular and molecular mechanisms of disease.,(d) It lowers the manufacturing cost of the drug by leveraging on patients’ stem cells.,(d) Tools to predict individual drug responses based on genetic makeup.,(a) The ethical concerns surrounding the manual sourcing of embryonic stem cells.,(b) A second cell type was discovered to be contributing to the disease.,"(a) Statements 1, 2, and 3",(c) Every individual has a different genetic makeup.,10,
2025-11-22 10:01:38,2025-11-22 10:12:06,IP Address,100,627,True,2025-11-22 10:12:06,R_2LPCWhWKOjSyjo5,anonymous,EN,0.800000011920929,5978f6f009bdcf000153f43d,(c) Their inherent resistance to the patient's immune system after differentiation.,(d) Stimulating existing damaged neurons to release more dopamine.,(c) Provides a unique breakthrough medication for different diseases.,(d) A compound that is non-toxic for animals may cause serious harm in humans.,"(d) Improving the rate, capacity, and uniformity in the production of diverse human cell lines for testing.","(b) To establish a conducive research environment, away from external pressures.",(d) The gap in resources and processes that prevents early research from translating into industrial innovations.,(d) By storing a wide range of genetic information that can be used to study diseases,(c) There are strong political and financial opposition towards the use of stem cells.,(d) The tendency for firms to prioritize profits over effectiveness of their medications.,(d) iPSCs can tackle diseased cells without rejection from the immune system.,(b) Their operational structures may impede rapid adaptation and novel inquiry.,(a) Statements 1 and 2,(c) Function as a indestructible repository for individual patient-specific data.,(a) It removes the need for animal testing which may not be transferrable to humans.,(d) Tools to predict individual drug responses based on genetic makeup.,"(c)  The slow, laborious, and inconsistent nature of manual stem cell line creation.",(b) A second cell type was discovered to be contributing to the disease.,"(c) Statements 2, 3, and 4",(c) Every individual has a different genetic makeup.,11,
2025-11-22 10:02:54,2025-11-22 10:13:03,IP Address,100,608,True,2025-11-22 10:13:03,R_2smin2igwnScxI0,anonymous,EN,1,6725c4a8e3ab0787551acf38,"(d) Their natural occurrence in adult pancreatic tissue, simplifying extraction.",(d) Stimulating existing damaged neurons to release more dopamine.,(a) Allows us to better understand disease-preventing strategies.,(d) A compound that is non-toxic for animals may cause serious harm in humans.,"(c) Eliminating the need for human clinical trials in the later stages of development, thereby reducing ethical concerns.","(b) To establish a conducive research environment, away from external pressures.",(c) The high costs that educational institutions will incur to materialize innovations.,(d) By storing a wide range of genetic information that can be used to study diseases,(b) There is minimal financial support from private firms due to disinterest and ignorance.,(c) The inaccuracy of early-stage models to predict a drug's efficacy in humans.,(a) iPSCs can differentiate into various cell types pertinent to the disease.,(a) They are more tightly regulated by the government and face more stringent checks.,(a) Statements 1 and 2,(a) Securely store extensive and complex patient genetic information.,(a) It removes the need for animal testing which may not be transferrable to humans.,(d) Tools to predict individual drug responses based on genetic makeup.,"(c)  The slow, laborious, and inconsistent nature of manual stem cell line creation.",(b) A second cell type was discovered to be contributing to the disease.,"(a) Statements 1, 2, and 3",(c) Every individual has a different genetic makeup.,10,
2025-11-22 10:02:24,2025-11-22 10:13:37,IP Address,100,672,True,2025-11-22 10:13:37,R_8wyKq9I7BHLVPiw,anonymous,EN,1,5d0e091ccd9c9300191cb9c9,"(a) Their ability to differentiate into any specialized cell type, including beta cells.","(b) Differentiating into new, healthy cells that can release dopamine.",(a) Allows us to better understand disease-preventing strategies.,(d) A compound that is non-toxic for animals may cause serious harm in humans.,"(d) Improving the rate, capacity, and uniformity in the production of diverse human cell lines for testing.","(b) To establish a conducive research environment, away from external pressures.",(d) The gap in resources and processes that prevents early research from translating into industrial innovations.,(d) By storing a wide range of genetic information that can be used to study diseases,(c) There are strong political and financial opposition towards the use of stem cells.,(a) The difficulty in obtaining sufficient funds for the costly final phases of clinical trials.,(b) iPSCs can naturally become immune to the viral vectors used during their creation.,"(c) Their primary focus is restricted to late-stage, highly profitable drug development.","(d) Statements 1, 2, 3, and 4",(c) Function as a indestructible repository for individual patient-specific data.,(a) It removes the need for animal testing which may not be transferrable to humans.,(d) Tools to predict individual drug responses based on genetic makeup.,"(c)  The slow, laborious, and inconsistent nature of manual stem cell line creation.",(b) A second cell type was discovered to be contributing to the disease.,(b) Statements 1 and 2,(c) Every individual has a different genetic makeup.,12,
2025-11-22 10:03:08,2025-11-22 10:15:12,IP Address,100,723,True,2025-11-22 10:15:12,R_80MWrC6Ouw05nHC,anonymous,EN,1,5e9593f997af0e19c6073957,"(b) Their capacity for indefinite self-renewal, ensuring an ample supply for research.","(b) Differentiating into new, healthy cells that can release dopamine.",(a) Allows us to better understand disease-preventing strategies.,(d) A compound that is non-toxic for animals may cause serious harm in humans.,"(d) Improving the rate, capacity, and uniformity in the production of diverse human cell lines for testing.","(b) To establish a conducive research environment, away from external pressures.",(d) The gap in resources and processes that prevents early research from translating into industrial innovations.,(a) By demonstrating how specific genetic predispositions manifest as functional changes at the cellular level as the disease unfolds.,(c) There are strong political and financial opposition towards the use of stem cells.,(c) The inaccuracy of early-stage models to predict a drug's efficacy in humans.,(a) iPSCs can differentiate into various cell types pertinent to the disease.,(b) Their operational structures may impede rapid adaptation and novel inquiry.,"(d) Statements 1, 2, 3, and 4",(b) Reveal the underlying cellular and molecular mechanisms of disease.,(b) It provides a platform to observe drug effects on human lung cells.,(d) Tools to predict individual drug responses based on genetic makeup.,(a) The ethical concerns surrounding the manual sourcing of embryonic stem cells.,(b) A second cell type was discovered to be contributing to the disease.,"(d) Statements 1, 2, 3, and 4",(c) Every individual has a different genetic makeup.,17,
2025-11-22 10:01:30,2025-11-22 10:16:07,IP Address,100,876,True,2025-11-22 10:16:07,R_2DeCpztXaTIyKhy,anonymous,EN,1,682b3f63d0e2c4eff64fe664,"(a) Their ability to differentiate into any specialized cell type, including beta cells.",(a) Dividing controllably in the brain without forming tumours.,(a) Allows us to better understand disease-preventing strategies.,(d) A compound that is non-toxic for animals may cause serious harm in humans.,"(d) Improving the rate, capacity, and uniformity in the production of diverse human cell lines for testing.","(b) To establish a conducive research environment, away from external pressures.",(d) The gap in resources and processes that prevents early research from translating into industrial innovations.,(d) By storing a wide range of genetic information that can be used to study diseases,(c) There are strong political and financial opposition towards the use of stem cells.,(b) The lack of an adequately representative sample of human subjects for testing.,(d) iPSCs can tackle diseased cells without rejection from the immune system.,(b) Their operational structures may impede rapid adaptation and novel inquiry.,(a) Statements 1 and 2,(a) Securely store extensive and complex patient genetic information.,(a) It removes the need for animal testing which may not be transferrable to humans.,(d) Tools to predict individual drug responses based on genetic makeup.,"(c)  The slow, laborious, and inconsistent nature of manual stem cell line creation.",(b) A second cell type was discovered to be contributing to the disease.,"(d) Statements 1, 2, 3, and 4",(c) Every individual has a different genetic makeup.,14,
2025-11-22 10:01:28,2025-11-22 10:17:06,IP Address,100,938,True,2025-11-22 10:17:06,R_2O6e6mItAN3gXuk,anonymous,EN,1,5e19b24b2bf9512392d6dd90,"(a) Their ability to differentiate into any specialized cell type, including beta cells.",(d) Stimulating existing damaged neurons to release more dopamine.,(c) Provides a unique breakthrough medication for different diseases.,(d) A compound that is non-toxic for animals may cause serious harm in humans.,"(d) Improving the rate, capacity, and uniformity in the production of diverse human cell lines for testing.",(d) To consolidate different stem cell research globally under one central organization.,(d) The gap in resources and processes that prevents early research from translating into industrial innovations.,(d) By storing a wide range of genetic information that can be used to study diseases,(c) There are strong political and financial opposition towards the use of stem cells.,(c) The inaccuracy of early-stage models to predict a drug's efficacy in humans.,(a) iPSCs can differentiate into various cell types pertinent to the disease.,(d) They are subject to more intense ethical scrutiny than smaller institutions.,"(d) Statements 1, 2, 3, and 4",(a) Securely store extensive and complex patient genetic information.,(c) It ensures that the developed drug will be effective in all patients.,(c) A shift in animal testing models to human testing models.,"(c)  The slow, laborious, and inconsistent nature of manual stem cell line creation.",(c) The motor neurones were not actually dying in the dish.,"(d) Statements 1, 2, 3, and 4",(c) Every individual has a different genetic makeup.,10,
2025-11-22 10:04:50,2025-11-22 10:17:29,IP Address,100,758,True,2025-11-22 10:17:29,R_8jd0YfPMNgaawxd,anonymous,EN,1,5f6f2da91b5cc64887afd65d,"(a) Their ability to differentiate into any specialized cell type, including beta cells.","(b) Differentiating into new, healthy cells that can release dopamine.",(a) Allows us to better understand disease-preventing strategies.,(d) A compound that is non-toxic for animals may cause serious harm in humans.,"(d) Improving the rate, capacity, and uniformity in the production of diverse human cell lines for testing.","(b) To establish a conducive research environment, away from external pressures.",(c) The high costs that educational institutions will incur to materialize innovations.,(a) By demonstrating how specific genetic predispositions manifest as functional changes at the cellular level as the disease unfolds.,(c) There are strong political and financial opposition towards the use of stem cells.,(c) The inaccuracy of early-stage models to predict a drug's efficacy in humans.,(d) iPSCs can tackle diseased cells without rejection from the immune system.,"(c) Their primary focus is restricted to late-stage, highly profitable drug development.",(a) Statements 1 and 2,(b) Reveal the underlying cellular and molecular mechanisms of disease.,(b) It provides a platform to observe drug effects on human lung cells.,(d) Tools to predict individual drug responses based on genetic makeup.,"(c)  The slow, laborious, and inconsistent nature of manual stem cell line creation.",(c) The motor neurones were not actually dying in the dish.,"(d) Statements 1, 2, 3, and 4",(c) Every individual has a different genetic makeup.,16,
2025-11-22 10:07:13,2025-11-22 10:19:11,IP Address,100,717,True,2025-11-22 10:19:11,R_8eQwaxRgzCGFPxh,anonymous,EN,1,677a8e5affbe5673b3a79e6b,"(a) Their ability to differentiate into any specialized cell type, including beta cells.",(d) Stimulating existing damaged neurons to release more dopamine.,(c) Provides a unique breakthrough medication for different diseases.,(d) A compound that is non-toxic for animals may cause serious harm in humans.,"(d) Improving the rate, capacity, and uniformity in the production of diverse human cell lines for testing.","(b) To establish a conducive research environment, away from external pressures.",(c) The high costs that educational institutions will incur to materialize innovations.,(a) By demonstrating how specific genetic predispositions manifest as functional changes at the cellular level as the disease unfolds.,(b) There is minimal financial support from private firms due to disinterest and ignorance.,(b) The lack of an adequately representative sample of human subjects for testing.,"(c) iPSCs can turn into embryonic stem cells to differentiate into specialized cell types. ",(b) Their operational structures may impede rapid adaptation and novel inquiry.,"(d) Statements 1, 2, 3, and 4",(c) Function as a indestructible repository for individual patient-specific data.,(a) It removes the need for animal testing which may not be transferrable to humans.,(d) Tools to predict individual drug responses based on genetic makeup.,"(c)  The slow, laborious, and inconsistent nature of manual stem cell line creation.",(b) A second cell type was discovered to be contributing to the disease.,"(d) Statements 1, 2, 3, and 4",(c) Every individual has a different genetic makeup.,11,
2025-11-22 10:07:08,2025-11-22 10:20:04,IP Address,100,776,True,2025-11-22 10:20:04,R_2XiZZuxGlOkAfG9,anonymous,EN,1,67665f7b0329bd3e30515ad2,"(a) Their ability to differentiate into any specialized cell type, including beta cells.",(a) Dividing controllably in the brain without forming tumours.,(c) Provides a unique breakthrough medication for different diseases.,(b) A drug for liver conditions may unexpectedly impact neural cells in human studies.,"(d) Improving the rate, capacity, and uniformity in the production of diverse human cell lines for testing.","(b) To establish a conducive research environment, away from external pressures.",(d) The gap in resources and processes that prevents early research from translating into industrial innovations.,(d) By storing a wide range of genetic information that can be used to study diseases,(c) There are strong political and financial opposition towards the use of stem cells.,(d) The tendency for firms to prioritize profits over effectiveness of their medications.,(a) iPSCs can differentiate into various cell types pertinent to the disease.,"(c) Their primary focus is restricted to late-stage, highly profitable drug development.","(b) Statements 1, 2, and 3",(a) Securely store extensive and complex patient genetic information.,(a) It removes the need for animal testing which may not be transferrable to humans.,(d) Tools to predict individual drug responses based on genetic makeup.,(d) The high financial cost needed to sequence patient genomes for iPSC generation.,(b) A second cell type was discovered to be contributing to the disease.,"(d) Statements 1, 2, 3, and 4",(c) Every individual has a different genetic makeup.,10,
2025-11-22 10:10:14,2025-11-22 10:20:27,IP Address,100,613,True,2025-11-22 10:20:27,R_2oK04gSXUdUJG81,anonymous,EN,1,5f57be602095072bb238a7ab,"(a) Their ability to differentiate into any specialized cell type, including beta cells.","(b) Differentiating into new, healthy cells that can release dopamine.",(c) Provides a unique breakthrough medication for different diseases.,(b) A drug for liver conditions may unexpectedly impact neural cells in human studies.,(a) Considerably reducing the expertise needed by laboratory staff to conduct research.,"(b) To establish a conducive research environment, away from external pressures.",(d) The gap in resources and processes that prevents early research from translating into industrial innovations.,(d) By storing a wide range of genetic information that can be used to study diseases,(c) There are strong political and financial opposition towards the use of stem cells.,(c) The inaccuracy of early-stage models to predict a drug's efficacy in humans.,(d) iPSCs can tackle diseased cells without rejection from the immune system.,"(c) Their primary focus is restricted to late-stage, highly profitable drug development.","(d) Statements 1, 2, 3, and 4",(a) Securely store extensive and complex patient genetic information.,(c) It ensures that the developed drug will be effective in all patients.,(d) Tools to predict individual drug responses based on genetic makeup.,"(c)  The slow, laborious, and inconsistent nature of manual stem cell line creation.",(b) A second cell type was discovered to be contributing to the disease.,"(d) Statements 1, 2, 3, and 4",(c) Every individual has a different genetic makeup.,11,
2025-11-22 10:05:44,2025-11-22 10:20:41,IP Address,100,897,True,2025-11-22 10:20:41,R_8Oy7zKo64936x0J,anonymous,EN,0.8999999761581421,5827634ea80bf4000199994b,"(a) Their ability to differentiate into any specialized cell type, including beta cells.","(b) Differentiating into new, healthy cells that can release dopamine.",(c) Provides a unique breakthrough medication for different diseases.,(b) A drug for liver conditions may unexpectedly impact neural cells in human studies.,"(c) Eliminating the need for human clinical trials in the later stages of development, thereby reducing ethical concerns.","(b) To establish a conducive research environment, away from external pressures.",(d) The gap in resources and processes that prevents early research from translating into industrial innovations.,(d) By storing a wide range of genetic information that can be used to study diseases,(c) There are strong political and financial opposition towards the use of stem cells.,(a) The difficulty in obtaining sufficient funds for the costly final phases of clinical trials.,"(c) iPSCs can turn into embryonic stem cells to differentiate into specialized cell types. ","(c) Their primary focus is restricted to late-stage, highly profitable drug development.",(a) Statements 1 and 2,(a) Securely store extensive and complex patient genetic information.,(a) It removes the need for animal testing which may not be transferrable to humans.,(d) Tools to predict individual drug responses based on genetic makeup.,(d) The high financial cost needed to sequence patient genomes for iPSC generation.,(b) A second cell type was discovered to be contributing to the disease.,"(c) Statements 2, 3, and 4",(c) Every individual has a different genetic makeup.,9,
2025-11-22 10:04:17,2025-11-22 10:21:34,IP Address,100,1037,True,2025-11-22 10:21:35,R_22MoOiKuHFOnCKS,anonymous,EN,0.10000000149011612,6637ab2fc7718b737f6c33c0,"(b) Their capacity for indefinite self-renewal, ensuring an ample supply for research.","(b) Differentiating into new, healthy cells that can release dopamine.",(c) Provides a unique breakthrough medication for different diseases.,(d) A compound that is non-toxic for animals may cause serious harm in humans.,"(d) Improving the rate, capacity, and uniformity in the production of diverse human cell lines for testing.","(b) To establish a conducive research environment, away from external pressures.",(d) The gap in resources and processes that prevents early research from translating into industrial innovations.,"(c) By documenting the various environmental factors that contributed to the disease's onset, in addition to genetic factors.",(d) Stem cell research suffers from a worldwide shortage of skilled researchers.,(c) The inaccuracy of early-stage models to predict a drug's efficacy in humans.,"(c) iPSCs can turn into embryonic stem cells to differentiate into specialized cell types. ",(b) Their operational structures may impede rapid adaptation and novel inquiry.,"(b) Statements 1, 2, and 3",(b) Reveal the underlying cellular and molecular mechanisms of disease.,(b) It provides a platform to observe drug effects on human lung cells.,(d) Tools to predict individual drug responses based on genetic makeup.,(a) The ethical concerns surrounding the manual sourcing of embryonic stem cells.,(b) A second cell type was discovered to be contributing to the disease.,"(a) Statements 1, 2, and 3",(c) Every individual has a different genetic makeup.,12,
2025-11-22 10:06:25,2025-11-22 10:21:38,IP Address,100,913,True,2025-11-22 10:21:39,R_8flWuVx7bT4vJo7,anonymous,EN,1,6704539fe462b87182866f14,"(a) Their ability to differentiate into any specialized cell type, including beta cells.","(b) Differentiating into new, healthy cells that can release dopamine.",(d) Enables us to remedy the onset of diseases more effectively.,(d) A compound that is non-toxic for animals may cause serious harm in humans.,"(d) Improving the rate, capacity, and uniformity in the production of diverse human cell lines for testing.","(b) To establish a conducive research environment, away from external pressures.",(c) The high costs that educational institutions will incur to materialize innovations.,(a) By demonstrating how specific genetic predispositions manifest as functional changes at the cellular level as the disease unfolds.,(d) Stem cell research suffers from a worldwide shortage of skilled researchers.,(c) The inaccuracy of early-stage models to predict a drug's efficacy in humans.,(a) iPSCs can differentiate into various cell types pertinent to the disease.,(b) Their operational structures may impede rapid adaptation and novel inquiry.,"(b) Statements 1, 2, and 3",(b) Reveal the underlying cellular and molecular mechanisms of disease.,(b) It provides a platform to observe drug effects on human lung cells.,(d) Tools to predict individual drug responses based on genetic makeup.,"(c)  The slow, laborious, and inconsistent nature of manual stem cell line creation.",(c) The motor neurones were not actually dying in the dish.,"(a) Statements 1, 2, and 3",(c) Every individual has a different genetic makeup.,14,
2025-11-22 10:01:43,2025-11-22 10:06:45,IP Address,100,301,True,2025-11-22 10:21:45,R_2MOjom9wJajQUtr,anonymous,EN,1,592a8ee1dd1a250001b4ee72,"(b) Their capacity for indefinite self-renewal, ensuring an ample supply for research.","(b) Differentiating into new, healthy cells that can release dopamine.",(c) Provides a unique breakthrough medication for different diseases.,(b) A drug for liver conditions may unexpectedly impact neural cells in human studies.,"(d) Improving the rate, capacity, and uniformity in the production of diverse human cell lines for testing.","(b) To establish a conducive research environment, away from external pressures.",(d) The gap in resources and processes that prevents early research from translating into industrial innovations.,(a) By demonstrating how specific genetic predispositions manifest as functional changes at the cellular level as the disease unfolds.,(b) There is minimal financial support from private firms due to disinterest and ignorance.,(c) The inaccuracy of early-stage models to predict a drug's efficacy in humans.,(b) iPSCs can naturally become immune to the viral vectors used during their creation.,"(c) Their primary focus is restricted to late-stage, highly profitable drug development.","(d) Statements 1, 2, 3, and 4",(a) Securely store extensive and complex patient genetic information.,(a) It removes the need for animal testing which may not be transferrable to humans.,(b) More resources should be devoted to reduce potential side effects of new drugs.,"(c)  The slow, laborious, and inconsistent nature of manual stem cell line creation.",(b) A second cell type was discovered to be contributing to the disease.,"(d) Statements 1, 2, 3, and 4",(c) Every individual has a different genetic makeup.,10,
2025-11-22 10:07:20,2025-11-22 10:21:52,IP Address,100,872,True,2025-11-22 10:21:53,R_21hSDwfdhnGkAH7,anonymous,EN,1,6229dc51dff340226697778e,"(a) Their ability to differentiate into any specialized cell type, including beta cells.","(b) Differentiating into new, healthy cells that can release dopamine.",(d) Enables us to remedy the onset of diseases more effectively.,(d) A compound that is non-toxic for animals may cause serious harm in humans.,"(d) Improving the rate, capacity, and uniformity in the production of diverse human cell lines for testing.","(b) To establish a conducive research environment, away from external pressures.",(b) A general disinterest from pharmaceutical corporations in new scientific discoveries.,(a) By demonstrating how specific genetic predispositions manifest as functional changes at the cellular level as the disease unfolds.,(c) There are strong political and financial opposition towards the use of stem cells.,(c) The inaccuracy of early-stage models to predict a drug's efficacy in humans.,"(c) iPSCs can turn into embryonic stem cells to differentiate into specialized cell types. ",(b) Their operational structures may impede rapid adaptation and novel inquiry.,(a) Statements 1 and 2,(b) Reveal the underlying cellular and molecular mechanisms of disease.,(a) It removes the need for animal testing which may not be transferrable to humans.,(d) Tools to predict individual drug responses based on genetic makeup.,"(c)  The slow, laborious, and inconsistent nature of manual stem cell line creation.",(b) A second cell type was discovered to be contributing to the disease.,"(d) Statements 1, 2, 3, and 4",(c) Every individual has a different genetic makeup.,16,
2025-11-22 10:15:37,2025-11-22 10:23:59,IP Address,100,502,True,2025-11-22 10:23:59,R_2drXlWXuhgKxVkl,anonymous,EN,1,61671a9d42eb53946faa44c2,(c) Their inherent resistance to the patient's immune system after differentiation.,(a) Dividing controllably in the brain without forming tumours.,(a) Allows us to better understand disease-preventing strategies.,(b) A drug for liver conditions may unexpectedly impact neural cells in human studies.,"(d) Improving the rate, capacity, and uniformity in the production of diverse human cell lines for testing.",(d) To consolidate different stem cell research globally under one central organization.,(d) The gap in resources and processes that prevents early research from translating into industrial innovations.,(a) By demonstrating how specific genetic predispositions manifest as functional changes at the cellular level as the disease unfolds.,(c) There are strong political and financial opposition towards the use of stem cells.,(a) The difficulty in obtaining sufficient funds for the costly final phases of clinical trials.,"(c) iPSCs can turn into embryonic stem cells to differentiate into specialized cell types. ",(b) Their operational structures may impede rapid adaptation and novel inquiry.,"(d) Statements 1, 2, 3, and 4",(b) Reveal the underlying cellular and molecular mechanisms of disease.,(d) It lowers the manufacturing cost of the drug by leveraging on patients’ stem cells.,(b) More resources should be devoted to reduce potential side effects of new drugs.,"(c)  The slow, laborious, and inconsistent nature of manual stem cell line creation.",(a) The disease was found to be caused by a virus.,"(a) Statements 1, 2, and 3",(c) Every individual has a different genetic makeup.,9,
2025-11-22 10:12:15,2025-11-22 10:24:09,IP Address,100,714,True,2025-11-22 10:24:10,R_8ik72YbsD8nXnIR,anonymous,EN,1,6695991a6db58bdcd2d1e388,(c) Their inherent resistance to the patient's immune system after differentiation.,(d) Stimulating existing damaged neurons to release more dopamine.,(c) Provides a unique breakthrough medication for different diseases.,(d) A compound that is non-toxic for animals may cause serious harm in humans.,"(d) Improving the rate, capacity, and uniformity in the production of diverse human cell lines for testing.","(b) To establish a conducive research environment, away from external pressures.",(d) The gap in resources and processes that prevents early research from translating into industrial innovations.,(a) By demonstrating how specific genetic predispositions manifest as functional changes at the cellular level as the disease unfolds.,(c) There are strong political and financial opposition towards the use of stem cells.,(c) The inaccuracy of early-stage models to predict a drug's efficacy in humans.,(a) iPSCs can differentiate into various cell types pertinent to the disease.,"(c) Their primary focus is restricted to late-stage, highly profitable drug development.",(a) Statements 1 and 2,(a) Securely store extensive and complex patient genetic information.,(c) It ensures that the developed drug will be effective in all patients.,(d) Tools to predict individual drug responses based on genetic makeup.,"(c)  The slow, laborious, and inconsistent nature of manual stem cell line creation.",(b) A second cell type was discovered to be contributing to the disease.,"(a) Statements 1, 2, and 3",(c) Every individual has a different genetic makeup.,13,
2025-11-22 10:17:36,2025-11-22 10:24:11,IP Address,100,394,True,2025-11-22 10:24:12,R_8En6myRTyxpTp1T,anonymous,EN,1,67696d49d386c9789b03b1da,"(a) Their ability to differentiate into any specialized cell type, including beta cells.",(d) Stimulating existing damaged neurons to release more dopamine.,(a) Allows us to better understand disease-preventing strategies.,(d) A compound that is non-toxic for animals may cause serious harm in humans.,"(d) Improving the rate, capacity, and uniformity in the production of diverse human cell lines for testing.","(b) To establish a conducive research environment, away from external pressures.",(d) The gap in resources and processes that prevents early research from translating into industrial innovations.,(a) By demonstrating how specific genetic predispositions manifest as functional changes at the cellular level as the disease unfolds.,(c) There are strong political and financial opposition towards the use of stem cells.,(c) The inaccuracy of early-stage models to predict a drug's efficacy in humans.,(a) iPSCs can differentiate into various cell types pertinent to the disease.,(b) Their operational structures may impede rapid adaptation and novel inquiry.,(a) Statements 1 and 2,(b) Reveal the underlying cellular and molecular mechanisms of disease.,(b) It provides a platform to observe drug effects on human lung cells.,(d) Tools to predict individual drug responses based on genetic makeup.,"(c)  The slow, laborious, and inconsistent nature of manual stem cell line creation.",(d) The disease could be easily cured with an existing drug.,"(a) Statements 1, 2, and 3",(c) Every individual has a different genetic makeup.,17,
2025-11-22 10:11:01,2025-11-22 10:24:13,IP Address,100,791,True,2025-11-22 10:24:14,R_8LhvT2HXZK9CZUm,anonymous,EN,1,59ff1a23f2e3460001eda6d5,"(a) Their ability to differentiate into any specialized cell type, including beta cells.",(d) Stimulating existing damaged neurons to release more dopamine.,(d) Enables us to remedy the onset of diseases more effectively.,(b) A drug for liver conditions may unexpectedly impact neural cells in human studies.,"(b) Allowing for the design and creation of entirely new, synthetic types of stem cells.","(b) To establish a conducive research environment, away from external pressures.",(b) A general disinterest from pharmaceutical corporations in new scientific discoveries.,(a) By demonstrating how specific genetic predispositions manifest as functional changes at the cellular level as the disease unfolds.,(c) There are strong political and financial opposition towards the use of stem cells.,(b) The lack of an adequately representative sample of human subjects for testing.,"(c) iPSCs can turn into embryonic stem cells to differentiate into specialized cell types. ",(a) They are more tightly regulated by the government and face more stringent checks.,"(d) Statements 1, 2, 3, and 4",(a) Securely store extensive and complex patient genetic information.,(a) It removes the need for animal testing which may not be transferrable to humans.,(d) Tools to predict individual drug responses based on genetic makeup.,(a) The ethical concerns surrounding the manual sourcing of embryonic stem cells.,(b) A second cell type was discovered to be contributing to the disease.,"(d) Statements 1, 2, 3, and 4",(c) Every individual has a different genetic makeup.,8,
2025-11-22 10:10:41,2025-11-22 10:25:25,IP Address,100,884,True,2025-11-22 10:25:26,R_8KN2S70jI8goEqc,anonymous,EN,1,5a6725d4c0d836000107f6e7,"(a) Their ability to differentiate into any specialized cell type, including beta cells.","(b) Differentiating into new, healthy cells that can release dopamine.",(a) Allows us to better understand disease-preventing strategies.,(d) A compound that is non-toxic for animals may cause serious harm in humans.,"(d) Improving the rate, capacity, and uniformity in the production of diverse human cell lines for testing.","(b) To establish a conducive research environment, away from external pressures.",(b) A general disinterest from pharmaceutical corporations in new scientific discoveries.,(d) By storing a wide range of genetic information that can be used to study diseases,(d) Stem cell research suffers from a worldwide shortage of skilled researchers.,(c) The inaccuracy of early-stage models to predict a drug's efficacy in humans.,"(c) iPSCs can turn into embryonic stem cells to differentiate into specialized cell types. ","(c) Their primary focus is restricted to late-stage, highly profitable drug development.","(b) Statements 1, 2, and 3",(b) Reveal the underlying cellular and molecular mechanisms of disease.,(a) It removes the need for animal testing which may not be transferrable to humans.,(c) A shift in animal testing models to human testing models.,"(c)  The slow, laborious, and inconsistent nature of manual stem cell line creation.",(c) The motor neurones were not actually dying in the dish.,"(d) Statements 1, 2, 3, and 4",(c) Every individual has a different genetic makeup.,11,
2025-11-22 10:08:42,2025-11-22 10:25:28,IP Address,100,1006,True,2025-11-22 10:25:28,R_2iIO3u4V6xO9bfx,anonymous,EN,0.699999988079071,67c60b46b619cad09b65ab51,(c) Their inherent resistance to the patient's immune system after differentiation.,(c) Increasing dopamine uptake by the brain when externally administered.,(b) Improves comfort and quality of life for those already suffering.,(d) A compound that is non-toxic for animals may cause serious harm in humans.,"(d) Improving the rate, capacity, and uniformity in the production of diverse human cell lines for testing.",(d) To consolidate different stem cell research globally under one central organization.,(c) The high costs that educational institutions will incur to materialize innovations.,(d) By storing a wide range of genetic information that can be used to study diseases,(a) Stem cell research is inherently too advanced for the general public to comprehend.,(c) The inaccuracy of early-stage models to predict a drug's efficacy in humans.,(b) iPSCs can naturally become immune to the viral vectors used during their creation.,"(c) Their primary focus is restricted to late-stage, highly profitable drug development.","(d) Statements 1, 2, 3, and 4",(a) Securely store extensive and complex patient genetic information.,(a) It removes the need for animal testing which may not be transferrable to humans.,(a) More stringent government regulations on all newly approved pain relief medications.,"(c)  The slow, laborious, and inconsistent nature of manual stem cell line creation.",(b) A second cell type was discovered to be contributing to the disease.,"(d) Statements 1, 2, 3, and 4",(c) Every individual has a different genetic makeup.,7,
2025-11-22 10:19:28,2025-11-22 10:27:59,IP Address,100,510,True,2025-11-22 10:27:59,R_2MG2Q6bje9Cf0sE,anonymous,EN,1,65bd88a029ae8413e1281c7b,"(a) Their ability to differentiate into any specialized cell type, including beta cells.","(b) Differentiating into new, healthy cells that can release dopamine.",(b) Improves comfort and quality of life for those already suffering.,(d) A compound that is non-toxic for animals may cause serious harm in humans.,"(c) Eliminating the need for human clinical trials in the later stages of development, thereby reducing ethical concerns.",(d) To consolidate different stem cell research globally under one central organization.,(b) A general disinterest from pharmaceutical corporations in new scientific discoveries.,(a) By demonstrating how specific genetic predispositions manifest as functional changes at the cellular level as the disease unfolds.,(d) Stem cell research suffers from a worldwide shortage of skilled researchers.,(c) The inaccuracy of early-stage models to predict a drug's efficacy in humans.,"(c) iPSCs can turn into embryonic stem cells to differentiate into specialized cell types. ",(a) They are more tightly regulated by the government and face more stringent checks.,"(d) Statements 1, 2, 3, and 4",(a) Securely store extensive and complex patient genetic information.,(d) It lowers the manufacturing cost of the drug by leveraging on patients’ stem cells.,(d) Tools to predict individual drug responses based on genetic makeup.,(b) The inherent difficulty in precisely differentiating stem cells into specific tissue types.,(b) A second cell type was discovered to be contributing to the disease.,"(d) Statements 1, 2, 3, and 4",(c) Every individual has a different genetic makeup.,9,
2025-11-22 10:07:14,2025-11-22 10:29:40,IP Address,100,1345,True,2025-11-22 10:29:41,R_2HM8nCjKdZmOiEd,anonymous,EN,1,654a44f0addb5f41f1705b75,"(b) Their capacity for indefinite self-renewal, ensuring an ample supply for research.",(d) Stimulating existing damaged neurons to release more dopamine.,(a) Allows us to better understand disease-preventing strategies.,(d) A compound that is non-toxic for animals may cause serious harm in humans.,"(d) Improving the rate, capacity, and uniformity in the production of diverse human cell lines for testing.","(b) To establish a conducive research environment, away from external pressures.",(d) The gap in resources and processes that prevents early research from translating into industrial innovations.,(a) By demonstrating how specific genetic predispositions manifest as functional changes at the cellular level as the disease unfolds.,(a) Stem cell research is inherently too advanced for the general public to comprehend.,(b) The lack of an adequately representative sample of human subjects for testing.,"(c) iPSCs can turn into embryonic stem cells to differentiate into specialized cell types. ",(b) Their operational structures may impede rapid adaptation and novel inquiry.,"(b) Statements 1, 2, and 3",(b) Reveal the underlying cellular and molecular mechanisms of disease.,(a) It removes the need for animal testing which may not be transferrable to humans.,(d) Tools to predict individual drug responses based on genetic makeup.,"(c)  The slow, laborious, and inconsistent nature of manual stem cell line creation.",(d) The disease could be easily cured with an existing drug.,"(a) Statements 1, 2, and 3",(c) Every individual has a different genetic makeup.,11,
2025-11-22 10:14:13,2025-11-22 10:32:20,IP Address,100,1087,True,2025-11-22 10:32:20,R_2dHjUNK11n5Dj8V,anonymous,EN,1,6108f72b081cf2b1cbde83aa,"(a) Their ability to differentiate into any specialized cell type, including beta cells.",(d) Stimulating existing damaged neurons to release more dopamine.,(d) Enables us to remedy the onset of diseases more effectively.,(d) A compound that is non-toxic for animals may cause serious harm in humans.,"(d) Improving the rate, capacity, and uniformity in the production of diverse human cell lines for testing.",(d) To consolidate different stem cell research globally under one central organization.,(c) The high costs that educational institutions will incur to materialize innovations.,(d) By storing a wide range of genetic information that can be used to study diseases,(d) Stem cell research suffers from a worldwide shortage of skilled researchers.,(c) The inaccuracy of early-stage models to predict a drug's efficacy in humans.,"(c) iPSCs can turn into embryonic stem cells to differentiate into specialized cell types. ",(b) Their operational structures may impede rapid adaptation and novel inquiry.,"(d) Statements 1, 2, 3, and 4",(c) Function as a indestructible repository for individual patient-specific data.,(b) It provides a platform to observe drug effects on human lung cells.,(d) Tools to predict individual drug responses based on genetic makeup.,(d) The high financial cost needed to sequence patient genomes for iPSC generation.,(c) The motor neurones were not actually dying in the dish.,"(d) Statements 1, 2, 3, and 4",(d) Every individual will not respond well to a drug after prolonged consumption.,8,
2025-11-22 10:17:46,2025-11-22 10:32:31,IP Address,100,884,True,2025-11-22 10:32:31,R_8msgFnPYiFSjyHG,anonymous,EN,1,671038fb26ff82aa6081d040,"(a) Their ability to differentiate into any specialized cell type, including beta cells.",(d) Stimulating existing damaged neurons to release more dopamine.,(b) Improves comfort and quality of life for those already suffering.,(a) A medication effective in young animals provides little benefits to older humans.,"(d) Improving the rate, capacity, and uniformity in the production of diverse human cell lines for testing.","(a) To focus solely on embryonic stem cell research, excluding other stem cell types.",(d) The gap in resources and processes that prevents early research from translating into industrial innovations.,(d) By storing a wide range of genetic information that can be used to study diseases,(d) Stem cell research suffers from a worldwide shortage of skilled researchers.,(c) The inaccuracy of early-stage models to predict a drug's efficacy in humans.,(b) iPSCs can naturally become immune to the viral vectors used during their creation.,(a) They are more tightly regulated by the government and face more stringent checks.,"(d) Statements 1, 2, 3, and 4",(a) Securely store extensive and complex patient genetic information.,(a) It removes the need for animal testing which may not be transferrable to humans.,(d) Tools to predict individual drug responses based on genetic makeup.,"(c)  The slow, laborious, and inconsistent nature of manual stem cell line creation.",(b) A second cell type was discovered to be contributing to the disease.,"(d) Statements 1, 2, 3, and 4",(c) Every individual has a different genetic makeup.,9,
2025-11-22 10:22:49,2025-11-22 10:32:45,IP Address,100,596,True,2025-11-22 10:32:46,R_8azPfsB8dQeQ2v7,anonymous,EN,1,67c5d7d4bfda0ffd6d9a5ef8,"(a) Their ability to differentiate into any specialized cell type, including beta cells.","(b) Differentiating into new, healthy cells that can release dopamine.",(a) Allows us to better understand disease-preventing strategies.,(d) A compound that is non-toxic for animals may cause serious harm in humans.,"(d) Improving the rate, capacity, and uniformity in the production of diverse human cell lines for testing.","(a) To focus solely on embryonic stem cell research, excluding other stem cell types.",(d) The gap in resources and processes that prevents early research from translating into industrial innovations.,(a) By demonstrating how specific genetic predispositions manifest as functional changes at the cellular level as the disease unfolds.,(c) There are strong political and financial opposition towards the use of stem cells.,(b) The lack of an adequately representative sample of human subjects for testing.,"(c) iPSCs can turn into embryonic stem cells to differentiate into specialized cell types. ","(c) Their primary focus is restricted to late-stage, highly profitable drug development.","(d) Statements 1, 2, 3, and 4",(b) Reveal the underlying cellular and molecular mechanisms of disease.,(b) It provides a platform to observe drug effects on human lung cells.,(d) Tools to predict individual drug responses based on genetic makeup.,"(c)  The slow, laborious, and inconsistent nature of manual stem cell line creation.",(b) A second cell type was discovered to be contributing to the disease.,"(d) Statements 1, 2, 3, and 4",(c) Every individual has a different genetic makeup.,15,
2025-11-22 10:25:56,2025-11-22 10:33:55,IP Address,100,479,True,2025-11-22 10:33:56,R_22QwGV3WwcaBpVP,anonymous,EN,1,6783ebc2e89b75d66d952f41,(c) Their inherent resistance to the patient's immune system after differentiation.,(d) Stimulating existing damaged neurons to release more dopamine.,(a) Allows us to better understand disease-preventing strategies.,(d) A compound that is non-toxic for animals may cause serious harm in humans.,"(c) Eliminating the need for human clinical trials in the later stages of development, thereby reducing ethical concerns.","(b) To establish a conducive research environment, away from external pressures.",(b) A general disinterest from pharmaceutical corporations in new scientific discoveries.,(a) By demonstrating how specific genetic predispositions manifest as functional changes at the cellular level as the disease unfolds.,(c) There are strong political and financial opposition towards the use of stem cells.,(d) The tendency for firms to prioritize profits over effectiveness of their medications.,"(c) iPSCs can turn into embryonic stem cells to differentiate into specialized cell types. ","(c) Their primary focus is restricted to late-stage, highly profitable drug development.","(d) Statements 1, 2, 3, and 4",(d) Automatically and rapidly diagnose a wide range of diseases.,(a) It removes the need for animal testing which may not be transferrable to humans.,(d) Tools to predict individual drug responses based on genetic makeup.,(a) The ethical concerns surrounding the manual sourcing of embryonic stem cells.,(b) A second cell type was discovered to be contributing to the disease.,"(c) Statements 2, 3, and 4",(c) Every individual has a different genetic makeup.,8,
2025-11-22 10:22:04,2025-11-22 10:37:58,IP Address,100,953,True,2025-11-22 10:37:58,R_8nSAgMYfO8AExkW,anonymous,EN,1,57bafa6cc308ca00014527c2,"(a) Their ability to differentiate into any specialized cell type, including beta cells.","(b) Differentiating into new, healthy cells that can release dopamine.",(a) Allows us to better understand disease-preventing strategies.,(d) A compound that is non-toxic for animals may cause serious harm in humans.,"(d) Improving the rate, capacity, and uniformity in the production of diverse human cell lines for testing.",(d) To consolidate different stem cell research globally under one central organization.,(d) The gap in resources and processes that prevents early research from translating into industrial innovations.,(d) By storing a wide range of genetic information that can be used to study diseases,(c) There are strong political and financial opposition towards the use of stem cells.,(d) The tendency for firms to prioritize profits over effectiveness of their medications.,(a) iPSCs can differentiate into various cell types pertinent to the disease.,(b) Their operational structures may impede rapid adaptation and novel inquiry.,"(d) Statements 1, 2, 3, and 4",(a) Securely store extensive and complex patient genetic information.,(a) It removes the need for animal testing which may not be transferrable to humans.,(d) Tools to predict individual drug responses based on genetic makeup.,"(c)  The slow, laborious, and inconsistent nature of manual stem cell line creation.",(b) A second cell type was discovered to be contributing to the disease.,"(d) Statements 1, 2, 3, and 4",(d) Every individual will not respond well to a drug after prolonged consumption.,13,
2025-11-22 10:22:27,2025-11-22 10:39:07,IP Address,100,1000,True,2025-11-22 10:39:08,R_8dhc28rBh88hPzk,anonymous,EN,1,674377f77b539c33d343553c,"(a) Their ability to differentiate into any specialized cell type, including beta cells.","(b) Differentiating into new, healthy cells that can release dopamine.",(a) Allows us to better understand disease-preventing strategies.,(d) A compound that is non-toxic for animals may cause serious harm in humans.,"(d) Improving the rate, capacity, and uniformity in the production of diverse human cell lines for testing.","(b) To establish a conducive research environment, away from external pressures.",(b) A general disinterest from pharmaceutical corporations in new scientific discoveries.,(d) By storing a wide range of genetic information that can be used to study diseases,(c) There are strong political and financial opposition towards the use of stem cells.,(c) The inaccuracy of early-stage models to predict a drug's efficacy in humans.,(d) iPSCs can tackle diseased cells without rejection from the immune system.,(d) They are subject to more intense ethical scrutiny than smaller institutions.,(a) Statements 1 and 2,(b) Reveal the underlying cellular and molecular mechanisms of disease.,(a) It removes the need for animal testing which may not be transferrable to humans.,(d) Tools to predict individual drug responses based on genetic makeup.,"(c)  The slow, laborious, and inconsistent nature of manual stem cell line creation.",(b) A second cell type was discovered to be contributing to the disease.,"(d) Statements 1, 2, 3, and 4",(c) Every individual has a different genetic makeup.,15,
2025-11-22 10:35:22,2025-11-22 10:41:48,IP Address,100,386,True,2025-11-22 10:41:49,R_2I4NKtYuY74L7Dg,anonymous,EN,1,66cb2e0bd2169db778550269,"(d) Their natural occurrence in adult pancreatic tissue, simplifying extraction.","(b) Differentiating into new, healthy cells that can release dopamine.",(a) Allows us to better understand disease-preventing strategies.,(d) A compound that is non-toxic for animals may cause serious harm in humans.,"(d) Improving the rate, capacity, and uniformity in the production of diverse human cell lines for testing.","(b) To establish a conducive research environment, away from external pressures.",(d) The gap in resources and processes that prevents early research from translating into industrial innovations.,"(c) By documenting the various environmental factors that contributed to the disease's onset, in addition to genetic factors.",(c) There are strong political and financial opposition towards the use of stem cells.,(c) The inaccuracy of early-stage models to predict a drug's efficacy in humans.,(a) iPSCs can differentiate into various cell types pertinent to the disease.,(b) Their operational structures may impede rapid adaptation and novel inquiry.,"(d) Statements 1, 2, 3, and 4",(b) Reveal the underlying cellular and molecular mechanisms of disease.,(a) It removes the need for animal testing which may not be transferrable to humans.,(d) Tools to predict individual drug responses based on genetic makeup.,(b) The inherent difficulty in precisely differentiating stem cells into specific tissue types.,(b) A second cell type was discovered to be contributing to the disease.,"(a) Statements 1, 2, and 3",(c) Every individual has a different genetic makeup.,14,
2025-11-22 10:31:28,2025-11-22 10:42:05,IP Address,100,636,True,2025-11-22 10:42:05,R_8dsm7dX0u3KD69S,anonymous,EN,1,660eb0b257ea5439cd5e020a,"(a) Their ability to differentiate into any specialized cell type, including beta cells.",(d) Stimulating existing damaged neurons to release more dopamine.,(c) Provides a unique breakthrough medication for different diseases.,(d) A compound that is non-toxic for animals may cause serious harm in humans.,"(d) Improving the rate, capacity, and uniformity in the production of diverse human cell lines for testing.","(b) To establish a conducive research environment, away from external pressures.",(d) The gap in resources and processes that prevents early research from translating into industrial innovations.,(d) By storing a wide range of genetic information that can be used to study diseases,(b) There is minimal financial support from private firms due to disinterest and ignorance.,(c) The inaccuracy of early-stage models to predict a drug's efficacy in humans.,(d) iPSCs can tackle diseased cells without rejection from the immune system.,(a) They are more tightly regulated by the government and face more stringent checks.,"(d) Statements 1, 2, 3, and 4",(b) Reveal the underlying cellular and molecular mechanisms of disease.,(c) It ensures that the developed drug will be effective in all patients.,(b) More resources should be devoted to reduce potential side effects of new drugs.,"(c)  The slow, laborious, and inconsistent nature of manual stem cell line creation.",(b) A second cell type was discovered to be contributing to the disease.,"(d) Statements 1, 2, 3, and 4",(a) Every individual is exposed to different environmental factors.,10,
2025-11-22 10:05:26,2025-11-22 10:42:40,IP Address,100,2233,True,2025-11-22 10:42:41,R_217LFDDEwMYFpAr,anonymous,EN,0.10000000149011612,632b3639f61612815d100608,"(b) Their capacity for indefinite self-renewal, ensuring an ample supply for research.",(d) Stimulating existing damaged neurons to release more dopamine.,(d) Enables us to remedy the onset of diseases more effectively.,(b) A drug for liver conditions may unexpectedly impact neural cells in human studies.,"(b) Allowing for the design and creation of entirely new, synthetic types of stem cells.","(b) To establish a conducive research environment, away from external pressures.",(d) The gap in resources and processes that prevents early research from translating into industrial innovations.,(a) By demonstrating how specific genetic predispositions manifest as functional changes at the cellular level as the disease unfolds.,(b) There is minimal financial support from private firms due to disinterest and ignorance.,(c) The inaccuracy of early-stage models to predict a drug's efficacy in humans.,(a) iPSCs can differentiate into various cell types pertinent to the disease.,(b) Their operational structures may impede rapid adaptation and novel inquiry.,"(b) Statements 1, 2, and 3",(d) Automatically and rapidly diagnose a wide range of diseases.,(b) It provides a platform to observe drug effects on human lung cells.,(d) Tools to predict individual drug responses based on genetic makeup.,"(c)  The slow, laborious, and inconsistent nature of manual stem cell line creation.",(c) The motor neurones were not actually dying in the dish.,"(a) Statements 1, 2, and 3",(c) Every individual has a different genetic makeup.,10,
2025-11-22 10:18:23,2025-11-22 10:45:02,IP Address,100,1599,True,2025-11-22 10:45:03,R_8cvrUuVQCavzqtb,anonymous,EN,1,6702f60844f21087e0840e3d,"(b) Their capacity for indefinite self-renewal, ensuring an ample supply for research.","(b) Differentiating into new, healthy cells that can release dopamine.",(b) Improves comfort and quality of life for those already suffering.,(d) A compound that is non-toxic for animals may cause serious harm in humans.,"(c) Eliminating the need for human clinical trials in the later stages of development, thereby reducing ethical concerns.","(b) To establish a conducive research environment, away from external pressures.",(d) The gap in resources and processes that prevents early research from translating into industrial innovations.,(a) By demonstrating how specific genetic predispositions manifest as functional changes at the cellular level as the disease unfolds.,(c) There are strong political and financial opposition towards the use of stem cells.,(b) The lack of an adequately representative sample of human subjects for testing.,(d) iPSCs can tackle diseased cells without rejection from the immune system.,(a) They are more tightly regulated by the government and face more stringent checks.,(c) Statements 3 and 4,(b) Reveal the underlying cellular and molecular mechanisms of disease.,(a) It removes the need for animal testing which may not be transferrable to humans.,(c) A shift in animal testing models to human testing models.,"(c)  The slow, laborious, and inconsistent nature of manual stem cell line creation.",(b) A second cell type was discovered to be contributing to the disease.,"(d) Statements 1, 2, 3, and 4",(c) Every individual has a different genetic makeup.,11,
2025-11-22 10:37:11,2025-11-22 10:46:24,IP Address,100,552,True,2025-11-22 10:46:24,R_8fq82E8afOPSRVT,anonymous,EN,1,5aead25562ac0e00010974b1,(c) Their inherent resistance to the patient's immune system after differentiation.,(a) Dividing controllably in the brain without forming tumours.,(a) Allows us to better understand disease-preventing strategies.,(d) A compound that is non-toxic for animals may cause serious harm in humans.,"(d) Improving the rate, capacity, and uniformity in the production of diverse human cell lines for testing.","(b) To establish a conducive research environment, away from external pressures.",(d) The gap in resources and processes that prevents early research from translating into industrial innovations.,(a) By demonstrating how specific genetic predispositions manifest as functional changes at the cellular level as the disease unfolds.,(c) There are strong political and financial opposition towards the use of stem cells.,(c) The inaccuracy of early-stage models to predict a drug's efficacy in humans.,"(c) iPSCs can turn into embryonic stem cells to differentiate into specialized cell types. ",(b) Their operational structures may impede rapid adaptation and novel inquiry.,(a) Statements 1 and 2,(b) Reveal the underlying cellular and molecular mechanisms of disease.,(a) It removes the need for animal testing which may not be transferrable to humans.,(d) Tools to predict individual drug responses based on genetic makeup.,"(c)  The slow, laborious, and inconsistent nature of manual stem cell line creation.",(b) A second cell type was discovered to be contributing to the disease.,"(d) Statements 1, 2, 3, and 4",(c) Every individual has a different genetic makeup.,16,
2025-11-22 10:38:13,2025-11-22 10:46:28,IP Address,100,495,True,2025-11-22 10:46:28,R_2FRMeFfBnqnBcrx,anonymous,EN,1,5cd310705882710018e544b0,"(a) Their ability to differentiate into any specialized cell type, including beta cells.","(b) Differentiating into new, healthy cells that can release dopamine.",(c) Provides a unique breakthrough medication for different diseases.,(a) A medication effective in young animals provides little benefits to older humans.,"(d) Improving the rate, capacity, and uniformity in the production of diverse human cell lines for testing.","(b) To establish a conducive research environment, away from external pressures.",(d) The gap in resources and processes that prevents early research from translating into industrial innovations.,(a) By demonstrating how specific genetic predispositions manifest as functional changes at the cellular level as the disease unfolds.,(d) Stem cell research suffers from a worldwide shortage of skilled researchers.,(c) The inaccuracy of early-stage models to predict a drug's efficacy in humans.,"(c) iPSCs can turn into embryonic stem cells to differentiate into specialized cell types. ",(b) Their operational structures may impede rapid adaptation and novel inquiry.,"(d) Statements 1, 2, 3, and 4",(b) Reveal the underlying cellular and molecular mechanisms of disease.,(a) It removes the need for animal testing which may not be transferrable to humans.,(d) Tools to predict individual drug responses based on genetic makeup.,"(c)  The slow, laborious, and inconsistent nature of manual stem cell line creation.",(b) A second cell type was discovered to be contributing to the disease.,"(d) Statements 1, 2, 3, and 4",(c) Every individual has a different genetic makeup.,14,
2025-11-22 10:31:49,2025-11-22 10:46:30,IP Address,100,881,True,2025-11-22 10:46:30,R_2gAYN3PF49048MH,anonymous,EN,0.4000000059604645,56b78f11e77ebe000cbefe79,"(a) Their ability to differentiate into any specialized cell type, including beta cells.","(b) Differentiating into new, healthy cells that can release dopamine.",(a) Allows us to better understand disease-preventing strategies.,(d) A compound that is non-toxic for animals may cause serious harm in humans.,"(d) Improving the rate, capacity, and uniformity in the production of diverse human cell lines for testing.",(d) To consolidate different stem cell research globally under one central organization.,(c) The high costs that educational institutions will incur to materialize innovations.,(a) By demonstrating how specific genetic predispositions manifest as functional changes at the cellular level as the disease unfolds.,(c) There are strong political and financial opposition towards the use of stem cells.,(b) The lack of an adequately representative sample of human subjects for testing.,(d) iPSCs can tackle diseased cells without rejection from the immune system.,(b) Their operational structures may impede rapid adaptation and novel inquiry.,"(b) Statements 1, 2, and 3",(b) Reveal the underlying cellular and molecular mechanisms of disease.,(a) It removes the need for animal testing which may not be transferrable to humans.,(d) Tools to predict individual drug responses based on genetic makeup.,"(c)  The slow, laborious, and inconsistent nature of manual stem cell line creation.",(b) A second cell type was discovered to be contributing to the disease.,"(c) Statements 2, 3, and 4",(c) Every individual has a different genetic makeup.,13,
2025-11-22 10:37:49,2025-11-22 10:47:54,IP Address,100,604,True,2025-11-22 10:47:55,R_8KBHWj5bNoQ22cO,anonymous,EN,1,65c8d7f023278532f6f49139,"(b) Their capacity for indefinite self-renewal, ensuring an ample supply for research.","(b) Differentiating into new, healthy cells that can release dopamine.",(d) Enables us to remedy the onset of diseases more effectively.,(d) A compound that is non-toxic for animals may cause serious harm in humans.,"(d) Improving the rate, capacity, and uniformity in the production of diverse human cell lines for testing.",(d) To consolidate different stem cell research globally under one central organization.,(d) The gap in resources and processes that prevents early research from translating into industrial innovations.,(a) By demonstrating how specific genetic predispositions manifest as functional changes at the cellular level as the disease unfolds.,(b) There is minimal financial support from private firms due to disinterest and ignorance.,(c) The inaccuracy of early-stage models to predict a drug's efficacy in humans.,"(c) iPSCs can turn into embryonic stem cells to differentiate into specialized cell types. ","(c) Their primary focus is restricted to late-stage, highly profitable drug development.","(b) Statements 1, 2, and 3",(c) Function as a indestructible repository for individual patient-specific data.,(a) It removes the need for animal testing which may not be transferrable to humans.,(d) Tools to predict individual drug responses based on genetic makeup.,"(c)  The slow, laborious, and inconsistent nature of manual stem cell line creation.",(b) A second cell type was discovered to be contributing to the disease.,"(d) Statements 1, 2, 3, and 4",(c) Every individual has a different genetic makeup.,11,
2025-11-22 10:41:12,2025-11-22 10:48:19,IP Address,100,427,True,2025-11-22 10:48:20,R_8LhHOW3BgqctaZJ,anonymous,EN,1,678d2c14b4c8f25bad8614a0,"(a) Their ability to differentiate into any specialized cell type, including beta cells.","(b) Differentiating into new, healthy cells that can release dopamine.",(a) Allows us to better understand disease-preventing strategies.,(b) A drug for liver conditions may unexpectedly impact neural cells in human studies.,"(d) Improving the rate, capacity, and uniformity in the production of diverse human cell lines for testing.","(b) To establish a conducive research environment, away from external pressures.",(d) The gap in resources and processes that prevents early research from translating into industrial innovations.,(a) By demonstrating how specific genetic predispositions manifest as functional changes at the cellular level as the disease unfolds.,(c) There are strong political and financial opposition towards the use of stem cells.,(c) The inaccuracy of early-stage models to predict a drug's efficacy in humans.,(a) iPSCs can differentiate into various cell types pertinent to the disease.,(b) Their operational structures may impede rapid adaptation and novel inquiry.,(a) Statements 1 and 2,(b) Reveal the underlying cellular and molecular mechanisms of disease.,(b) It provides a platform to observe drug effects on human lung cells.,(d) Tools to predict individual drug responses based on genetic makeup.,"(c)  The slow, laborious, and inconsistent nature of manual stem cell line creation.",(b) A second cell type was discovered to be contributing to the disease.,"(a) Statements 1, 2, and 3",(c) Every individual has a different genetic makeup.,18,
2025-11-22 10:17:04,2025-11-22 10:50:49,IP Address,100,2025,True,2025-11-22 10:50:50,R_8xDIPU8nVJwCrmg,anonymous,EN,1,677723f5cb416c3806aaf069,"(a) Their ability to differentiate into any specialized cell type, including beta cells.","(b) Differentiating into new, healthy cells that can release dopamine.",(a) Allows us to better understand disease-preventing strategies.,(b) A drug for liver conditions may unexpectedly impact neural cells in human studies.,"(b) Allowing for the design and creation of entirely new, synthetic types of stem cells.","(a) To focus solely on embryonic stem cell research, excluding other stem cell types.",(d) The gap in resources and processes that prevents early research from translating into industrial innovations.,(a) By demonstrating how specific genetic predispositions manifest as functional changes at the cellular level as the disease unfolds.,(c) There are strong political and financial opposition towards the use of stem cells.,(b) The lack of an adequately representative sample of human subjects for testing.,"(c) iPSCs can turn into embryonic stem cells to differentiate into specialized cell types. ",(b) Their operational structures may impede rapid adaptation and novel inquiry.,"(d) Statements 1, 2, 3, and 4",(b) Reveal the underlying cellular and molecular mechanisms of disease.,(c) It ensures that the developed drug will be effective in all patients.,(b) More resources should be devoted to reduce potential side effects of new drugs.,(b) The inherent difficulty in precisely differentiating stem cells into specific tissue types.,(b) A second cell type was discovered to be contributing to the disease.,"(c) Statements 2, 3, and 4",(c) Every individual has a different genetic makeup.,10,
2025-11-22 10:37:59,2025-11-22 10:51:24,IP Address,100,804,True,2025-11-22 10:51:24,R_2Giyg0ftFFtLThw,anonymous,EN,1,5eca536f9aa4f658d641a7d9,"(b) Their capacity for indefinite self-renewal, ensuring an ample supply for research.","(b) Differentiating into new, healthy cells that can release dopamine.",(d) Enables us to remedy the onset of diseases more effectively.,(d) A compound that is non-toxic for animals may cause serious harm in humans.,"(d) Improving the rate, capacity, and uniformity in the production of diverse human cell lines for testing.","(b) To establish a conducive research environment, away from external pressures.",(c) The high costs that educational institutions will incur to materialize innovations.,(a) By demonstrating how specific genetic predispositions manifest as functional changes at the cellular level as the disease unfolds.,(b) There is minimal financial support from private firms due to disinterest and ignorance.,(d) The tendency for firms to prioritize profits over effectiveness of their medications.,(d) iPSCs can tackle diseased cells without rejection from the immune system.,"(c) Their primary focus is restricted to late-stage, highly profitable drug development.","(d) Statements 1, 2, 3, and 4",(b) Reveal the underlying cellular and molecular mechanisms of disease.,(b) It provides a platform to observe drug effects on human lung cells.,(d) Tools to predict individual drug responses based on genetic makeup.,(d) The high financial cost needed to sequence patient genomes for iPSC generation.,(b) A second cell type was discovered to be contributing to the disease.,"(a) Statements 1, 2, and 3",(c) Every individual has a different genetic makeup.,10,
2025-11-22 10:39:56,2025-11-22 10:53:49,IP Address,100,832,True,2025-11-22 10:53:49,R_87FNUdZSygwhXDX,anonymous,EN,1,5e3c4d1621c442033da7bcd8,(c) Their inherent resistance to the patient's immune system after differentiation.,"(b) Differentiating into new, healthy cells that can release dopamine.",(c) Provides a unique breakthrough medication for different diseases.,(b) A drug for liver conditions may unexpectedly impact neural cells in human studies.,"(d) Improving the rate, capacity, and uniformity in the production of diverse human cell lines for testing.","(b) To establish a conducive research environment, away from external pressures.",(c) The high costs that educational institutions will incur to materialize innovations.,(a) By demonstrating how specific genetic predispositions manifest as functional changes at the cellular level as the disease unfolds.,(b) There is minimal financial support from private firms due to disinterest and ignorance.,(a) The difficulty in obtaining sufficient funds for the costly final phases of clinical trials.,"(c) iPSCs can turn into embryonic stem cells to differentiate into specialized cell types. ","(c) Their primary focus is restricted to late-stage, highly profitable drug development.","(d) Statements 1, 2, 3, and 4",(a) Securely store extensive and complex patient genetic information.,(b) It provides a platform to observe drug effects on human lung cells.,(d) Tools to predict individual drug responses based on genetic makeup.,"(c)  The slow, laborious, and inconsistent nature of manual stem cell line creation.",(b) A second cell type was discovered to be contributing to the disease.,"(d) Statements 1, 2, 3, and 4",(c) Every individual has a different genetic makeup.,10,
2025-11-22 10:50:11,2025-11-22 10:56:22,IP Address,100,370,True,2025-11-22 10:56:22,R_8gMXgEAq13nVHu6,anonymous,EN,1,5e98ccf370194e0f49a1333b,"(a) Their ability to differentiate into any specialized cell type, including beta cells.","(b) Differentiating into new, healthy cells that can release dopamine.",(c) Provides a unique breakthrough medication for different diseases.,(d) A compound that is non-toxic for animals may cause serious harm in humans.,"(c) Eliminating the need for human clinical trials in the later stages of development, thereby reducing ethical concerns.","(b) To establish a conducive research environment, away from external pressures.",(b) A general disinterest from pharmaceutical corporations in new scientific discoveries.,(a) By demonstrating how specific genetic predispositions manifest as functional changes at the cellular level as the disease unfolds.,(c) There are strong political and financial opposition towards the use of stem cells.,(c) The inaccuracy of early-stage models to predict a drug's efficacy in humans.,"(c) iPSCs can turn into embryonic stem cells to differentiate into specialized cell types. ",(a) They are more tightly regulated by the government and face more stringent checks.,"(b) Statements 1, 2, and 3",(b) Reveal the underlying cellular and molecular mechanisms of disease.,(a) It removes the need for animal testing which may not be transferrable to humans.,(d) Tools to predict individual drug responses based on genetic makeup.,(a) The ethical concerns surrounding the manual sourcing of embryonic stem cells.,(b) A second cell type was discovered to be contributing to the disease.,"(a) Statements 1, 2, and 3",(c) Every individual has a different genetic makeup.,11,
2025-11-22 10:51:55,2025-11-22 10:58:35,IP Address,100,399,True,2025-11-22 10:58:36,R_2Kxr4hiGHX3yz4n,anonymous,EN,1,66e2abbef5fe9e10f5bff804,"(a) Their ability to differentiate into any specialized cell type, including beta cells.","(b) Differentiating into new, healthy cells that can release dopamine.",(a) Allows us to better understand disease-preventing strategies.,(b) A drug for liver conditions may unexpectedly impact neural cells in human studies.,"(d) Improving the rate, capacity, and uniformity in the production of diverse human cell lines for testing.",(d) To consolidate different stem cell research globally under one central organization.,(b) A general disinterest from pharmaceutical corporations in new scientific discoveries.,"(c) By documenting the various environmental factors that contributed to the disease's onset, in addition to genetic factors.",(c) There are strong political and financial opposition towards the use of stem cells.,(c) The inaccuracy of early-stage models to predict a drug's efficacy in humans.,"(c) iPSCs can turn into embryonic stem cells to differentiate into specialized cell types. ",(b) Their operational structures may impede rapid adaptation and novel inquiry.,(c) Statements 3 and 4,(c) Function as a indestructible repository for individual patient-specific data.,(b) It provides a platform to observe drug effects on human lung cells.,(d) Tools to predict individual drug responses based on genetic makeup.,"(c)  The slow, laborious, and inconsistent nature of manual stem cell line creation.",(b) A second cell type was discovered to be contributing to the disease.,"(d) Statements 1, 2, 3, and 4",(c) Every individual has a different genetic makeup.,13,
2025-11-22 10:50:25,2025-11-22 10:58:45,IP Address,100,500,True,2025-11-22 10:58:46,R_2sb5iWsP2ccQA0A,anonymous,EN,1,5b421b9ac2e3810001763252,"(b) Their capacity for indefinite self-renewal, ensuring an ample supply for research.",(a) Dividing controllably in the brain without forming tumours.,(a) Allows us to better understand disease-preventing strategies.,(a) A medication effective in young animals provides little benefits to older humans.,"(c) Eliminating the need for human clinical trials in the later stages of development, thereby reducing ethical concerns.","(a) To focus solely on embryonic stem cell research, excluding other stem cell types.",(b) A general disinterest from pharmaceutical corporations in new scientific discoveries.,"(c) By documenting the various environmental factors that contributed to the disease's onset, in addition to genetic factors.",(b) There is minimal financial support from private firms due to disinterest and ignorance.,(c) The inaccuracy of early-stage models to predict a drug's efficacy in humans.,(a) iPSCs can differentiate into various cell types pertinent to the disease.,(a) They are more tightly regulated by the government and face more stringent checks.,"(d) Statements 1, 2, 3, and 4",(b) Reveal the underlying cellular and molecular mechanisms of disease.,(d) It lowers the manufacturing cost of the drug by leveraging on patients’ stem cells.,(a) More stringent government regulations on all newly approved pain relief medications.,(d) The high financial cost needed to sequence patient genomes for iPSC generation.,(c) The motor neurones were not actually dying in the dish.,"(a) Statements 1, 2, and 3",(c) Every individual has a different genetic makeup.,5,
2025-11-22 10:53:05,2025-11-22 11:02:16,IP Address,100,550,True,2025-11-22 11:02:16,R_2MVU4ztN81JtEm8,anonymous,EN,1,6710a58eeff954cb2243950e,"(a) Their ability to differentiate into any specialized cell type, including beta cells.",(d) Stimulating existing damaged neurons to release more dopamine.,(d) Enables us to remedy the onset of diseases more effectively.,(d) A compound that is non-toxic for animals may cause serious harm in humans.,"(c) Eliminating the need for human clinical trials in the later stages of development, thereby reducing ethical concerns.","(b) To establish a conducive research environment, away from external pressures.",(c) The high costs that educational institutions will incur to materialize innovations.,(d) By storing a wide range of genetic information that can be used to study diseases,(c) There are strong political and financial opposition towards the use of stem cells.,(d) The tendency for firms to prioritize profits over effectiveness of their medications.,(d) iPSCs can tackle diseased cells without rejection from the immune system.,"(c) Their primary focus is restricted to late-stage, highly profitable drug development.","(b) Statements 1, 2, and 3",(a) Securely store extensive and complex patient genetic information.,(a) It removes the need for animal testing which may not be transferrable to humans.,(c) A shift in animal testing models to human testing models.,"(c)  The slow, laborious, and inconsistent nature of manual stem cell line creation.",(b) A second cell type was discovered to be contributing to the disease.,(b) Statements 1 and 2,(c) Every individual has a different genetic makeup.,7,
2025-11-22 11:02:58,2025-11-22 11:07:33,IP Address,100,274,True,2025-11-22 11:07:33,R_8fwKWzAKczBSKeR,anonymous,EN,0.699999988079071,5970ccd08df9300001dab39d,(c) Their inherent resistance to the patient's immune system after differentiation.,"(b) Differentiating into new, healthy cells that can release dopamine.",(c) Provides a unique breakthrough medication for different diseases.,(b) A drug for liver conditions may unexpectedly impact neural cells in human studies.,"(d) Improving the rate, capacity, and uniformity in the production of diverse human cell lines for testing.","(b) To establish a conducive research environment, away from external pressures.",(d) The gap in resources and processes that prevents early research from translating into industrial innovations.,(a) By demonstrating how specific genetic predispositions manifest as functional changes at the cellular level as the disease unfolds.,(a) Stem cell research is inherently too advanced for the general public to comprehend.,(b) The lack of an adequately representative sample of human subjects for testing.,(d) iPSCs can tackle diseased cells without rejection from the immune system.,(d) They are subject to more intense ethical scrutiny than smaller institutions.,"(d) Statements 1, 2, 3, and 4",(b) Reveal the underlying cellular and molecular mechanisms of disease.,(a) It removes the need for animal testing which may not be transferrable to humans.,(c) A shift in animal testing models to human testing models.,(d) The high financial cost needed to sequence patient genomes for iPSC generation.,(b) A second cell type was discovered to be contributing to the disease.,"(c) Statements 2, 3, and 4",(c) Every individual has a different genetic makeup.,8,
2025-11-22 11:02:25,2025-11-22 11:07:44,IP Address,100,319,True,2025-11-22 11:07:44,R_2efyECffnTCFQ5N,anonymous,EN,1,63ea46ac57c552d3b4ff83bc,"(a) Their ability to differentiate into any specialized cell type, including beta cells.","(b) Differentiating into new, healthy cells that can release dopamine.",(a) Allows us to better understand disease-preventing strategies.,(d) A compound that is non-toxic for animals may cause serious harm in humans.,"(d) Improving the rate, capacity, and uniformity in the production of diverse human cell lines for testing.","(b) To establish a conducive research environment, away from external pressures.",(c) The high costs that educational institutions will incur to materialize innovations.,(a) By demonstrating how specific genetic predispositions manifest as functional changes at the cellular level as the disease unfolds.,(d) Stem cell research suffers from a worldwide shortage of skilled researchers.,(c) The inaccuracy of early-stage models to predict a drug's efficacy in humans.,(a) iPSCs can differentiate into various cell types pertinent to the disease.,(b) Their operational structures may impede rapid adaptation and novel inquiry.,"(d) Statements 1, 2, 3, and 4",(b) Reveal the underlying cellular and molecular mechanisms of disease.,(b) It provides a platform to observe drug effects on human lung cells.,(c) A shift in animal testing models to human testing models.,"(c)  The slow, laborious, and inconsistent nature of manual stem cell line creation.",(b) A second cell type was discovered to be contributing to the disease.,"(d) Statements 1, 2, 3, and 4",(c) Every individual has a different genetic makeup.,16,
2025-11-22 11:05:29,2025-11-22 11:10:40,IP Address,100,310,True,2025-11-22 11:10:41,R_8LGO6dn7k7ze7Ls,anonymous,EN,1,5e70bd5480f43a0009625d4c,(c) Their inherent resistance to the patient's immune system after differentiation.,(d) Stimulating existing damaged neurons to release more dopamine.,(c) Provides a unique breakthrough medication for different diseases.,(b) A drug for liver conditions may unexpectedly impact neural cells in human studies.,"(c) Eliminating the need for human clinical trials in the later stages of development, thereby reducing ethical concerns.","(a) To focus solely on embryonic stem cell research, excluding other stem cell types.",(b) A general disinterest from pharmaceutical corporations in new scientific discoveries.,(a) By demonstrating how specific genetic predispositions manifest as functional changes at the cellular level as the disease unfolds.,(b) There is minimal financial support from private firms due to disinterest and ignorance.,(c) The inaccuracy of early-stage models to predict a drug's efficacy in humans.,"(c) iPSCs can turn into embryonic stem cells to differentiate into specialized cell types. ","(c) Their primary focus is restricted to late-stage, highly profitable drug development.",(c) Statements 3 and 4,(c) Function as a indestructible repository for individual patient-specific data.,(b) It provides a platform to observe drug effects on human lung cells.,(d) Tools to predict individual drug responses based on genetic makeup.,"(c)  The slow, laborious, and inconsistent nature of manual stem cell line creation.",(b) A second cell type was discovered to be contributing to the disease.,"(c) Statements 2, 3, and 4",(c) Every individual has a different genetic makeup.,7,
2025-11-22 10:59:41,2025-11-22 11:11:57,IP Address,100,736,True,2025-11-22 11:11:57,R_2ppKNKILWB0grKx,anonymous,EN,1,59feed1da383a100011b3eaa,"(a) Their ability to differentiate into any specialized cell type, including beta cells.","(b) Differentiating into new, healthy cells that can release dopamine.",(d) Enables us to remedy the onset of diseases more effectively.,(a) A medication effective in young animals provides little benefits to older humans.,"(d) Improving the rate, capacity, and uniformity in the production of diverse human cell lines for testing.","(b) To establish a conducive research environment, away from external pressures.",(d) The gap in resources and processes that prevents early research from translating into industrial innovations.,(a) By demonstrating how specific genetic predispositions manifest as functional changes at the cellular level as the disease unfolds.,(b) There is minimal financial support from private firms due to disinterest and ignorance.,(c) The inaccuracy of early-stage models to predict a drug's efficacy in humans.,(a) iPSCs can differentiate into various cell types pertinent to the disease.,(b) Their operational structures may impede rapid adaptation and novel inquiry.,(c) Statements 3 and 4,(b) Reveal the underlying cellular and molecular mechanisms of disease.,(a) It removes the need for animal testing which may not be transferrable to humans.,(d) Tools to predict individual drug responses based on genetic makeup.,"(c)  The slow, laborious, and inconsistent nature of manual stem cell line creation.",(b) A second cell type was discovered to be contributing to the disease.,"(d) Statements 1, 2, 3, and 4",(c) Every individual has a different genetic makeup.,15,
2025-11-22 11:00:50,2025-11-22 11:14:15,IP Address,100,804,True,2025-11-22 11:14:15,R_2C8D5Hot4CuvKxM,anonymous,EN,1,5a9fa90f873cda00010d29d8,"(d) Their natural occurrence in adult pancreatic tissue, simplifying extraction.",(a) Dividing controllably in the brain without forming tumours.,(b) Improves comfort and quality of life for those already suffering.,(b) A drug for liver conditions may unexpectedly impact neural cells in human studies.,"(d) Improving the rate, capacity, and uniformity in the production of diverse human cell lines for testing.","(a) To focus solely on embryonic stem cell research, excluding other stem cell types.",(d) The gap in resources and processes that prevents early research from translating into industrial innovations.,(d) By storing a wide range of genetic information that can be used to study diseases,(a) Stem cell research is inherently too advanced for the general public to comprehend.,(c) The inaccuracy of early-stage models to predict a drug's efficacy in humans.,(a) iPSCs can differentiate into various cell types pertinent to the disease.,"(c) Their primary focus is restricted to late-stage, highly profitable drug development.","(d) Statements 1, 2, 3, and 4",(a) Securely store extensive and complex patient genetic information.,(b) It provides a platform to observe drug effects on human lung cells.,(a) More stringent government regulations on all newly approved pain relief medications.,(d) The high financial cost needed to sequence patient genomes for iPSC generation.,(b) A second cell type was discovered to be contributing to the disease.,"(a) Statements 1, 2, and 3",(c) Every individual has a different genetic makeup.,7,
2025-11-22 11:08:22,2025-11-22 11:16:50,IP Address,100,508,True,2025-11-22 11:16:51,R_8o7OPs1jNRDBIwy,anonymous,EN,1,55d51a6b8ce09000127d4821,"(a) Their ability to differentiate into any specialized cell type, including beta cells.",(d) Stimulating existing damaged neurons to release more dopamine.,(a) Allows us to better understand disease-preventing strategies.,(d) A compound that is non-toxic for animals may cause serious harm in humans.,"(d) Improving the rate, capacity, and uniformity in the production of diverse human cell lines for testing.","(b) To establish a conducive research environment, away from external pressures.",(d) The gap in resources and processes that prevents early research from translating into industrial innovations.,(a) By demonstrating how specific genetic predispositions manifest as functional changes at the cellular level as the disease unfolds.,(b) There is minimal financial support from private firms due to disinterest and ignorance.,(c) The inaccuracy of early-stage models to predict a drug's efficacy in humans.,(a) iPSCs can differentiate into various cell types pertinent to the disease.,(b) Their operational structures may impede rapid adaptation and novel inquiry.,(a) Statements 1 and 2,(b) Reveal the underlying cellular and molecular mechanisms of disease.,(a) It removes the need for animal testing which may not be transferrable to humans.,(d) Tools to predict individual drug responses based on genetic makeup.,"(c)  The slow, laborious, and inconsistent nature of manual stem cell line creation.",(c) The motor neurones were not actually dying in the dish.,"(d) Statements 1, 2, 3, and 4",(c) Every individual has a different genetic makeup.,16,
2025-11-22 11:11:42,2025-11-22 11:19:28,IP Address,100,466,True,2025-11-22 11:19:29,R_2wjfLIJDJVlYHMR,anonymous,EN,1,665af670c32544bf63236164,"(a) Their ability to differentiate into any specialized cell type, including beta cells.","(b) Differentiating into new, healthy cells that can release dopamine.",(d) Enables us to remedy the onset of diseases more effectively.,(b) A drug for liver conditions may unexpectedly impact neural cells in human studies.,"(c) Eliminating the need for human clinical trials in the later stages of development, thereby reducing ethical concerns.","(b) To establish a conducive research environment, away from external pressures.",(d) The gap in resources and processes that prevents early research from translating into industrial innovations.,(d) By storing a wide range of genetic information that can be used to study diseases,(c) There are strong political and financial opposition towards the use of stem cells.,(c) The inaccuracy of early-stage models to predict a drug's efficacy in humans.,(a) iPSCs can differentiate into various cell types pertinent to the disease.,(a) They are more tightly regulated by the government and face more stringent checks.,(a) Statements 1 and 2,(c) Function as a indestructible repository for individual patient-specific data.,(c) It ensures that the developed drug will be effective in all patients.,(d) Tools to predict individual drug responses based on genetic makeup.,"(c)  The slow, laborious, and inconsistent nature of manual stem cell line creation.",(b) A second cell type was discovered to be contributing to the disease.,"(d) Statements 1, 2, 3, and 4",(c) Every individual has a different genetic makeup.,13,
2025-11-22 11:05:55,2025-11-22 11:21:35,IP Address,100,939,True,2025-11-22 11:21:35,R_2AfXp4AX0DYQ62Z,anonymous,EN,1,56ca3e3237d66c000c59a891,"(d) Their natural occurrence in adult pancreatic tissue, simplifying extraction.",(d) Stimulating existing damaged neurons to release more dopamine.,(c) Provides a unique breakthrough medication for different diseases.,(d) A compound that is non-toxic for animals may cause serious harm in humans.,"(d) Improving the rate, capacity, and uniformity in the production of diverse human cell lines for testing.","(b) To establish a conducive research environment, away from external pressures.",(d) The gap in resources and processes that prevents early research from translating into industrial innovations.,"(c) By documenting the various environmental factors that contributed to the disease's onset, in addition to genetic factors.",(c) There are strong political and financial opposition towards the use of stem cells.,(b) The lack of an adequately representative sample of human subjects for testing.,"(c) iPSCs can turn into embryonic stem cells to differentiate into specialized cell types. ","(c) Their primary focus is restricted to late-stage, highly profitable drug development.","(d) Statements 1, 2, 3, and 4",(c) Function as a indestructible repository for individual patient-specific data.,(a) It removes the need for animal testing which may not be transferrable to humans.,(b) More resources should be devoted to reduce potential side effects of new drugs.,(a) The ethical concerns surrounding the manual sourcing of embryonic stem cells.,(d) The disease could be easily cured with an existing drug.,"(c) Statements 2, 3, and 4",(c) Every individual has a different genetic makeup.,6,
2025-11-22 11:13:36,2025-11-22 11:24:47,IP Address,100,670,True,2025-11-22 11:24:47,R_8FLnA94a0X7hnB7,anonymous,EN,1,63af557b3d4f219c3226b7d6,"(a) Their ability to differentiate into any specialized cell type, including beta cells.","(b) Differentiating into new, healthy cells that can release dopamine.",(a) Allows us to better understand disease-preventing strategies.,(d) A compound that is non-toxic for animals may cause serious harm in humans.,"(d) Improving the rate, capacity, and uniformity in the production of diverse human cell lines for testing.","(b) To establish a conducive research environment, away from external pressures.",(b) A general disinterest from pharmaceutical corporations in new scientific discoveries.,(a) By demonstrating how specific genetic predispositions manifest as functional changes at the cellular level as the disease unfolds.,(c) There are strong political and financial opposition towards the use of stem cells.,(b) The lack of an adequately representative sample of human subjects for testing.,"(c) iPSCs can turn into embryonic stem cells to differentiate into specialized cell types. ","(c) Their primary focus is restricted to late-stage, highly profitable drug development.",(a) Statements 1 and 2,(b) Reveal the underlying cellular and molecular mechanisms of disease.,(a) It removes the need for animal testing which may not be transferrable to humans.,(d) Tools to predict individual drug responses based on genetic makeup.,"(c)  The slow, laborious, and inconsistent nature of manual stem cell line creation.",(b) A second cell type was discovered to be contributing to the disease.,"(d) Statements 1, 2, 3, and 4",(c) Every individual has a different genetic makeup.,15,
2025-11-22 11:22:09,2025-11-22 11:27:21,IP Address,100,312,True,2025-11-22 11:27:22,R_2oY2OHjDqGfIhHJ,anonymous,EN,1,672d2977ae54935ef84a2b74,"(b) Their capacity for indefinite self-renewal, ensuring an ample supply for research.",(d) Stimulating existing damaged neurons to release more dopamine.,(d) Enables us to remedy the onset of diseases more effectively.,(b) A drug for liver conditions may unexpectedly impact neural cells in human studies.,"(c) Eliminating the need for human clinical trials in the later stages of development, thereby reducing ethical concerns.","(b) To establish a conducive research environment, away from external pressures.",(b) A general disinterest from pharmaceutical corporations in new scientific discoveries.,(d) By storing a wide range of genetic information that can be used to study diseases,(c) There are strong political and financial opposition towards the use of stem cells.,(b) The lack of an adequately representative sample of human subjects for testing.,(a) iPSCs can differentiate into various cell types pertinent to the disease.,(a) They are more tightly regulated by the government and face more stringent checks.,"(d) Statements 1, 2, 3, and 4",(a) Securely store extensive and complex patient genetic information.,(b) It provides a platform to observe drug effects on human lung cells.,(d) Tools to predict individual drug responses based on genetic makeup.,(b) The inherent difficulty in precisely differentiating stem cells into specific tissue types.,(b) A second cell type was discovered to be contributing to the disease.,"(d) Statements 1, 2, 3, and 4",(c) Every individual has a different genetic makeup.,8,
2025-11-22 11:19:38,2025-11-22 11:30:04,IP Address,100,625,True,2025-11-22 11:30:06,R_2D1xYFyvtagv9Z3,anonymous,EN,1,596155a998cf77000106f8d8,"(a) Their ability to differentiate into any specialized cell type, including beta cells.","(b) Differentiating into new, healthy cells that can release dopamine.",(d) Enables us to remedy the onset of diseases more effectively.,(a) A medication effective in young animals provides little benefits to older humans.,"(d) Improving the rate, capacity, and uniformity in the production of diverse human cell lines for testing.","(b) To establish a conducive research environment, away from external pressures.",(d) The gap in resources and processes that prevents early research from translating into industrial innovations.,(a) By demonstrating how specific genetic predispositions manifest as functional changes at the cellular level as the disease unfolds.,(c) There are strong political and financial opposition towards the use of stem cells.,(c) The inaccuracy of early-stage models to predict a drug's efficacy in humans.,(a) iPSCs can differentiate into various cell types pertinent to the disease.,(a) They are more tightly regulated by the government and face more stringent checks.,"(b) Statements 1, 2, and 3",(d) Automatically and rapidly diagnose a wide range of diseases.,(a) It removes the need for animal testing which may not be transferrable to humans.,(a) More stringent government regulations on all newly approved pain relief medications.,(a) The ethical concerns surrounding the manual sourcing of embryonic stem cells.,(b) A second cell type was discovered to be contributing to the disease.,"(d) Statements 1, 2, 3, and 4",(c) Every individual has a different genetic makeup.,12,
2025-11-22 11:16:07,2025-11-22 11:30:22,IP Address,100,855,True,2025-11-22 11:30:22,R_23TSfnJyQYsHzFb,anonymous,EN,0.6000000238418579,60ed501279c68ea1a313d0aa,"(d) Their natural occurrence in adult pancreatic tissue, simplifying extraction.",(d) Stimulating existing damaged neurons to release more dopamine.,(d) Enables us to remedy the onset of diseases more effectively.,(d) A compound that is non-toxic for animals may cause serious harm in humans.,"(d) Improving the rate, capacity, and uniformity in the production of diverse human cell lines for testing.",(d) To consolidate different stem cell research globally under one central organization.,(d) The gap in resources and processes that prevents early research from translating into industrial innovations.,"(c) By documenting the various environmental factors that contributed to the disease's onset, in addition to genetic factors.",(c) There are strong political and financial opposition towards the use of stem cells.,(c) The inaccuracy of early-stage models to predict a drug's efficacy in humans.,(a) iPSCs can differentiate into various cell types pertinent to the disease.,(b) Their operational structures may impede rapid adaptation and novel inquiry.,(a) Statements 1 and 2,(a) Securely store extensive and complex patient genetic information.,(a) It removes the need for animal testing which may not be transferrable to humans.,(c) A shift in animal testing models to human testing models.,(b) The inherent difficulty in precisely differentiating stem cells into specific tissue types.,(b) A second cell type was discovered to be contributing to the disease.,"(d) Statements 1, 2, 3, and 4",(c) Every individual has a different genetic makeup.,11,
2025-11-22 11:38:49,2025-11-22 11:49:22,IP Address,100,632,True,2025-11-22 11:49:23,R_86bajhaAOWQSxy1,anonymous,EN,1,5b13da851e55760001ba009a,(c) Their inherent resistance to the patient's immune system after differentiation.,(d) Stimulating existing damaged neurons to release more dopamine.,(d) Enables us to remedy the onset of diseases more effectively.,(b) A drug for liver conditions may unexpectedly impact neural cells in human studies.,"(d) Improving the rate, capacity, and uniformity in the production of diverse human cell lines for testing.","(a) To focus solely on embryonic stem cell research, excluding other stem cell types.",(c) The high costs that educational institutions will incur to materialize innovations.,"(c) By documenting the various environmental factors that contributed to the disease's onset, in addition to genetic factors.",(d) Stem cell research suffers from a worldwide shortage of skilled researchers.,(a) The difficulty in obtaining sufficient funds for the costly final phases of clinical trials.,"(c) iPSCs can turn into embryonic stem cells to differentiate into specialized cell types. ",(d) They are subject to more intense ethical scrutiny than smaller institutions.,"(b) Statements 1, 2, and 3",(b) Reveal the underlying cellular and molecular mechanisms of disease.,(b) It provides a platform to observe drug effects on human lung cells.,(d) Tools to predict individual drug responses based on genetic makeup.,(b) The inherent difficulty in precisely differentiating stem cells into specific tissue types.,(b) A second cell type was discovered to be contributing to the disease.,"(d) Statements 1, 2, 3, and 4",(c) Every individual has a different genetic makeup.,7,
2025-11-22 11:44:18,2025-11-22 11:56:07,IP Address,100,708,True,2025-11-22 11:56:07,R_8rZHZcJXBGlHMmj,anonymous,EN,1,67e2b6561ccb8f5bb055cc85,"(a) Their ability to differentiate into any specialized cell type, including beta cells.","(b) Differentiating into new, healthy cells that can release dopamine.",(a) Allows us to better understand disease-preventing strategies.,(a) A medication effective in young animals provides little benefits to older humans.,"(d) Improving the rate, capacity, and uniformity in the production of diverse human cell lines for testing.","(a) To focus solely on embryonic stem cell research, excluding other stem cell types.",(d) The gap in resources and processes that prevents early research from translating into industrial innovations.,(a) By demonstrating how specific genetic predispositions manifest as functional changes at the cellular level as the disease unfolds.,(a) Stem cell research is inherently too advanced for the general public to comprehend.,(c) The inaccuracy of early-stage models to predict a drug's efficacy in humans.,(d) iPSCs can tackle diseased cells without rejection from the immune system.,"(c) Their primary focus is restricted to late-stage, highly profitable drug development.","(d) Statements 1, 2, 3, and 4",(b) Reveal the underlying cellular and molecular mechanisms of disease.,(c) It ensures that the developed drug will be effective in all patients.,(c) A shift in animal testing models to human testing models.,"(c)  The slow, laborious, and inconsistent nature of manual stem cell line creation.",(c) The motor neurones were not actually dying in the dish.,"(d) Statements 1, 2, 3, and 4",(c) Every individual has a different genetic makeup.,11,
2025-11-22 11:49:30,2025-11-22 11:59:00,IP Address,100,569,True,2025-11-22 11:59:01,R_2HW6txJNghZwqRz,anonymous,EN,1,627e7e91d0e389328983e765,"(a) Their ability to differentiate into any specialized cell type, including beta cells.",(d) Stimulating existing damaged neurons to release more dopamine.,(d) Enables us to remedy the onset of diseases more effectively.,(a) A medication effective in young animals provides little benefits to older humans.,"(d) Improving the rate, capacity, and uniformity in the production of diverse human cell lines for testing.","(b) To establish a conducive research environment, away from external pressures.",(d) The gap in resources and processes that prevents early research from translating into industrial innovations.,(a) By demonstrating how specific genetic predispositions manifest as functional changes at the cellular level as the disease unfolds.,(c) There are strong political and financial opposition towards the use of stem cells.,(c) The inaccuracy of early-stage models to predict a drug's efficacy in humans.,(d) iPSCs can tackle diseased cells without rejection from the immune system.,(d) They are subject to more intense ethical scrutiny than smaller institutions.,(a) Statements 1 and 2,(b) Reveal the underlying cellular and molecular mechanisms of disease.,(a) It removes the need for animal testing which may not be transferrable to humans.,(d) Tools to predict individual drug responses based on genetic makeup.,(a) The ethical concerns surrounding the manual sourcing of embryonic stem cells.,(c) The motor neurones were not actually dying in the dish.,"(d) Statements 1, 2, 3, and 4",(c) Every individual has a different genetic makeup.,12,
2025-11-22 11:39:28,2025-11-22 11:59:59,IP Address,100,1230,True,2025-11-22 11:59:59,R_20i4sDRbyvPEJjM,anonymous,EN,0.8999999761581421,668173a56ae4ada528986b1d,"(a) Their ability to differentiate into any specialized cell type, including beta cells.","(b) Differentiating into new, healthy cells that can release dopamine.",(d) Enables us to remedy the onset of diseases more effectively.,(d) A compound that is non-toxic for animals may cause serious harm in humans.,"(d) Improving the rate, capacity, and uniformity in the production of diverse human cell lines for testing.","(b) To establish a conducive research environment, away from external pressures.",(d) The gap in resources and processes that prevents early research from translating into industrial innovations.,"(c) By documenting the various environmental factors that contributed to the disease's onset, in addition to genetic factors.",(c) There are strong political and financial opposition towards the use of stem cells.,(b) The lack of an adequately representative sample of human subjects for testing.,(d) iPSCs can tackle diseased cells without rejection from the immune system.,(a) They are more tightly regulated by the government and face more stringent checks.,(a) Statements 1 and 2,(b) Reveal the underlying cellular and molecular mechanisms of disease.,(b) It provides a platform to observe drug effects on human lung cells.,(d) Tools to predict individual drug responses based on genetic makeup.,(d) The high financial cost needed to sequence patient genomes for iPSC generation.,(b) A second cell type was discovered to be contributing to the disease.,"(a) Statements 1, 2, and 3",(c) Every individual has a different genetic makeup.,13,
2025-11-22 11:59:42,2025-11-22 12:06:15,IP Address,100,392,True,2025-11-22 12:06:15,R_26KTFZm7GxCnuaB,anonymous,EN,1,6753746b1f8827e2bd586bf0,"(d) Their natural occurrence in adult pancreatic tissue, simplifying extraction.",(d) Stimulating existing damaged neurons to release more dopamine.,(a) Allows us to better understand disease-preventing strategies.,(d) A compound that is non-toxic for animals may cause serious harm in humans.,"(b) Allowing for the design and creation of entirely new, synthetic types of stem cells.",(d) To consolidate different stem cell research globally under one central organization.,(d) The gap in resources and processes that prevents early research from translating into industrial innovations.,(b) By forecasting the precise age at which the symptoms of a disease will first appear.,(a) Stem cell research is inherently too advanced for the general public to comprehend.,(b) The lack of an adequately representative sample of human subjects for testing.,(b) iPSCs can naturally become immune to the viral vectors used during their creation.,(d) They are subject to more intense ethical scrutiny than smaller institutions.,(c) Statements 3 and 4,(b) Reveal the underlying cellular and molecular mechanisms of disease.,(c) It ensures that the developed drug will be effective in all patients.,(c) A shift in animal testing models to human testing models.,(d) The high financial cost needed to sequence patient genomes for iPSC generation.,(b) A second cell type was discovered to be contributing to the disease.,"(c) Statements 2, 3, and 4",(b) Every individual has different lifestyle choices and dietary habits.,5,
2025-11-22 12:06:40,2025-11-22 12:16:31,IP Address,100,591,True,2025-11-22 12:16:32,R_2AYxIeEdrFVoVQB,anonymous,EN,1,57c57ea095a3ea00016e5a14,"(a) Their ability to differentiate into any specialized cell type, including beta cells.","(b) Differentiating into new, healthy cells that can release dopamine.",(d) Enables us to remedy the onset of diseases more effectively.,(d) A compound that is non-toxic for animals may cause serious harm in humans.,"(d) Improving the rate, capacity, and uniformity in the production of diverse human cell lines for testing.","(b) To establish a conducive research environment, away from external pressures.",(d) The gap in resources and processes that prevents early research from translating into industrial innovations.,(a) By demonstrating how specific genetic predispositions manifest as functional changes at the cellular level as the disease unfolds.,(c) There are strong political and financial opposition towards the use of stem cells.,(c) The inaccuracy of early-stage models to predict a drug's efficacy in humans.,(a) iPSCs can differentiate into various cell types pertinent to the disease.,(b) Their operational structures may impede rapid adaptation and novel inquiry.,(a) Statements 1 and 2,(b) Reveal the underlying cellular and molecular mechanisms of disease.,(b) It provides a platform to observe drug effects on human lung cells.,(d) Tools to predict individual drug responses based on genetic makeup.,"(c)  The slow, laborious, and inconsistent nature of manual stem cell line creation.",(b) A second cell type was discovered to be contributing to the disease.,"(a) Statements 1, 2, and 3",(c) Every individual has a different genetic makeup.,18,
2025-11-22 12:07:00,2025-11-22 12:24:43,IP Address,100,1062,True,2025-11-22 12:24:43,R_2syO4Uno4aH8XE4,anonymous,EN,1,581ccd016c73180001fa5b2a,"(a) Their ability to differentiate into any specialized cell type, including beta cells.",(d) Stimulating existing damaged neurons to release more dopamine.,(d) Enables us to remedy the onset of diseases more effectively.,(d) A compound that is non-toxic for animals may cause serious harm in humans.,"(d) Improving the rate, capacity, and uniformity in the production of diverse human cell lines for testing.","(b) To establish a conducive research environment, away from external pressures.",(c) The high costs that educational institutions will incur to materialize innovations.,"(c) By documenting the various environmental factors that contributed to the disease's onset, in addition to genetic factors.",(c) There are strong political and financial opposition towards the use of stem cells.,(c) The inaccuracy of early-stage models to predict a drug's efficacy in humans.,(a) iPSCs can differentiate into various cell types pertinent to the disease.,(b) Their operational structures may impede rapid adaptation and novel inquiry.,(a) Statements 1 and 2,(b) Reveal the underlying cellular and molecular mechanisms of disease.,(b) It provides a platform to observe drug effects on human lung cells.,(d) Tools to predict individual drug responses based on genetic makeup.,"(c)  The slow, laborious, and inconsistent nature of manual stem cell line creation.",(b) A second cell type was discovered to be contributing to the disease.,"(a) Statements 1, 2, and 3",(c) Every individual has a different genetic makeup.,15,
2025-11-22 12:28:39,2025-11-22 12:38:18,IP Address,100,578,True,2025-11-22 12:38:18,R_2CwJA6hotuf8jIM,anonymous,EN,1,669a80310e64395f4edd70b6,"(b) Their capacity for indefinite self-renewal, ensuring an ample supply for research.",(d) Stimulating existing damaged neurons to release more dopamine.,(a) Allows us to better understand disease-preventing strategies.,(d) A compound that is non-toxic for animals may cause serious harm in humans.,"(d) Improving the rate, capacity, and uniformity in the production of diverse human cell lines for testing.","(b) To establish a conducive research environment, away from external pressures.",(d) The gap in resources and processes that prevents early research from translating into industrial innovations.,"(c) By documenting the various environmental factors that contributed to the disease's onset, in addition to genetic factors.",(c) There are strong political and financial opposition towards the use of stem cells.,(d) The tendency for firms to prioritize profits over effectiveness of their medications.,"(c) iPSCs can turn into embryonic stem cells to differentiate into specialized cell types. ",(a) They are more tightly regulated by the government and face more stringent checks.,"(d) Statements 1, 2, 3, and 4",(b) Reveal the underlying cellular and molecular mechanisms of disease.,(a) It removes the need for animal testing which may not be transferrable to humans.,(b) More resources should be devoted to reduce potential side effects of new drugs.,(d) The high financial cost needed to sequence patient genomes for iPSC generation.,(b) A second cell type was discovered to be contributing to the disease.,"(a) Statements 1, 2, and 3",(c) Every individual has a different genetic makeup.,9,
2025-11-22 12:28:18,2025-11-22 12:53:44,IP Address,100,1525,True,2025-11-22 12:53:44,R_89lSx9g9RSzsCrc,anonymous,EN,0.8999999761581421,68022f459a6e791147ee95b1,"(a) Their ability to differentiate into any specialized cell type, including beta cells.","(b) Differentiating into new, healthy cells that can release dopamine.",(a) Allows us to better understand disease-preventing strategies.,(d) A compound that is non-toxic for animals may cause serious harm in humans.,"(d) Improving the rate, capacity, and uniformity in the production of diverse human cell lines for testing.","(b) To establish a conducive research environment, away from external pressures.",(d) The gap in resources and processes that prevents early research from translating into industrial innovations.,(a) By demonstrating how specific genetic predispositions manifest as functional changes at the cellular level as the disease unfolds.,(c) There are strong political and financial opposition towards the use of stem cells.,(a) The difficulty in obtaining sufficient funds for the costly final phases of clinical trials.,(a) iPSCs can differentiate into various cell types pertinent to the disease.,(b) Their operational structures may impede rapid adaptation and novel inquiry.,(a) Statements 1 and 2,(b) Reveal the underlying cellular and molecular mechanisms of disease.,(b) It provides a platform to observe drug effects on human lung cells.,(d) Tools to predict individual drug responses based on genetic makeup.,"(c)  The slow, laborious, and inconsistent nature of manual stem cell line creation.",(b) A second cell type was discovered to be contributing to the disease.,"(a) Statements 1, 2, and 3",(c) Every individual has a different genetic makeup.,18,
2025-11-22 12:57:09,2025-11-22 13:02:59,IP Address,100,349,True,2025-11-22 13:02:59,R_2qWZB8ljJ4G1m6A,anonymous,EN,1,5dc04aba55b86247c9991f89,"(d) Their natural occurrence in adult pancreatic tissue, simplifying extraction.",(d) Stimulating existing damaged neurons to release more dopamine.,(a) Allows us to better understand disease-preventing strategies.,(b) A drug for liver conditions may unexpectedly impact neural cells in human studies.,"(d) Improving the rate, capacity, and uniformity in the production of diverse human cell lines for testing.","(a) To focus solely on embryonic stem cell research, excluding other stem cell types.",(c) The high costs that educational institutions will incur to materialize innovations.,(a) By demonstrating how specific genetic predispositions manifest as functional changes at the cellular level as the disease unfolds.,(c) There are strong political and financial opposition towards the use of stem cells.,(d) The tendency for firms to prioritize profits over effectiveness of their medications.,(a) iPSCs can differentiate into various cell types pertinent to the disease.,(a) They are more tightly regulated by the government and face more stringent checks.,"(b) Statements 1, 2, and 3",(b) Reveal the underlying cellular and molecular mechanisms of disease.,(c) It ensures that the developed drug will be effective in all patients.,(d) Tools to predict individual drug responses based on genetic makeup.,"(c)  The slow, laborious, and inconsistent nature of manual stem cell line creation.",(b) A second cell type was discovered to be contributing to the disease.,"(c) Statements 2, 3, and 4",(c) Every individual has a different genetic makeup.,10,
2025-11-22 12:42:41,2025-11-22 13:04:21,IP Address,100,1300,True,2025-11-22 13:04:22,R_2qlOsawTTpHL7du,anonymous,EN,1,59a3b1a35fd74b0001abf9c1,"(a) Their ability to differentiate into any specialized cell type, including beta cells.","(b) Differentiating into new, healthy cells that can release dopamine.",(c) Provides a unique breakthrough medication for different diseases.,(d) A compound that is non-toxic for animals may cause serious harm in humans.,"(d) Improving the rate, capacity, and uniformity in the production of diverse human cell lines for testing.","(b) To establish a conducive research environment, away from external pressures.",(d) The gap in resources and processes that prevents early research from translating into industrial innovations.,(a) By demonstrating how specific genetic predispositions manifest as functional changes at the cellular level as the disease unfolds.,(b) There is minimal financial support from private firms due to disinterest and ignorance.,(a) The difficulty in obtaining sufficient funds for the costly final phases of clinical trials.,(d) iPSCs can tackle diseased cells without rejection from the immune system.,(b) Their operational structures may impede rapid adaptation and novel inquiry.,"(d) Statements 1, 2, 3, and 4",(a) Securely store extensive and complex patient genetic information.,(d) It lowers the manufacturing cost of the drug by leveraging on patients’ stem cells.,(c) A shift in animal testing models to human testing models.,(d) The high financial cost needed to sequence patient genomes for iPSC generation.,(a) The disease was found to be caused by a virus.,"(d) Statements 1, 2, 3, and 4",(c) Every individual has a different genetic makeup.,10,
2025-11-22 13:06:41,2025-11-22 13:15:59,IP Address,100,558,True,2025-11-22 13:16:00,R_8Fg0F2BuCBBvB84,anonymous,EN,1,58106d17a513590001b1ec9e,"(a) Their ability to differentiate into any specialized cell type, including beta cells.",(a) Dividing controllably in the brain without forming tumours.,(d) Enables us to remedy the onset of diseases more effectively.,(d) A compound that is non-toxic for animals may cause serious harm in humans.,"(d) Improving the rate, capacity, and uniformity in the production of diverse human cell lines for testing.","(b) To establish a conducive research environment, away from external pressures.",(c) The high costs that educational institutions will incur to materialize innovations.,(a) By demonstrating how specific genetic predispositions manifest as functional changes at the cellular level as the disease unfolds.,(b) There is minimal financial support from private firms due to disinterest and ignorance.,(c) The inaccuracy of early-stage models to predict a drug's efficacy in humans.,(a) iPSCs can differentiate into various cell types pertinent to the disease.,(b) Their operational structures may impede rapid adaptation and novel inquiry.,"(b) Statements 1, 2, and 3",(b) Reveal the underlying cellular and molecular mechanisms of disease.,(a) It removes the need for animal testing which may not be transferrable to humans.,(d) Tools to predict individual drug responses based on genetic makeup.,"(c)  The slow, laborious, and inconsistent nature of manual stem cell line creation.",(c) The motor neurones were not actually dying in the dish.,"(d) Statements 1, 2, 3, and 4",(c) Every individual has a different genetic makeup.,13,
2025-11-22 13:02:57,2025-11-22 13:17:57,IP Address,100,900,True,2025-11-22 13:17:58,R_2zvzk4ugb0sRy6l,anonymous,EN,1,5f87ec72bcee242284725d55,"(d) Their natural occurrence in adult pancreatic tissue, simplifying extraction.","(b) Differentiating into new, healthy cells that can release dopamine.",(d) Enables us to remedy the onset of diseases more effectively.,(a) A medication effective in young animals provides little benefits to older humans.,"(d) Improving the rate, capacity, and uniformity in the production of diverse human cell lines for testing.",(d) To consolidate different stem cell research globally under one central organization.,(d) The gap in resources and processes that prevents early research from translating into industrial innovations.,(d) By storing a wide range of genetic information that can be used to study diseases,(b) There is minimal financial support from private firms due to disinterest and ignorance.,(a) The difficulty in obtaining sufficient funds for the costly final phases of clinical trials.,(d) iPSCs can tackle diseased cells without rejection from the immune system.,(a) They are more tightly regulated by the government and face more stringent checks.,"(d) Statements 1, 2, 3, and 4",(c) Function as a indestructible repository for individual patient-specific data.,(a) It removes the need for animal testing which may not be transferrable to humans.,(c) A shift in animal testing models to human testing models.,"(c)  The slow, laborious, and inconsistent nature of manual stem cell line creation.",(c) The motor neurones were not actually dying in the dish.,"(a) Statements 1, 2, and 3",(c) Every individual has a different genetic makeup.,5,
2025-11-22 13:11:37,2025-11-22 13:27:36,IP Address,100,958,True,2025-11-22 13:27:36,R_8kIjrlVUKCahTlv,anonymous,EN,1,67c8c28fccf665e3c35c44ce,(c) Their inherent resistance to the patient's immune system after differentiation.,"(b) Differentiating into new, healthy cells that can release dopamine.",(a) Allows us to better understand disease-preventing strategies.,(b) A drug for liver conditions may unexpectedly impact neural cells in human studies.,"(d) Improving the rate, capacity, and uniformity in the production of diverse human cell lines for testing.",(d) To consolidate different stem cell research globally under one central organization.,(c) The high costs that educational institutions will incur to materialize innovations.,"(c) By documenting the various environmental factors that contributed to the disease's onset, in addition to genetic factors.",(b) There is minimal financial support from private firms due to disinterest and ignorance.,(d) The tendency for firms to prioritize profits over effectiveness of their medications.,(a) iPSCs can differentiate into various cell types pertinent to the disease.,(b) Their operational structures may impede rapid adaptation and novel inquiry.,(a) Statements 1 and 2,(a) Securely store extensive and complex patient genetic information.,(a) It removes the need for animal testing which may not be transferrable to humans.,(c) A shift in animal testing models to human testing models.,"(c)  The slow, laborious, and inconsistent nature of manual stem cell line creation.",(c) The motor neurones were not actually dying in the dish.,"(d) Statements 1, 2, 3, and 4",(c) Every individual has a different genetic makeup.,9,
2025-11-22 13:24:09,2025-11-22 13:32:12,IP Address,100,482,True,2025-11-22 13:32:12,R_8EbVEet8I4cTjtf,anonymous,EN,1,5a47473899311d0001df550e,"(a) Their ability to differentiate into any specialized cell type, including beta cells.","(b) Differentiating into new, healthy cells that can release dopamine.",(a) Allows us to better understand disease-preventing strategies.,(b) A drug for liver conditions may unexpectedly impact neural cells in human studies.,"(d) Improving the rate, capacity, and uniformity in the production of diverse human cell lines for testing.","(a) To focus solely on embryonic stem cell research, excluding other stem cell types.",(d) The gap in resources and processes that prevents early research from translating into industrial innovations.,(a) By demonstrating how specific genetic predispositions manifest as functional changes at the cellular level as the disease unfolds.,(c) There are strong political and financial opposition towards the use of stem cells.,(c) The inaccuracy of early-stage models to predict a drug's efficacy in humans.,(d) iPSCs can tackle diseased cells without rejection from the immune system.,(b) Their operational structures may impede rapid adaptation and novel inquiry.,"(b) Statements 1, 2, and 3",(a) Securely store extensive and complex patient genetic information.,(a) It removes the need for animal testing which may not be transferrable to humans.,(d) Tools to predict individual drug responses based on genetic makeup.,"(c)  The slow, laborious, and inconsistent nature of manual stem cell line creation.",(b) A second cell type was discovered to be contributing to the disease.,"(d) Statements 1, 2, 3, and 4",(c) Every individual has a different genetic makeup.,14,
2025-11-22 13:23:03,2025-11-22 13:47:25,IP Address,100,1461,True,2025-11-22 13:47:25,R_8Y6nLaDct45DEWd,anonymous,EN,1,648978eef0a4e73b67c9c153,"(b) Their capacity for indefinite self-renewal, ensuring an ample supply for research.","(b) Differentiating into new, healthy cells that can release dopamine.",(c) Provides a unique breakthrough medication for different diseases.,(d) A compound that is non-toxic for animals may cause serious harm in humans.,"(d) Improving the rate, capacity, and uniformity in the production of diverse human cell lines for testing.","(b) To establish a conducive research environment, away from external pressures.",(d) The gap in resources and processes that prevents early research from translating into industrial innovations.,(d) By storing a wide range of genetic information that can be used to study diseases,(d) Stem cell research suffers from a worldwide shortage of skilled researchers.,(c) The inaccuracy of early-stage models to predict a drug's efficacy in humans.,"(c) iPSCs can turn into embryonic stem cells to differentiate into specialized cell types. ",(a) They are more tightly regulated by the government and face more stringent checks.,(a) Statements 1 and 2,(b) Reveal the underlying cellular and molecular mechanisms of disease.,(a) It removes the need for animal testing which may not be transferrable to humans.,(a) More stringent government regulations on all newly approved pain relief medications.,"(c)  The slow, laborious, and inconsistent nature of manual stem cell line creation.",(c) The motor neurones were not actually dying in the dish.,"(d) Statements 1, 2, 3, and 4",(c) Every individual has a different genetic makeup.,11,
2025-11-22 13:33:31,2025-11-22 13:48:39,IP Address,100,908,True,2025-11-22 13:48:40,R_8dsjmkwgqXtnoAK,anonymous,EN,1,5ead58cf86ea9b025ef6c153,"(b) Their capacity for indefinite self-renewal, ensuring an ample supply for research.",(d) Stimulating existing damaged neurons to release more dopamine.,(c) Provides a unique breakthrough medication for different diseases.,(d) A compound that is non-toxic for animals may cause serious harm in humans.,"(d) Improving the rate, capacity, and uniformity in the production of diverse human cell lines for testing.",(d) To consolidate different stem cell research globally under one central organization.,(c) The high costs that educational institutions will incur to materialize innovations.,(d) By storing a wide range of genetic information that can be used to study diseases,(a) Stem cell research is inherently too advanced for the general public to comprehend.,(a) The difficulty in obtaining sufficient funds for the costly final phases of clinical trials.,(d) iPSCs can tackle diseased cells without rejection from the immune system.,(a) They are more tightly regulated by the government and face more stringent checks.,(a) Statements 1 and 2,(a) Securely store extensive and complex patient genetic information.,(a) It removes the need for animal testing which may not be transferrable to humans.,(c) A shift in animal testing models to human testing models.,"(c)  The slow, laborious, and inconsistent nature of manual stem cell line creation.",(c) The motor neurones were not actually dying in the dish.,(b) Statements 1 and 2,(d) Every individual will not respond well to a drug after prolonged consumption.,4,
2025-11-22 13:32:23,2025-11-22 13:52:43,IP Address,100,1220,True,2025-11-22 13:52:44,R_8BfdUGX5rnuJgk1,anonymous,EN,1,5ace82e135eccf0001a11c96,"(a) Their ability to differentiate into any specialized cell type, including beta cells.","(b) Differentiating into new, healthy cells that can release dopamine.",(d) Enables us to remedy the onset of diseases more effectively.,(d) A compound that is non-toxic for animals may cause serious harm in humans.,"(d) Improving the rate, capacity, and uniformity in the production of diverse human cell lines for testing.","(b) To establish a conducive research environment, away from external pressures.",(d) The gap in resources and processes that prevents early research from translating into industrial innovations.,(d) By storing a wide range of genetic information that can be used to study diseases,(c) There are strong political and financial opposition towards the use of stem cells.,(c) The inaccuracy of early-stage models to predict a drug's efficacy in humans.,(d) iPSCs can tackle diseased cells without rejection from the immune system.,"(c) Their primary focus is restricted to late-stage, highly profitable drug development.","(b) Statements 1, 2, and 3",(b) Reveal the underlying cellular and molecular mechanisms of disease.,(a) It removes the need for animal testing which may not be transferrable to humans.,(d) Tools to predict individual drug responses based on genetic makeup.,"(c)  The slow, laborious, and inconsistent nature of manual stem cell line creation.",(b) A second cell type was discovered to be contributing to the disease.,"(a) Statements 1, 2, and 3",(c) Every individual has a different genetic makeup.,13,
2025-11-22 13:30:10,2025-11-22 13:55:37,IP Address,100,1527,True,2025-11-22 13:55:38,R_2rjjJdlIEPWPDEL,anonymous,EN,1,60fece5dbc60be057b1917aa,"(b) Their capacity for indefinite self-renewal, ensuring an ample supply for research.",(d) Stimulating existing damaged neurons to release more dopamine.,(a) Allows us to better understand disease-preventing strategies.,(b) A drug for liver conditions may unexpectedly impact neural cells in human studies.,"(d) Improving the rate, capacity, and uniformity in the production of diverse human cell lines for testing.","(a) To focus solely on embryonic stem cell research, excluding other stem cell types.",(d) The gap in resources and processes that prevents early research from translating into industrial innovations.,"(c) By documenting the various environmental factors that contributed to the disease's onset, in addition to genetic factors.",(b) There is minimal financial support from private firms due to disinterest and ignorance.,(a) The difficulty in obtaining sufficient funds for the costly final phases of clinical trials.,(a) iPSCs can differentiate into various cell types pertinent to the disease.,(a) They are more tightly regulated by the government and face more stringent checks.,"(b) Statements 1, 2, and 3",(b) Reveal the underlying cellular and molecular mechanisms of disease.,(a) It removes the need for animal testing which may not be transferrable to humans.,(a) More stringent government regulations on all newly approved pain relief medications.,(d) The high financial cost needed to sequence patient genomes for iPSC generation.,(b) A second cell type was discovered to be contributing to the disease.,"(a) Statements 1, 2, and 3",(c) Every individual has a different genetic makeup.,7,
2025-11-22 13:55:56,2025-11-22 14:05:32,IP Address,100,576,True,2025-11-22 14:05:32,R_82aIDINCzZXXps7,anonymous,EN,1,5ee5defbfe74a3000d106f51,"(a) Their ability to differentiate into any specialized cell type, including beta cells.",(c) Increasing dopamine uptake by the brain when externally administered.,(c) Provides a unique breakthrough medication for different diseases.,(b) A drug for liver conditions may unexpectedly impact neural cells in human studies.,"(c) Eliminating the need for human clinical trials in the later stages of development, thereby reducing ethical concerns.","(a) To focus solely on embryonic stem cell research, excluding other stem cell types.",(c) The high costs that educational institutions will incur to materialize innovations.,(a) By demonstrating how specific genetic predispositions manifest as functional changes at the cellular level as the disease unfolds.,(a) Stem cell research is inherently too advanced for the general public to comprehend.,(d) The tendency for firms to prioritize profits over effectiveness of their medications.,(a) iPSCs can differentiate into various cell types pertinent to the disease.,(a) They are more tightly regulated by the government and face more stringent checks.,(c) Statements 3 and 4,(c) Function as a indestructible repository for individual patient-specific data.,(c) It ensures that the developed drug will be effective in all patients.,(a) More stringent government regulations on all newly approved pain relief medications.,(b) The inherent difficulty in precisely differentiating stem cells into specific tissue types.,(b) A second cell type was discovered to be contributing to the disease.,(b) Statements 1 and 2,(d) Every individual will not respond well to a drug after prolonged consumption.,4,
2025-11-22 14:09:31,2025-11-22 14:18:53,IP Address,100,562,True,2025-11-22 14:18:54,R_2D5WgMIpFxjjmUA,anonymous,EN,0.800000011920929,5a764e848fe2dc000105739c,"(a) Their ability to differentiate into any specialized cell type, including beta cells.","(b) Differentiating into new, healthy cells that can release dopamine.",(c) Provides a unique breakthrough medication for different diseases.,(d) A compound that is non-toxic for animals may cause serious harm in humans.,"(d) Improving the rate, capacity, and uniformity in the production of diverse human cell lines for testing.",(d) To consolidate different stem cell research globally under one central organization.,(d) The gap in resources and processes that prevents early research from translating into industrial innovations.,(a) By demonstrating how specific genetic predispositions manifest as functional changes at the cellular level as the disease unfolds.,(c) There are strong political and financial opposition towards the use of stem cells.,(d) The tendency for firms to prioritize profits over effectiveness of their medications.,(d) iPSCs can tackle diseased cells without rejection from the immune system.,"(c) Their primary focus is restricted to late-stage, highly profitable drug development.","(d) Statements 1, 2, 3, and 4",(a) Securely store extensive and complex patient genetic information.,(c) It ensures that the developed drug will be effective in all patients.,(d) Tools to predict individual drug responses based on genetic makeup.,"(c)  The slow, laborious, and inconsistent nature of manual stem cell line creation.",(c) The motor neurones were not actually dying in the dish.,"(a) Statements 1, 2, and 3",(c) Every individual has a different genetic makeup.,10,
2025-11-22 14:22:48,2025-11-22 14:31:47,IP Address,100,538,True,2025-11-22 14:31:47,R_8geivlNzm6WkAjR,anonymous,EN,1,6658c4239af9537eefdfbcc9,(c) Their inherent resistance to the patient's immune system after differentiation.,(d) Stimulating existing damaged neurons to release more dopamine.,(a) Allows us to better understand disease-preventing strategies.,(c) A treatment tested in male animals may show harmful effects in female humans.,"(c) Eliminating the need for human clinical trials in the later stages of development, thereby reducing ethical concerns.",(c) To regulate the direct production and sale of stem cell therapies to the public.,(c) The high costs that educational institutions will incur to materialize innovations.,"(c) By documenting the various environmental factors that contributed to the disease's onset, in addition to genetic factors.",(b) There is minimal financial support from private firms due to disinterest and ignorance.,(b) The lack of an adequately representative sample of human subjects for testing.,(d) iPSCs can tackle diseased cells without rejection from the immune system.,(a) They are more tightly regulated by the government and face more stringent checks.,(c) Statements 3 and 4,(c) Function as a indestructible repository for individual patient-specific data.,(a) It removes the need for animal testing which may not be transferrable to humans.,(d) Tools to predict individual drug responses based on genetic makeup.,(b) The inherent difficulty in precisely differentiating stem cells into specific tissue types.,(b) A second cell type was discovered to be contributing to the disease.,"(c) Statements 2, 3, and 4",(b) Every individual has different lifestyle choices and dietary habits.,3,
2025-11-22 14:35:55,2025-11-22 14:46:23,IP Address,100,627,True,2025-11-22 14:46:24,R_2JFGMykYzji470l,anonymous,EN,1,653bc92a11da9d70e7ad81c3,(c) Their inherent resistance to the patient's immune system after differentiation.,(d) Stimulating existing damaged neurons to release more dopamine.,(d) Enables us to remedy the onset of diseases more effectively.,(d) A compound that is non-toxic for animals may cause serious harm in humans.,(a) Considerably reducing the expertise needed by laboratory staff to conduct research.,"(b) To establish a conducive research environment, away from external pressures.",(d) The gap in resources and processes that prevents early research from translating into industrial innovations.,(a) By demonstrating how specific genetic predispositions manifest as functional changes at the cellular level as the disease unfolds.,(d) Stem cell research suffers from a worldwide shortage of skilled researchers.,(b) The lack of an adequately representative sample of human subjects for testing.,(b) iPSCs can naturally become immune to the viral vectors used during their creation.,(b) Their operational structures may impede rapid adaptation and novel inquiry.,(c) Statements 3 and 4,(b) Reveal the underlying cellular and molecular mechanisms of disease.,(c) It ensures that the developed drug will be effective in all patients.,(c) A shift in animal testing models to human testing models.,(b) The inherent difficulty in precisely differentiating stem cells into specific tissue types.,(b) A second cell type was discovered to be contributing to the disease.,"(a) Statements 1, 2, and 3",(c) Every individual has a different genetic makeup.,8,
2025-11-22 14:43:01,2025-11-22 14:55:27,IP Address,100,745,True,2025-11-22 14:55:27,R_82KNgI0ZOQE3AwJ,anonymous,EN,1,67765cb5eae26d06c3116c3a,"(a) Their ability to differentiate into any specialized cell type, including beta cells.","(b) Differentiating into new, healthy cells that can release dopamine.",(c) Provides a unique breakthrough medication for different diseases.,(d) A compound that is non-toxic for animals may cause serious harm in humans.,"(d) Improving the rate, capacity, and uniformity in the production of diverse human cell lines for testing.","(b) To establish a conducive research environment, away from external pressures.",(b) A general disinterest from pharmaceutical corporations in new scientific discoveries.,(d) By storing a wide range of genetic information that can be used to study diseases,(c) There are strong political and financial opposition towards the use of stem cells.,(c) The inaccuracy of early-stage models to predict a drug's efficacy in humans.,(a) iPSCs can differentiate into various cell types pertinent to the disease.,(b) Their operational structures may impede rapid adaptation and novel inquiry.,(a) Statements 1 and 2,(b) Reveal the underlying cellular and molecular mechanisms of disease.,(b) It provides a platform to observe drug effects on human lung cells.,(d) Tools to predict individual drug responses based on genetic makeup.,"(c)  The slow, laborious, and inconsistent nature of manual stem cell line creation.",(b) A second cell type was discovered to be contributing to the disease.,"(a) Statements 1, 2, and 3",(c) Every individual has a different genetic makeup.,16,
2025-11-22 15:03:05,2025-11-22 15:11:15,IP Address,100,490,True,2025-11-22 15:11:15,R_205YlU9CBO7dOw1,anonymous,EN,1,5be2fadf5e9fd30001696162,"(b) Their capacity for indefinite self-renewal, ensuring an ample supply for research.","(b) Differentiating into new, healthy cells that can release dopamine.",(c) Provides a unique breakthrough medication for different diseases.,(d) A compound that is non-toxic for animals may cause serious harm in humans.,"(d) Improving the rate, capacity, and uniformity in the production of diverse human cell lines for testing.","(b) To establish a conducive research environment, away from external pressures.",(d) The gap in resources and processes that prevents early research from translating into industrial innovations.,(d) By storing a wide range of genetic information that can be used to study diseases,(c) There are strong political and financial opposition towards the use of stem cells.,(c) The inaccuracy of early-stage models to predict a drug's efficacy in humans.,(a) iPSCs can differentiate into various cell types pertinent to the disease.,(b) Their operational structures may impede rapid adaptation and novel inquiry.,(a) Statements 1 and 2,(b) Reveal the underlying cellular and molecular mechanisms of disease.,(b) It provides a platform to observe drug effects on human lung cells.,(d) Tools to predict individual drug responses based on genetic makeup.,"(c)  The slow, laborious, and inconsistent nature of manual stem cell line creation.",(b) A second cell type was discovered to be contributing to the disease.,"(d) Statements 1, 2, 3, and 4",(c) Every individual has a different genetic makeup.,17,
2025-11-22 15:14:04,2025-11-22 15:32:23,IP Address,100,1099,True,2025-11-22 15:32:24,R_2h0dyIizZ15m0Nl,anonymous,EN,0.8999999761581421,5d812e3c613aa900188746a6,(c) Their inherent resistance to the patient's immune system after differentiation.,"(b) Differentiating into new, healthy cells that can release dopamine.",(d) Enables us to remedy the onset of diseases more effectively.,(d) A compound that is non-toxic for animals may cause serious harm in humans.,"(c) Eliminating the need for human clinical trials in the later stages of development, thereby reducing ethical concerns.",(d) To consolidate different stem cell research globally under one central organization.,(d) The gap in resources and processes that prevents early research from translating into industrial innovations.,"(c) By documenting the various environmental factors that contributed to the disease's onset, in addition to genetic factors.",(c) There are strong political and financial opposition towards the use of stem cells.,(b) The lack of an adequately representative sample of human subjects for testing.,"(c) iPSCs can turn into embryonic stem cells to differentiate into specialized cell types. ",(d) They are subject to more intense ethical scrutiny than smaller institutions.,(a) Statements 1 and 2,(a) Securely store extensive and complex patient genetic information.,(a) It removes the need for animal testing which may not be transferrable to humans.,(c) A shift in animal testing models to human testing models.,"(c)  The slow, laborious, and inconsistent nature of manual stem cell line creation.",(b) A second cell type was discovered to be contributing to the disease.,"(d) Statements 1, 2, 3, and 4",(c) Every individual has a different genetic makeup.,9,
2025-11-22 15:27:53,2025-11-22 15:34:32,IP Address,100,399,True,2025-11-22 15:34:33,R_2zPbkauyae2bJxz,anonymous,EN,0.800000011920929,5baa21188a01680001ff1a6f,"(a) Their ability to differentiate into any specialized cell type, including beta cells.","(b) Differentiating into new, healthy cells that can release dopamine.",(c) Provides a unique breakthrough medication for different diseases.,(b) A drug for liver conditions may unexpectedly impact neural cells in human studies.,"(c) Eliminating the need for human clinical trials in the later stages of development, thereby reducing ethical concerns.","(b) To establish a conducive research environment, away from external pressures.",(d) The gap in resources and processes that prevents early research from translating into industrial innovations.,(a) By demonstrating how specific genetic predispositions manifest as functional changes at the cellular level as the disease unfolds.,(b) There is minimal financial support from private firms due to disinterest and ignorance.,(b) The lack of an adequately representative sample of human subjects for testing.,(d) iPSCs can tackle diseased cells without rejection from the immune system.,(b) Their operational structures may impede rapid adaptation and novel inquiry.,"(d) Statements 1, 2, 3, and 4",(b) Reveal the underlying cellular and molecular mechanisms of disease.,(a) It removes the need for animal testing which may not be transferrable to humans.,(d) Tools to predict individual drug responses based on genetic makeup.,"(c)  The slow, laborious, and inconsistent nature of manual stem cell line creation.",(b) A second cell type was discovered to be contributing to the disease.,"(d) Statements 1, 2, 3, and 4",(c) Every individual has a different genetic makeup.,12,
2025-11-22 16:01:37,2025-11-22 16:10:49,IP Address,100,552,True,2025-11-22 16:10:49,R_81avtuT8myIUDYO,anonymous,EN,1,66faeeeafd0c076eec88cfcb,"(d) Their natural occurrence in adult pancreatic tissue, simplifying extraction.",(d) Stimulating existing damaged neurons to release more dopamine.,(c) Provides a unique breakthrough medication for different diseases.,(b) A drug for liver conditions may unexpectedly impact neural cells in human studies.,"(b) Allowing for the design and creation of entirely new, synthetic types of stem cells.",(d) To consolidate different stem cell research globally under one central organization.,(d) The gap in resources and processes that prevents early research from translating into industrial innovations.,"(c) By documenting the various environmental factors that contributed to the disease's onset, in addition to genetic factors.",(b) There is minimal financial support from private firms due to disinterest and ignorance.,(b) The lack of an adequately representative sample of human subjects for testing.,(d) iPSCs can tackle diseased cells without rejection from the immune system.,(a) They are more tightly regulated by the government and face more stringent checks.,"(d) Statements 1, 2, 3, and 4",(a) Securely store extensive and complex patient genetic information.,(a) It removes the need for animal testing which may not be transferrable to humans.,(c) A shift in animal testing models to human testing models.,"(c)  The slow, laborious, and inconsistent nature of manual stem cell line creation.",(b) A second cell type was discovered to be contributing to the disease.,"(c) Statements 2, 3, and 4",(c) Every individual has a different genetic makeup.,4,
2025-11-22 16:13:02,2025-11-22 16:19:49,IP Address,100,407,True,2025-11-22 16:19:50,R_81YitiNeqX3y3a0,anonymous,EN,0.20000000298023224,5e6a923f59a3bd04d5edc606,"(d) Their natural occurrence in adult pancreatic tissue, simplifying extraction.",(a) Dividing controllably in the brain without forming tumours.,(a) Allows us to better understand disease-preventing strategies.,(d) A compound that is non-toxic for animals may cause serious harm in humans.,"(c) Eliminating the need for human clinical trials in the later stages of development, thereby reducing ethical concerns.",(d) To consolidate different stem cell research globally under one central organization.,(d) The gap in resources and processes that prevents early research from translating into industrial innovations.,(d) By storing a wide range of genetic information that can be used to study diseases,(c) There are strong political and financial opposition towards the use of stem cells.,(d) The tendency for firms to prioritize profits over effectiveness of their medications.,(d) iPSCs can tackle diseased cells without rejection from the immune system.,(d) They are subject to more intense ethical scrutiny than smaller institutions.,"(b) Statements 1, 2, and 3",(a) Securely store extensive and complex patient genetic information.,(a) It removes the need for animal testing which may not be transferrable to humans.,(c) A shift in animal testing models to human testing models.,(a) The ethical concerns surrounding the manual sourcing of embryonic stem cells.,(b) A second cell type was discovered to be contributing to the disease.,"(d) Statements 1, 2, 3, and 4",(c) Every individual has a different genetic makeup.,7,
2025-11-22 16:16:17,2025-11-22 16:27:04,IP Address,100,647,True,2025-11-22 16:27:05,R_8wMIs9YHnGCRMW2,anonymous,EN,1,63d3f951dd046a4bc2b9cea9,"(b) Their capacity for indefinite self-renewal, ensuring an ample supply for research.","(b) Differentiating into new, healthy cells that can release dopamine.",(d) Enables us to remedy the onset of diseases more effectively.,(b) A drug for liver conditions may unexpectedly impact neural cells in human studies.,"(d) Improving the rate, capacity, and uniformity in the production of diverse human cell lines for testing.","(b) To establish a conducive research environment, away from external pressures.",(d) The gap in resources and processes that prevents early research from translating into industrial innovations.,(a) By demonstrating how specific genetic predispositions manifest as functional changes at the cellular level as the disease unfolds.,(c) There are strong political and financial opposition towards the use of stem cells.,(c) The inaccuracy of early-stage models to predict a drug's efficacy in humans.,"(c) iPSCs can turn into embryonic stem cells to differentiate into specialized cell types. ","(c) Their primary focus is restricted to late-stage, highly profitable drug development.",(c) Statements 3 and 4,(a) Securely store extensive and complex patient genetic information.,(b) It provides a platform to observe drug effects on human lung cells.,(d) Tools to predict individual drug responses based on genetic makeup.,"(c)  The slow, laborious, and inconsistent nature of manual stem cell line creation.",(b) A second cell type was discovered to be contributing to the disease.,"(d) Statements 1, 2, 3, and 4",(c) Every individual has a different genetic makeup.,13,
2025-11-22 16:48:22,2025-11-22 17:01:27,IP Address,100,784,True,2025-11-22 17:01:28,R_8JqR6L57Bs9tmyl,anonymous,EN,1,5baa7acf14779d0001a23968,"(a) Their ability to differentiate into any specialized cell type, including beta cells.","(b) Differentiating into new, healthy cells that can release dopamine.",(c) Provides a unique breakthrough medication for different diseases.,(c) A treatment tested in male animals may show harmful effects in female humans.,"(d) Improving the rate, capacity, and uniformity in the production of diverse human cell lines for testing.","(b) To establish a conducive research environment, away from external pressures.",(d) The gap in resources and processes that prevents early research from translating into industrial innovations.,(a) By demonstrating how specific genetic predispositions manifest as functional changes at the cellular level as the disease unfolds.,(c) There are strong political and financial opposition towards the use of stem cells.,(c) The inaccuracy of early-stage models to predict a drug's efficacy in humans.,(a) iPSCs can differentiate into various cell types pertinent to the disease.,(b) Their operational structures may impede rapid adaptation and novel inquiry.,(a) Statements 1 and 2,(b) Reveal the underlying cellular and molecular mechanisms of disease.,(b) It provides a platform to observe drug effects on human lung cells.,(d) Tools to predict individual drug responses based on genetic makeup.,"(c)  The slow, laborious, and inconsistent nature of manual stem cell line creation.",(b) A second cell type was discovered to be contributing to the disease.,"(a) Statements 1, 2, and 3",(c) Every individual has a different genetic makeup.,17,
2025-11-22 17:05:02,2025-11-22 17:11:36,IP Address,100,393,True,2025-11-22 17:11:37,R_89pFElhHXSq1C7L,anonymous,EN,0.8999999761581421,600a97750a20c621b3d6d358,"(d) Their natural occurrence in adult pancreatic tissue, simplifying extraction.",(d) Stimulating existing damaged neurons to release more dopamine.,(c) Provides a unique breakthrough medication for different diseases.,(d) A compound that is non-toxic for animals may cause serious harm in humans.,"(d) Improving the rate, capacity, and uniformity in the production of diverse human cell lines for testing.","(b) To establish a conducive research environment, away from external pressures.",(d) The gap in resources and processes that prevents early research from translating into industrial innovations.,(a) By demonstrating how specific genetic predispositions manifest as functional changes at the cellular level as the disease unfolds.,(c) There are strong political and financial opposition towards the use of stem cells.,(c) The inaccuracy of early-stage models to predict a drug's efficacy in humans.,(d) iPSCs can tackle diseased cells without rejection from the immune system.,(b) Their operational structures may impede rapid adaptation and novel inquiry.,"(b) Statements 1, 2, and 3",(b) Reveal the underlying cellular and molecular mechanisms of disease.,(d) It lowers the manufacturing cost of the drug by leveraging on patients’ stem cells.,(d) Tools to predict individual drug responses based on genetic makeup.,"(c)  The slow, laborious, and inconsistent nature of manual stem cell line creation.",(b) A second cell type was discovered to be contributing to the disease.,"(a) Statements 1, 2, and 3",(c) Every individual has a different genetic makeup.,13,
2025-11-22 17:02:53,2025-11-22 17:14:19,IP Address,100,686,True,2025-11-22 17:14:20,R_8MBAle8OYQpXe0x,anonymous,EN,0.800000011920929,55057a56fdf99b5b566a70bb,"(a) Their ability to differentiate into any specialized cell type, including beta cells.","(b) Differentiating into new, healthy cells that can release dopamine.",(c) Provides a unique breakthrough medication for different diseases.,(b) A drug for liver conditions may unexpectedly impact neural cells in human studies.,"(d) Improving the rate, capacity, and uniformity in the production of diverse human cell lines for testing.",(d) To consolidate different stem cell research globally under one central organization.,(d) The gap in resources and processes that prevents early research from translating into industrial innovations.,(a) By demonstrating how specific genetic predispositions manifest as functional changes at the cellular level as the disease unfolds.,(d) Stem cell research suffers from a worldwide shortage of skilled researchers.,(b) The lack of an adequately representative sample of human subjects for testing.,(a) iPSCs can differentiate into various cell types pertinent to the disease.,"(c) Their primary focus is restricted to late-stage, highly profitable drug development.",(a) Statements 1 and 2,(b) Reveal the underlying cellular and molecular mechanisms of disease.,(b) It provides a platform to observe drug effects on human lung cells.,(d) Tools to predict individual drug responses based on genetic makeup.,"(c)  The slow, laborious, and inconsistent nature of manual stem cell line creation.",(b) A second cell type was discovered to be contributing to the disease.,"(c) Statements 2, 3, and 4",(c) Every individual has a different genetic makeup.,13,
2025-11-22 17:15:51,2025-11-22 17:22:39,IP Address,100,407,True,2025-11-22 17:22:39,R_2iXyge4NbEOuWec,anonymous,EN,1,5e35373e1ddb124e6c306747,(c) Their inherent resistance to the patient's immune system after differentiation.,"(b) Differentiating into new, healthy cells that can release dopamine.",(a) Allows us to better understand disease-preventing strategies.,(d) A compound that is non-toxic for animals may cause serious harm in humans.,"(b) Allowing for the design and creation of entirely new, synthetic types of stem cells.",(d) To consolidate different stem cell research globally under one central organization.,(d) The gap in resources and processes that prevents early research from translating into industrial innovations.,(a) By demonstrating how specific genetic predispositions manifest as functional changes at the cellular level as the disease unfolds.,(c) There are strong political and financial opposition towards the use of stem cells.,(c) The inaccuracy of early-stage models to predict a drug's efficacy in humans.,(d) iPSCs can tackle diseased cells without rejection from the immune system.,(b) Their operational structures may impede rapid adaptation and novel inquiry.,"(d) Statements 1, 2, 3, and 4",(b) Reveal the underlying cellular and molecular mechanisms of disease.,(b) It provides a platform to observe drug effects on human lung cells.,(d) Tools to predict individual drug responses based on genetic makeup.,(a) The ethical concerns surrounding the manual sourcing of embryonic stem cells.,(b) A second cell type was discovered to be contributing to the disease.,"(d) Statements 1, 2, 3, and 4",(c) Every individual has a different genetic makeup.,14,
2025-11-22 18:01:58,2025-11-22 18:11:12,IP Address,100,553,True,2025-11-22 18:11:12,R_2sZxcyAgTBh9rXO,anonymous,EN,1,6103e1d7b7c388fda60e0bf6,"(a) Their ability to differentiate into any specialized cell type, including beta cells.","(b) Differentiating into new, healthy cells that can release dopamine.",(c) Provides a unique breakthrough medication for different diseases.,(b) A drug for liver conditions may unexpectedly impact neural cells in human studies.,"(d) Improving the rate, capacity, and uniformity in the production of diverse human cell lines for testing.",(d) To consolidate different stem cell research globally under one central organization.,(c) The high costs that educational institutions will incur to materialize innovations.,(a) By demonstrating how specific genetic predispositions manifest as functional changes at the cellular level as the disease unfolds.,(b) There is minimal financial support from private firms due to disinterest and ignorance.,(c) The inaccuracy of early-stage models to predict a drug's efficacy in humans.,(a) iPSCs can differentiate into various cell types pertinent to the disease.,(b) Their operational structures may impede rapid adaptation and novel inquiry.,"(b) Statements 1, 2, and 3",(b) Reveal the underlying cellular and molecular mechanisms of disease.,(c) It ensures that the developed drug will be effective in all patients.,(d) Tools to predict individual drug responses based on genetic makeup.,"(c)  The slow, laborious, and inconsistent nature of manual stem cell line creation.",(b) A second cell type was discovered to be contributing to the disease.,"(d) Statements 1, 2, 3, and 4",(c) Every individual has a different genetic makeup.,13,
2025-11-22 18:00:14,2025-11-22 18:11:15,IP Address,100,660,True,2025-11-22 18:11:15,R_8NCJgS0SxcAbVNR,anonymous,EN,1,677650da17489eb0f07dec0d,"(a) Their ability to differentiate into any specialized cell type, including beta cells.","(b) Differentiating into new, healthy cells that can release dopamine.",(c) Provides a unique breakthrough medication for different diseases.,(d) A compound that is non-toxic for animals may cause serious harm in humans.,"(d) Improving the rate, capacity, and uniformity in the production of diverse human cell lines for testing.","(b) To establish a conducive research environment, away from external pressures.",(d) The gap in resources and processes that prevents early research from translating into industrial innovations.,(a) By demonstrating how specific genetic predispositions manifest as functional changes at the cellular level as the disease unfolds.,(c) There are strong political and financial opposition towards the use of stem cells.,(b) The lack of an adequately representative sample of human subjects for testing.,"(c) iPSCs can turn into embryonic stem cells to differentiate into specialized cell types. ","(c) Their primary focus is restricted to late-stage, highly profitable drug development.",(a) Statements 1 and 2,(b) Reveal the underlying cellular and molecular mechanisms of disease.,(c) It ensures that the developed drug will be effective in all patients.,(c) A shift in animal testing models to human testing models.,"(c)  The slow, laborious, and inconsistent nature of manual stem cell line creation.",(c) The motor neurones were not actually dying in the dish.,(b) Statements 1 and 2,(c) Every individual has a different genetic makeup.,12,
2025-11-22 18:14:15,2025-11-22 18:22:55,IP Address,100,519,True,2025-11-22 18:22:55,R_8lodfPloWAOJZ3V,anonymous,EN,1,651c1d7524852e9f9d614ce3,"(a) Their ability to differentiate into any specialized cell type, including beta cells.",(d) Stimulating existing damaged neurons to release more dopamine.,(c) Provides a unique breakthrough medication for different diseases.,(b) A drug for liver conditions may unexpectedly impact neural cells in human studies.,"(d) Improving the rate, capacity, and uniformity in the production of diverse human cell lines for testing.","(b) To establish a conducive research environment, away from external pressures.",(c) The high costs that educational institutions will incur to materialize innovations.,(d) By storing a wide range of genetic information that can be used to study diseases,(d) Stem cell research suffers from a worldwide shortage of skilled researchers.,(c) The inaccuracy of early-stage models to predict a drug's efficacy in humans.,(d) iPSCs can tackle diseased cells without rejection from the immune system.,(b) Their operational structures may impede rapid adaptation and novel inquiry.,"(d) Statements 1, 2, 3, and 4",(d) Automatically and rapidly diagnose a wide range of diseases.,(c) It ensures that the developed drug will be effective in all patients.,(b) More resources should be devoted to reduce potential side effects of new drugs.,"(c)  The slow, laborious, and inconsistent nature of manual stem cell line creation.",(b) A second cell type was discovered to be contributing to the disease.,"(a) Statements 1, 2, and 3",(c) Every individual has a different genetic makeup.,8,
2025-11-22 18:43:54,2025-11-22 18:52:07,IP Address,100,492,True,2025-11-22 18:52:07,R_8GePw6oB8RqsVRA,anonymous,EN,1,5f514593ea1e87365b9cb05f,(c) Their inherent resistance to the patient's immune system after differentiation.,(d) Stimulating existing damaged neurons to release more dopamine.,(a) Allows us to better understand disease-preventing strategies.,(d) A compound that is non-toxic for animals may cause serious harm in humans.,"(d) Improving the rate, capacity, and uniformity in the production of diverse human cell lines for testing.","(b) To establish a conducive research environment, away from external pressures.",(d) The gap in resources and processes that prevents early research from translating into industrial innovations.,(a) By demonstrating how specific genetic predispositions manifest as functional changes at the cellular level as the disease unfolds.,(c) There are strong political and financial opposition towards the use of stem cells.,(c) The inaccuracy of early-stage models to predict a drug's efficacy in humans.,(d) iPSCs can tackle diseased cells without rejection from the immune system.,(b) Their operational structures may impede rapid adaptation and novel inquiry.,(a) Statements 1 and 2,(b) Reveal the underlying cellular and molecular mechanisms of disease.,(d) It lowers the manufacturing cost of the drug by leveraging on patients’ stem cells.,(d) Tools to predict individual drug responses based on genetic makeup.,(d) The high financial cost needed to sequence patient genomes for iPSC generation.,(d) The disease could be easily cured with an existing drug.,"(d) Statements 1, 2, 3, and 4",(c) Every individual has a different genetic makeup.,14,
2025-11-22 18:45:30,2025-11-22 19:13:49,IP Address,100,1698,True,2025-11-22 19:13:49,R_87r0sV1cCKVXbwG,anonymous,EN,0.800000011920929,5f61023f891bb903b975dbee,"(a) Their ability to differentiate into any specialized cell type, including beta cells.",(d) Stimulating existing damaged neurons to release more dopamine.,(d) Enables us to remedy the onset of diseases more effectively.,(d) A compound that is non-toxic for animals may cause serious harm in humans.,"(c) Eliminating the need for human clinical trials in the later stages of development, thereby reducing ethical concerns.","(a) To focus solely on embryonic stem cell research, excluding other stem cell types.",(d) The gap in resources and processes that prevents early research from translating into industrial innovations.,(b) By forecasting the precise age at which the symptoms of a disease will first appear.,(c) There are strong political and financial opposition towards the use of stem cells.,(c) The inaccuracy of early-stage models to predict a drug's efficacy in humans.,(a) iPSCs can differentiate into various cell types pertinent to the disease.,"(c) Their primary focus is restricted to late-stage, highly profitable drug development.",(a) Statements 1 and 2,(b) Reveal the underlying cellular and molecular mechanisms of disease.,(b) It provides a platform to observe drug effects on human lung cells.,(c) A shift in animal testing models to human testing models.,(b) The inherent difficulty in precisely differentiating stem cells into specific tissue types.,(b) A second cell type was discovered to be contributing to the disease.,"(d) Statements 1, 2, 3, and 4",(c) Every individual has a different genetic makeup.,12,
2025-11-22 19:32:03,2025-11-22 19:45:07,IP Address,100,784,True,2025-11-22 19:45:08,R_2zoudO2DKBqkY58,anonymous,EN,1,6053e01a6a8e8516ba7d47a7,"(a) Their ability to differentiate into any specialized cell type, including beta cells.",(a) Dividing controllably in the brain without forming tumours.,(c) Provides a unique breakthrough medication for different diseases.,(b) A drug for liver conditions may unexpectedly impact neural cells in human studies.,"(d) Improving the rate, capacity, and uniformity in the production of diverse human cell lines for testing.","(b) To establish a conducive research environment, away from external pressures.",(d) The gap in resources and processes that prevents early research from translating into industrial innovations.,(d) By storing a wide range of genetic information that can be used to study diseases,(c) There are strong political and financial opposition towards the use of stem cells.,(c) The inaccuracy of early-stage models to predict a drug's efficacy in humans.,"(c) iPSCs can turn into embryonic stem cells to differentiate into specialized cell types. ",(b) Their operational structures may impede rapid adaptation and novel inquiry.,(a) Statements 1 and 2,(a) Securely store extensive and complex patient genetic information.,(b) It provides a platform to observe drug effects on human lung cells.,(d) Tools to predict individual drug responses based on genetic makeup.,"(c)  The slow, laborious, and inconsistent nature of manual stem cell line creation.",(b) A second cell type was discovered to be contributing to the disease.,"(a) Statements 1, 2, and 3",(c) Every individual has a different genetic makeup.,13,
2025-11-22 20:04:42,2025-11-22 20:11:43,IP Address,100,421,True,2025-11-22 20:11:43,R_8cd2QzZBQyKZ7hv,anonymous,EN,0.8999999761581421,5c8c22bafeeaeb0016207a00,"(a) Their ability to differentiate into any specialized cell type, including beta cells.","(b) Differentiating into new, healthy cells that can release dopamine.",(d) Enables us to remedy the onset of diseases more effectively.,(b) A drug for liver conditions may unexpectedly impact neural cells in human studies.,"(d) Improving the rate, capacity, and uniformity in the production of diverse human cell lines for testing.","(b) To establish a conducive research environment, away from external pressures.",(d) The gap in resources and processes that prevents early research from translating into industrial innovations.,(a) By demonstrating how specific genetic predispositions manifest as functional changes at the cellular level as the disease unfolds.,(c) There are strong political and financial opposition towards the use of stem cells.,(c) The inaccuracy of early-stage models to predict a drug's efficacy in humans.,"(c) iPSCs can turn into embryonic stem cells to differentiate into specialized cell types. ",(b) Their operational structures may impede rapid adaptation and novel inquiry.,"(b) Statements 1, 2, and 3",(b) Reveal the underlying cellular and molecular mechanisms of disease.,(b) It provides a platform to observe drug effects on human lung cells.,(d) Tools to predict individual drug responses based on genetic makeup.,(d) The high financial cost needed to sequence patient genomes for iPSC generation.,(a) The disease was found to be caused by a virus.,"(d) Statements 1, 2, 3, and 4",(c) Every individual has a different genetic makeup.,14,
2025-11-22 20:05:22,2025-11-22 20:22:01,IP Address,100,998,True,2025-11-22 20:22:01,R_8kCdpoXghYvab8l,anonymous,EN,1,6156fef09d1ab07148870099,"(b) Their capacity for indefinite self-renewal, ensuring an ample supply for research.",(d) Stimulating existing damaged neurons to release more dopamine.,(a) Allows us to better understand disease-preventing strategies.,(b) A drug for liver conditions may unexpectedly impact neural cells in human studies.,"(d) Improving the rate, capacity, and uniformity in the production of diverse human cell lines for testing.","(a) To focus solely on embryonic stem cell research, excluding other stem cell types.",(b) A general disinterest from pharmaceutical corporations in new scientific discoveries.,(d) By storing a wide range of genetic information that can be used to study diseases,(c) There are strong political and financial opposition towards the use of stem cells.,(b) The lack of an adequately representative sample of human subjects for testing.,(d) iPSCs can tackle diseased cells without rejection from the immune system.,"(c) Their primary focus is restricted to late-stage, highly profitable drug development.","(b) Statements 1, 2, and 3",(c) Function as a indestructible repository for individual patient-specific data.,(a) It removes the need for animal testing which may not be transferrable to humans.,(c) A shift in animal testing models to human testing models.,(a) The ethical concerns surrounding the manual sourcing of embryonic stem cells.,(c) The motor neurones were not actually dying in the dish.,(b) Statements 1 and 2,(c) Every individual has a different genetic makeup.,4,
2025-11-22 22:05:26,2025-11-22 22:14:49,IP Address,100,563,True,2025-11-22 22:14:50,R_8OURiDy83hjjOSn,anonymous,EN,1,655e09fc282e4139c82f834a,"(a) Their ability to differentiate into any specialized cell type, including beta cells.","(b) Differentiating into new, healthy cells that can release dopamine.",(a) Allows us to better understand disease-preventing strategies.,(d) A compound that is non-toxic for animals may cause serious harm in humans.,"(d) Improving the rate, capacity, and uniformity in the production of diverse human cell lines for testing.","(b) To establish a conducive research environment, away from external pressures.",(c) The high costs that educational institutions will incur to materialize innovations.,(a) By demonstrating how specific genetic predispositions manifest as functional changes at the cellular level as the disease unfolds.,(c) There are strong political and financial opposition towards the use of stem cells.,(c) The inaccuracy of early-stage models to predict a drug's efficacy in humans.,(d) iPSCs can tackle diseased cells without rejection from the immune system.,(b) Their operational structures may impede rapid adaptation and novel inquiry.,"(d) Statements 1, 2, 3, and 4",(b) Reveal the underlying cellular and molecular mechanisms of disease.,(a) It removes the need for animal testing which may not be transferrable to humans.,(d) Tools to predict individual drug responses based on genetic makeup.,"(c)  The slow, laborious, and inconsistent nature of manual stem cell line creation.",(b) A second cell type was discovered to be contributing to the disease.,"(d) Statements 1, 2, 3, and 4",(c) Every individual has a different genetic makeup.,16,
2025-11-22 22:44:41,2025-11-22 23:03:33,IP Address,100,1132,True,2025-11-22 23:03:34,R_8JFNcRhJFCuUYbv,anonymous,EN,1,641384b3dffcf39ec42d3c23,"(a) Their ability to differentiate into any specialized cell type, including beta cells.","(b) Differentiating into new, healthy cells that can release dopamine.",(a) Allows us to better understand disease-preventing strategies.,(d) A compound that is non-toxic for animals may cause serious harm in humans.,"(d) Improving the rate, capacity, and uniformity in the production of diverse human cell lines for testing.","(b) To establish a conducive research environment, away from external pressures.",(d) The gap in resources and processes that prevents early research from translating into industrial innovations.,"(c) By documenting the various environmental factors that contributed to the disease's onset, in addition to genetic factors.",(c) There are strong political and financial opposition towards the use of stem cells.,(b) The lack of an adequately representative sample of human subjects for testing.,(d) iPSCs can tackle diseased cells without rejection from the immune system.,"(c) Their primary focus is restricted to late-stage, highly profitable drug development.",(a) Statements 1 and 2,(b) Reveal the underlying cellular and molecular mechanisms of disease.,(a) It removes the need for animal testing which may not be transferrable to humans.,(d) Tools to predict individual drug responses based on genetic makeup.,"(c)  The slow, laborious, and inconsistent nature of manual stem cell line creation.",(b) A second cell type was discovered to be contributing to the disease.,"(d) Statements 1, 2, 3, and 4",(c) Every individual has a different genetic makeup.,15,
2025-11-23 06:01:59,2025-11-23 06:19:32,IP Address,100,1052,True,2025-11-23 06:19:33,R_2wLZbma9wBZugCg,anonymous,EN,1,6020b4d4010b8e6e89d1a6a0,"(a) Their ability to differentiate into any specialized cell type, including beta cells.","(b) Differentiating into new, healthy cells that can release dopamine.",(d) Enables us to remedy the onset of diseases more effectively.,(d) A compound that is non-toxic for animals may cause serious harm in humans.,"(d) Improving the rate, capacity, and uniformity in the production of diverse human cell lines for testing.","(b) To establish a conducive research environment, away from external pressures.",(d) The gap in resources and processes that prevents early research from translating into industrial innovations.,(a) By demonstrating how specific genetic predispositions manifest as functional changes at the cellular level as the disease unfolds.,(c) There are strong political and financial opposition towards the use of stem cells.,(c) The inaccuracy of early-stage models to predict a drug's efficacy in humans.,(a) iPSCs can differentiate into various cell types pertinent to the disease.,(b) Their operational structures may impede rapid adaptation and novel inquiry.,"(d) Statements 1, 2, 3, and 4",(b) Reveal the underlying cellular and molecular mechanisms of disease.,(b) It provides a platform to observe drug effects on human lung cells.,(d) Tools to predict individual drug responses based on genetic makeup.,"(c)  The slow, laborious, and inconsistent nature of manual stem cell line creation.",(b) A second cell type was discovered to be contributing to the disease.,"(a) Statements 1, 2, and 3",(c) Every individual has a different genetic makeup.,17,
2025-11-23 06:06:08,2025-11-23 06:38:12,IP Address,100,1923,True,2025-11-23 06:38:12,R_2Qd3jMSu7kmMIMx,anonymous,EN,0.8999999761581421,644040d876b0d8dddbf6e068,"(a) Their ability to differentiate into any specialized cell type, including beta cells.","(b) Differentiating into new, healthy cells that can release dopamine.",(d) Enables us to remedy the onset of diseases more effectively.,(d) A compound that is non-toxic for animals may cause serious harm in humans.,"(d) Improving the rate, capacity, and uniformity in the production of diverse human cell lines for testing.","(b) To establish a conducive research environment, away from external pressures.",(d) The gap in resources and processes that prevents early research from translating into industrial innovations.,(a) By demonstrating how specific genetic predispositions manifest as functional changes at the cellular level as the disease unfolds.,(c) There are strong political and financial opposition towards the use of stem cells.,(c) The inaccuracy of early-stage models to predict a drug's efficacy in humans.,(a) iPSCs can differentiate into various cell types pertinent to the disease.,(b) Their operational structures may impede rapid adaptation and novel inquiry.,"(d) Statements 1, 2, 3, and 4",(b) Reveal the underlying cellular and molecular mechanisms of disease.,(b) It provides a platform to observe drug effects on human lung cells.,(d) Tools to predict individual drug responses based on genetic makeup.,"(c)  The slow, laborious, and inconsistent nature of manual stem cell line creation.",(b) A second cell type was discovered to be contributing to the disease.,"(a) Statements 1, 2, and 3",(c) Every individual has a different genetic makeup.,17,
2025-11-23 08:13:48,2025-11-23 08:24:19,IP Address,100,631,True,2025-11-23 08:24:20,R_8rj03J96FWZOIcG,anonymous,EN,1,6304db4577830d43f42d4d26,"(a) Their ability to differentiate into any specialized cell type, including beta cells.","(b) Differentiating into new, healthy cells that can release dopamine.",(a) Allows us to better understand disease-preventing strategies.,(d) A compound that is non-toxic for animals may cause serious harm in humans.,"(c) Eliminating the need for human clinical trials in the later stages of development, thereby reducing ethical concerns.","(b) To establish a conducive research environment, away from external pressures.",(c) The high costs that educational institutions will incur to materialize innovations.,(d) By storing a wide range of genetic information that can be used to study diseases,(c) There are strong political and financial opposition towards the use of stem cells.,(c) The inaccuracy of early-stage models to predict a drug's efficacy in humans.,"(c) iPSCs can turn into embryonic stem cells to differentiate into specialized cell types. ",(a) They are more tightly regulated by the government and face more stringent checks.,(a) Statements 1 and 2,(a) Securely store extensive and complex patient genetic information.,(a) It removes the need for animal testing which may not be transferrable to humans.,(d) Tools to predict individual drug responses based on genetic makeup.,(a) The ethical concerns surrounding the manual sourcing of embryonic stem cells.,(b) A second cell type was discovered to be contributing to the disease.,"(d) Statements 1, 2, 3, and 4",(c) Every individual has a different genetic makeup.,12,
2025-11-30 10:04:20,2025-11-30 10:17:59,IP Address,100,818,True,2025-11-30 10:18:00,R_2lSvxZXqjyG5h5v,anonymous,EN,1,5c4782d9cae0ab000188d2b4,"(b) Their capacity for indefinite self-renewal, ensuring an ample supply for research.","(b) Differentiating into new, healthy cells that can release dopamine.",(c) Provides a unique breakthrough medication for different diseases.,(b) A drug for liver conditions may unexpectedly impact neural cells in human studies.,"(d) Improving the rate, capacity, and uniformity in the production of diverse human cell lines for testing.","(b) To establish a conducive research environment, away from external pressures.",(d) The gap in resources and processes that prevents early research from translating into industrial innovations.,(a) By demonstrating how specific genetic predispositions manifest as functional changes at the cellular level as the disease unfolds.,(d) Stem cell research suffers from a worldwide shortage of skilled researchers.,(b) The lack of an adequately representative sample of human subjects for testing.,(d) iPSCs can tackle diseased cells without rejection from the immune system.,(b) Their operational structures may impede rapid adaptation and novel inquiry.,"(d) Statements 1, 2, 3, and 4",(a) Securely store extensive and complex patient genetic information.,(a) It removes the need for animal testing which may not be transferrable to humans.,(d) Tools to predict individual drug responses based on genetic makeup.,"(c)  The slow, laborious, and inconsistent nature of manual stem cell line creation.",(b) A second cell type was discovered to be contributing to the disease.,"(d) Statements 1, 2, 3, and 4",(c) Every individual has a different genetic makeup.,11,
2025-11-30 10:07:06,2025-11-30 10:18:50,IP Address,100,704,True,2025-11-30 10:18:51,R_89oYmiTWw3gcCCM,anonymous,EN,0.800000011920929,5c5cad3e4ee81200018eafe2,"(a) Their ability to differentiate into any specialized cell type, including beta cells.",(d) Stimulating existing damaged neurons to release more dopamine.,(c) Provides a unique breakthrough medication for different diseases.,(b) A drug for liver conditions may unexpectedly impact neural cells in human studies.,"(d) Improving the rate, capacity, and uniformity in the production of diverse human cell lines for testing.","(b) To establish a conducive research environment, away from external pressures.",(d) The gap in resources and processes that prevents early research from translating into industrial innovations.,(a) By demonstrating how specific genetic predispositions manifest as functional changes at the cellular level as the disease unfolds.,(b) There is minimal financial support from private firms due to disinterest and ignorance.,(c) The inaccuracy of early-stage models to predict a drug's efficacy in humans.,(a) iPSCs can differentiate into various cell types pertinent to the disease.,(b) Their operational structures may impede rapid adaptation and novel inquiry.,(a) Statements 1 and 2,(b) Reveal the underlying cellular and molecular mechanisms of disease.,(c) It ensures that the developed drug will be effective in all patients.,(d) Tools to predict individual drug responses based on genetic makeup.,"(c)  The slow, laborious, and inconsistent nature of manual stem cell line creation.",(c) The motor neurones were not actually dying in the dish.,"(a) Statements 1, 2, and 3",(c) Every individual has a different genetic makeup.,13,
2025-11-30 10:13:26,2025-11-30 10:24:37,IP Address,100,671,True,2025-11-30 10:24:38,R_2rk81juWjNP4PgR,anonymous,EN,1,5cfbf333ac28dd00196e807b,"(b) Their capacity for indefinite self-renewal, ensuring an ample supply for research.",(d) Stimulating existing damaged neurons to release more dopamine.,(a) Allows us to better understand disease-preventing strategies.,(d) A compound that is non-toxic for animals may cause serious harm in humans.,"(d) Improving the rate, capacity, and uniformity in the production of diverse human cell lines for testing.",(d) To consolidate different stem cell research globally under one central organization.,(d) The gap in resources and processes that prevents early research from translating into industrial innovations.,(d) By storing a wide range of genetic information that can be used to study diseases,(c) There are strong political and financial opposition towards the use of stem cells.,(b) The lack of an adequately representative sample of human subjects for testing.,(a) iPSCs can differentiate into various cell types pertinent to the disease.,"(c) Their primary focus is restricted to late-stage, highly profitable drug development.","(d) Statements 1, 2, 3, and 4",(a) Securely store extensive and complex patient genetic information.,(b) It provides a platform to observe drug effects on human lung cells.,(d) Tools to predict individual drug responses based on genetic makeup.,"(c)  The slow, laborious, and inconsistent nature of manual stem cell line creation.",(b) A second cell type was discovered to be contributing to the disease.,"(d) Statements 1, 2, 3, and 4",(c) Every individual has a different genetic makeup.,12,
2025-11-30 10:31:47,2025-11-30 10:43:03,IP Address,100,676,True,2025-11-30 10:43:03,R_811uBhyqo5GDPVs,anonymous,EN,1,5d29c671bc573b00165c9014,"(d) Their natural occurrence in adult pancreatic tissue, simplifying extraction.",(a) Dividing controllably in the brain without forming tumours.,(d) Enables us to remedy the onset of diseases more effectively.,(b) A drug for liver conditions may unexpectedly impact neural cells in human studies.,"(d) Improving the rate, capacity, and uniformity in the production of diverse human cell lines for testing.","(b) To establish a conducive research environment, away from external pressures.",(c) The high costs that educational institutions will incur to materialize innovations.,(a) By demonstrating how specific genetic predispositions manifest as functional changes at the cellular level as the disease unfolds.,(a) Stem cell research is inherently too advanced for the general public to comprehend.,(b) The lack of an adequately representative sample of human subjects for testing.,(a) iPSCs can differentiate into various cell types pertinent to the disease.,(b) Their operational structures may impede rapid adaptation and novel inquiry.,"(d) Statements 1, 2, 3, and 4",(b) Reveal the underlying cellular and molecular mechanisms of disease.,(a) It removes the need for animal testing which may not be transferrable to humans.,(d) Tools to predict individual drug responses based on genetic makeup.,"(c)  The slow, laborious, and inconsistent nature of manual stem cell line creation.",(a) The disease was found to be caused by a virus.,"(d) Statements 1, 2, 3, and 4",(c) Every individual has a different genetic makeup.,10,
2025-11-30 10:15:39,2025-11-30 10:47:55,IP Address,100,1935,True,2025-11-30 10:47:55,R_21gbeDozWDnyUwQ,anonymous,EN,1,68138b62cc045bd133cfcf6b,"(b) Their capacity for indefinite self-renewal, ensuring an ample supply for research.","(b) Differentiating into new, healthy cells that can release dopamine.",(c) Provides a unique breakthrough medication for different diseases.,(b) A drug for liver conditions may unexpectedly impact neural cells in human studies.,"(d) Improving the rate, capacity, and uniformity in the production of diverse human cell lines for testing.",(d) To consolidate different stem cell research globally under one central organization.,(d) The gap in resources and processes that prevents early research from translating into industrial innovations.,(d) By storing a wide range of genetic information that can be used to study diseases,(a) Stem cell research is inherently too advanced for the general public to comprehend.,(a) The difficulty in obtaining sufficient funds for the costly final phases of clinical trials.,(a) iPSCs can differentiate into various cell types pertinent to the disease.,(b) Their operational structures may impede rapid adaptation and novel inquiry.,"(d) Statements 1, 2, 3, and 4",(b) Reveal the underlying cellular and molecular mechanisms of disease.,(d) It lowers the manufacturing cost of the drug by leveraging on patients’ stem cells.,(d) Tools to predict individual drug responses based on genetic makeup.,"(c)  The slow, laborious, and inconsistent nature of manual stem cell line creation.",(d) The disease could be easily cured with an existing drug.,"(a) Statements 1, 2, and 3",(c) Every individual has a different genetic makeup.,9,
2025-11-30 10:55:12,2025-11-30 11:01:59,IP Address,100,407,True,2025-11-30 11:02:00,R_8rD9pMrsgbpj4Gl,anonymous,EN,1,67c8320847fef3b9ab9bfe4d,"(a) Their ability to differentiate into any specialized cell type, including beta cells.","(b) Differentiating into new, healthy cells that can release dopamine.",(a) Allows us to better understand disease-preventing strategies.,(b) A drug for liver conditions may unexpectedly impact neural cells in human studies.,"(d) Improving the rate, capacity, and uniformity in the production of diverse human cell lines for testing.","(b) To establish a conducive research environment, away from external pressures.",(d) The gap in resources and processes that prevents early research from translating into industrial innovations.,(a) By demonstrating how specific genetic predispositions manifest as functional changes at the cellular level as the disease unfolds.,(c) There are strong political and financial opposition towards the use of stem cells.,(c) The inaccuracy of early-stage models to predict a drug's efficacy in humans.,(a) iPSCs can differentiate into various cell types pertinent to the disease.,(b) Their operational structures may impede rapid adaptation and novel inquiry.,(a) Statements 1 and 2,(b) Reveal the underlying cellular and molecular mechanisms of disease.,(a) It removes the need for animal testing which may not be transferrable to humans.,(d) Tools to predict individual drug responses based on genetic makeup.,"(c)  The slow, laborious, and inconsistent nature of manual stem cell line creation.",(b) A second cell type was discovered to be contributing to the disease.,"(d) Statements 1, 2, 3, and 4",(c) Every individual has a different genetic makeup.,18,
2025-11-30 10:58:28,2025-11-30 11:12:49,IP Address,100,860,True,2025-11-30 11:12:49,R_2hMDAQxf9ZhnxCJ,anonymous,EN,0.8999999761581421,67d7de6a1dfb7a9e45d11308,"(b) Their capacity for indefinite self-renewal, ensuring an ample supply for research.","(b) Differentiating into new, healthy cells that can release dopamine.",(d) Enables us to remedy the onset of diseases more effectively.,(c) A treatment tested in male animals may show harmful effects in female humans.,"(d) Improving the rate, capacity, and uniformity in the production of diverse human cell lines for testing.","(a) To focus solely on embryonic stem cell research, excluding other stem cell types.",(d) The gap in resources and processes that prevents early research from translating into industrial innovations.,(d) By storing a wide range of genetic information that can be used to study diseases,(c) There are strong political and financial opposition towards the use of stem cells.,(b) The lack of an adequately representative sample of human subjects for testing.,"(c) iPSCs can turn into embryonic stem cells to differentiate into specialized cell types. ",(b) Their operational structures may impede rapid adaptation and novel inquiry.,"(b) Statements 1, 2, and 3",(b) Reveal the underlying cellular and molecular mechanisms of disease.,(c) It ensures that the developed drug will be effective in all patients.,(c) A shift in animal testing models to human testing models.,"(c)  The slow, laborious, and inconsistent nature of manual stem cell line creation.",(c) The motor neurones were not actually dying in the dish.,"(d) Statements 1, 2, 3, and 4",(c) Every individual has a different genetic makeup.,9,
2025-11-30 11:19:50,2025-11-30 11:26:54,IP Address,100,424,True,2025-11-30 11:26:54,R_8q3ibFPuZTDv7XL,anonymous,EN,1,634d7250f674c11a71d1b88e,"(a) Their ability to differentiate into any specialized cell type, including beta cells.","(b) Differentiating into new, healthy cells that can release dopamine.",(a) Allows us to better understand disease-preventing strategies.,(d) A compound that is non-toxic for animals may cause serious harm in humans.,"(d) Improving the rate, capacity, and uniformity in the production of diverse human cell lines for testing.","(a) To focus solely on embryonic stem cell research, excluding other stem cell types.",(d) The gap in resources and processes that prevents early research from translating into industrial innovations.,"(c) By documenting the various environmental factors that contributed to the disease's onset, in addition to genetic factors.",(c) There are strong political and financial opposition towards the use of stem cells.,(c) The inaccuracy of early-stage models to predict a drug's efficacy in humans.,"(c) iPSCs can turn into embryonic stem cells to differentiate into specialized cell types. ",(b) Their operational structures may impede rapid adaptation and novel inquiry.,(a) Statements 1 and 2,(b) Reveal the underlying cellular and molecular mechanisms of disease.,(a) It removes the need for animal testing which may not be transferrable to humans.,(c) A shift in animal testing models to human testing models.,(a) The ethical concerns surrounding the manual sourcing of embryonic stem cells.,(b) A second cell type was discovered to be contributing to the disease.,"(d) Statements 1, 2, 3, and 4",(c) Every individual has a different genetic makeup.,14,
2025-11-30 11:28:27,2025-11-30 11:40:18,IP Address,100,711,True,2025-11-30 11:40:19,R_2CDiWmADqWfPx1M,anonymous,EN,1,66682215a0ceedec14b62fe6,"(a) Their ability to differentiate into any specialized cell type, including beta cells.","(b) Differentiating into new, healthy cells that can release dopamine.",(c) Provides a unique breakthrough medication for different diseases.,(d) A compound that is non-toxic for animals may cause serious harm in humans.,"(d) Improving the rate, capacity, and uniformity in the production of diverse human cell lines for testing.",(d) To consolidate different stem cell research globally under one central organization.,(c) The high costs that educational institutions will incur to materialize innovations.,"(c) By documenting the various environmental factors that contributed to the disease's onset, in addition to genetic factors.",(c) There are strong political and financial opposition towards the use of stem cells.,(b) The lack of an adequately representative sample of human subjects for testing.,"(c) iPSCs can turn into embryonic stem cells to differentiate into specialized cell types. ",(a) They are more tightly regulated by the government and face more stringent checks.,(c) Statements 3 and 4,(c) Function as a indestructible repository for individual patient-specific data.,(a) It removes the need for animal testing which may not be transferrable to humans.,(d) Tools to predict individual drug responses based on genetic makeup.,"(c)  The slow, laborious, and inconsistent nature of manual stem cell line creation.",(c) The motor neurones were not actually dying in the dish.,"(d) Statements 1, 2, 3, and 4",(c) Every individual has a different genetic makeup.,9,
2025-11-30 12:16:03,2025-11-30 12:22:03,IP Address,100,359,True,2025-11-30 12:22:04,R_22VCOLSWceh4D8k,anonymous,EN,1,5bbb5e3f118c0600013c3202,"(b) Their capacity for indefinite self-renewal, ensuring an ample supply for research.",(a) Dividing controllably in the brain without forming tumours.,(b) Improves comfort and quality of life for those already suffering.,(d) A compound that is non-toxic for animals may cause serious harm in humans.,(a) Considerably reducing the expertise needed by laboratory staff to conduct research.,(c) To regulate the direct production and sale of stem cell therapies to the public.,(d) The gap in resources and processes that prevents early research from translating into industrial innovations.,(d) By storing a wide range of genetic information that can be used to study diseases,(b) There is minimal financial support from private firms due to disinterest and ignorance.,(b) The lack of an adequately representative sample of human subjects for testing.,(b) iPSCs can naturally become immune to the viral vectors used during their creation.,(a) They are more tightly regulated by the government and face more stringent checks.,"(b) Statements 1, 2, and 3",(a) Securely store extensive and complex patient genetic information.,(c) It ensures that the developed drug will be effective in all patients.,(b) More resources should be devoted to reduce potential side effects of new drugs.,"(c)  The slow, laborious, and inconsistent nature of manual stem cell line creation.",(b) A second cell type was discovered to be contributing to the disease.,"(c) Statements 2, 3, and 4",(c) Every individual has a different genetic makeup.,5,
2025-11-30 12:29:47,2025-11-30 12:44:08,IP Address,100,861,True,2025-11-30 12:44:09,R_242XyrMtbU1j2ta,anonymous,EN,1,677c455afc1062faab5b165e,"(a) Their ability to differentiate into any specialized cell type, including beta cells.","(b) Differentiating into new, healthy cells that can release dopamine.",(d) Enables us to remedy the onset of diseases more effectively.,(b) A drug for liver conditions may unexpectedly impact neural cells in human studies.,"(d) Improving the rate, capacity, and uniformity in the production of diverse human cell lines for testing.","(b) To establish a conducive research environment, away from external pressures.",(d) The gap in resources and processes that prevents early research from translating into industrial innovations.,(a) By demonstrating how specific genetic predispositions manifest as functional changes at the cellular level as the disease unfolds.,(a) Stem cell research is inherently too advanced for the general public to comprehend.,(c) The inaccuracy of early-stage models to predict a drug's efficacy in humans.,(d) iPSCs can tackle diseased cells without rejection from the immune system.,(b) Their operational structures may impede rapid adaptation and novel inquiry.,"(d) Statements 1, 2, 3, and 4",(b) Reveal the underlying cellular and molecular mechanisms of disease.,(c) It ensures that the developed drug will be effective in all patients.,(d) Tools to predict individual drug responses based on genetic makeup.,"(c)  The slow, laborious, and inconsistent nature of manual stem cell line creation.",(b) A second cell type was discovered to be contributing to the disease.,"(d) Statements 1, 2, 3, and 4",(c) Every individual has a different genetic makeup.,14,
2025-11-30 12:59:34,2025-11-30 13:04:41,IP Address,100,306,True,2025-11-30 13:04:42,R_8prm24BpLJkm9nk,anonymous,EN,1,65a3f461bfa22dde98c10436,"(a) Their ability to differentiate into any specialized cell type, including beta cells.","(b) Differentiating into new, healthy cells that can release dopamine.",(a) Allows us to better understand disease-preventing strategies.,(d) A compound that is non-toxic for animals may cause serious harm in humans.,"(b) Allowing for the design and creation of entirely new, synthetic types of stem cells.",(d) To consolidate different stem cell research globally under one central organization.,(d) The gap in resources and processes that prevents early research from translating into industrial innovations.,(d) By storing a wide range of genetic information that can be used to study diseases,(d) Stem cell research suffers from a worldwide shortage of skilled researchers.,(a) The difficulty in obtaining sufficient funds for the costly final phases of clinical trials.,"(c) iPSCs can turn into embryonic stem cells to differentiate into specialized cell types. ",(b) Their operational structures may impede rapid adaptation and novel inquiry.,"(d) Statements 1, 2, 3, and 4",(b) Reveal the underlying cellular and molecular mechanisms of disease.,(b) It provides a platform to observe drug effects on human lung cells.,(d) Tools to predict individual drug responses based on genetic makeup.,(a) The ethical concerns surrounding the manual sourcing of embryonic stem cells.,(b) A second cell type was discovered to be contributing to the disease.,"(c) Statements 2, 3, and 4",(c) Every individual has a different genetic makeup.,11,
2025-11-30 14:12:14,2025-11-30 14:21:15,IP Address,100,541,True,2025-11-30 14:21:16,R_8s07M4B8C6jG5HS,anonymous,EN,1,66b5172c8f0bd3b23ce66c22,"(a) Their ability to differentiate into any specialized cell type, including beta cells.",(d) Stimulating existing damaged neurons to release more dopamine.,(c) Provides a unique breakthrough medication for different diseases.,(d) A compound that is non-toxic for animals may cause serious harm in humans.,"(d) Improving the rate, capacity, and uniformity in the production of diverse human cell lines for testing.","(b) To establish a conducive research environment, away from external pressures.",(d) The gap in resources and processes that prevents early research from translating into industrial innovations.,(d) By storing a wide range of genetic information that can be used to study diseases,(b) There is minimal financial support from private firms due to disinterest and ignorance.,(c) The inaccuracy of early-stage models to predict a drug's efficacy in humans.,(a) iPSCs can differentiate into various cell types pertinent to the disease.,(b) Their operational structures may impede rapid adaptation and novel inquiry.,"(d) Statements 1, 2, 3, and 4",(b) Reveal the underlying cellular and molecular mechanisms of disease.,(a) It removes the need for animal testing which may not be transferrable to humans.,(c) A shift in animal testing models to human testing models.,"(c)  The slow, laborious, and inconsistent nature of manual stem cell line creation.",(c) The motor neurones were not actually dying in the dish.,"(d) Statements 1, 2, 3, and 4",(c) Every individual has a different genetic makeup.,12,
2025-11-30 16:09:58,2025-11-30 16:17:52,IP Address,100,473,True,2025-11-30 16:17:52,R_2iIpWCKmy7dFDBL,anonymous,EN,1,5e5913ae7a584411eb9ab586,(c) Their inherent resistance to the patient's immune system after differentiation.,(d) Stimulating existing damaged neurons to release more dopamine.,(d) Enables us to remedy the onset of diseases more effectively.,(d) A compound that is non-toxic for animals may cause serious harm in humans.,"(d) Improving the rate, capacity, and uniformity in the production of diverse human cell lines for testing.","(b) To establish a conducive research environment, away from external pressures.",(d) The gap in resources and processes that prevents early research from translating into industrial innovations.,(d) By storing a wide range of genetic information that can be used to study diseases,(c) There are strong political and financial opposition towards the use of stem cells.,(c) The inaccuracy of early-stage models to predict a drug's efficacy in humans.,"(c) iPSCs can turn into embryonic stem cells to differentiate into specialized cell types. ","(c) Their primary focus is restricted to late-stage, highly profitable drug development.","(d) Statements 1, 2, 3, and 4",(a) Securely store extensive and complex patient genetic information.,(a) It removes the need for animal testing which may not be transferrable to humans.,(d) Tools to predict individual drug responses based on genetic makeup.,"(c)  The slow, laborious, and inconsistent nature of manual stem cell line creation.",(b) A second cell type was discovered to be contributing to the disease.,"(d) Statements 1, 2, 3, and 4",(c) Every individual has a different genetic makeup.,11,
2025-11-30 16:40:28,2025-11-30 16:51:09,IP Address,100,640,True,2025-11-30 16:51:10,R_8NOJcCuqygXg9ms,anonymous,EN,1,672cf6205a2ec818a3f9a822,"(d) Their natural occurrence in adult pancreatic tissue, simplifying extraction.","(b) Differentiating into new, healthy cells that can release dopamine.",(d) Enables us to remedy the onset of diseases more effectively.,(b) A drug for liver conditions may unexpectedly impact neural cells in human studies.,"(d) Improving the rate, capacity, and uniformity in the production of diverse human cell lines for testing.",(d) To consolidate different stem cell research globally under one central organization.,(d) The gap in resources and processes that prevents early research from translating into industrial innovations.,"(c) By documenting the various environmental factors that contributed to the disease's onset, in addition to genetic factors.",(d) Stem cell research suffers from a worldwide shortage of skilled researchers.,(c) The inaccuracy of early-stage models to predict a drug's efficacy in humans.,"(c) iPSCs can turn into embryonic stem cells to differentiate into specialized cell types. ",(a) They are more tightly regulated by the government and face more stringent checks.,"(d) Statements 1, 2, 3, and 4",(b) Reveal the underlying cellular and molecular mechanisms of disease.,(a) It removes the need for animal testing which may not be transferrable to humans.,(b) More resources should be devoted to reduce potential side effects of new drugs.,(d) The high financial cost needed to sequence patient genomes for iPSC generation.,(b) A second cell type was discovered to be contributing to the disease.,"(a) Statements 1, 2, and 3",(c) Every individual has a different genetic makeup.,7,
2025-11-30 20:09:02,2025-11-30 20:20:32,IP Address,100,689,True,2025-11-30 20:20:32,R_2ClGnmyYcaoSXkZ,anonymous,EN,1,64ff8f28eb8d29f0814080fa,"(a) Their ability to differentiate into any specialized cell type, including beta cells.","(b) Differentiating into new, healthy cells that can release dopamine.",(d) Enables us to remedy the onset of diseases more effectively.,(b) A drug for liver conditions may unexpectedly impact neural cells in human studies.,"(d) Improving the rate, capacity, and uniformity in the production of diverse human cell lines for testing.","(b) To establish a conducive research environment, away from external pressures.",(d) The gap in resources and processes that prevents early research from translating into industrial innovations.,(a) By demonstrating how specific genetic predispositions manifest as functional changes at the cellular level as the disease unfolds.,(c) There are strong political and financial opposition towards the use of stem cells.,(b) The lack of an adequately representative sample of human subjects for testing.,(d) iPSCs can tackle diseased cells without rejection from the immune system.,(b) Their operational structures may impede rapid adaptation and novel inquiry.,"(d) Statements 1, 2, 3, and 4",(b) Reveal the underlying cellular and molecular mechanisms of disease.,(a) It removes the need for animal testing which may not be transferrable to humans.,(d) Tools to predict individual drug responses based on genetic makeup.,"(c)  The slow, laborious, and inconsistent nature of manual stem cell line creation.",(b) A second cell type was discovered to be contributing to the disease.,"(d) Statements 1, 2, 3, and 4",(c) Every individual has a different genetic makeup.,14,
