StartDate,EndDate,Status,Progress,Duration (in seconds),Finished,RecordedDate,ResponseId,DistributionChannel,UserLanguage,Q_RecaptchaScore,Participant ID,Q1,Q2,Q3,Q4,Q5,Q6,Q7,Q8,Q9,Q10,Q11,Q12,Q13,Q14,Q15,Q16,Q17,Q18,Q19,Q20,Timing_First Click,Timing_Last Click,Timing_Page Submit,Timing_Click Count,SC0,PROLIFIC_PID,RunningScore,QuestionCount
Start Date,End Date,Response Type,Progress,Duration (in seconds),Finished,Recorded Date,Response ID,Distribution Channel,User Language,Q_RecaptchaScore,"Please provide your Prolific ID

Please note that this response should auto-fill with the correct ID.",A lab wants to study a rare genetic heart condition. Why would creating iPSCs from a patient be more advantageous than using generic embryonic stem cells for this purpose?,A scientist successfully reprograms a skin cell into an iPSC. What is the most significant implication of this for creating a disease model of motor neuron disease (MND)?,"A ""disease in a dish"" model for motor neuron disease (MND) is created. What new insight could this model reveal that was previously difficult to study?","A research team develops a ""disease in a dish"" model for a specific type of dementia. Which of the following statements describe valid applications for this model?

	Statement 1: To observe how the disease unfolds in living human cells.
	Statement 2: To test thousands of drug compounds for potential efficacy.
	Statement 3: To identify which genetic subtypes are most vulnerable to the disease.
	Statement 4: To immediately cure the patient from whom the cells were taken.","The speaker highlights the 99% failure rate in drug development. Based on the talk, which factor is a primary cause of this inefficiency?",How would widespread use of human stem cell models most likely change the current drug development paradigm described in the video?,A new cardiac drug shows excellent results in a clinical trial conducted in Europe. Why might a doctor be cautious prescribing it to a patient of East Asian descent?,"The speaker criticizes the ""one-size-fits-all"" model of medicine. Which outcome is a direct consequence of this flawed model?","The NYSCF aims to create a global array of stem cell ""avatars"". What is the primary strategic purpose of ensuring this array is genetically diverse?","A pharmaceutical company uses a stem cell ""avatar"" array to test a new neurological drug. What question can they answer more effectively than with traditional methods?",The speaker mentions a gap between academic research and industry. Which statement best analyzes why an organization like the NYSCF is positioned to bridge this gap?,"According to the speaker, why might large, established organizations struggle in a new field like stem cell research?","What is the main limitation of making stem cell lines ""by hand, one at a time"" that automation directly addresses?","A lab wants to build a genetically diverse library of 1,000 stem cell lines. Why is automation essential for achieving this goal?","The speaker compares using stem cell models to having a ""black box"" for a plane crash. What does this analogy suggest about studying diseases?",The discovery that a second cell type contributes to motor neuron death in the ALS model best illustrates the power of stem cells to:,The video compares the challenges facing stem cell research to the early days of IVF. What is the most likely purpose of this comparison?,"What was the primary motivation for establishing ""private, safe-haven laboratories"" for stem cell research, as described in the video?",The case of Vioxx revealed that a drug can have serious side effects in a subset of the population. How could a stem cell array have changed this outcome?,A company has a drug that failed trials for arthritis but seems to affect liver cells. How could a stem cell platform be used in this situation?,Timing - First Click,Timing - Last Click,Timing - Page Submit,Timing - Click Count,Score,PROLIFIC_PID,RunningScore,QuestionCount
"{""ImportId"":""startDate"",""timeZone"":""Europe/London""}","{""ImportId"":""endDate"",""timeZone"":""Europe/London""}","{""ImportId"":""status""}","{""ImportId"":""progress""}","{""ImportId"":""duration""}","{""ImportId"":""finished""}","{""ImportId"":""recordedDate"",""timeZone"":""Europe/London""}","{""ImportId"":""_recordId""}","{""ImportId"":""distributionChannel""}","{""ImportId"":""userLanguage""}","{""ImportId"":""Q_RecaptchaScore""}","{""ImportId"":""QID227_TEXT""}","{""ImportId"":""QID1218956136""}","{""ImportId"":""QID1218956137""}","{""ImportId"":""QID1218956138""}","{""ImportId"":""QID1218956139""}","{""ImportId"":""QID1218956140""}","{""ImportId"":""QID1218956141""}","{""ImportId"":""QID1218956142""}","{""ImportId"":""QID1218956143""}","{""ImportId"":""QID1218956144""}","{""ImportId"":""QID1218956145""}","{""ImportId"":""QID1218956146""}","{""ImportId"":""QID1218956147""}","{""ImportId"":""QID1218956148""}","{""ImportId"":""QID1218956149""}","{""ImportId"":""QID1218956150""}","{""ImportId"":""QID1218956151""}","{""ImportId"":""QID1218956152""}","{""ImportId"":""QID1218956153""}","{""ImportId"":""QID1218956154""}","{""ImportId"":""QID1218956155""}","{""ImportId"":""QID228_FIRST_CLICK""}","{""ImportId"":""QID228_LAST_CLICK""}","{""ImportId"":""QID228_PAGE_SUBMIT""}","{""ImportId"":""QID228_CLICK_COUNT""}","{""ImportId"":""SC_23vC4bifGQ7v5ie""}","{""ImportId"":""PROLIFIC_PID""}","{""ImportId"":""RunningScore""}","{""ImportId"":""QuestionCount""}"
20/11/2025 10:01,20/11/2025 10:16,IP Address,100,937,TRUE,20/11/2025 10:16,R_2wuzl0uDohcNAE9,anonymous,EN,1,5c60501d767686000100150c,,,,,,,,,,,,,,,,,,,,,0,0,907.135,0,0,,0,0
20/11/2025 10:03,20/11/2025 10:16,IP Address,100,815,TRUE,20/11/2025 10:16,R_21hGxTyvT4SSnvM,anonymous,EN,1,651c1d7524852e9f9d614ce3,(b) iPSCs contain the specific genetic makeup of the patient with the heart condition.,(a) It allows for the creation of motor neurons that are genetically identical to the patient's.,(b) The interaction between motor neurons and other cell types contributing to the disease.,"(b) Statements 1, 2, and 3",(d) The strict government regulations that prevent most new drugs from being approved.,"(b) It would identify failing drugs earlier, reducing the $4 billion sunk cost per success.",(b) The drug's efficacy and safety could vary due to the patient's different genetic makeup.,(a) A drug being effective for one person but causing harmful side effects in another.,(d) To allow any person to have their own personal stem cell line for therapy.,(b) Does this drug cause liver damage in individuals with a specific genetic marker?,(b) They are less constrained by the profit motives and bureaucracy of large organizations.,(c) Their established structures may prevent them from adapting quickly or asking novel questions.,(a) The process is not scalable and introduces variability between cell lines.,"(c) Manual creation would be too slow and inconsistent to produce reliable, comparable lines at scale.",(c) It proves that all diseases are as complex and catastrophic as a plane crash.,(b) Reveal the fundamental cellular interactions underlying a disease.,(a) To suggest that stem cell research will eventually become a routine and accepted medical tool.,(c) To advance critical research without political and financial interference.,(d) By proving the drug was completely safe for all genetic subtypes.,(b) To re-screen the drug on diverse liver cell models for a potential new use.,,,,,16,,16,20
20/11/2025 10:01,20/11/2025 10:17,IP Address,100,954,TRUE,20/11/2025 10:17,R_8eyT5e90ThkeGrd,anonymous,EN,1,55d51a6b8ce09000127d4821,,,,,,,,,,,,,,,,,,,,,942.772,943.756,944.074,4,0,,0,0
20/11/2025 10:04,20/11/2025 10:18,IP Address,100,798,TRUE,20/11/2025 10:18,R_8gU8x3nEKaWnLHn,anonymous,EN,1,6658c4239af9537eefdfbcc9,(a) iPSCs can differentiate into a wider variety of cell types than embryonic stem cells.,(a) It allows for the creation of motor neurons that are genetically identical to the patient's.,(b) The interaction between motor neurons and other cell types contributing to the disease.,"(b) Statements 1, 2, and 3",(c) The inability to manufacture promising drug compounds on a large scale.,"(b) It would identify failing drugs earlier, reducing the $4 billion sunk cost per success.",(b) The drug's efficacy and safety could vary due to the patient's different genetic makeup.,(a) A drug being effective for one person but causing harmful side effects in another.,(a) To ensure a representative model of the human population for drug testing.,(b) Does this drug cause liver damage in individuals with a specific genetic marker?,(a) They have more funding than both universities and pharmaceutical companies combined.,(c) Their established structures may prevent them from adapting quickly or asking novel questions.,(d) Manually created cells cannot be differentiated into specific tissue types.,"(c) Manual creation would be too slow and inconsistent to produce reliable, comparable lines at scale.","(a) It provides a recording of the events leading up to the ""crash"" or disease state.",(b) Reveal the fundamental cellular interactions underlying a disease.,(d) To highlight that both fields rely on the same laboratory techniques and equipment.,(b) To protect valuable intellectual property from competing pharmaceutical companies.,(a) By allowing the drug to be tested on diverse cardiac cells before human trials.,(b) To re-screen the drug on diverse liver cell models for a potential new use.,,,,,14,,14,20
20/11/2025 10:02,20/11/2025 10:18,IP Address,100,969,TRUE,20/11/2025 10:18,R_2nMcoqSBrdev0e5,anonymous,EN,1,6704539fe462b87182866f14,,,,,,,,,,,,,,,,,,,,,0,0,942.54,0,0,,0,0
20/11/2025 10:02,20/11/2025 10:18,IP Address,100,947,TRUE,20/11/2025 10:18,R_8Sp34MmmKPXF3M8,anonymous,EN,0.899999976,5827634ea80bf4000199994b,,,,,,,,,,,,,,,,,,,,,0,0,910.743,0,0,,0,0
20/11/2025 10:03,20/11/2025 10:18,IP Address,100,928,TRUE,20/11/2025 10:18,R_8KI6CsHhimlvSLn,anonymous,EN,1,65c8d7f023278532f6f49139,,,,,,,,,,,,,,,,,,,,,2.888,900.87,901.599,2,0,,0,0
20/11/2025 10:03,20/11/2025 10:19,IP Address,100,930,TRUE,20/11/2025 10:19,R_8U3h67hjDaRw9Nj,anonymous,EN,1,57bafa6cc308ca00014527c2,,,,,,,,,,,,,,,,,,,,,0,0,900.441,0,0,,0,0
20/11/2025 10:06,20/11/2025 10:19,IP Address,100,779,TRUE,20/11/2025 10:19,R_8S1yGt56lXIGsc7,anonymous,EN,1,596155a998cf77000106f8d8,(d)  iPSCs are simpler and faster to generate in the lab than embryonic stem cells,(c) It provides a source of healthy motor neurons for transplantation into the patient.,(b) The interaction between motor neurons and other cell types contributing to the disease.,"(b) Statements 1, 2, and 3",(b) The over-reliance on animal models that do not accurately predict human responses.,"(b) It would identify failing drugs earlier, reducing the $4 billion sunk cost per success.",(b) The drug's efficacy and safety could vary due to the patient's different genetic makeup.,(a) A drug being effective for one person but causing harmful side effects in another.,(a) To ensure a representative model of the human population for drug testing.,(b) Does this drug cause liver damage in individuals with a specific genetic marker?,(b) They are less constrained by the profit motives and bureaucracy of large organizations.,(c) Their established structures may prevent them from adapting quickly or asking novel questions.,(a) The process is not scalable and introduces variability between cell lines.,"(c) Manual creation would be too slow and inconsistent to produce reliable, comparable lines at scale.","(a) It provides a recording of the events leading up to the ""crash"" or disease state.",(b) Reveal the fundamental cellular interactions underlying a disease.,(a) To suggest that stem cell research will eventually become a routine and accepted medical tool.,(c) To advance critical research without political and financial interference.,(a) By allowing the drug to be tested on diverse cardiac cells before human trials.,(b) To re-screen the drug on diverse liver cell models for a potential new use.,,,,,18,,18,20
20/11/2025 10:02,20/11/2025 10:19,IP Address,100,1042,TRUE,20/11/2025 10:19,R_294SOZC247eMRjR,anonymous,EN,1,665af670c32544bf63236164,(b) iPSCs contain the specific genetic makeup of the patient with the heart condition.,(a) It allows for the creation of motor neurons that are genetically identical to the patient's.,(b) The interaction between motor neurons and other cell types contributing to the disease.,"(b) Statements 1, 2, and 3",(b) The over-reliance on animal models that do not accurately predict human responses.,"(a) It would eliminate the need for clinical trials, reducing the timeline to under five years.",(b) The drug's efficacy and safety could vary due to the patient's different genetic makeup.,(a) A drug being effective for one person but causing harmful side effects in another.,(a) To ensure a representative model of the human population for drug testing.,(a) Is this drug more effective than a placebo in a double-blind study?,(b) They are less constrained by the profit motives and bureaucracy of large organizations.,(c) Their established structures may prevent them from adapting quickly or asking novel questions.,(a) The process is not scalable and introduces variability between cell lines.,"(c) Manual creation would be too slow and inconsistent to produce reliable, comparable lines at scale.","(a) It provides a recording of the events leading up to the ""crash"" or disease state.",(b) Reveal the fundamental cellular interactions underlying a disease.,(a) To suggest that stem cell research will eventually become a routine and accepted medical tool.,(c) To advance critical research without political and financial interference.,(a) By allowing the drug to be tested on diverse cardiac cells before human trials.,(b) To re-screen the drug on diverse liver cell models for a potential new use.,,,,,18,,18,20
20/11/2025 10:00,20/11/2025 10:19,IP Address,100,1138,TRUE,20/11/2025 10:19,R_8wbniBCJ6FyCkhT,anonymous,EN,1,6710a58eeff954cb2243950e,(b) iPSCs contain the specific genetic makeup of the patient with the heart condition.,(a) It allows for the creation of motor neurons that are genetically identical to the patient's.,(b) The interaction between motor neurons and other cell types contributing to the disease.,"(b) Statements 1, 2, and 3",(b) The over-reliance on animal models that do not accurately predict human responses.,"(b) It would identify failing drugs earlier, reducing the $4 billion sunk cost per success.",(b) The drug's efficacy and safety could vary due to the patient's different genetic makeup.,(a) A drug being effective for one person but causing harmful side effects in another.,(a) To ensure a representative model of the human population for drug testing.,(c) Can this drug be manufactured cheaply and distributed globally?,(b) They are less constrained by the profit motives and bureaucracy of large organizations.,(c) Their established structures may prevent them from adapting quickly or asking novel questions.,(d) Manually created cells cannot be differentiated into specific tissue types.,"(a) Automated systems can reprogram cells without using viruses, making them safer.",(d) It can perfectly reconstruct the damaged tissue after the disease has progressed.,(b) Reveal the fundamental cellular interactions underlying a disease.,(a) To suggest that stem cell research will eventually become a routine and accepted medical tool.,(d) To focus exclusively on research that could be quickly turned into profitable products.,(a) By allowing the drug to be tested on diverse cardiac cells before human trials.,(b) To re-screen the drug on diverse liver cell models for a potential new use.,,,,,15,,15,20
20/11/2025 10:04,20/11/2025 10:20,IP Address,100,968,TRUE,20/11/2025 10:20,R_24cjgYIouaP5oha,anonymous,EN,1,6156fef09d1ab07148870099,,,,,,,,,,,,,,,,,,,,,0,0,899.419,0,0,,0,0
20/11/2025 10:09,20/11/2025 10:20,IP Address,100,650,TRUE,20/11/2025 10:20,R_2iqbCw682QHgayY,anonymous,EN,1,5f6f2da91b5cc64887afd65d,(b) iPSCs contain the specific genetic makeup of the patient with the heart condition.,(a) It allows for the creation of motor neurons that are genetically identical to the patient's.,(b) The interaction between motor neurons and other cell types contributing to the disease.,"(b) Statements 1, 2, and 3",(b) The over-reliance on animal models that do not accurately predict human responses.,"(b) It would identify failing drugs earlier, reducing the $4 billion sunk cost per success.",(b) The drug's efficacy and safety could vary due to the patient's different genetic makeup.,(a) A drug being effective for one person but causing harmful side effects in another.,(a) To ensure a representative model of the human population for drug testing.,(c) Can this drug be manufactured cheaply and distributed globally?,(b) They are less constrained by the profit motives and bureaucracy of large organizations.,(c) Their established structures may prevent them from adapting quickly or asking novel questions.,(a) The process is not scalable and introduces variability between cell lines.,"(c) Manual creation would be too slow and inconsistent to produce reliable, comparable lines at scale.","(a) It provides a recording of the events leading up to the ""crash"" or disease state.",(b) Reveal the fundamental cellular interactions underlying a disease.,(a) To suggest that stem cell research will eventually become a routine and accepted medical tool.,(c) To advance critical research without political and financial interference.,(d) By proving the drug was completely safe for all genetic subtypes.,(b) To re-screen the drug on diverse liver cell models for a potential new use.,,,,,18,,18,20
20/11/2025 10:04,20/11/2025 10:21,IP Address,100,1057,TRUE,20/11/2025 10:21,R_2EmYNxy93j6qdte,anonymous,EN,0.899999976,67e2b6561ccb8f5bb055cc85,(b) iPSCs contain the specific genetic makeup of the patient with the heart condition.,(c) It provides a source of healthy motor neurons for transplantation into the patient.,(b) The interaction between motor neurons and other cell types contributing to the disease.,"(b) Statements 1, 2, and 3",(b) The over-reliance on animal models that do not accurately predict human responses.,"(b) It would identify failing drugs earlier, reducing the $4 billion sunk cost per success.",(b) The drug's efficacy and safety could vary due to the patient's different genetic makeup.,(a) A drug being effective for one person but causing harmful side effects in another.,(a) To ensure a representative model of the human population for drug testing.,(b) Does this drug cause liver damage in individuals with a specific genetic marker?,(d) They exclusively hire scientists who have worked in both academia and industry.,(c) Their established structures may prevent them from adapting quickly or asking novel questions.,(a) The process is not scalable and introduces variability between cell lines.,"(c) Manual creation would be too slow and inconsistent to produce reliable, comparable lines at scale.","(a) It provides a recording of the events leading up to the ""crash"" or disease state.",(b) Reveal the fundamental cellular interactions underlying a disease.,(a) To suggest that stem cell research will eventually become a routine and accepted medical tool.,(b) To protect valuable intellectual property from competing pharmaceutical companies.,(d) By proving the drug was completely safe for all genetic subtypes.,(a) To prove that the initial arthritis trial results were incorrect.,,,,,15,,15,20
20/11/2025 10:15,20/11/2025 10:23,IP Address,100,528,TRUE,20/11/2025 10:23,R_82hGsCsO3V7qeRD,anonymous,EN,1,66cb2e0bd2169db778550269,(a) iPSCs can differentiate into a wider variety of cell types than embryonic stem cells.,(a) It allows for the creation of motor neurons that are genetically identical to the patient's.,(b) The interaction between motor neurons and other cell types contributing to the disease.,"(b) Statements 1, 2, and 3",(b) The over-reliance on animal models that do not accurately predict human responses.,"(b) It would identify failing drugs earlier, reducing the $4 billion sunk cost per success.",(b) The drug's efficacy and safety could vary due to the patient's different genetic makeup.,(a) A drug being effective for one person but causing harmful side effects in another.,(a) To ensure a representative model of the human population for drug testing.,(a) Is this drug more effective than a placebo in a double-blind study?,(d) They exclusively hire scientists who have worked in both academia and industry.,(c) Their established structures may prevent them from adapting quickly or asking novel questions.,(a) The process is not scalable and introduces variability between cell lines.,"(c) Manual creation would be too slow and inconsistent to produce reliable, comparable lines at scale.",(b) It allows researchers to predict exactly when a person will get sick.,(b) Reveal the fundamental cellular interactions underlying a disease.,(a) To suggest that stem cell research will eventually become a routine and accepted medical tool.,(c) To advance critical research without political and financial interference.,(a) By allowing the drug to be tested on diverse cardiac cells before human trials.,(b) To re-screen the drug on diverse liver cell models for a potential new use.,,,,,16,,16,20
20/11/2025 10:13,20/11/2025 10:24,IP Address,100,646,TRUE,20/11/2025 10:24,R_8qkkkM3BYKdHiC4,anonymous,EN,1,56aa2ab9402d62000c7096f2,(a) iPSCs can differentiate into a wider variety of cell types than embryonic stem cells.,(c) It provides a source of healthy motor neurons for transplantation into the patient.,(b) The interaction between motor neurons and other cell types contributing to the disease.,(a) Statements 1 and 2,(b) The over-reliance on animal models that do not accurately predict human responses.,"(a) It would eliminate the need for clinical trials, reducing the timeline to under five years.",(b) The drug's efficacy and safety could vary due to the patient's different genetic makeup.,(a) A drug being effective for one person but causing harmful side effects in another.,(a) To ensure a representative model of the human population for drug testing.,(c) Can this drug be manufactured cheaply and distributed globally?,(a) They have more funding than both universities and pharmaceutical companies combined.,(d) They are unable to secure the necessary patents for new discoveries,(a) The process is not scalable and introduces variability between cell lines.,"(c) Manual creation would be too slow and inconsistent to produce reliable, comparable lines at scale.","(a) It provides a recording of the events leading up to the ""crash"" or disease state.",(b) Reveal the fundamental cellular interactions underlying a disease.,(a) To suggest that stem cell research will eventually become a routine and accepted medical tool.,(c) To advance critical research without political and financial interference.,(a) By allowing the drug to be tested on diverse cardiac cells before human trials.,(b) To re-screen the drug on diverse liver cell models for a potential new use.,,,,,13,,13,20
20/11/2025 10:09,20/11/2025 10:24,IP Address,100,920,TRUE,20/11/2025 10:24,R_2Fm3sBiRVYqAHDb,anonymous,EN,0.800000012,6023f94d1951e70ae21770ec,,,,,,,,,,,,,,,,,,,,,0,0,900.378,0,0,,0,0
20/11/2025 10:04,20/11/2025 10:25,IP Address,100,1247,TRUE,20/11/2025 10:25,R_8ikhpAELRRDTrTh,anonymous,EN,1,654a44f0addb5f41f1705b75,(b) iPSCs contain the specific genetic makeup of the patient with the heart condition.,(a) It allows for the creation of motor neurons that are genetically identical to the patient's.,(b) The interaction between motor neurons and other cell types contributing to the disease.,"(b) Statements 1, 2, and 3",(b) The over-reliance on animal models that do not accurately predict human responses.,"(b) It would identify failing drugs earlier, reducing the $4 billion sunk cost per success.",(d) The drug was likely not tested on embryonic stem cells from that population.,(a) A drug being effective for one person but causing harmful side effects in another.,(a) To ensure a representative model of the human population for drug testing.,(b) Does this drug cause liver damage in individuals with a specific genetic marker?,(b) They are less constrained by the profit motives and bureaucracy of large organizations.,(c) Their established structures may prevent them from adapting quickly or asking novel questions.,(a) The process is not scalable and introduces variability between cell lines.,"(c) Manual creation would be too slow and inconsistent to produce reliable, comparable lines at scale.",(d) It can perfectly reconstruct the damaged tissue after the disease has progressed.,(b) Reveal the fundamental cellular interactions underlying a disease.,(a) To suggest that stem cell research will eventually become a routine and accepted medical tool.,(c) To advance critical research without political and financial interference.,(a) By allowing the drug to be tested on diverse cardiac cells before human trials.,(b) To re-screen the drug on diverse liver cell models for a potential new use.,,,,,18,,18,20
20/11/2025 10:09,20/11/2025 10:25,IP Address,100,996,TRUE,20/11/2025 10:25,R_2lDrSqT7Xfy1nnE,anonymous,EN,1,6229dc51dff340226697778e,,,,,,,,,,,,,,,,,,,,,0,0,901.76,0,0,,0,0
20/11/2025 10:01,20/11/2025 10:26,IP Address,100,1479,TRUE,20/11/2025 10:26,R_845lis7plIZb2V3,anonymous,EN,1,5978f6f009bdcf000153f43d,(b) iPSCs contain the specific genetic makeup of the patient with the heart condition.,(a) It allows for the creation of motor neurons that are genetically identical to the patient's.,(b) The interaction between motor neurons and other cell types contributing to the disease.,(a) Statements 1 and 2,(b) The over-reliance on animal models that do not accurately predict human responses.,"(b) It would identify failing drugs earlier, reducing the $4 billion sunk cost per success.",(b) The drug's efficacy and safety could vary due to the patient's different genetic makeup.,(a) A drug being effective for one person but causing harmful side effects in another.,(d) To allow any person to have their own personal stem cell line for therapy.,(b) Does this drug cause liver damage in individuals with a specific genetic marker?,(b) They are less constrained by the profit motives and bureaucracy of large organizations.,(c) Their established structures may prevent them from adapting quickly or asking novel questions.,(a) The process is not scalable and introduces variability between cell lines.,"(c) Manual creation would be too slow and inconsistent to produce reliable, comparable lines at scale.","(a) It provides a recording of the events leading up to the ""crash"" or disease state.",(b) Reveal the fundamental cellular interactions underlying a disease.,(a) To suggest that stem cell research will eventually become a routine and accepted medical tool.,(c) To advance critical research without political and financial interference.,(a) By allowing the drug to be tested on diverse cardiac cells before human trials.,(b) To re-screen the drug on diverse liver cell models for a potential new use.,,,,,18,,18,20
20/11/2025 10:07,20/11/2025 10:26,IP Address,100,1163,TRUE,20/11/2025 10:26,R_2fGKx9OuyKXub3H,anonymous,EN,0.899999976,60ed501279c68ea1a313d0aa,(b) iPSCs contain the specific genetic makeup of the patient with the heart condition.,(c) It provides a source of healthy motor neurons for transplantation into the patient.,(c) The statistical probability of inheriting MND across different populations.,"(b) Statements 1, 2, and 3",(a) The lack of funding for late-stage clinical trials in human subjects.,"(a) It would eliminate the need for clinical trials, reducing the timeline to under five years.",(b) The drug's efficacy and safety could vary due to the patient's different genetic makeup.,(a) A drug being effective for one person but causing harmful side effects in another.,(a) To ensure a representative model of the human population for drug testing.,(b) Does this drug cause liver damage in individuals with a specific genetic marker?,(d) They exclusively hire scientists who have worked in both academia and industry.,(c) Their established structures may prevent them from adapting quickly or asking novel questions.,(a) The process is not scalable and introduces variability between cell lines.,"(c) Manual creation would be too slow and inconsistent to produce reliable, comparable lines at scale.",(d) It can perfectly reconstruct the damaged tissue after the disease has progressed.,(b) Reveal the fundamental cellular interactions underlying a disease.,(a) To suggest that stem cell research will eventually become a routine and accepted medical tool.,(c) To advance critical research without political and financial interference.,(a) By allowing the drug to be tested on diverse cardiac cells before human trials.,(b) To re-screen the drug on diverse liver cell models for a potential new use.,,,,,14,,14,20
20/11/2025 10:10,20/11/2025 10:27,IP Address,100,994,TRUE,20/11/2025 10:27,R_82JF6XoFfaNjhuY,anonymous,EN,1,5e70bd5480f43a0009625d4c,,,,,,,,,,,,,,,,,,,,,0,0,970.802,0,0,,0,0
20/11/2025 10:01,20/11/2025 10:27,IP Address,100,1578,TRUE,20/11/2025 10:27,R_8ozocvfVzTWl4kk,anonymous,EN,1,6702f60844f21087e0840e3d,(b) iPSCs contain the specific genetic makeup of the patient with the heart condition.,(a) It allows for the creation of motor neurons that are genetically identical to the patient's.,(b) The interaction between motor neurons and other cell types contributing to the disease.,"(b) Statements 1, 2, and 3",(b) The over-reliance on animal models that do not accurately predict human responses.,"(a) It would eliminate the need for clinical trials, reducing the timeline to under five years.",(b) The drug's efficacy and safety could vary due to the patient's different genetic makeup.,(a) A drug being effective for one person but causing harmful side effects in another.,(a) To ensure a representative model of the human population for drug testing.,(a) Is this drug more effective than a placebo in a double-blind study?,(c) They operate under different government regulations than academic labs.,(d) They are unable to secure the necessary patents for new discoveries,"(b) The process requires embryonic stem cells, which are ethically controversial.","(a) Automated systems can reprogram cells without using viruses, making them safer.",(d) It can perfectly reconstruct the damaged tissue after the disease has progressed.,(b) Reveal the fundamental cellular interactions underlying a disease.,(a) To suggest that stem cell research will eventually become a routine and accepted medical tool.,(a) To conduct research that was considered too dangerous for university labs.,(a) By allowing the drug to be tested on diverse cardiac cells before human trials.,(a) To prove that the initial arthritis trial results were incorrect.,,,,,11,,11,20
20/11/2025 10:12,20/11/2025 10:28,IP Address,100,963,TRUE,20/11/2025 10:28,R_8q7i7YqIujZPJF0,anonymous,EN,0.899999976,67765cb5eae26d06c3116c3a,,,,,,,,,,,,,,,,,,,,,902.844,902.844,904.809,1,0,,0,0
20/11/2025 10:09,20/11/2025 10:28,IP Address,100,1120,TRUE,20/11/2025 10:28,R_2VJev3WlhczKCmm,anonymous,EN,0.899999976,67c60b46b619cad09b65ab51,,,,,,,,,,,,,,,,,,,,,0,0,967.133,0,0,,0,0
20/11/2025 10:07,20/11/2025 10:29,IP Address,100,1319,TRUE,20/11/2025 10:29,R_2Ovc1EQjIpax8mB,anonymous,EN,0.300000012,56b78f11e77ebe000cbefe79,,,,,,,,,,,,,,,,,,,,,0,0,901.255,0,0,,0,0
20/11/2025 10:09,20/11/2025 10:29,IP Address,100,1207,TRUE,20/11/2025 10:29,R_2SvgKgr0LRZiob3,anonymous,EN,1,5a6725d4c0d836000107f6e7,(a) iPSCs can differentiate into a wider variety of cell types than embryonic stem cells.,(a) It allows for the creation of motor neurons that are genetically identical to the patient's.,(b) The interaction between motor neurons and other cell types contributing to the disease.,"(b) Statements 1, 2, and 3",(b) The over-reliance on animal models that do not accurately predict human responses.,"(b) It would identify failing drugs earlier, reducing the $4 billion sunk cost per success.",(b) The drug's efficacy and safety could vary due to the patient's different genetic makeup.,(a) A drug being effective for one person but causing harmful side effects in another.,(d) To allow any person to have their own personal stem cell line for therapy.,(b) Does this drug cause liver damage in individuals with a specific genetic marker?,(b) They are less constrained by the profit motives and bureaucracy of large organizations.,(c) Their established structures may prevent them from adapting quickly or asking novel questions.,(a) The process is not scalable and introduces variability between cell lines.,"(c) Manual creation would be too slow and inconsistent to produce reliable, comparable lines at scale.",(c) It proves that all diseases are as complex and catastrophic as a plane crash.,(c) Eliminate the need for animal testing in all medical research.,(d) To highlight that both fields rely on the same laboratory techniques and equipment.,(c) To advance critical research without political and financial interference.,(a) By allowing the drug to be tested on diverse cardiac cells before human trials.,(c) To create a new group of patients who would not experience arthritis.,,,,,14,,14,20
20/11/2025 10:14,20/11/2025 10:30,IP Address,100,936,TRUE,20/11/2025 10:30,R_2R3ibwMxjSnunSx,anonymous,EN,0.899999976,627e7e91d0e389328983e765,,,,,,,,,,,,,,,,,,,,,0,0,899.492,0,0,,0,0
20/11/2025 10:20,20/11/2025 10:31,IP Address,100,673,TRUE,20/11/2025 10:31,R_8D6dctIwAfymMCd,anonymous,EN,1,581ccd016c73180001fa5b2a,(b) iPSCs contain the specific genetic makeup of the patient with the heart condition.,(a) It allows for the creation of motor neurons that are genetically identical to the patient's.,(b) The interaction between motor neurons and other cell types contributing to the disease.,(a) Statements 1 and 2,(b) The over-reliance on animal models that do not accurately predict human responses.,"(b) It would identify failing drugs earlier, reducing the $4 billion sunk cost per success.",(b) The drug's efficacy and safety could vary due to the patient's different genetic makeup.,(a) A drug being effective for one person but causing harmful side effects in another.,(a) To ensure a representative model of the human population for drug testing.,(b) Does this drug cause liver damage in individuals with a specific genetic marker?,(b) They are less constrained by the profit motives and bureaucracy of large organizations.,(c) Their established structures may prevent them from adapting quickly or asking novel questions.,(a) The process is not scalable and introduces variability between cell lines.,"(c) Manual creation would be too slow and inconsistent to produce reliable, comparable lines at scale.","(a) It provides a recording of the events leading up to the ""crash"" or disease state.",(b) Reveal the fundamental cellular interactions underlying a disease.,(d) To highlight that both fields rely on the same laboratory techniques and equipment.,(c) To advance critical research without political and financial interference.,(a) By allowing the drug to be tested on diverse cardiac cells before human trials.,(b) To re-screen the drug on diverse liver cell models for a potential new use.,,,,,18,,18,20
20/11/2025 10:23,20/11/2025 10:35,IP Address,100,732,TRUE,20/11/2025 10:36,R_8DSWkGXfGI9Go6Q,anonymous,EN,0.899999976,653bc92a11da9d70e7ad81c3,(a) iPSCs can differentiate into a wider variety of cell types than embryonic stem cells.,(d) It proves that skin cells and motor neurons share the same biological function.,(b) The interaction between motor neurons and other cell types contributing to the disease.,(a) Statements 1 and 2,(c) The inability to manufacture promising drug compounds on a large scale.,"(a) It would eliminate the need for clinical trials, reducing the timeline to under five years.",(b) The drug's efficacy and safety could vary due to the patient's different genetic makeup.,(a) A drug being effective for one person but causing harmful side effects in another.,"(c) To prove that all human diseases have a single, common genetic origin.",(b) Does this drug cause liver damage in individuals with a specific genetic marker?,(b) They are less constrained by the profit motives and bureaucracy of large organizations.,(d) They are unable to secure the necessary patents for new discoveries,(a) The process is not scalable and introduces variability between cell lines.,"(c) Manual creation would be too slow and inconsistent to produce reliable, comparable lines at scale.",(d) It can perfectly reconstruct the damaged tissue after the disease has progressed.,(d) Confirm that all diseases are caused by multiple cell types.,(a) To suggest that stem cell research will eventually become a routine and accepted medical tool.,(c) To advance critical research without political and financial interference.,"(c) By creating a new, safer version of Vioxx using genetic engineering.",(b) To re-screen the drug on diverse liver cell models for a potential new use.,,,,,10,,10,20
20/11/2025 10:08,20/11/2025 10:35,IP Address,100,1644,TRUE,20/11/2025 10:36,R_2VxQZp7taKe97oS,anonymous,EN,1,674377f77b539c33d343553c,(b) iPSCs contain the specific genetic makeup of the patient with the heart condition.,(a) It allows for the creation of motor neurons that are genetically identical to the patient's.,(d) The most effective surgical interventions for treating advanced MND symptoms.,(c) Statements 2 and 4,(b) The over-reliance on animal models that do not accurately predict human responses.,"(a) It would eliminate the need for clinical trials, reducing the timeline to under five years.",(b) The drug's efficacy and safety could vary due to the patient's different genetic makeup.,(a) A drug being effective for one person but causing harmful side effects in another.,(d) To allow any person to have their own personal stem cell line for therapy.,(d) What is the ideal dosage for the average 70kg male patient?,(b) They are less constrained by the profit motives and bureaucracy of large organizations.,(c) Their established structures may prevent them from adapting quickly or asking novel questions.,"(b) The process requires embryonic stem cells, which are ethically controversial.","(c) Manual creation would be too slow and inconsistent to produce reliable, comparable lines at scale.","(a) It provides a recording of the events leading up to the ""crash"" or disease state.",(b) Reveal the fundamental cellular interactions underlying a disease.,(a) To suggest that stem cell research will eventually become a routine and accepted medical tool.,(c) To advance critical research without political and financial interference.,"(c) By creating a new, safer version of Vioxx using genetic engineering.",(b) To re-screen the drug on diverse liver cell models for a potential new use.,,,,,13,,13,20
20/11/2025 10:20,20/11/2025 10:36,IP Address,100,923,TRUE,20/11/2025 10:36,R_2Ivc9sVKVi5kJCE,anonymous,EN,1,65bd88a029ae8413e1281c7b,,,,,,,,,,,,,,,,,,,,,0,0,900.695,0,0,,0,0
20/11/2025 10:26,20/11/2025 10:39,IP Address,100,795,TRUE,20/11/2025 10:39,R_2MLLj2JLmMBky0Z,anonymous,EN,1,5d8b66f5d189bd001a378273,(b) iPSCs contain the specific genetic makeup of the patient with the heart condition.,(a) It allows for the creation of motor neurons that are genetically identical to the patient's.,(b) The interaction between motor neurons and other cell types contributing to the disease.,"(b) Statements 1, 2, and 3",(d) The strict government regulations that prevent most new drugs from being approved.,"(b) It would identify failing drugs earlier, reducing the $4 billion sunk cost per success.",(b) The drug's efficacy and safety could vary due to the patient's different genetic makeup.,(a) A drug being effective for one person but causing harmful side effects in another.,(d) To allow any person to have their own personal stem cell line for therapy.,(b) Does this drug cause liver damage in individuals with a specific genetic marker?,(b) They are less constrained by the profit motives and bureaucracy of large organizations.,(c) Their established structures may prevent them from adapting quickly or asking novel questions.,(d) Manually created cells cannot be differentiated into specific tissue types.,"(c) Manual creation would be too slow and inconsistent to produce reliable, comparable lines at scale.","(a) It provides a recording of the events leading up to the ""crash"" or disease state.",(b) Reveal the fundamental cellular interactions underlying a disease.,(a) To suggest that stem cell research will eventually become a routine and accepted medical tool.,(c) To advance critical research without political and financial interference.,(a) By allowing the drug to be tested on diverse cardiac cells before human trials.,(b) To re-screen the drug on diverse liver cell models for a potential new use.,,,,,17,,17,20
20/11/2025 10:19,20/11/2025 10:41,IP Address,100,1279,TRUE,20/11/2025 10:41,R_2E7eFEySmcg6PJf,anonymous,EN,1,59a3b1a35fd74b0001abf9c1,,,,,,,,,,,,,,,,,,,,,1250.204,1250.204,1252.074,1,0,,0,0
20/11/2025 10:27,20/11/2025 10:43,IP Address,100,997,TRUE,20/11/2025 10:43,R_2wigELnfv2TtMCi,anonymous,EN,1,5e19b24b2bf9512392d6dd90,,,,,,,,,,,,,,,,,,,,,0,0,905.21,0,0,,0,0
20/11/2025 10:19,20/11/2025 10:44,IP Address,100,1500,TRUE,20/11/2025 10:44,R_2Nxq6KJJ2vG2IXT,anonymous,EN,1,67665f7b0329bd3e30515ad2,(b) iPSCs contain the specific genetic makeup of the patient with the heart condition.,(a) It allows for the creation of motor neurons that are genetically identical to the patient's.,(b) The interaction between motor neurons and other cell types contributing to the disease.,"(b) Statements 1, 2, and 3",(b) The over-reliance on animal models that do not accurately predict human responses.,"(b) It would identify failing drugs earlier, reducing the $4 billion sunk cost per success.",(b) The drug's efficacy and safety could vary due to the patient's different genetic makeup.,(a) A drug being effective for one person but causing harmful side effects in another.,(a) To ensure a representative model of the human population for drug testing.,(c) Can this drug be manufactured cheaply and distributed globally?,(b) They are less constrained by the profit motives and bureaucracy of large organizations.,(c) Their established structures may prevent them from adapting quickly or asking novel questions.,(a) The process is not scalable and introduces variability between cell lines.,"(c) Manual creation would be too slow and inconsistent to produce reliable, comparable lines at scale.","(a) It provides a recording of the events leading up to the ""crash"" or disease state.",(b) Reveal the fundamental cellular interactions underlying a disease.,(a) To suggest that stem cell research will eventually become a routine and accepted medical tool.,(c) To advance critical research without political and financial interference.,(a) By allowing the drug to be tested on diverse cardiac cells before human trials.,(b) To re-screen the drug on diverse liver cell models for a potential new use.,,,,,19,,19,20
20/11/2025 10:29,20/11/2025 10:45,IP Address,100,932,TRUE,20/11/2025 10:45,R_8SAmcXMNXYmcNNj,anonymous,EN,1,6695991a6db58bdcd2d1e388,,,,,,,,,,,,,,,,,,,,,0,0,915.98,0,0,,0,0
20/11/2025 10:28,20/11/2025 10:45,IP Address,100,1001,TRUE,20/11/2025 10:45,R_2PXnwvXQOb9hdc0,anonymous,EN,1,67c8c28fccf665e3c35c44ce,(b) iPSCs contain the specific genetic makeup of the patient with the heart condition.,(c) It provides a source of healthy motor neurons for transplantation into the patient.,(b) The interaction between motor neurons and other cell types contributing to the disease.,"(b) Statements 1, 2, and 3",(d) The strict government regulations that prevent most new drugs from being approved.,"(a) It would eliminate the need for clinical trials, reducing the timeline to under five years.",(b) The drug's efficacy and safety could vary due to the patient's different genetic makeup.,(a) A drug being effective for one person but causing harmful side effects in another.,(a) To ensure a representative model of the human population for drug testing.,(c) Can this drug be manufactured cheaply and distributed globally?,(c) They operate under different government regulations than academic labs.,(b) They have difficulty attracting talented young scientists from universities.,(a) The process is not scalable and introduces variability between cell lines.,"(c) Manual creation would be too slow and inconsistent to produce reliable, comparable lines at scale.","(a) It provides a recording of the events leading up to the ""crash"" or disease state.",(c) Eliminate the need for animal testing in all medical research.,(a) To suggest that stem cell research will eventually become a routine and accepted medical tool.,(c) To advance critical research without political and financial interference.,(a) By allowing the drug to be tested on diverse cardiac cells before human trials.,(b) To re-screen the drug on diverse liver cell models for a potential new use.,,,,,13,,13,20
20/11/2025 10:31,20/11/2025 10:45,IP Address,100,815,TRUE,20/11/2025 10:45,R_8emnx96Dzs2p0ne,anonymous,EN,1,682b3f63d0e2c4eff64fe664,(b) iPSCs contain the specific genetic makeup of the patient with the heart condition.,(c) It provides a source of healthy motor neurons for transplantation into the patient.,(b) The interaction between motor neurons and other cell types contributing to the disease.,"(b) Statements 1, 2, and 3",(a) The lack of funding for late-stage clinical trials in human subjects.,"(a) It would eliminate the need for clinical trials, reducing the timeline to under five years.",(d) The drug was likely not tested on embryonic stem cells from that population.,(a) A drug being effective for one person but causing harmful side effects in another.,(a) To ensure a representative model of the human population for drug testing.,(b) Does this drug cause liver damage in individuals with a specific genetic marker?,(b) They are less constrained by the profit motives and bureaucracy of large organizations.,(c) Their established structures may prevent them from adapting quickly or asking novel questions.,(a) The process is not scalable and introduces variability between cell lines.,"(c) Manual creation would be too slow and inconsistent to produce reliable, comparable lines at scale.","(a) It provides a recording of the events leading up to the ""crash"" or disease state.",(b) Reveal the fundamental cellular interactions underlying a disease.,(a) To suggest that stem cell research will eventually become a routine and accepted medical tool.,(b) To protect valuable intellectual property from competing pharmaceutical companies.,(a) By allowing the drug to be tested on diverse cardiac cells before human trials.,(b) To re-screen the drug on diverse liver cell models for a potential new use.,,,,,15,,15,20
20/11/2025 10:30,20/11/2025 10:46,IP Address,100,958,TRUE,20/11/2025 10:46,R_2f1gucATpyrqKcz,anonymous,EN,0.899999976,600a97750a20c621b3d6d358,(b) iPSCs contain the specific genetic makeup of the patient with the heart condition.,(a) It allows for the creation of motor neurons that are genetically identical to the patient's.,(d) The most effective surgical interventions for treating advanced MND symptoms.,"(b) Statements 1, 2, and 3",(b) The over-reliance on animal models that do not accurately predict human responses.,"(b) It would identify failing drugs earlier, reducing the $4 billion sunk cost per success.",(b) The drug's efficacy and safety could vary due to the patient's different genetic makeup.,(a) A drug being effective for one person but causing harmful side effects in another.,(a) To ensure a representative model of the human population for drug testing.,(b) Does this drug cause liver damage in individuals with a specific genetic marker?,(b) They are less constrained by the profit motives and bureaucracy of large organizations.,(c) Their established structures may prevent them from adapting quickly or asking novel questions.,(a) The process is not scalable and introduces variability between cell lines.,"(c) Manual creation would be too slow and inconsistent to produce reliable, comparable lines at scale.","(a) It provides a recording of the events leading up to the ""crash"" or disease state.",(b) Reveal the fundamental cellular interactions underlying a disease.,(a) To suggest that stem cell research will eventually become a routine and accepted medical tool.,(c) To advance critical research without political and financial interference.,(a) By allowing the drug to be tested on diverse cardiac cells before human trials.,(b) To re-screen the drug on diverse liver cell models for a potential new use.,,,,,19,,19,20
20/11/2025 10:34,20/11/2025 10:50,IP Address,100,921,TRUE,20/11/2025 10:50,R_8vGWM4Edxit6dhv,anonymous,EN,1,5f61023f891bb903b975dbee,,,,,,,,,,,,,,,,,,,,,902.378,902.378,905.68,1,0,,0,0
20/11/2025 10:36,20/11/2025 10:51,IP Address,100,914,TRUE,20/11/2025 10:51,R_2FhTvu3nwOfouAM,anonymous,EN,0.899999976,5d542c3a5af5900019bc80c4,,,,,,,,,,,,,,,,,,,,,0,0,900.521,0,0,,0,0
20/11/2025 10:47,20/11/2025 10:52,IP Address,100,277,TRUE,20/11/2025 10:52,R_2d752zFBjVXvSoh,anonymous,EN,1,5970ccd08df9300001dab39d,(a) iPSCs can differentiate into a wider variety of cell types than embryonic stem cells.,(a) It allows for the creation of motor neurons that are genetically identical to the patient's.,(a) The overall impact of MND on a patient's quality of life and mobility.,"(d) Statements 1, 2, 3, and 4",(b) The over-reliance on animal models that do not accurately predict human responses.,"(a) It would eliminate the need for clinical trials, reducing the timeline to under five years.",(d) The drug was likely not tested on embryonic stem cells from that population.,"(b) A single disease, like diabetes, being treated with many different types of drugs.",(a) To ensure a representative model of the human population for drug testing.,(a) Is this drug more effective than a placebo in a double-blind study?,(b) They are less constrained by the profit motives and bureaucracy of large organizations.,(c) Their established structures may prevent them from adapting quickly or asking novel questions.,(a) The process is not scalable and introduces variability between cell lines.,"(c) Manual creation would be too slow and inconsistent to produce reliable, comparable lines at scale.",(d) It can perfectly reconstruct the damaged tissue after the disease has progressed.,(b) Reveal the fundamental cellular interactions underlying a disease.,(a) To suggest that stem cell research will eventually become a routine and accepted medical tool.,(c) To advance critical research without political and financial interference.,(a) By allowing the drug to be tested on diverse cardiac cells before human trials.,(b) To re-screen the drug on diverse liver cell models for a potential new use.,,,,,12,,12,20
20/11/2025 10:35,20/11/2025 10:53,IP Address,100,1086,TRUE,20/11/2025 10:53,R_2s517x4b7oPEBHT,anonymous,EN,1,5c88cfc680858000011363df,(d)  iPSCs are simpler and faster to generate in the lab than embryonic stem cells,(b) It confirms that viruses are the only way to induce pluripotency in adult cells.,(b) The interaction between motor neurons and other cell types contributing to the disease.,"(b) Statements 1, 2, and 3",(b) The over-reliance on animal models that do not accurately predict human responses.,"(b) It would identify failing drugs earlier, reducing the $4 billion sunk cost per success.",(b) The drug's efficacy and safety could vary due to the patient's different genetic makeup.,(a) A drug being effective for one person but causing harmful side effects in another.,(a) To ensure a representative model of the human population for drug testing.,(b) Does this drug cause liver damage in individuals with a specific genetic marker?,(a) They have more funding than both universities and pharmaceutical companies combined.,(c) Their established structures may prevent them from adapting quickly or asking novel questions.,(a) The process is not scalable and introduces variability between cell lines.,"(c) Manual creation would be too slow and inconsistent to produce reliable, comparable lines at scale.","(a) It provides a recording of the events leading up to the ""crash"" or disease state.",(b) Reveal the fundamental cellular interactions underlying a disease.,(a) To suggest that stem cell research will eventually become a routine and accepted medical tool.,(c) To advance critical research without political and financial interference.,(a) By allowing the drug to be tested on diverse cardiac cells before human trials.,(b) To re-screen the drug on diverse liver cell models for a potential new use.,,,,,17,,17,20
20/11/2025 10:38,20/11/2025 10:54,IP Address,100,928,TRUE,20/11/2025 10:54,R_2pKEaCVkHGwBLV7,anonymous,EN,1,59feed1da383a100011b3eaa,,,,,,,,,,,,,,,,,,,,,1.9,904.57,905.742,3,0,,0,0
20/11/2025 10:30,20/11/2025 10:55,IP Address,100,1459,TRUE,20/11/2025 10:55,R_2plxNl86JpkaOE9,anonymous,EN,1,5e35373e1ddb124e6c306747,,,,,,,,,,,,,,,,,,,,,17.416,17.416,1442.733,1,0,,0,0
20/11/2025 10:41,20/11/2025 11:00,IP Address,100,1104,TRUE,20/11/2025 11:00,R_8CQ28FUaPlfmJTH,anonymous,EN,0.899999976,59e7232f24d7bf00012f112e,(b) iPSCs contain the specific genetic makeup of the patient with the heart condition.,(d) It proves that skin cells and motor neurons share the same biological function.,(b) The interaction between motor neurons and other cell types contributing to the disease.,"(b) Statements 1, 2, and 3",(d) The strict government regulations that prevent most new drugs from being approved.,"(b) It would identify failing drugs earlier, reducing the $4 billion sunk cost per success.",(b) The drug's efficacy and safety could vary due to the patient's different genetic makeup.,(a) A drug being effective for one person but causing harmful side effects in another.,(d) To allow any person to have their own personal stem cell line for therapy.,(b) Does this drug cause liver damage in individuals with a specific genetic marker?,(b) They are less constrained by the profit motives and bureaucracy of large organizations.,(c) Their established structures may prevent them from adapting quickly or asking novel questions.,(a) The process is not scalable and introduces variability between cell lines.,"(c) Manual creation would be too slow and inconsistent to produce reliable, comparable lines at scale.","(a) It provides a recording of the events leading up to the ""crash"" or disease state.",(b) Reveal the fundamental cellular interactions underlying a disease.,(a) To suggest that stem cell research will eventually become a routine and accepted medical tool.,(c) To advance critical research without political and financial interference.,"(c) By creating a new, safer version of Vioxx using genetic engineering.",(a) To prove that the initial arthritis trial results were incorrect.,,,,,15,,15,20
20/11/2025 10:45,20/11/2025 11:00,IP Address,100,920,TRUE,20/11/2025 11:00,R_2QWpbkXEVfpVrqq,anonymous,EN,1,6304db4577830d43f42d4d26,,,,,,,,,,,,,,,,,,,,,0,0,903.333,0,0,,0,0
20/11/2025 10:57,20/11/2025 11:03,IP Address,100,384,TRUE,20/11/2025 11:03,R_2gSpz041cH6Vgf5,anonymous,EN,1,67c5d7d4bfda0ffd6d9a5ef8,(d)  iPSCs are simpler and faster to generate in the lab than embryonic stem cells,(a) It allows for the creation of motor neurons that are genetically identical to the patient's.,(b) The interaction between motor neurons and other cell types contributing to the disease.,"(b) Statements 1, 2, and 3",(b) The over-reliance on animal models that do not accurately predict human responses.,"(b) It would identify failing drugs earlier, reducing the $4 billion sunk cost per success.",(b) The drug's efficacy and safety could vary due to the patient's different genetic makeup.,(a) A drug being effective for one person but causing harmful side effects in another.,(a) To ensure a representative model of the human population for drug testing.,(b) Does this drug cause liver damage in individuals with a specific genetic marker?,(b) They are less constrained by the profit motives and bureaucracy of large organizations.,(c) Their established structures may prevent them from adapting quickly or asking novel questions.,(a) The process is not scalable and introduces variability between cell lines.,"(c) Manual creation would be too slow and inconsistent to produce reliable, comparable lines at scale.","(a) It provides a recording of the events leading up to the ""crash"" or disease state.",(b) Reveal the fundamental cellular interactions underlying a disease.,(a) To suggest that stem cell research will eventually become a routine and accepted medical tool.,(c) To advance critical research without political and financial interference.,(a) By allowing the drug to be tested on diverse cardiac cells before human trials.,(b) To re-screen the drug on diverse liver cell models for a potential new use.,,,,,19,,19,20
20/11/2025 10:48,20/11/2025 11:04,IP Address,100,953,TRUE,20/11/2025 11:04,R_8R3XKYx3xU6vf21,anonymous,EN,1,677723f5cb416c3806aaf069,,,,,,,,,,,,,,,,,,,,,0,0,913.401,0,0,,0,0
20/11/2025 10:55,20/11/2025 11:05,IP Address,100,604,TRUE,20/11/2025 11:05,R_2jAoQhqhrgyS5Al,anonymous,EN,1,5cd310705882710018e544b0,(b) iPSCs contain the specific genetic makeup of the patient with the heart condition.,(a) It allows for the creation of motor neurons that are genetically identical to the patient's.,(b) The interaction between motor neurons and other cell types contributing to the disease.,"(b) Statements 1, 2, and 3",(b) The over-reliance on animal models that do not accurately predict human responses.,"(b) It would identify failing drugs earlier, reducing the $4 billion sunk cost per success.",(b) The drug's efficacy and safety could vary due to the patient's different genetic makeup.,(a) A drug being effective for one person but causing harmful side effects in another.,(a) To ensure a representative model of the human population for drug testing.,(b) Does this drug cause liver damage in individuals with a specific genetic marker?,(b) They are less constrained by the profit motives and bureaucracy of large organizations.,(c) Their established structures may prevent them from adapting quickly or asking novel questions.,(a) The process is not scalable and introduces variability between cell lines.,"(c) Manual creation would be too slow and inconsistent to produce reliable, comparable lines at scale.","(a) It provides a recording of the events leading up to the ""crash"" or disease state.",(b) Reveal the fundamental cellular interactions underlying a disease.,(a) To suggest that stem cell research will eventually become a routine and accepted medical tool.,(c) To advance critical research without political and financial interference.,(a) By allowing the drug to be tested on diverse cardiac cells before human trials.,(b) To re-screen the drug on diverse liver cell models for a potential new use.,,,,,20,,20,20
20/11/2025 10:51,20/11/2025 11:07,IP Address,100,1010,TRUE,20/11/2025 11:07,R_8SQ0YXmcqiwtMLn,anonymous,EN,0.899999976,660eb0b257ea5439cd5e020a,,,,,,,,,,,,,,,,,,,,,166.305,166.305,901.423,1,0,,0,0
20/11/2025 11:06,20/11/2025 11:22,IP Address,100,949,TRUE,20/11/2025 11:22,R_8fLgV4VFLHHZa7f,anonymous,EN,0.899999976,55057a56fdf99b5b566a70bb,,,,,,,,,,,,,,,,,,,,,911.46,911.46,915.765,1,0,,0,0
20/11/2025 11:14,20/11/2025 11:23,IP Address,100,546,TRUE,20/11/2025 11:23,R_8aLEhch11ZQdi1W,anonymous,EN,1,5f514593ea1e87365b9cb05f,(b) iPSCs contain the specific genetic makeup of the patient with the heart condition.,(c) It provides a source of healthy motor neurons for transplantation into the patient.,(b) The interaction between motor neurons and other cell types contributing to the disease.,"(b) Statements 1, 2, and 3",(a) The lack of funding for late-stage clinical trials in human subjects.,"(b) It would identify failing drugs earlier, reducing the $4 billion sunk cost per success.",(d) The drug was likely not tested on embryonic stem cells from that population.,(a) A drug being effective for one person but causing harmful side effects in another.,(a) To ensure a representative model of the human population for drug testing.,(b) Does this drug cause liver damage in individuals with a specific genetic marker?,(b) They are less constrained by the profit motives and bureaucracy of large organizations.,(c) Their established structures may prevent them from adapting quickly or asking novel questions.,(a) The process is not scalable and introduces variability between cell lines.,"(c) Manual creation would be too slow and inconsistent to produce reliable, comparable lines at scale.","(a) It provides a recording of the events leading up to the ""crash"" or disease state.",(b) Reveal the fundamental cellular interactions underlying a disease.,(a) To suggest that stem cell research will eventually become a routine and accepted medical tool.,(c) To advance critical research without political and financial interference.,(a) By allowing the drug to be tested on diverse cardiac cells before human trials.,(b) To re-screen the drug on diverse liver cell models for a potential new use.,,,,,17,,17,20
20/11/2025 11:16,20/11/2025 11:32,IP Address,100,936,TRUE,20/11/2025 11:32,R_2meotlk43kQhVL6,anonymous,EN,1,5aead25562ac0e00010974b1,,,,,,,,,,,,,,,,,,,,,0,0,902.585,0,0,,0,0
20/11/2025 11:26,20/11/2025 11:38,IP Address,100,740,TRUE,20/11/2025 11:38,R_8LO9Vk6Qf7aVieJ,anonymous,EN,1,61671a9d42eb53946faa44c2,(a) iPSCs can differentiate into a wider variety of cell types than embryonic stem cells.,(d) It proves that skin cells and motor neurons share the same biological function.,(b) The interaction between motor neurons and other cell types contributing to the disease.,"(b) Statements 1, 2, and 3",(a) The lack of funding for late-stage clinical trials in human subjects.,"(b) It would identify failing drugs earlier, reducing the $4 billion sunk cost per success.",(b) The drug's efficacy and safety could vary due to the patient's different genetic makeup.,(a) A drug being effective for one person but causing harmful side effects in another.,(a) To ensure a representative model of the human population for drug testing.,(b) Does this drug cause liver damage in individuals with a specific genetic marker?,(a) They have more funding than both universities and pharmaceutical companies combined.,(c) Their established structures may prevent them from adapting quickly or asking novel questions.,(d) Manually created cells cannot be differentiated into specific tissue types.,"(a) Automated systems can reprogram cells without using viruses, making them safer.","(a) It provides a recording of the events leading up to the ""crash"" or disease state.",(d) Confirm that all diseases are caused by multiple cell types.,(a) To suggest that stem cell research will eventually become a routine and accepted medical tool.,(a) To conduct research that was considered too dangerous for university labs.,(a) By allowing the drug to be tested on diverse cardiac cells before human trials.,(b) To re-screen the drug on diverse liver cell models for a potential new use.,,,,,12,,12,20
20/11/2025 11:23,20/11/2025 11:39,IP Address,100,924,TRUE,20/11/2025 11:39,R_2ktAzT6sPR70tY5,anonymous,EN,1,66854df2e5fef4239ff63a7d,,,,,,,,,,,,,,,,,,,,,899.526,899.895,900.381,2,0,,0,0
20/11/2025 11:25,20/11/2025 11:41,IP Address,100,979,TRUE,20/11/2025 11:41,R_8tu2lp0i4bZXoeG,anonymous,EN,1,5b13da851e55760001ba009a,(b) iPSCs contain the specific genetic makeup of the patient with the heart condition.,(c) It provides a source of healthy motor neurons for transplantation into the patient.,(b) The interaction between motor neurons and other cell types contributing to the disease.,"(b) Statements 1, 2, and 3",(d) The strict government regulations that prevent most new drugs from being approved.,(d) It would increase the failure rate by revealing more potential side effects.,(d) The drug was likely not tested on embryonic stem cells from that population.,"(b) A single disease, like diabetes, being treated with many different types of drugs.","(c) To prove that all human diseases have a single, common genetic origin.",(a) Is this drug more effective than a placebo in a double-blind study?,(d) They exclusively hire scientists who have worked in both academia and industry.,(b) They have difficulty attracting talented young scientists from universities.,(d) Manually created cells cannot be differentiated into specific tissue types.,"(a) Automated systems can reprogram cells without using viruses, making them safer.",(d) It can perfectly reconstruct the damaged tissue after the disease has progressed.,(c) Eliminate the need for animal testing in all medical research.,(d) To highlight that both fields rely on the same laboratory techniques and equipment.,(c) To advance critical research without political and financial interference.,"(c) By creating a new, safer version of Vioxx using genetic engineering.",(b) To re-screen the drug on diverse liver cell models for a potential new use.,,,,,5,,5,20
20/11/2025 11:27,20/11/2025 11:43,IP Address,100,959,TRUE,20/11/2025 11:43,R_8Blv4sG3GHAiCYx,anonymous,EN,1,6783ebc2e89b75d66d952f41,,,,,,,,,,,,,,,,,,,,,20.949,746.674,926.668,2,0,,0,0
20/11/2025 11:41,20/11/2025 11:56,IP Address,100,941,TRUE,20/11/2025 11:56,R_8MMZ5cnQTwwnJJ5,anonymous,EN,1,5d0e091ccd9c9300191cb9c9,,,,,,,,,,,,,,,,,,,,,3.322,540.987,911.41,2,0,,0,0
20/11/2025 11:56,20/11/2025 12:11,IP Address,100,919,TRUE,20/11/2025 12:11,R_81cx7CZwW04bz9G,anonymous,EN,1,63af557b3d4f219c3226b7d6,,,,,,,,,,,,,,,,,,,,,14.891,899.85,900.42,3,0,,0,0
20/11/2025 12:04,20/11/2025 12:15,IP Address,100,688,TRUE,20/11/2025 12:15,R_8xmi42TrjOILHHP,anonymous,EN,0.899999976,6637ab2fc7718b737f6c33c0,(b) iPSCs contain the specific genetic makeup of the patient with the heart condition.,(a) It allows for the creation of motor neurons that are genetically identical to the patient's.,(b) The interaction between motor neurons and other cell types contributing to the disease.,"(b) Statements 1, 2, and 3",(b) The over-reliance on animal models that do not accurately predict human responses.,"(b) It would identify failing drugs earlier, reducing the $4 billion sunk cost per success.",(b) The drug's efficacy and safety could vary due to the patient's different genetic makeup.,(a) A drug being effective for one person but causing harmful side effects in another.,(d) To allow any person to have their own personal stem cell line for therapy.,(b) Does this drug cause liver damage in individuals with a specific genetic marker?,(b) They are less constrained by the profit motives and bureaucracy of large organizations.,(c) Their established structures may prevent them from adapting quickly or asking novel questions.,(a) The process is not scalable and introduces variability between cell lines.,"(c) Manual creation would be too slow and inconsistent to produce reliable, comparable lines at scale.","(a) It provides a recording of the events leading up to the ""crash"" or disease state.",(b) Reveal the fundamental cellular interactions underlying a disease.,(a) To suggest that stem cell research will eventually become a routine and accepted medical tool.,(c) To advance critical research without political and financial interference.,"(c) By creating a new, safer version of Vioxx using genetic engineering.",(b) To re-screen the drug on diverse liver cell models for a potential new use.,,,,,18,,18,20
20/11/2025 12:04,20/11/2025 12:20,IP Address,100,971,TRUE,20/11/2025 12:20,R_2YlF7WtYVrKPqge,anonymous,EN,1,6053e01a6a8e8516ba7d47a7,,,,,,,,,,,,,,,,,,,,,0,0,907.972,0,0,,0,0
20/11/2025 12:05,20/11/2025 12:20,IP Address,100,932,TRUE,20/11/2025 12:20,R_2HaXV6fDIhcGnL3,anonymous,EN,0.699999988,5a764e848fe2dc000105739c,,,,,,,,,,,,,,,,,,,,,908.641,908.641,910.379,1,0,,0,0
20/11/2025 12:14,20/11/2025 12:23,IP Address,100,525,TRUE,20/11/2025 12:23,R_20i1nVOmV15U9Oy,anonymous,EN,1,5e9593f997af0e19c6073957,(a) iPSCs can differentiate into a wider variety of cell types than embryonic stem cells.,(a) It allows for the creation of motor neurons that are genetically identical to the patient's.,(b) The interaction between motor neurons and other cell types contributing to the disease.,(a) Statements 1 and 2,(b) The over-reliance on animal models that do not accurately predict human responses.,"(b) It would identify failing drugs earlier, reducing the $4 billion sunk cost per success.",(b) The drug's efficacy and safety could vary due to the patient's different genetic makeup.,(a) A drug being effective for one person but causing harmful side effects in another.,(a) To ensure a representative model of the human population for drug testing.,(b) Does this drug cause liver damage in individuals with a specific genetic marker?,(b) They are less constrained by the profit motives and bureaucracy of large organizations.,(c) Their established structures may prevent them from adapting quickly or asking novel questions.,(a) The process is not scalable and introduces variability between cell lines.,"(c) Manual creation would be too slow and inconsistent to produce reliable, comparable lines at scale.","(a) It provides a recording of the events leading up to the ""crash"" or disease state.",(b) Reveal the fundamental cellular interactions underlying a disease.,(a) To suggest that stem cell research will eventually become a routine and accepted medical tool.,(c) To advance critical research without political and financial interference.,(a) By allowing the drug to be tested on diverse cardiac cells before human trials.,(b) To re-screen the drug on diverse liver cell models for a potential new use.,,,,,18,,18,20
20/11/2025 12:20,20/11/2025 12:25,IP Address,100,352,TRUE,20/11/2025 12:25,R_2DjP4kv9uJpp7io,anonymous,EN,1,63ea46ac57c552d3b4ff83bc,(c) iPSCs are less controversial because they are derived from adult skin tissue.,(a) It allows for the creation of motor neurons that are genetically identical to the patient's.,(b) The interaction between motor neurons and other cell types contributing to the disease.,"(b) Statements 1, 2, and 3",(b) The over-reliance on animal models that do not accurately predict human responses.,"(b) It would identify failing drugs earlier, reducing the $4 billion sunk cost per success.",(b) The drug's efficacy and safety could vary due to the patient's different genetic makeup.,(d) Researchers focusing on rare diseases instead of more common ones.,(a) To ensure a representative model of the human population for drug testing.,(b) Does this drug cause liver damage in individuals with a specific genetic marker?,(c) They operate under different government regulations than academic labs.,(c) Their established structures may prevent them from adapting quickly or asking novel questions.,(a) The process is not scalable and introduces variability between cell lines.,"(c) Manual creation would be too slow and inconsistent to produce reliable, comparable lines at scale.","(a) It provides a recording of the events leading up to the ""crash"" or disease state.",(b) Reveal the fundamental cellular interactions underlying a disease.,(a) To suggest that stem cell research will eventually become a routine and accepted medical tool.,(b) To protect valuable intellectual property from competing pharmaceutical companies.,(a) By allowing the drug to be tested on diverse cardiac cells before human trials.,(b) To re-screen the drug on diverse liver cell models for a potential new use.,,,,,16,,16,20
20/11/2025 12:20,20/11/2025 12:27,IP Address,100,412,TRUE,20/11/2025 12:27,R_8kjLg45bLsIpSJr,anonymous,EN,1,592a8ee1dd1a250001b4ee72,(b) iPSCs contain the specific genetic makeup of the patient with the heart condition.,(a) It allows for the creation of motor neurons that are genetically identical to the patient's.,(b) The interaction between motor neurons and other cell types contributing to the disease.,"(b) Statements 1, 2, and 3",(b) The over-reliance on animal models that do not accurately predict human responses.,"(b) It would identify failing drugs earlier, reducing the $4 billion sunk cost per success.",(b) The drug's efficacy and safety could vary due to the patient's different genetic makeup.,(a) A drug being effective for one person but causing harmful side effects in another.,(a) To ensure a representative model of the human population for drug testing.,(b) Does this drug cause liver damage in individuals with a specific genetic marker?,(d) They exclusively hire scientists who have worked in both academia and industry.,(c) Their established structures may prevent them from adapting quickly or asking novel questions.,(a) The process is not scalable and introduces variability between cell lines.,"(c) Manual creation would be too slow and inconsistent to produce reliable, comparable lines at scale.","(a) It provides a recording of the events leading up to the ""crash"" or disease state.",(b) Reveal the fundamental cellular interactions underlying a disease.,(a) To suggest that stem cell research will eventually become a routine and accepted medical tool.,(c) To advance critical research without political and financial interference.,(a) By allowing the drug to be tested on diverse cardiac cells before human trials.,(b) To re-screen the drug on diverse liver cell models for a potential new use.,,,,,19,,19,20
20/11/2025 12:20,20/11/2025 12:36,IP Address,100,926,TRUE,20/11/2025 12:36,R_2G6ZoawhI5TJzpt,anonymous,EN,1,5f57be602095072bb238a7ab,,,,,,,,,,,,,,,,,,,,,2.702,900.626,902.802,2,0,,0,0
20/11/2025 12:52,20/11/2025 13:00,IP Address,100,492,TRUE,20/11/2025 13:00,R_8I5h6XkriStLW12,anonymous,EN,1,672d2977ae54935ef84a2b74,(b) iPSCs contain the specific genetic makeup of the patient with the heart condition.,(a) It allows for the creation of motor neurons that are genetically identical to the patient's.,(b) The interaction between motor neurons and other cell types contributing to the disease.,"(b) Statements 1, 2, and 3",(b) The over-reliance on animal models that do not accurately predict human responses.,"(a) It would eliminate the need for clinical trials, reducing the timeline to under five years.",(b) The drug's efficacy and safety could vary due to the patient's different genetic makeup.,"(b) A single disease, like diabetes, being treated with many different types of drugs.","(c) To prove that all human diseases have a single, common genetic origin.",(c) Can this drug be manufactured cheaply and distributed globally?,(d) They exclusively hire scientists who have worked in both academia and industry.,(a) They lack the laboratory space to conduct cutting-edge experiments.,(d) Manually created cells cannot be differentiated into specific tissue types.,"(a) Automated systems can reprogram cells without using viruses, making them safer.","(a) It provides a recording of the events leading up to the ""crash"" or disease state.",(a) Directly cure complex neurodegenerative diseases.,(a) To suggest that stem cell research will eventually become a routine and accepted medical tool.,(b) To protect valuable intellectual property from competing pharmaceutical companies.,(b) By providing an unlimited supply of the drug for more extensive testing.,(b) To re-screen the drug on diverse liver cell models for a potential new use.,,,,,9,,9,20
20/11/2025 12:48,20/11/2025 13:03,IP Address,100,929,TRUE,20/11/2025 13:03,R_23dTPnITF8b5H0u,anonymous,EN,1,5e3c4d1621c442033da7bcd8,,,,,,,,,,,,,,,,,,,,,0,0,906.303,0,0,,0,0
20/11/2025 12:51,20/11/2025 13:11,IP Address,100,1229,TRUE,20/11/2025 13:11,R_2aQD8Q8V2hfZFfT,anonymous,EN,1,66e2abbef5fe9e10f5bff804,,,,,,,,,,,,,,,,,,,,,0,0,1205.764,0,0,,0,0
20/11/2025 13:12,20/11/2025 13:24,IP Address,100,731,TRUE,20/11/2025 13:24,R_2ExLGqDskgzEYmg,anonymous,EN,1,58106d17a513590001b1ec9e,(d)  iPSCs are simpler and faster to generate in the lab than embryonic stem cells,(c) It provides a source of healthy motor neurons for transplantation into the patient.,(b) The interaction between motor neurons and other cell types contributing to the disease.,"(b) Statements 1, 2, and 3",(b) The over-reliance on animal models that do not accurately predict human responses.,"(b) It would identify failing drugs earlier, reducing the $4 billion sunk cost per success.",(b) The drug's efficacy and safety could vary due to the patient's different genetic makeup.,(a) A drug being effective for one person but causing harmful side effects in another.,(d) To allow any person to have their own personal stem cell line for therapy.,(b) Does this drug cause liver damage in individuals with a specific genetic marker?,(b) They are less constrained by the profit motives and bureaucracy of large organizations.,(c) Their established structures may prevent them from adapting quickly or asking novel questions.,(a) The process is not scalable and introduces variability between cell lines.,"(c) Manual creation would be too slow and inconsistent to produce reliable, comparable lines at scale.",(c) It proves that all diseases are as complex and catastrophic as a plane crash.,(b) Reveal the fundamental cellular interactions underlying a disease.,(d) To highlight that both fields rely on the same laboratory techniques and equipment.,(c) To advance critical research without political and financial interference.,"(c) By creating a new, safer version of Vioxx using genetic engineering.",(c) To create a new group of patients who would not experience arthritis.,,,,,13,,13,20
20/11/2025 13:08,20/11/2025 13:24,IP Address,100,989,TRUE,20/11/2025 13:24,R_2HBq36qPzip4JHO,anonymous,EN,1,6103e1d7b7c388fda60e0bf6,,,,,,,,,,,,,,,,,,,,,433.109,764.845,901.258,4,0,,0,0
20/11/2025 13:12,20/11/2025 13:28,IP Address,100,934,TRUE,20/11/2025 13:28,R_22yS0WGe3zKLV3V,anonymous,EN,1,677a8e5affbe5673b3a79e6b,,,,,,,,,,,,,,,,,,,,,0,0,905.367,0,0,,0,0
20/11/2025 13:22,20/11/2025 13:38,IP Address,100,935,TRUE,20/11/2025 13:38,R_2qEA6V1LVHkg1uu,anonymous,EN,1,5ace82e135eccf0001a11c96,,,,,,,,,,,,,,,,,,,,,442.553,449.99,903.276,2,0,,0,0
20/11/2025 13:24,20/11/2025 13:41,IP Address,100,1027,TRUE,20/11/2025 13:41,R_8mxG4tNpITJXOgB,anonymous,EN,1,669a80310e64395f4edd70b6,(a) iPSCs can differentiate into a wider variety of cell types than embryonic stem cells.,(c) It provides a source of healthy motor neurons for transplantation into the patient.,(b) The interaction between motor neurons and other cell types contributing to the disease.,"(b) Statements 1, 2, and 3",(a) The lack of funding for late-stage clinical trials in human subjects.,(d) It would increase the failure rate by revealing more potential side effects.,(b) The drug's efficacy and safety could vary due to the patient's different genetic makeup.,(a) A drug being effective for one person but causing harmful side effects in another.,(a) To ensure a representative model of the human population for drug testing.,(b) Does this drug cause liver damage in individuals with a specific genetic marker?,(b) They are less constrained by the profit motives and bureaucracy of large organizations.,(c) Their established structures may prevent them from adapting quickly or asking novel questions.,(a) The process is not scalable and introduces variability between cell lines.,"(c) Manual creation would be too slow and inconsistent to produce reliable, comparable lines at scale.","(a) It provides a recording of the events leading up to the ""crash"" or disease state.",(b) Reveal the fundamental cellular interactions underlying a disease.,(a) To suggest that stem cell research will eventually become a routine and accepted medical tool.,(c) To advance critical research without political and financial interference.,(a) By allowing the drug to be tested on diverse cardiac cells before human trials.,(b) To re-screen the drug on diverse liver cell models for a potential new use.,,,,,16,,16,20
20/11/2025 13:27,20/11/2025 13:43,IP Address,100,933,TRUE,20/11/2025 13:43,R_8pQNfNn5pVIBuen,anonymous,EN,1,5eca536f9aa4f658d641a7d9,,,,,,,,,,,,,,,,,,,,,0,0,905.074,0,0,,0,0
20/11/2025 13:58,20/11/2025 14:10,IP Address,100,708,TRUE,20/11/2025 14:10,R_2ZSIGuOCxoEJhcd,anonymous,EN,1,63d3f951dd046a4bc2b9cea9,(b) iPSCs contain the specific genetic makeup of the patient with the heart condition.,(a) It allows for the creation of motor neurons that are genetically identical to the patient's.,(b) The interaction between motor neurons and other cell types contributing to the disease.,"(b) Statements 1, 2, and 3",(b) The over-reliance on animal models that do not accurately predict human responses.,"(b) It would identify failing drugs earlier, reducing the $4 billion sunk cost per success.",(b) The drug's efficacy and safety could vary due to the patient's different genetic makeup.,(a) A drug being effective for one person but causing harmful side effects in another.,(a) To ensure a representative model of the human population for drug testing.,(b) Does this drug cause liver damage in individuals with a specific genetic marker?,(b) They are less constrained by the profit motives and bureaucracy of large organizations.,(c) Their established structures may prevent them from adapting quickly or asking novel questions.,(a) The process is not scalable and introduces variability between cell lines.,"(c) Manual creation would be too slow and inconsistent to produce reliable, comparable lines at scale.","(a) It provides a recording of the events leading up to the ""crash"" or disease state.",(b) Reveal the fundamental cellular interactions underlying a disease.,(a) To suggest that stem cell research will eventually become a routine and accepted medical tool.,(c) To advance critical research without political and financial interference.,(a) By allowing the drug to be tested on diverse cardiac cells before human trials.,(b) To re-screen the drug on diverse liver cell models for a potential new use.,,,,,20,,20,20
20/11/2025 14:27,20/11/2025 14:34,IP Address,100,463,TRUE,20/11/2025 14:34,R_8KrwFhL6KUUxBJJ,anonymous,EN,1,5a47473899311d0001df550e,(b) iPSCs contain the specific genetic makeup of the patient with the heart condition.,(a) It allows for the creation of motor neurons that are genetically identical to the patient's.,(b) The interaction between motor neurons and other cell types contributing to the disease.,"(b) Statements 1, 2, and 3",(b) The over-reliance on animal models that do not accurately predict human responses.,"(b) It would identify failing drugs earlier, reducing the $4 billion sunk cost per success.",(b) The drug's efficacy and safety could vary due to the patient's different genetic makeup.,(a) A drug being effective for one person but causing harmful side effects in another.,(a) To ensure a representative model of the human population for drug testing.,(b) Does this drug cause liver damage in individuals with a specific genetic marker?,(d) They exclusively hire scientists who have worked in both academia and industry.,(c) Their established structures may prevent them from adapting quickly or asking novel questions.,(a) The process is not scalable and introduces variability between cell lines.,"(c) Manual creation would be too slow and inconsistent to produce reliable, comparable lines at scale.","(a) It provides a recording of the events leading up to the ""crash"" or disease state.",(b) Reveal the fundamental cellular interactions underlying a disease.,(a) To suggest that stem cell research will eventually become a routine and accepted medical tool.,(c) To advance critical research without political and financial interference.,(a) By allowing the drug to be tested on diverse cardiac cells before human trials.,(b) To re-screen the drug on diverse liver cell models for a potential new use.,,,,,19,,19,20
20/11/2025 14:28,20/11/2025 14:43,IP Address,100,927,TRUE,20/11/2025 14:43,R_2wMlyQI10sbNqFj,anonymous,EN,1,59ff1a23f2e3460001eda6d5,,,,,,,,,,,,,,,,,,,,,336.952,909.979,910.006,20,0,,0,0
20/11/2025 14:35,20/11/2025 14:50,IP Address,100,937,TRUE,20/11/2025 14:50,R_8PQVZH5PnWA298N,anonymous,EN,1,66faeeeafd0c076eec88cfcb,,,,,,,,,,,,,,,,,,,,,906.528,906.528,907.913,1,0,,0,0
20/11/2025 14:34,20/11/2025 14:53,IP Address,100,1173,TRUE,20/11/2025 14:53,R_2E0jO9UmBdivPRR,anonymous,EN,1,6020b4d4010b8e6e89d1a6a0,(b) iPSCs contain the specific genetic makeup of the patient with the heart condition.,(a) It allows for the creation of motor neurons that are genetically identical to the patient's.,(a) The overall impact of MND on a patient's quality of life and mobility.,"(b) Statements 1, 2, and 3",(b) The over-reliance on animal models that do not accurately predict human responses.,"(b) It would identify failing drugs earlier, reducing the $4 billion sunk cost per success.",(b) The drug's efficacy and safety could vary due to the patient's different genetic makeup.,(a) A drug being effective for one person but causing harmful side effects in another.,(a) To ensure a representative model of the human population for drug testing.,(b) Does this drug cause liver damage in individuals with a specific genetic marker?,(b) They are less constrained by the profit motives and bureaucracy of large organizations.,(c) Their established structures may prevent them from adapting quickly or asking novel questions.,(a) The process is not scalable and introduces variability between cell lines.,"(c) Manual creation would be too slow and inconsistent to produce reliable, comparable lines at scale.","(a) It provides a recording of the events leading up to the ""crash"" or disease state.",(b) Reveal the fundamental cellular interactions underlying a disease.,(a) To suggest that stem cell research will eventually become a routine and accepted medical tool.,(c) To advance critical research without political and financial interference.,(a) By allowing the drug to be tested on diverse cardiac cells before human trials.,(b) To re-screen the drug on diverse liver cell models for a potential new use.,,,,,19,,19,20
20/11/2025 15:12,20/11/2025 15:29,IP Address,100,1065,TRUE,20/11/2025 15:29,R_8yf2SRMxrzNKAXA,anonymous,EN,1,671038fb26ff82aa6081d040,(b) iPSCs contain the specific genetic makeup of the patient with the heart condition.,(a) It allows for the creation of motor neurons that are genetically identical to the patient's.,(b) The interaction between motor neurons and other cell types contributing to the disease.,"(b) Statements 1, 2, and 3",(b) The over-reliance on animal models that do not accurately predict human responses.,"(b) It would identify failing drugs earlier, reducing the $4 billion sunk cost per success.",(d) The drug was likely not tested on embryonic stem cells from that population.,(a) A drug being effective for one person but causing harmful side effects in another.,"(c) To prove that all human diseases have a single, common genetic origin.",(a) Is this drug more effective than a placebo in a double-blind study?,(b) They are less constrained by the profit motives and bureaucracy of large organizations.,(c) Their established structures may prevent them from adapting quickly or asking novel questions.,(a) The process is not scalable and introduces variability between cell lines.,"(c) Manual creation would be too slow and inconsistent to produce reliable, comparable lines at scale.",(d) It can perfectly reconstruct the damaged tissue after the disease has progressed.,(d) Confirm that all diseases are caused by multiple cell types.,(a) To suggest that stem cell research will eventually become a routine and accepted medical tool.,(c) To advance critical research without political and financial interference.,(a) By allowing the drug to be tested on diverse cardiac cells before human trials.,(b) To re-screen the drug on diverse liver cell models for a potential new use.,,,,,15,,15,20
20/11/2025 14:43,20/11/2025 15:30,IP Address,100,2817,TRUE,20/11/2025 15:30,R_2fiuT3v1eD6eekb,anonymous,EN,0.899999976,632b3639f61612815d100608,(b) iPSCs contain the specific genetic makeup of the patient with the heart condition.,(a) It allows for the creation of motor neurons that are genetically identical to the patient's.,(b) The interaction between motor neurons and other cell types contributing to the disease.,"(b) Statements 1, 2, and 3",(c) The inability to manufacture promising drug compounds on a large scale.,"(b) It would identify failing drugs earlier, reducing the $4 billion sunk cost per success.",(b) The drug's efficacy and safety could vary due to the patient's different genetic makeup.,"(b) A single disease, like diabetes, being treated with many different types of drugs.",(a) To ensure a representative model of the human population for drug testing.,(a) Is this drug more effective than a placebo in a double-blind study?,(b) They are less constrained by the profit motives and bureaucracy of large organizations.,(a) They lack the laboratory space to conduct cutting-edge experiments.,(a) The process is not scalable and introduces variability between cell lines.,"(c) Manual creation would be too slow and inconsistent to produce reliable, comparable lines at scale.",(d) It can perfectly reconstruct the damaged tissue after the disease has progressed.,(a) Directly cure complex neurodegenerative diseases.,(b) To argue that stem cell research is only useful for addressing issues of infertility.,(c) To advance critical research without political and financial interference.,(a) By allowing the drug to be tested on diverse cardiac cells before human trials.,(b) To re-screen the drug on diverse liver cell models for a potential new use.,,,,,13,,13,20
20/11/2025 15:21,20/11/2025 15:40,IP Address,100,1196,TRUE,20/11/2025 15:40,R_8IiOKIYPO0IdSut,anonymous,EN,1,6108f72b081cf2b1cbde83aa,,,,,,,,,,,,,,,,,,,,,0,0,935.747,0,0,,0,0
20/11/2025 15:36,20/11/2025 15:42,IP Address,100,396,TRUE,20/11/2025 15:42,R_2NBSYhjLg2sLttg,anonymous,EN,1,655e09fc282e4139c82f834a,(a) iPSCs can differentiate into a wider variety of cell types than embryonic stem cells.,(a) It allows for the creation of motor neurons that are genetically identical to the patient's.,(b) The interaction between motor neurons and other cell types contributing to the disease.,"(b) Statements 1, 2, and 3",(b) The over-reliance on animal models that do not accurately predict human responses.,"(b) It would identify failing drugs earlier, reducing the $4 billion sunk cost per success.",(b) The drug's efficacy and safety could vary due to the patient's different genetic makeup.,(a) A drug being effective for one person but causing harmful side effects in another.,(a) To ensure a representative model of the human population for drug testing.,(b) Does this drug cause liver damage in individuals with a specific genetic marker?,(b) They are less constrained by the profit motives and bureaucracy of large organizations.,(c) Their established structures may prevent them from adapting quickly or asking novel questions.,(a) The process is not scalable and introduces variability between cell lines.,"(c) Manual creation would be too slow and inconsistent to produce reliable, comparable lines at scale.","(a) It provides a recording of the events leading up to the ""crash"" or disease state.",(b) Reveal the fundamental cellular interactions underlying a disease.,(a) To suggest that stem cell research will eventually become a routine and accepted medical tool.,(c) To advance critical research without political and financial interference.,(a) By allowing the drug to be tested on diverse cardiac cells before human trials.,(b) To re-screen the drug on diverse liver cell models for a potential new use.,,,,,19,,19,20
20/11/2025 16:07,20/11/2025 16:23,IP Address,100,933,TRUE,20/11/2025 16:23,R_2GkTp2JYf7Io3qc,anonymous,EN,1,56ca3e3237d66c000c59a891,,,,,,,,,,,,,,,,,,,,,545.489,906.718,907.922,2,0,,0,0
20/11/2025 16:08,20/11/2025 16:25,IP Address,100,1033,TRUE,20/11/2025 16:25,R_8hWM5EHP8pjJROb,anonymous,EN,0.899999976,668173a56ae4ada528986b1d,,,,,,,,,,,,,,,,,,,,,1005.348,1005.348,1005.956,1,0,,0,0
20/11/2025 16:19,20/11/2025 16:28,IP Address,100,561,TRUE,20/11/2025 16:28,R_2dmgekmOCIq3hsA,anonymous,EN,0.800000012,5a9fa90f873cda00010d29d8,(b) iPSCs contain the specific genetic makeup of the patient with the heart condition.,(a) It allows for the creation of motor neurons that are genetically identical to the patient's.,(b) The interaction between motor neurons and other cell types contributing to the disease.,"(b) Statements 1, 2, and 3",(a) The lack of funding for late-stage clinical trials in human subjects.,"(a) It would eliminate the need for clinical trials, reducing the timeline to under five years.",(b) The drug's efficacy and safety could vary due to the patient's different genetic makeup.,"(b) A single disease, like diabetes, being treated with many different types of drugs.",(a) To ensure a representative model of the human population for drug testing.,(a) Is this drug more effective than a placebo in a double-blind study?,(b) They are less constrained by the profit motives and bureaucracy of large organizations.,(d) They are unable to secure the necessary patents for new discoveries,(a) The process is not scalable and introduces variability between cell lines.,"(c) Manual creation would be too slow and inconsistent to produce reliable, comparable lines at scale.","(a) It provides a recording of the events leading up to the ""crash"" or disease state.",(b) Reveal the fundamental cellular interactions underlying a disease.,(a) To suggest that stem cell research will eventually become a routine and accepted medical tool.,(c) To advance critical research without political and financial interference.,(a) By allowing the drug to be tested on diverse cardiac cells before human trials.,(b) To re-screen the drug on diverse liver cell models for a potential new use.,,,,,15,,15,20
20/11/2025 16:26,20/11/2025 16:39,IP Address,100,777,TRUE,20/11/2025 16:39,R_83x0TS4hGS522t3,anonymous,EN,1,6725c4a8e3ab0787551acf38,(b) iPSCs contain the specific genetic makeup of the patient with the heart condition.,(a) It allows for the creation of motor neurons that are genetically identical to the patient's.,(b) The interaction between motor neurons and other cell types contributing to the disease.,"(d) Statements 1, 2, 3, and 4",(d) The strict government regulations that prevent most new drugs from being approved.,"(a) It would eliminate the need for clinical trials, reducing the timeline to under five years.",(b) The drug's efficacy and safety could vary due to the patient's different genetic makeup.,(a) A drug being effective for one person but causing harmful side effects in another.,(d) To allow any person to have their own personal stem cell line for therapy.,(b) Does this drug cause liver damage in individuals with a specific genetic marker?,(b) They are less constrained by the profit motives and bureaucracy of large organizations.,(c) Their established structures may prevent them from adapting quickly or asking novel questions.,(a) The process is not scalable and introduces variability between cell lines.,"(c) Manual creation would be too slow and inconsistent to produce reliable, comparable lines at scale.","(a) It provides a recording of the events leading up to the ""crash"" or disease state.",(b) Reveal the fundamental cellular interactions underlying a disease.,(a) To suggest that stem cell research will eventually become a routine and accepted medical tool.,(c) To advance critical research without political and financial interference.,(a) By allowing the drug to be tested on diverse cardiac cells before human trials.,(a) To prove that the initial arthritis trial results were incorrect.,,,,,15,,15,20
20/11/2025 16:29,20/11/2025 16:45,IP Address,100,944,TRUE,20/11/2025 16:45,R_2rZvx56aVABf8Zj,anonymous,EN,0.5,5e6a923f59a3bd04d5edc606,,,,,,,,,,,,,,,,,,,,,22.202,906.006,906.853,2,0,,0,0
20/11/2025 16:38,20/11/2025 16:54,IP Address,100,947,TRUE,20/11/2025 16:54,R_8Q3phU3KdVmwmxI,anonymous,EN,1,5ead58cf86ea9b025ef6c153,,,,,,,,,,,,,,,,,,,,,0,0,901.801,0,0,,0,0
20/11/2025 17:28,20/11/2025 17:56,IP Address,100,1703,TRUE,20/11/2025 17:56,R_2sxnRuMEe1k9qjT,anonymous,EN,1,5d812e3c613aa900188746a6,(b) iPSCs contain the specific genetic makeup of the patient with the heart condition.,(a) It allows for the creation of motor neurons that are genetically identical to the patient's.,(b) The interaction between motor neurons and other cell types contributing to the disease.,"(b) Statements 1, 2, and 3",(b) The over-reliance on animal models that do not accurately predict human responses.,"(a) It would eliminate the need for clinical trials, reducing the timeline to under five years.",(b) The drug's efficacy and safety could vary due to the patient's different genetic makeup.,(a) A drug being effective for one person but causing harmful side effects in another.,(a) To ensure a representative model of the human population for drug testing.,(b) Does this drug cause liver damage in individuals with a specific genetic marker?,(b) They are less constrained by the profit motives and bureaucracy of large organizations.,(d) They are unable to secure the necessary patents for new discoveries,(d) Manually created cells cannot be differentiated into specific tissue types.,"(c) Manual creation would be too slow and inconsistent to produce reliable, comparable lines at scale.","(a) It provides a recording of the events leading up to the ""crash"" or disease state.",(d) Confirm that all diseases are caused by multiple cell types.,(a) To suggest that stem cell research will eventually become a routine and accepted medical tool.,(c) To advance critical research without political and financial interference.,(a) By allowing the drug to be tested on diverse cardiac cells before human trials.,(b) To re-screen the drug on diverse liver cell models for a potential new use.,,,,,16,,16,20
20/11/2025 18:39,20/11/2025 18:56,IP Address,100,1040,TRUE,20/11/2025 18:56,R_2S0jOurZV9bxV93,anonymous,EN,1,648978eef0a4e73b67c9c153,,,,,,,,,,,,,,,,,,,,,62.735,901.996,904.612,5,0,,0,0
20/11/2025 19:02,20/11/2025 19:13,IP Address,100,613,TRUE,20/11/2025 19:13,R_21KwiBhDOeRpmEp,anonymous,EN,0.899999976,5baa21188a01680001ff1a6f,(b) iPSCs contain the specific genetic makeup of the patient with the heart condition.,(a) It allows for the creation of motor neurons that are genetically identical to the patient's.,(b) The interaction between motor neurons and other cell types contributing to the disease.,(a) Statements 1 and 2,(d) The strict government regulations that prevent most new drugs from being approved.,"(a) It would eliminate the need for clinical trials, reducing the timeline to under five years.",(b) The drug's efficacy and safety could vary due to the patient's different genetic makeup.,(a) A drug being effective for one person but causing harmful side effects in another.,(a) To ensure a representative model of the human population for drug testing.,(b) Does this drug cause liver damage in individuals with a specific genetic marker?,(b) They are less constrained by the profit motives and bureaucracy of large organizations.,(c) Their established structures may prevent them from adapting quickly or asking novel questions.,(a) The process is not scalable and introduces variability between cell lines.,"(c) Manual creation would be too slow and inconsistent to produce reliable, comparable lines at scale.","(a) It provides a recording of the events leading up to the ""crash"" or disease state.",(a) Directly cure complex neurodegenerative diseases.,(a) To suggest that stem cell research will eventually become a routine and accepted medical tool.,(c) To advance critical research without political and financial interference.,(a) By allowing the drug to be tested on diverse cardiac cells before human trials.,(b) To re-screen the drug on diverse liver cell models for a potential new use.,,,,,16,,16,20
20/11/2025 19:02,20/11/2025 19:47,IP Address,100,2669,TRUE,20/11/2025 19:47,R_2hGBonNoxs95XYb,anonymous,EN,1,5c8c22bafeeaeb0016207a00,,,,,,,,,,,,,,,,,,,,,1847.611,1847.611,2648.077,1,0,,0,0
20/11/2025 19:59,20/11/2025 20:15,IP Address,100,932,TRUE,20/11/2025 20:15,R_8U0gKirIwrsIqvw,anonymous,EN,1,677650da17489eb0f07dec0d,,,,,,,,,,,,,,,,,,,,,0,0,911.762,0,0,,0,0
20/11/2025 20:23,20/11/2025 20:39,IP Address,100,937,TRUE,20/11/2025 20:39,R_86mJlHum2pni3hD,anonymous,EN,1,5e98ccf370194e0f49a1333b,(c) iPSCs are less controversial because they are derived from adult skin tissue.,(a) It allows for the creation of motor neurons that are genetically identical to the patient's.,(b) The interaction between motor neurons and other cell types contributing to the disease.,(a) Statements 1 and 2,(b) The over-reliance on animal models that do not accurately predict human responses.,"(a) It would eliminate the need for clinical trials, reducing the timeline to under five years.",(b) The drug's efficacy and safety could vary due to the patient's different genetic makeup.,(a) A drug being effective for one person but causing harmful side effects in another.,(d) To allow any person to have their own personal stem cell line for therapy.,(b) Does this drug cause liver damage in individuals with a specific genetic marker?,(b) They are less constrained by the profit motives and bureaucracy of large organizations.,(c) Their established structures may prevent them from adapting quickly or asking novel questions.,(a) The process is not scalable and introduces variability between cell lines.,"(c) Manual creation would be too slow and inconsistent to produce reliable, comparable lines at scale.","(a) It provides a recording of the events leading up to the ""crash"" or disease state.",(b) Reveal the fundamental cellular interactions underlying a disease.,(a) To suggest that stem cell research will eventually become a routine and accepted medical tool.,(c) To advance critical research without political and financial interference.,(a) By allowing the drug to be tested on diverse cardiac cells before human trials.,(b) To re-screen the drug on diverse liver cell models for a potential new use.,,,,,16,,16,20
20/11/2025 20:31,20/11/2025 20:46,IP Address,100,933,TRUE,20/11/2025 20:46,R_27IOAj0A8drEIz0,anonymous,EN,1,6753746b1f8827e2bd586bf0,,,,,,,,,,,,,,,,,,,,,3.966,898.958,901.388,3,0,,0,0
20/11/2025 20:29,20/11/2025 20:47,IP Address,100,1067,TRUE,20/11/2025 20:47,R_8pbUPeTp8foys7i,anonymous,EN,1,60fece5dbc60be057b1917aa,(c) iPSCs are less controversial because they are derived from adult skin tissue.,(b) It confirms that viruses are the only way to induce pluripotency in adult cells.,(b) The interaction between motor neurons and other cell types contributing to the disease.,"(b) Statements 1, 2, and 3",(a) The lack of funding for late-stage clinical trials in human subjects.,"(a) It would eliminate the need for clinical trials, reducing the timeline to under five years.",(b) The drug's efficacy and safety could vary due to the patient's different genetic makeup.,(a) A drug being effective for one person but causing harmful side effects in another.,(a) To ensure a representative model of the human population for drug testing.,(b) Does this drug cause liver damage in individuals with a specific genetic marker?,(a) They have more funding than both universities and pharmaceutical companies combined.,(c) Their established structures may prevent them from adapting quickly or asking novel questions.,(c) The manual process is too dangerous for lab technicians.,(d) Automated systems can source skin cells from donors around the world.,"(a) It provides a recording of the events leading up to the ""crash"" or disease state.",(a) Directly cure complex neurodegenerative diseases.,(a) To suggest that stem cell research will eventually become a routine and accepted medical tool.,(c) To advance critical research without political and financial interference.,(a) By allowing the drug to be tested on diverse cardiac cells before human trials.,(b) To re-screen the drug on diverse liver cell models for a potential new use.,,,,,12,,12,20
20/11/2025 21:14,20/11/2025 21:22,IP Address,100,483,TRUE,20/11/2025 21:22,R_8Kp7EJ0hjptEWwV,anonymous,EN,1,5baa7acf14779d0001a23968,(b) iPSCs contain the specific genetic makeup of the patient with the heart condition.,(a) It allows for the creation of motor neurons that are genetically identical to the patient's.,(b) The interaction between motor neurons and other cell types contributing to the disease.,"(b) Statements 1, 2, and 3",(b) The over-reliance on animal models that do not accurately predict human responses.,"(b) It would identify failing drugs earlier, reducing the $4 billion sunk cost per success.",(b) The drug's efficacy and safety could vary due to the patient's different genetic makeup.,(a) A drug being effective for one person but causing harmful side effects in another.,(a) To ensure a representative model of the human population for drug testing.,(b) Does this drug cause liver damage in individuals with a specific genetic marker?,(b) They are less constrained by the profit motives and bureaucracy of large organizations.,(c) Their established structures may prevent them from adapting quickly or asking novel questions.,(a) The process is not scalable and introduces variability between cell lines.,"(c) Manual creation would be too slow and inconsistent to produce reliable, comparable lines at scale.","(a) It provides a recording of the events leading up to the ""crash"" or disease state.",(b) Reveal the fundamental cellular interactions underlying a disease.,(a) To suggest that stem cell research will eventually become a routine and accepted medical tool.,(c) To advance critical research without political and financial interference.,(a) By allowing the drug to be tested on diverse cardiac cells before human trials.,(b) To re-screen the drug on diverse liver cell models for a potential new use.,,,,,20,,20,20
20/11/2025 21:31,20/11/2025 21:52,IP Address,100,1240,TRUE,20/11/2025 21:52,R_2ERQHlWGGT4OqAx,anonymous,EN,0.899999976,68022f459a6e791147ee95b1,,,,,,,,,,,,,,,,,,,,,1076.01,1076.01,1077.512,1,0,,0,0
20/11/2025 21:51,20/11/2025 22:09,IP Address,100,1034,TRUE,20/11/2025 22:09,R_2ab5rv5GSZjbTFk,anonymous,EN,1,641384b3dffcf39ec42d3c23,,,,,,,,,,,,,,,,,,,,,0,0,903.347,0,0,,0,0
20/11/2025 23:16,20/11/2025 23:25,IP Address,100,537,TRUE,20/11/2025 23:25,R_8uiBakkAbaQsXIt,anonymous,EN,1,5dc04aba55b86247c9991f89,(b) iPSCs contain the specific genetic makeup of the patient with the heart condition.,(a) It allows for the creation of motor neurons that are genetically identical to the patient's.,(b) The interaction between motor neurons and other cell types contributing to the disease.,"(b) Statements 1, 2, and 3",(b) The over-reliance on animal models that do not accurately predict human responses.,"(b) It would identify failing drugs earlier, reducing the $4 billion sunk cost per success.",(b) The drug's efficacy and safety could vary due to the patient's different genetic makeup.,(a) A drug being effective for one person but causing harmful side effects in another.,(a) To ensure a representative model of the human population for drug testing.,(b) Does this drug cause liver damage in individuals with a specific genetic marker?,(a) They have more funding than both universities and pharmaceutical companies combined.,(a) They lack the laboratory space to conduct cutting-edge experiments.,(a) The process is not scalable and introduces variability between cell lines.,"(c) Manual creation would be too slow and inconsistent to produce reliable, comparable lines at scale.","(a) It provides a recording of the events leading up to the ""crash"" or disease state.",(b) Reveal the fundamental cellular interactions underlying a disease.,(a) To suggest that stem cell research will eventually become a routine and accepted medical tool.,(c) To advance critical research without political and financial interference.,(a) By allowing the drug to be tested on diverse cardiac cells before human trials.,(b) To re-screen the drug on diverse liver cell models for a potential new use.,,,,,18,,18,20
28/11/2025 10:02,28/11/2025 10:18,IP Address,100,918,TRUE,28/11/2025 10:18,R_2X9qtcMz9gS4O7n,anonymous,EN,1,5e5913ae7a584411eb9ab586,,,,,,,,,,,,,,,,,,,,,0,0,899.401,0,0,,0,0
28/11/2025 10:04,28/11/2025 10:20,IP Address,100,939,TRUE,28/11/2025 10:20,R_2JSJTKdI0dKksqR,anonymous,EN,0.5,5c5cad3e4ee81200018eafe2,,,,,,,,,,,,,,,,,,,,,898.35,898.35,900.993,1,0,,0,0
28/11/2025 10:05,28/11/2025 10:22,IP Address,100,1049,TRUE,28/11/2025 10:22,R_2dAoNovKsyjzhg6,anonymous,EN,1,677c455afc1062faab5b165e,(d)  iPSCs are simpler and faster to generate in the lab than embryonic stem cells,(a) It allows for the creation of motor neurons that are genetically identical to the patient's.,(b) The interaction between motor neurons and other cell types contributing to the disease.,"(d) Statements 1, 2, 3, and 4",(b) The over-reliance on animal models that do not accurately predict human responses.,"(a) It would eliminate the need for clinical trials, reducing the timeline to under five years.",(b) The drug's efficacy and safety could vary due to the patient's different genetic makeup.,(a) A drug being effective for one person but causing harmful side effects in another.,(d) To allow any person to have their own personal stem cell line for therapy.,(b) Does this drug cause liver damage in individuals with a specific genetic marker?,(b) They are less constrained by the profit motives and bureaucracy of large organizations.,(c) Their established structures may prevent them from adapting quickly or asking novel questions.,(a) The process is not scalable and introduces variability between cell lines.,"(c) Manual creation would be too slow and inconsistent to produce reliable, comparable lines at scale.","(a) It provides a recording of the events leading up to the ""crash"" or disease state.",(a) Directly cure complex neurodegenerative diseases.,(a) To suggest that stem cell research will eventually become a routine and accepted medical tool.,(c) To advance critical research without political and financial interference.,"(c) By creating a new, safer version of Vioxx using genetic engineering.",(c) To create a new group of patients who would not experience arthritis.,,,,,13,,13,20
28/11/2025 10:13,28/11/2025 10:27,IP Address,100,819,TRUE,28/11/2025 10:27,R_2aTCyi5q1uU1TEd,anonymous,EN,0.800000012,5d29c671bc573b00165c9014,(b) iPSCs contain the specific genetic makeup of the patient with the heart condition.,(a) It allows for the creation of motor neurons that are genetically identical to the patient's.,(b) The interaction between motor neurons and other cell types contributing to the disease.,"(b) Statements 1, 2, and 3",(b) The over-reliance on animal models that do not accurately predict human responses.,"(b) It would identify failing drugs earlier, reducing the $4 billion sunk cost per success.",(b) The drug's efficacy and safety could vary due to the patient's different genetic makeup.,(a) A drug being effective for one person but causing harmful side effects in another.,(a) To ensure a representative model of the human population for drug testing.,(b) Does this drug cause liver damage in individuals with a specific genetic marker?,(b) They are less constrained by the profit motives and bureaucracy of large organizations.,(c) Their established structures may prevent them from adapting quickly or asking novel questions.,(a) The process is not scalable and introduces variability between cell lines.,"(c) Manual creation would be too slow and inconsistent to produce reliable, comparable lines at scale.","(a) It provides a recording of the events leading up to the ""crash"" or disease state.",(b) Reveal the fundamental cellular interactions underlying a disease.,(a) To suggest that stem cell research will eventually become a routine and accepted medical tool.,(c) To advance critical research without political and financial interference.,(a) By allowing the drug to be tested on diverse cardiac cells before human trials.,(b) To re-screen the drug on diverse liver cell models for a potential new use.,,,,,20,,20,20
28/11/2025 10:07,28/11/2025 10:28,IP Address,100,1226,TRUE,28/11/2025 10:28,R_2ARuyzimE3vKv0A,anonymous,EN,0.899999976,634d7250f674c11a71d1b88e,,,,,,,,,,,,,,,,,,,,,9.621,9.621,907.452,1,0,,0,0
28/11/2025 10:17,28/11/2025 10:29,IP Address,100,708,TRUE,28/11/2025 10:29,R_2I6I9gFDHZ41wpH,anonymous,EN,1,5c4782d9cae0ab000188d2b4,(b) iPSCs contain the specific genetic makeup of the patient with the heart condition.,(a) It allows for the creation of motor neurons that are genetically identical to the patient's.,(b) The interaction between motor neurons and other cell types contributing to the disease.,"(b) Statements 1, 2, and 3",(b) The over-reliance on animal models that do not accurately predict human responses.,"(b) It would identify failing drugs earlier, reducing the $4 billion sunk cost per success.",(b) The drug's efficacy and safety could vary due to the patient's different genetic makeup.,(a) A drug being effective for one person but causing harmful side effects in another.,(a) To ensure a representative model of the human population for drug testing.,(b) Does this drug cause liver damage in individuals with a specific genetic marker?,(b) They are less constrained by the profit motives and bureaucracy of large organizations.,(c) Their established structures may prevent them from adapting quickly or asking novel questions.,(a) The process is not scalable and introduces variability between cell lines.,"(c) Manual creation would be too slow and inconsistent to produce reliable, comparable lines at scale.",(d) It can perfectly reconstruct the damaged tissue after the disease has progressed.,(b) Reveal the fundamental cellular interactions underlying a disease.,(a) To suggest that stem cell research will eventually become a routine and accepted medical tool.,(c) To advance critical research without political and financial interference.,(a) By allowing the drug to be tested on diverse cardiac cells before human trials.,(b) To re-screen the drug on diverse liver cell models for a potential new use.,,,,,19,,19,20
28/11/2025 10:59,28/11/2025 11:14,IP Address,100,917,TRUE,28/11/2025 11:14,R_29vrum6yIgJe0pw,anonymous,EN,1,5bbb5e3f118c0600013c3202,,,,,,,,,,,,,,,,,,,,,888.698,894.021,899.387,2,0,,0,0
28/11/2025 11:16,28/11/2025 11:23,IP Address,100,438,TRUE,28/11/2025 11:23,R_2dMkyUqcyetyAe1,anonymous,EN,1,65a3f461bfa22dde98c10436,(a) iPSCs can differentiate into a wider variety of cell types than embryonic stem cells.,(a) It allows for the creation of motor neurons that are genetically identical to the patient's.,(c) The statistical probability of inheriting MND across different populations.,"(b) Statements 1, 2, and 3",(d) The strict government regulations that prevent most new drugs from being approved.,(d) It would increase the failure rate by revealing more potential side effects.,(b) The drug's efficacy and safety could vary due to the patient's different genetic makeup.,(a) A drug being effective for one person but causing harmful side effects in another.,(d) To allow any person to have their own personal stem cell line for therapy.,(b) Does this drug cause liver damage in individuals with a specific genetic marker?,(c) They operate under different government regulations than academic labs.,(c) Their established structures may prevent them from adapting quickly or asking novel questions.,(d) Manually created cells cannot be differentiated into specific tissue types.,"(a) Automated systems can reprogram cells without using viruses, making them safer.",(d) It can perfectly reconstruct the damaged tissue after the disease has progressed.,(d) Confirm that all diseases are caused by multiple cell types.,(a) To suggest that stem cell research will eventually become a routine and accepted medical tool.,(b) To protect valuable intellectual property from competing pharmaceutical companies.,(d) By proving the drug was completely safe for all genetic subtypes.,(c) To create a new group of patients who would not experience arthritis.,,,,,7,,7,20
28/11/2025 11:45,28/11/2025 12:00,IP Address,100,944,TRUE,28/11/2025 12:00,R_8fV6B9EIplMUwA3,anonymous,EN,1,66682215a0ceedec14b62fe6,,,,,,,,,,,,,,,,,,,,,4.953,903.581,905.05,2,0,,0,0
28/11/2025 12:32,28/11/2025 12:55,IP Address,100,1408,TRUE,28/11/2025 12:55,R_8syU6VqF7dXLSCu,anonymous,EN,1,67d7de6a1dfb7a9e45d11308,(b) iPSCs contain the specific genetic makeup of the patient with the heart condition.,(a) It allows for the creation of motor neurons that are genetically identical to the patient's.,(b) The interaction between motor neurons and other cell types contributing to the disease.,(a) Statements 1 and 2,(b) The over-reliance on animal models that do not accurately predict human responses.,"(a) It would eliminate the need for clinical trials, reducing the timeline to under five years.",(b) The drug's efficacy and safety could vary due to the patient's different genetic makeup.,(a) A drug being effective for one person but causing harmful side effects in another.,(a) To ensure a representative model of the human population for drug testing.,(b) Does this drug cause liver damage in individuals with a specific genetic marker?,(b) They are less constrained by the profit motives and bureaucracy of large organizations.,(d) They are unable to secure the necessary patents for new discoveries,(a) The process is not scalable and introduces variability between cell lines.,"(c) Manual creation would be too slow and inconsistent to produce reliable, comparable lines at scale.","(a) It provides a recording of the events leading up to the ""crash"" or disease state.",(b) Reveal the fundamental cellular interactions underlying a disease.,(d) To highlight that both fields rely on the same laboratory techniques and equipment.,(c) To advance critical research without political and financial interference.,(d) By proving the drug was completely safe for all genetic subtypes.,(b) To re-screen the drug on diverse liver cell models for a potential new use.,,,,,15,,15,20
28/11/2025 12:05,28/11/2025 13:00,IP Address,100,3267,TRUE,28/11/2025 13:00,R_8tCZimAQ37SU83Q,anonymous,EN,0.200000003,605ab9d5c01d0b0fc69930c5,,,,,,,,,,,,,,,,,,,,,0,0,898.754,0,0,,0,0
28/11/2025 15:49,28/11/2025 16:26,IP Address,100,2241,TRUE,28/11/2025 16:26,R_8wdwf12Pw8uwV20,anonymous,EN,0.899999976,672cf6205a2ec818a3f9a822,(b) iPSCs contain the specific genetic makeup of the patient with the heart condition.,(d) It proves that skin cells and motor neurons share the same biological function.,(b) The interaction between motor neurons and other cell types contributing to the disease.,(a) Statements 1 and 2,(b) The over-reliance on animal models that do not accurately predict human responses.,(d) It would increase the failure rate by revealing more potential side effects.,(d) The drug was likely not tested on embryonic stem cells from that population.,(a) A drug being effective for one person but causing harmful side effects in another.,(d) To allow any person to have their own personal stem cell line for therapy.,(b) Does this drug cause liver damage in individuals with a specific genetic marker?,(c) They operate under different government regulations than academic labs.,(c) Their established structures may prevent them from adapting quickly or asking novel questions.,(a) The process is not scalable and introduces variability between cell lines.,(d) Automated systems can source skin cells from donors around the world.,"(a) It provides a recording of the events leading up to the ""crash"" or disease state.",(c) Eliminate the need for animal testing in all medical research.,(a) To suggest that stem cell research will eventually become a routine and accepted medical tool.,(c) To advance critical research without political and financial interference.,"(c) By creating a new, safer version of Vioxx using genetic engineering.",(b) To re-screen the drug on diverse liver cell models for a potential new use.,,,,,11,,11,20
28/11/2025 16:56,28/11/2025 17:12,IP Address,100,953,TRUE,28/11/2025 17:12,R_2f3XNn8QrKnDHjg,anonymous,EN,1,68138b62cc045bd133cfcf6b,,,,,,,,,,,,,,,,,,,,,414.242,613.799,917.783,2,0,,0,0
28/11/2025 17:20,28/11/2025 17:32,IP Address,100,689,TRUE,28/11/2025 17:32,R_2w4yqurzxVc2BJv,anonymous,EN,0.800000012,64ff8f28eb8d29f0814080fa,(b) iPSCs contain the specific genetic makeup of the patient with the heart condition.,(a) It allows for the creation of motor neurons that are genetically identical to the patient's.,(b) The interaction between motor neurons and other cell types contributing to the disease.,"(b) Statements 1, 2, and 3",(b) The over-reliance on animal models that do not accurately predict human responses.,"(b) It would identify failing drugs earlier, reducing the $4 billion sunk cost per success.",(b) The drug's efficacy and safety could vary due to the patient's different genetic makeup.,(a) A drug being effective for one person but causing harmful side effects in another.,(a) To ensure a representative model of the human population for drug testing.,(c) Can this drug be manufactured cheaply and distributed globally?,(d) They exclusively hire scientists who have worked in both academia and industry.,(c) Their established structures may prevent them from adapting quickly or asking novel questions.,(a) The process is not scalable and introduces variability between cell lines.,"(c) Manual creation would be too slow and inconsistent to produce reliable, comparable lines at scale.","(a) It provides a recording of the events leading up to the ""crash"" or disease state.",(b) Reveal the fundamental cellular interactions underlying a disease.,(a) To suggest that stem cell research will eventually become a routine and accepted medical tool.,(c) To advance critical research without political and financial interference.,(a) By allowing the drug to be tested on diverse cardiac cells before human trials.,(b) To re-screen the drug on diverse liver cell models for a potential new use.,,,,,18,,18,20
28/11/2025 17:41,28/11/2025 17:57,IP Address,100,927,TRUE,28/11/2025 17:57,R_2Vx1XhDXSBtInEd,anonymous,EN,1,66b5172c8f0bd3b23ce66c22,,,,,,,,,,,,,,,,,,,,,0,0,899.435,0,0,,0,0
28/11/2025 18:14,28/11/2025 18:30,IP Address,100,934,TRUE,28/11/2025 18:30,R_2D0wK9e9W3uteVq,anonymous,EN,1,5cfbf333ac28dd00196e807b,,,,,,,,,,,,,,,,,,,,,30.283,116.328,902.542,2,0,,0,0