StartDate,EndDate,Status,Progress,Duration (in seconds),Finished,RecordedDate,ResponseId,DistributionChannel,UserLanguage,Q_RecaptchaScore,Consent form,Prolific ID,Age,Gender ,Instructions check,Timing_First Click,Timing_Last Click,Timing_Page Submit,Timing_Click Count,Prior knowledge_1,PROLIFIC_PID
Start Date,End Date,Response Type,Progress,Duration (in seconds),Finished,Recorded Date,Response ID,Distribution Channel,User Language,Q_RecaptchaScore,"CONSENT FORM FOR ADULTS IN ONLINE RESEARCH STUDIES



Please complete this form after you have read the Information Sheet.



____________________________________________________________________________

Title of Study: 

Learning, Memory, and Cognition ____________________________________________________________________________

Department:

Experimental Psychology ____________________________________________________________________________

Name and Contact Details of the Principal Researcher: 

Prof David Shanks

Dept of Experimental Psychology, UCL

26 Bedford Way, London WC1H 0AP

d.shanks@ucl.ac.uk

____________________________________________________________________________

Name and Contact Details of the UCL Data Protection Officer: 

data-protection@ucl.ac.uk

____________________________________________________________________________

This study has been approved by the UCL Research Ethics Committee: Project ID number: 

0334

____________________________________________________________________________



Thank you for considering taking part in this research. If you have any questions arising from the Information Sheet, please contact the researcher before you decide whether to participate.



I confirm that I understand that by ticking/initialling each box below I am consenting to this element of the study. I understand that it will be assumed that unticked/initialled boxes means that I DO NOT consent to that part of the study. I understand that by not giving consent for any one element that I may be deemed ineligible for the study.","Please provide your Prolific ID

Please note that this response should auto-fill with the correct ID.",What is your age?,What is your gender?,I have read and understood the above instructions,Timing - First Click,Timing - Last Click,Timing - Page Submit,Timing - Click Count,Please answer the following question: - How well did you know the information in the video prior to watching it?,PROLIFIC_PID
"{""ImportId"":""startDate"",""timeZone"":""Europe/London""}","{""ImportId"":""endDate"",""timeZone"":""Europe/London""}","{""ImportId"":""status""}","{""ImportId"":""progress""}","{""ImportId"":""duration""}","{""ImportId"":""finished""}","{""ImportId"":""recordedDate"",""timeZone"":""Europe/London""}","{""ImportId"":""_recordId""}","{""ImportId"":""distributionChannel""}","{""ImportId"":""userLanguage""}","{""ImportId"":""Q_RecaptchaScore""}","{""ImportId"":""QID2""}","{""ImportId"":""QID157_TEXT""}","{""ImportId"":""QID179_TEXT""}","{""ImportId"":""QID180""}","{""ImportId"":""QID18""}","{""ImportId"":""QID299_FIRST_CLICK""}","{""ImportId"":""QID299_LAST_CLICK""}","{""ImportId"":""QID299_PAGE_SUBMIT""}","{""ImportId"":""QID299_CLICK_COUNT""}","{""ImportId"":""QID1218955739_1""}","{""ImportId"":""PROLIFIC_PID""}"
19/11/2025 08:30,19/11/2025 08:46,IP Address,100,975,TRUE,19/11/2025 08:46,R_8ItnJGcd3tLs7gc,anonymous,EN,1,"I have read the information sheet and understand I can email the researchers with any questions.,I understand that my personal information (e.g., my age, gender, and information about my language background) will be used for the purposes of this study, which have been explained to me.,I consent to the processing of my personal information for the purposes of this study, and I understand that any such information will be treated as strictly confidential and handled in accordance with the provisions of the Data Protection Act 2018.,I understand that the information I provide may be published as a report and I will be sent a copy if I wish. Confidentiality and anonymity will be maintained, and it will not be possible to identify me in any publications.,I understand that my anonymised research data may be shared in accordance with open science guidelines (no one will be able to identify me if these data are shared).,I understand that I am free to withdraw from the study without penalty if I so wish.,I am over the age of 18.,I consent to take part in this study.",63ea46ac57c552d3b4ff83bc,27,Male,Yes,0,0,903.001,0,5,
19/11/2025 08:30,19/11/2025 08:46,IP Address,100,959,TRUE,19/11/2025 08:46,R_8QtYXwhOdadJ5We,anonymous,EN,1,"I have read the information sheet and understand I can email the researchers with any questions.,I understand that my personal information (e.g., my age, gender, and information about my language background) will be used for the purposes of this study, which have been explained to me.,I consent to the processing of my personal information for the purposes of this study, and I understand that any such information will be treated as strictly confidential and handled in accordance with the provisions of the Data Protection Act 2018.,I understand that the information I provide may be published as a report and I will be sent a copy if I wish. Confidentiality and anonymity will be maintained, and it will not be possible to identify me in any publications.,I understand that my anonymised research data may be shared in accordance with open science guidelines (no one will be able to identify me if these data are shared).,I understand that I am free to withdraw from the study without penalty if I so wish.,I am over the age of 18.,I consent to take part in this study.",6658c4239af9537eefdfbcc9,33,Female,Yes,603.938,603.938,905.961,1,1,
19/11/2025 08:30,19/11/2025 08:47,IP Address,100,993,TRUE,19/11/2025 08:47,R_2qBOLCQ4xivbjkk,anonymous,EN,1,"I have read the information sheet and understand I can email the researchers with any questions.,I understand that my personal information (e.g., my age, gender, and information about my language background) will be used for the purposes of this study, which have been explained to me.,I consent to the processing of my personal information for the purposes of this study, and I understand that any such information will be treated as strictly confidential and handled in accordance with the provisions of the Data Protection Act 2018.,I understand that the information I provide may be published as a report and I will be sent a copy if I wish. Confidentiality and anonymity will be maintained, and it will not be possible to identify me in any publications.,I understand that my anonymised research data may be shared in accordance with open science guidelines (no one will be able to identify me if these data are shared).,I understand that I am free to withdraw from the study without penalty if I so wish.,I am over the age of 18.,I consent to take part in this study.",5c60501d767686000100150c,58,Female,Yes,0,0,903.636,0,1,
19/11/2025 08:30,19/11/2025 08:47,IP Address,100,1011,TRUE,19/11/2025 08:47,R_8kn0bObhlz1Lh1n,anonymous,EN,0.200000003,"I have read the information sheet and understand I can email the researchers with any questions.,I understand that my personal information (e.g., my age, gender, and information about my language background) will be used for the purposes of this study, which have been explained to me.,I consent to the processing of my personal information for the purposes of this study, and I understand that any such information will be treated as strictly confidential and handled in accordance with the provisions of the Data Protection Act 2018.,I understand that the information I provide may be published as a report and I will be sent a copy if I wish. Confidentiality and anonymity will be maintained, and it will not be possible to identify me in any publications.,I understand that my anonymised research data may be shared in accordance with open science guidelines (no one will be able to identify me if these data are shared).,I understand that I am free to withdraw from the study without penalty if I so wish.,I am over the age of 18.,I consent to take part in this study.",56b78f11e77ebe000cbefe79,60,Female,Yes,0,0,900.626,0,1,
19/11/2025 08:30,19/11/2025 08:47,IP Address,100,994,TRUE,19/11/2025 08:47,R_8yLJ0vri9oAyF21,anonymous,EN,1,"I have read the information sheet and understand I can email the researchers with any questions.,I understand that my personal information (e.g., my age, gender, and information about my language background) will be used for the purposes of this study, which have been explained to me.,I consent to the processing of my personal information for the purposes of this study, and I understand that any such information will be treated as strictly confidential and handled in accordance with the provisions of the Data Protection Act 2018.,I understand that the information I provide may be published as a report and I will be sent a copy if I wish. Confidentiality and anonymity will be maintained, and it will not be possible to identify me in any publications.,I understand that my anonymised research data may be shared in accordance with open science guidelines (no one will be able to identify me if these data are shared).,I understand that I am free to withdraw from the study without penalty if I so wish.,I am over the age of 18.,I consent to take part in this study.",5e9593f997af0e19c6073957,29,Prefer not to say,Yes,0,0,902.082,0,1,
19/11/2025 08:31,19/11/2025 08:47,IP Address,100,960,TRUE,19/11/2025 08:47,R_2rZokqtYdVxIg8Y,anonymous,EN,1,"I have read the information sheet and understand I can email the researchers with any questions.,I understand that my personal information (e.g., my age, gender, and information about my language background) will be used for the purposes of this study, which have been explained to me.,I consent to the processing of my personal information for the purposes of this study, and I understand that any such information will be treated as strictly confidential and handled in accordance with the provisions of the Data Protection Act 2018.,I understand that the information I provide may be published as a report and I will be sent a copy if I wish. Confidentiality and anonymity will be maintained, and it will not be possible to identify me in any publications.,I understand that my anonymised research data may be shared in accordance with open science guidelines (no one will be able to identify me if these data are shared).,I understand that I am free to withdraw from the study without penalty if I so wish.,I am over the age of 18.,I consent to take part in this study.",6103e1d7b7c388fda60e0bf6,26,Male,Yes,0,0,903.523,0,2,
19/11/2025 08:31,19/11/2025 08:47,IP Address,100,965,TRUE,19/11/2025 08:47,R_27I3sSuG0os77AR,anonymous,EN,1,"I have read the information sheet and understand I can email the researchers with any questions.,I understand that my personal information (e.g., my age, gender, and information about my language background) will be used for the purposes of this study, which have been explained to me.,I consent to the processing of my personal information for the purposes of this study, and I understand that any such information will be treated as strictly confidential and handled in accordance with the provisions of the Data Protection Act 2018.,I understand that the information I provide may be published as a report and I will be sent a copy if I wish. Confidentiality and anonymity will be maintained, and it will not be possible to identify me in any publications.,I understand that my anonymised research data may be shared in accordance with open science guidelines (no one will be able to identify me if these data are shared).,I understand that I am free to withdraw from the study without penalty if I so wish.,I am over the age of 18.,I consent to take part in this study.",6304db4577830d43f42d4d26,28,Male,Yes,0,0,910.716,0,2,
19/11/2025 08:30,19/11/2025 08:47,IP Address,100,1044,TRUE,19/11/2025 08:47,R_8BtkX90hNBvNP1d,anonymous,EN,1,"I have read the information sheet and understand I can email the researchers with any questions.,I understand that my personal information (e.g., my age, gender, and information about my language background) will be used for the purposes of this study, which have been explained to me.,I consent to the processing of my personal information for the purposes of this study, and I understand that any such information will be treated as strictly confidential and handled in accordance with the provisions of the Data Protection Act 2018.,I understand that the information I provide may be published as a report and I will be sent a copy if I wish. Confidentiality and anonymity will be maintained, and it will not be possible to identify me in any publications.,I understand that my anonymised research data may be shared in accordance with open science guidelines (no one will be able to identify me if these data are shared).,I understand that I am free to withdraw from the study without penalty if I so wish.,I am over the age of 18.,I consent to take part in this study.",5e35373e1ddb124e6c306747,49,Female,Yes,0,0,903.607,0,2,
19/11/2025 08:32,19/11/2025 08:48,IP Address,100,944,TRUE,19/11/2025 08:48,R_2E10KxDgh0ovRwR,anonymous,EN,1,"I have read the information sheet and understand I can email the researchers with any questions.,I understand that my personal information (e.g., my age, gender, and information about my language background) will be used for the purposes of this study, which have been explained to me.,I consent to the processing of my personal information for the purposes of this study, and I understand that any such information will be treated as strictly confidential and handled in accordance with the provisions of the Data Protection Act 2018.,I understand that the information I provide may be published as a report and I will be sent a copy if I wish. Confidentiality and anonymity will be maintained, and it will not be possible to identify me in any publications.,I understand that my anonymised research data may be shared in accordance with open science guidelines (no one will be able to identify me if these data are shared).,I understand that I am free to withdraw from the study without penalty if I so wish.,I am over the age of 18.,I consent to take part in this study.",5ee5defbfe74a3000d106f51,33,Male,Yes,0,0,899.183,0,1,
19/11/2025 08:32,19/11/2025 08:48,IP Address,100,964,TRUE,19/11/2025 08:48,R_2QM0lSnU5ehBLOB,anonymous,EN,1,"I have read the information sheet and understand I can email the researchers with any questions.,I understand that my personal information (e.g., my age, gender, and information about my language background) will be used for the purposes of this study, which have been explained to me.,I consent to the processing of my personal information for the purposes of this study, and I understand that any such information will be treated as strictly confidential and handled in accordance with the provisions of the Data Protection Act 2018.,I understand that the information I provide may be published as a report and I will be sent a copy if I wish. Confidentiality and anonymity will be maintained, and it will not be possible to identify me in any publications.,I understand that my anonymised research data may be shared in accordance with open science guidelines (no one will be able to identify me if these data are shared).,I understand that I am free to withdraw from the study without penalty if I so wish.,I am over the age of 18.,I consent to take part in this study.",59ff1a23f2e3460001eda6d5,33,Female,Yes,28.419,29.935,919.662,2,2,
19/11/2025 08:31,19/11/2025 08:48,IP Address,100,1004,TRUE,19/11/2025 08:48,R_2RqG1q2jOtvTJDH,anonymous,EN,0.899999976,"I have read the information sheet and understand I can email the researchers with any questions.,I understand that my personal information (e.g., my age, gender, and information about my language background) will be used for the purposes of this study, which have been explained to me.,I consent to the processing of my personal information for the purposes of this study, and I understand that any such information will be treated as strictly confidential and handled in accordance with the provisions of the Data Protection Act 2018.,I understand that the information I provide may be published as a report and I will be sent a copy if I wish. Confidentiality and anonymity will be maintained, and it will not be possible to identify me in any publications.,I understand that my anonymised research data may be shared in accordance with open science guidelines (no one will be able to identify me if these data are shared).,I understand that I am free to withdraw from the study without penalty if I so wish.,I am over the age of 18.,I consent to take part in this study.",668173a56ae4ada528986b1d,54,Female,Yes,99.796,902.934,903.558,12,1,
19/11/2025 08:32,19/11/2025 08:48,IP Address,100,959,TRUE,19/11/2025 08:48,R_8gw4wLviXV7udI6,anonymous,EN,1,"I have read the information sheet and understand I can email the researchers with any questions.,I understand that my personal information (e.g., my age, gender, and information about my language background) will be used for the purposes of this study, which have been explained to me.,I consent to the processing of my personal information for the purposes of this study, and I understand that any such information will be treated as strictly confidential and handled in accordance with the provisions of the Data Protection Act 2018.,I understand that the information I provide may be published as a report and I will be sent a copy if I wish. Confidentiality and anonymity will be maintained, and it will not be possible to identify me in any publications.,I understand that my anonymised research data may be shared in accordance with open science guidelines (no one will be able to identify me if these data are shared).,I understand that I am free to withdraw from the study without penalty if I so wish.,I am over the age of 18.,I consent to take part in this study.",596155a998cf77000106f8d8,47,Male,Yes,16.279,16.279,909.569,1,2,
19/11/2025 08:30,19/11/2025 08:48,IP Address,100,1061,TRUE,19/11/2025 08:48,R_23DuFFRAzLLsZwR,anonymous,EN,1,"I have read the information sheet and understand I can email the researchers with any questions.,I understand that my personal information (e.g., my age, gender, and information about my language background) will be used for the purposes of this study, which have been explained to me.,I consent to the processing of my personal information for the purposes of this study, and I understand that any such information will be treated as strictly confidential and handled in accordance with the provisions of the Data Protection Act 2018.,I understand that the information I provide may be published as a report and I will be sent a copy if I wish. Confidentiality and anonymity will be maintained, and it will not be possible to identify me in any publications.,I understand that my anonymised research data may be shared in accordance with open science guidelines (no one will be able to identify me if these data are shared).,I understand that I am free to withdraw from the study without penalty if I so wish.,I am over the age of 18.,I consent to take part in this study.",682b3f63d0e2c4eff64fe664,71,Male,Yes,0,0,902.794,0,1,
19/11/2025 08:31,19/11/2025 08:48,IP Address,100,1041,TRUE,19/11/2025 08:48,R_2lsHLcMSjPjaiKs,anonymous,EN,1,"I have read the information sheet and understand I can email the researchers with any questions.,I understand that my personal information (e.g., my age, gender, and information about my language background) will be used for the purposes of this study, which have been explained to me.,I consent to the processing of my personal information for the purposes of this study, and I understand that any such information will be treated as strictly confidential and handled in accordance with the provisions of the Data Protection Act 2018.,I understand that the information I provide may be published as a report and I will be sent a copy if I wish. Confidentiality and anonymity will be maintained, and it will not be possible to identify me in any publications.,I understand that my anonymised research data may be shared in accordance with open science guidelines (no one will be able to identify me if these data are shared).,I understand that I am free to withdraw from the study without penalty if I so wish.,I am over the age of 18.,I consent to take part in this study.",6695991a6db58bdcd2d1e388,74,Male,Yes,0,0,906.329,0,3,
19/11/2025 08:32,19/11/2025 08:48,IP Address,100,962,TRUE,19/11/2025 08:48,R_2co2zxTNjYE2rT3,anonymous,EN,1,"I have read the information sheet and understand I can email the researchers with any questions.,I understand that my personal information (e.g., my age, gender, and information about my language background) will be used for the purposes of this study, which have been explained to me.,I consent to the processing of my personal information for the purposes of this study, and I understand that any such information will be treated as strictly confidential and handled in accordance with the provisions of the Data Protection Act 2018.,I understand that the information I provide may be published as a report and I will be sent a copy if I wish. Confidentiality and anonymity will be maintained, and it will not be possible to identify me in any publications.,I understand that my anonymised research data may be shared in accordance with open science guidelines (no one will be able to identify me if these data are shared).,I understand that I am free to withdraw from the study without penalty if I so wish.,I am over the age of 18.,I consent to take part in this study.",57c57ea095a3ea00016e5a14,38,Female,Yes,20.744,22.517,902.701,2,1,
19/11/2025 08:31,19/11/2025 08:48,IP Address,100,1017,TRUE,19/11/2025 08:48,R_8rDK1IOg9SA1dAs,anonymous,EN,1,"I have read the information sheet and understand I can email the researchers with any questions.,I understand that my personal information (e.g., my age, gender, and information about my language background) will be used for the purposes of this study, which have been explained to me.,I consent to the processing of my personal information for the purposes of this study, and I understand that any such information will be treated as strictly confidential and handled in accordance with the provisions of the Data Protection Act 2018.,I understand that the information I provide may be published as a report and I will be sent a copy if I wish. Confidentiality and anonymity will be maintained, and it will not be possible to identify me in any publications.,I understand that my anonymised research data may be shared in accordance with open science guidelines (no one will be able to identify me if these data are shared).,I understand that I am free to withdraw from the study without penalty if I so wish.,I am over the age of 18.,I consent to take part in this study.",641384b3dffcf39ec42d3c23,50,Male,Yes,0,0,920.7,0,2,
19/11/2025 08:32,19/11/2025 08:49,IP Address,100,1002,TRUE,19/11/2025 08:49,R_2CHILUFIrWZ5fRH,anonymous,EN,1,"I have read the information sheet and understand I can email the researchers with any questions.,I understand that my personal information (e.g., my age, gender, and information about my language background) will be used for the purposes of this study, which have been explained to me.,I consent to the processing of my personal information for the purposes of this study, and I understand that any such information will be treated as strictly confidential and handled in accordance with the provisions of the Data Protection Act 2018.,I understand that the information I provide may be published as a report and I will be sent a copy if I wish. Confidentiality and anonymity will be maintained, and it will not be possible to identify me in any publications.,I understand that my anonymised research data may be shared in accordance with open science guidelines (no one will be able to identify me if these data are shared).,I understand that I am free to withdraw from the study without penalty if I so wish.,I am over the age of 18.,I consent to take part in this study.",665af670c32544bf63236164,44,Male,Yes,0,0,914.623,0,3,
19/11/2025 08:31,19/11/2025 08:49,IP Address,100,1059,TRUE,19/11/2025 08:49,R_2PIo6GGkld4Zqdb,anonymous,EN,1,"I have read the information sheet and understand I can email the researchers with any questions.,I understand that my personal information (e.g., my age, gender, and information about my language background) will be used for the purposes of this study, which have been explained to me.,I consent to the processing of my personal information for the purposes of this study, and I understand that any such information will be treated as strictly confidential and handled in accordance with the provisions of the Data Protection Act 2018.,I understand that the information I provide may be published as a report and I will be sent a copy if I wish. Confidentiality and anonymity will be maintained, and it will not be possible to identify me in any publications.,I understand that my anonymised research data may be shared in accordance with open science guidelines (no one will be able to identify me if these data are shared).,I understand that I am free to withdraw from the study without penalty if I so wish.,I am over the age of 18.,I consent to take part in this study.",6053e01a6a8e8516ba7d47a7,59,Male,Yes,0,0,902.963,0,1,
19/11/2025 08:31,19/11/2025 08:49,IP Address,100,1092,TRUE,19/11/2025 08:49,R_27892A08KIEQcuG,anonymous,EN,1,"I have read the information sheet and understand I can email the researchers with any questions.,I understand that my personal information (e.g., my age, gender, and information about my language background) will be used for the purposes of this study, which have been explained to me.,I consent to the processing of my personal information for the purposes of this study, and I understand that any such information will be treated as strictly confidential and handled in accordance with the provisions of the Data Protection Act 2018.,I understand that the information I provide may be published as a report and I will be sent a copy if I wish. Confidentiality and anonymity will be maintained, and it will not be possible to identify me in any publications.,I understand that my anonymised research data may be shared in accordance with open science guidelines (no one will be able to identify me if these data are shared).,I understand that I am free to withdraw from the study without penalty if I so wish.,I am over the age of 18.,I consent to take part in this study.",5a6725d4c0d836000107f6e7,54,Male,Yes,899.682,899.682,902.415,1,2,
19/11/2025 08:32,19/11/2025 08:49,IP Address,100,1018,TRUE,19/11/2025 08:49,R_2gzJvBVmDajrJTA,anonymous,EN,1,"I have read the information sheet and understand I can email the researchers with any questions.,I understand that my personal information (e.g., my age, gender, and information about my language background) will be used for the purposes of this study, which have been explained to me.,I consent to the processing of my personal information for the purposes of this study, and I understand that any such information will be treated as strictly confidential and handled in accordance with the provisions of the Data Protection Act 2018.,I understand that the information I provide may be published as a report and I will be sent a copy if I wish. Confidentiality and anonymity will be maintained, and it will not be possible to identify me in any publications.,I understand that my anonymised research data may be shared in accordance with open science guidelines (no one will be able to identify me if these data are shared).,I understand that I am free to withdraw from the study without penalty if I so wish.,I am over the age of 18.,I consent to take part in this study.",5eca536f9aa4f658d641a7d9,55,Female,Yes,25.288,30.471,901.756,2,3,
19/11/2025 08:34,19/11/2025 08:49,IP Address,100,929,TRUE,19/11/2025 08:49,R_8iG87Bi7pNtKd1v,anonymous,EN,1,"I have read the information sheet and understand I can email the researchers with any questions.,I understand that my personal information (e.g., my age, gender, and information about my language background) will be used for the purposes of this study, which have been explained to me.,I consent to the processing of my personal information for the purposes of this study, and I understand that any such information will be treated as strictly confidential and handled in accordance with the provisions of the Data Protection Act 2018.,I understand that the information I provide may be published as a report and I will be sent a copy if I wish. Confidentiality and anonymity will be maintained, and it will not be possible to identify me in any publications.,I understand that my anonymised research data may be shared in accordance with open science guidelines (no one will be able to identify me if these data are shared).,I understand that I am free to withdraw from the study without penalty if I so wish.,I am over the age of 18.,I consent to take part in this study.",5970ccd08df9300001dab39d,31,Female,Yes,3.092,399.788,900.136,2,2,
19/11/2025 08:32,19/11/2025 08:49,IP Address,100,1052,TRUE,19/11/2025 08:49,R_2QCcfl1d9fHYPtf,anonymous,EN,1,"I have read the information sheet and understand I can email the researchers with any questions.,I understand that my personal information (e.g., my age, gender, and information about my language background) will be used for the purposes of this study, which have been explained to me.,I consent to the processing of my personal information for the purposes of this study, and I understand that any such information will be treated as strictly confidential and handled in accordance with the provisions of the Data Protection Act 2018.,I understand that the information I provide may be published as a report and I will be sent a copy if I wish. Confidentiality and anonymity will be maintained, and it will not be possible to identify me in any publications.,I understand that my anonymised research data may be shared in accordance with open science guidelines (no one will be able to identify me if these data are shared).,I understand that I am free to withdraw from the study without penalty if I so wish.,I am over the age of 18.,I consent to take part in this study.",60ed501279c68ea1a313d0aa,61,Female,Yes,3.259,904.552,906.166,2,1,
19/11/2025 08:32,19/11/2025 08:50,IP Address,100,1036,TRUE,19/11/2025 08:50,R_8q7Och8Aku4Tzw7,anonymous,EN,1,"I have read the information sheet and understand I can email the researchers with any questions.,I understand that my personal information (e.g., my age, gender, and information about my language background) will be used for the purposes of this study, which have been explained to me.,I consent to the processing of my personal information for the purposes of this study, and I understand that any such information will be treated as strictly confidential and handled in accordance with the provisions of the Data Protection Act 2018.,I understand that the information I provide may be published as a report and I will be sent a copy if I wish. Confidentiality and anonymity will be maintained, and it will not be possible to identify me in any publications.,I understand that my anonymised research data may be shared in accordance with open science guidelines (no one will be able to identify me if these data are shared).,I understand that I am free to withdraw from the study without penalty if I so wish.,I am over the age of 18.,I consent to take part in this study.",678d2c14b4c8f25bad8614a0,44,Male,Yes,0,0,901.448,0,2,
19/11/2025 08:33,19/11/2025 08:50,IP Address,100,1011,TRUE,19/11/2025 08:50,R_83vDvwitK2mieQd,anonymous,EN,0.899999976,"I have read the information sheet and understand I can email the researchers with any questions.,I understand that my personal information (e.g., my age, gender, and information about my language background) will be used for the purposes of this study, which have been explained to me.,I consent to the processing of my personal information for the purposes of this study, and I understand that any such information will be treated as strictly confidential and handled in accordance with the provisions of the Data Protection Act 2018.,I understand that the information I provide may be published as a report and I will be sent a copy if I wish. Confidentiality and anonymity will be maintained, and it will not be possible to identify me in any publications.,I understand that my anonymised research data may be shared in accordance with open science guidelines (no one will be able to identify me if these data are shared).,I understand that I am free to withdraw from the study without penalty if I so wish.,I am over the age of 18.,I consent to take part in this study.",653bc92a11da9d70e7ad81c3,41,Female,Yes,101.981,902.179,903.606,9,2,
19/11/2025 08:34,19/11/2025 08:50,IP Address,100,972,TRUE,19/11/2025 08:50,R_8TWZoKXHd3XQLvX,anonymous,EN,1,"I have read the information sheet and understand I can email the researchers with any questions.,I understand that my personal information (e.g., my age, gender, and information about my language background) will be used for the purposes of this study, which have been explained to me.,I consent to the processing of my personal information for the purposes of this study, and I understand that any such information will be treated as strictly confidential and handled in accordance with the provisions of the Data Protection Act 2018.,I understand that the information I provide may be published as a report and I will be sent a copy if I wish. Confidentiality and anonymity will be maintained, and it will not be possible to identify me in any publications.,I understand that my anonymised research data may be shared in accordance with open science guidelines (no one will be able to identify me if these data are shared).,I understand that I am free to withdraw from the study without penalty if I so wish.,I am over the age of 18.,I consent to take part in this study.",67c5d7d4bfda0ffd6d9a5ef8,55,Male,Yes,0,0,901.3,0,1,
19/11/2025 08:33,19/11/2025 08:50,IP Address,100,1024,TRUE,19/11/2025 08:50,R_8P4ULeu2aOBiEH0,anonymous,EN,0.899999976,"I have read the information sheet and understand I can email the researchers with any questions.,I understand that my personal information (e.g., my age, gender, and information about my language background) will be used for the purposes of this study, which have been explained to me.,I consent to the processing of my personal information for the purposes of this study, and I understand that any such information will be treated as strictly confidential and handled in accordance with the provisions of the Data Protection Act 2018.,I understand that the information I provide may be published as a report and I will be sent a copy if I wish. Confidentiality and anonymity will be maintained, and it will not be possible to identify me in any publications.,I understand that my anonymised research data may be shared in accordance with open science guidelines (no one will be able to identify me if these data are shared).,I understand that I am free to withdraw from the study without penalty if I so wish.,I am over the age of 18.,I consent to take part in this study.",5f61023f891bb903b975dbee,41,Female,Yes,895.831,895.831,900.049,1,1,
19/11/2025 08:32,19/11/2025 08:50,IP Address,100,1055,TRUE,19/11/2025 08:50,R_2ToqAp369oqlhW9,anonymous,EN,1,"I have read the information sheet and understand I can email the researchers with any questions.,I understand that my personal information (e.g., my age, gender, and information about my language background) will be used for the purposes of this study, which have been explained to me.,I consent to the processing of my personal information for the purposes of this study, and I understand that any such information will be treated as strictly confidential and handled in accordance with the provisions of the Data Protection Act 2018.,I understand that the information I provide may be published as a report and I will be sent a copy if I wish. Confidentiality and anonymity will be maintained, and it will not be possible to identify me in any publications.,I understand that my anonymised research data may be shared in accordance with open science guidelines (no one will be able to identify me if these data are shared).,I understand that I am free to withdraw from the study without penalty if I so wish.,I am over the age of 18.,I consent to take part in this study.",67665f7b0329bd3e30515ad2,35,Male,Yes,0,0,920.409,0,1,
19/11/2025 08:32,19/11/2025 08:50,IP Address,100,1088,TRUE,19/11/2025 08:50,R_2DOKEsDHzCZ7Jak,anonymous,EN,1,"I have read the information sheet and understand I can email the researchers with any questions.,I understand that my personal information (e.g., my age, gender, and information about my language background) will be used for the purposes of this study, which have been explained to me.,I consent to the processing of my personal information for the purposes of this study, and I understand that any such information will be treated as strictly confidential and handled in accordance with the provisions of the Data Protection Act 2018.,I understand that the information I provide may be published as a report and I will be sent a copy if I wish. Confidentiality and anonymity will be maintained, and it will not be possible to identify me in any publications.,I understand that my anonymised research data may be shared in accordance with open science guidelines (no one will be able to identify me if these data are shared).,I understand that I am free to withdraw from the study without penalty if I so wish.,I am over the age of 18.,I consent to take part in this study.",6710a58eeff954cb2243950e,54,Female,Yes,264.472,286.153,905.599,2,1,
19/11/2025 08:30,19/11/2025 08:50,IP Address,100,1215,TRUE,19/11/2025 08:50,R_2KB4WFsZPDsrYOZ,anonymous,EN,0.899999976,"I have read the information sheet and understand I can email the researchers with any questions.,I understand that my personal information (e.g., my age, gender, and information about my language background) will be used for the purposes of this study, which have been explained to me.,I consent to the processing of my personal information for the purposes of this study, and I understand that any such information will be treated as strictly confidential and handled in accordance with the provisions of the Data Protection Act 2018.,I understand that the information I provide may be published as a report and I will be sent a copy if I wish. Confidentiality and anonymity will be maintained, and it will not be possible to identify me in any publications.,I understand that my anonymised research data may be shared in accordance with open science guidelines (no one will be able to identify me if these data are shared).,I understand that I am free to withdraw from the study without penalty if I so wish.,I am over the age of 18.,I consent to take part in this study.",5baa21188a01680001ff1a6f,53,Female,Yes,5.42,907.485,908.997,2,2,
19/11/2025 08:32,19/11/2025 08:50,IP Address,100,1089,TRUE,19/11/2025 08:50,R_2y4cPbvCGTXeqSR,anonymous,EN,0.699999988,"I have read the information sheet and understand I can email the researchers with any questions.,I understand that my personal information (e.g., my age, gender, and information about my language background) will be used for the purposes of this study, which have been explained to me.,I consent to the processing of my personal information for the purposes of this study, and I understand that any such information will be treated as strictly confidential and handled in accordance with the provisions of the Data Protection Act 2018.,I understand that the information I provide may be published as a report and I will be sent a copy if I wish. Confidentiality and anonymity will be maintained, and it will not be possible to identify me in any publications.,I understand that my anonymised research data may be shared in accordance with open science guidelines (no one will be able to identify me if these data are shared).,I understand that I am free to withdraw from the study without penalty if I so wish.,I am over the age of 18.,I consent to take part in this study.",5e6a923f59a3bd04d5edc606,37,Female,Yes,3.36,905.951,906.89,5,5,
19/11/2025 08:33,19/11/2025 08:50,IP Address,100,1041,TRUE,19/11/2025 08:50,R_8Vz0T94I4nimNLP,anonymous,EN,1,"I have read the information sheet and understand I can email the researchers with any questions.,I understand that my personal information (e.g., my age, gender, and information about my language background) will be used for the purposes of this study, which have been explained to me.,I consent to the processing of my personal information for the purposes of this study, and I understand that any such information will be treated as strictly confidential and handled in accordance with the provisions of the Data Protection Act 2018.,I understand that the information I provide may be published as a report and I will be sent a copy if I wish. Confidentiality and anonymity will be maintained, and it will not be possible to identify me in any publications.,I understand that my anonymised research data may be shared in accordance with open science guidelines (no one will be able to identify me if these data are shared).,I understand that I am free to withdraw from the study without penalty if I so wish.,I am over the age of 18.,I consent to take part in this study.",58106d17a513590001b1ec9e,65,Male,Yes,891.548,904.676,905.987,2,1,
19/11/2025 08:31,19/11/2025 08:50,IP Address,100,1169,TRUE,19/11/2025 08:50,R_2LaMMTMz7K0eJAl,anonymous,EN,0.899999976,"I have read the information sheet and understand I can email the researchers with any questions.,I understand that my personal information (e.g., my age, gender, and information about my language background) will be used for the purposes of this study, which have been explained to me.,I consent to the processing of my personal information for the purposes of this study, and I understand that any such information will be treated as strictly confidential and handled in accordance with the provisions of the Data Protection Act 2018.,I understand that the information I provide may be published as a report and I will be sent a copy if I wish. Confidentiality and anonymity will be maintained, and it will not be possible to identify me in any publications.,I understand that my anonymised research data may be shared in accordance with open science guidelines (no one will be able to identify me if these data are shared).,I understand that I am free to withdraw from the study without penalty if I so wish.,I am over the age of 18.,I consent to take part in this study.",677723f5cb416c3806aaf069@auth.prolific.com,35,Female,Yes,55.622,357.599,1099.707,2,2,
19/11/2025 08:33,19/11/2025 08:50,IP Address,100,1042,TRUE,19/11/2025 08:50,R_8EbRoqjcpuibmPg,anonymous,EN,1,"I have read the information sheet and understand I can email the researchers with any questions.,I understand that my personal information (e.g., my age, gender, and information about my language background) will be used for the purposes of this study, which have been explained to me.,I consent to the processing of my personal information for the purposes of this study, and I understand that any such information will be treated as strictly confidential and handled in accordance with the provisions of the Data Protection Act 2018.,I understand that the information I provide may be published as a report and I will be sent a copy if I wish. Confidentiality and anonymity will be maintained, and it will not be possible to identify me in any publications.,I understand that my anonymised research data may be shared in accordance with open science guidelines (no one will be able to identify me if these data are shared).,I understand that I am free to withdraw from the study without penalty if I so wish.,I am over the age of 18.,I consent to take part in this study.",5e19b24b2bf9512392d6dd90,61,Female,Yes,0,0,906.6,0,1,
19/11/2025 08:34,19/11/2025 08:51,IP Address,100,1008,TRUE,19/11/2025 08:51,R_2n4KNowTmUJVRfj,anonymous,EN,1,"I have read the information sheet and understand I can email the researchers with any questions.,I understand that my personal information (e.g., my age, gender, and information about my language background) will be used for the purposes of this study, which have been explained to me.,I consent to the processing of my personal information for the purposes of this study, and I understand that any such information will be treated as strictly confidential and handled in accordance with the provisions of the Data Protection Act 2018.,I understand that the information I provide may be published as a report and I will be sent a copy if I wish. Confidentiality and anonymity will be maintained, and it will not be possible to identify me in any publications.,I understand that my anonymised research data may be shared in accordance with open science guidelines (no one will be able to identify me if these data are shared).,I understand that I am free to withdraw from the study without penalty if I so wish.,I am over the age of 18.,I consent to take part in this study.",5c88cfc680858000011363df,42,Female,Yes,153.606,914.851,916.048,5,3,
19/11/2025 08:33,19/11/2025 08:51,IP Address,100,1056,TRUE,19/11/2025 08:51,R_2xgbwa55mJpxqWR,anonymous,EN,1,"I have read the information sheet and understand I can email the researchers with any questions.,I understand that my personal information (e.g., my age, gender, and information about my language background) will be used for the purposes of this study, which have been explained to me.,I consent to the processing of my personal information for the purposes of this study, and I understand that any such information will be treated as strictly confidential and handled in accordance with the provisions of the Data Protection Act 2018.,I understand that the information I provide may be published as a report and I will be sent a copy if I wish. Confidentiality and anonymity will be maintained, and it will not be possible to identify me in any publications.,I understand that my anonymised research data may be shared in accordance with open science guidelines (no one will be able to identify me if these data are shared).,I understand that I am free to withdraw from the study without penalty if I so wish.,I am over the age of 18.,I consent to take part in this study.",6783ebc2e89b75d66d952f41,58,Male,Yes,7.988,989.125,992.202,2,2,
19/11/2025 08:32,19/11/2025 08:51,IP Address,100,1146,TRUE,19/11/2025 08:51,R_20MzmrPKRuUOvjg,anonymous,EN,1,"I have read the information sheet and understand I can email the researchers with any questions.,I understand that my personal information (e.g., my age, gender, and information about my language background) will be used for the purposes of this study, which have been explained to me.,I consent to the processing of my personal information for the purposes of this study, and I understand that any such information will be treated as strictly confidential and handled in accordance with the provisions of the Data Protection Act 2018.,I understand that the information I provide may be published as a report and I will be sent a copy if I wish. Confidentiality and anonymity will be maintained, and it will not be possible to identify me in any publications.,I understand that my anonymised research data may be shared in accordance with open science guidelines (no one will be able to identify me if these data are shared).,I understand that I am free to withdraw from the study without penalty if I so wish.,I am over the age of 18.,I consent to take part in this study.",5d8b66f5d189bd001a378273,47,Female,Yes,229.203,229.203,903.143,1,1,
19/11/2025 08:34,19/11/2025 08:51,IP Address,100,992,TRUE,19/11/2025 08:51,R_2sQHR13ao1rRias,anonymous,EN,1,"I have read the information sheet and understand I can email the researchers with any questions.,I understand that my personal information (e.g., my age, gender, and information about my language background) will be used for the purposes of this study, which have been explained to me.,I consent to the processing of my personal information for the purposes of this study, and I understand that any such information will be treated as strictly confidential and handled in accordance with the provisions of the Data Protection Act 2018.,I understand that the information I provide may be published as a report and I will be sent a copy if I wish. Confidentiality and anonymity will be maintained, and it will not be possible to identify me in any publications.,I understand that my anonymised research data may be shared in accordance with open science guidelines (no one will be able to identify me if these data are shared).,I understand that I am free to withdraw from the study without penalty if I so wish.,I am over the age of 18.,I consent to take part in this study.",651c1d7524852e9f9d614ce3,53,Male,Yes,581.01,581.01,901.101,1,1,
19/11/2025 08:33,19/11/2025 08:51,IP Address,100,1063,TRUE,19/11/2025 08:51,R_8CNMttXJNBezlW4,anonymous,EN,1,"I have read the information sheet and understand I can email the researchers with any questions.,I understand that my personal information (e.g., my age, gender, and information about my language background) will be used for the purposes of this study, which have been explained to me.,I consent to the processing of my personal information for the purposes of this study, and I understand that any such information will be treated as strictly confidential and handled in accordance with the provisions of the Data Protection Act 2018.,I understand that the information I provide may be published as a report and I will be sent a copy if I wish. Confidentiality and anonymity will be maintained, and it will not be possible to identify me in any publications.,I understand that my anonymised research data may be shared in accordance with open science guidelines (no one will be able to identify me if these data are shared).,I understand that I am free to withdraw from the study without penalty if I so wish.,I am over the age of 18.,I consent to take part in this study.",648978eef0a4e73b67c9c153,68,Female,Yes,27.609,911.365,913.737,3,2,
19/11/2025 08:36,19/11/2025 08:51,IP Address,100,939,TRUE,19/11/2025 08:51,R_8R7RqTBxoK7PQMr,anonymous,EN,1,"I have read the information sheet and understand I can email the researchers with any questions.,I understand that my personal information (e.g., my age, gender, and information about my language background) will be used for the purposes of this study, which have been explained to me.,I consent to the processing of my personal information for the purposes of this study, and I understand that any such information will be treated as strictly confidential and handled in accordance with the provisions of the Data Protection Act 2018.,I understand that the information I provide may be published as a report and I will be sent a copy if I wish. Confidentiality and anonymity will be maintained, and it will not be possible to identify me in any publications.,I understand that my anonymised research data may be shared in accordance with open science guidelines (no one will be able to identify me if these data are shared).,I understand that I am free to withdraw from the study without penalty if I so wish.,I am over the age of 18.,I consent to take part in this study.",66cb2e0bd2169db778550269,25,Male,Yes,9.583,886.719,899.219,7,2,
19/11/2025 08:33,19/11/2025 08:51,IP Address,100,1100,TRUE,19/11/2025 08:51,R_8qaI80TGqqUWTec,anonymous,EN,1,"I have read the information sheet and understand I can email the researchers with any questions.,I understand that my personal information (e.g., my age, gender, and information about my language background) will be used for the purposes of this study, which have been explained to me.,I consent to the processing of my personal information for the purposes of this study, and I understand that any such information will be treated as strictly confidential and handled in accordance with the provisions of the Data Protection Act 2018.,I understand that the information I provide may be published as a report and I will be sent a copy if I wish. Confidentiality and anonymity will be maintained, and it will not be possible to identify me in any publications.,I understand that my anonymised research data may be shared in accordance with open science guidelines (no one will be able to identify me if these data are shared).,I understand that I am free to withdraw from the study without penalty if I so wish.,I am over the age of 18.,I consent to take part in this study.",5ead58cf86ea9b025ef6c153,69,Male,Yes,0,0,937.466,0,1,
19/11/2025 08:33,19/11/2025 08:51,IP Address,100,1090,TRUE,19/11/2025 08:51,R_2lueTN9MwiYECjc,anonymous,EN,0.100000001,"I have read the information sheet and understand I can email the researchers with any questions.,I understand that my personal information (e.g., my age, gender, and information about my language background) will be used for the purposes of this study, which have been explained to me.,I consent to the processing of my personal information for the purposes of this study, and I understand that any such information will be treated as strictly confidential and handled in accordance with the provisions of the Data Protection Act 2018.,I understand that the information I provide may be published as a report and I will be sent a copy if I wish. Confidentiality and anonymity will be maintained, and it will not be possible to identify me in any publications.,I understand that my anonymised research data may be shared in accordance with open science guidelines (no one will be able to identify me if these data are shared).,I understand that I am free to withdraw from the study without penalty if I so wish.,I am over the age of 18.,I consent to take part in this study.",6637ab2fc7718b737f6c33c0,36,Male,Yes,0,0,915.468,0,1,
19/11/2025 08:34,19/11/2025 08:52,IP Address,100,1046,TRUE,19/11/2025 08:52,R_8fNSaj6X9jvFQDz,anonymous,EN,1,"I have read the information sheet and understand I can email the researchers with any questions.,I understand that my personal information (e.g., my age, gender, and information about my language background) will be used for the purposes of this study, which have been explained to me.,I consent to the processing of my personal information for the purposes of this study, and I understand that any such information will be treated as strictly confidential and handled in accordance with the provisions of the Data Protection Act 2018.,I understand that the information I provide may be published as a report and I will be sent a copy if I wish. Confidentiality and anonymity will be maintained, and it will not be possible to identify me in any publications.,I understand that my anonymised research data may be shared in accordance with open science guidelines (no one will be able to identify me if these data are shared).,I understand that I am free to withdraw from the study without penalty if I so wish.,I am over the age of 18.,I consent to take part in this study.",592a8ee1dd1a250001b4ee72,74,Female,Yes,53.428,922.355,923.774,3,1,
19/11/2025 08:35,19/11/2025 08:52,IP Address,100,983,TRUE,19/11/2025 08:52,R_8DCOIjsCMQwURFt,anonymous,EN,0.899999976,"I have read the information sheet and understand I can email the researchers with any questions.,I understand that my personal information (e.g., my age, gender, and information about my language background) will be used for the purposes of this study, which have been explained to me.,I consent to the processing of my personal information for the purposes of this study, and I understand that any such information will be treated as strictly confidential and handled in accordance with the provisions of the Data Protection Act 2018.,I understand that the information I provide may be published as a report and I will be sent a copy if I wish. Confidentiality and anonymity will be maintained, and it will not be possible to identify me in any publications.,I understand that my anonymised research data may be shared in accordance with open science guidelines (no one will be able to identify me if these data are shared).,I understand that I am free to withdraw from the study without penalty if I so wish.,I am over the age of 18.,I consent to take part in this study.",55057a56fdf99b5b566a70bb,32,Female,Yes,95.222,878.7,901.724,2,2,
19/11/2025 08:36,19/11/2025 08:53,IP Address,100,993,TRUE,19/11/2025 08:53,R_8PWia1UrEwGFG4p,anonymous,EN,1,"I have read the information sheet and understand I can email the researchers with any questions.,I understand that my personal information (e.g., my age, gender, and information about my language background) will be used for the purposes of this study, which have been explained to me.,I consent to the processing of my personal information for the purposes of this study, and I understand that any such information will be treated as strictly confidential and handled in accordance with the provisions of the Data Protection Act 2018.,I understand that the information I provide may be published as a report and I will be sent a copy if I wish. Confidentiality and anonymity will be maintained, and it will not be possible to identify me in any publications.,I understand that my anonymised research data may be shared in accordance with open science guidelines (no one will be able to identify me if these data are shared).,I understand that I am free to withdraw from the study without penalty if I so wish.,I am over the age of 18.,I consent to take part in this study.",6229dc51dff340226697778e,60,Male,Yes,905.998,905.998,907.08,1,5,
19/11/2025 08:34,19/11/2025 08:53,IP Address,100,1116,TRUE,19/11/2025 08:53,R_8OTlq2j8YGnesDT,anonymous,EN,0.899999976,"I have read the information sheet and understand I can email the researchers with any questions.,I understand that my personal information (e.g., my age, gender, and information about my language background) will be used for the purposes of this study, which have been explained to me.,I consent to the processing of my personal information for the purposes of this study, and I understand that any such information will be treated as strictly confidential and handled in accordance with the provisions of the Data Protection Act 2018.,I understand that the information I provide may be published as a report and I will be sent a copy if I wish. Confidentiality and anonymity will be maintained, and it will not be possible to identify me in any publications.,I understand that my anonymised research data may be shared in accordance with open science guidelines (no one will be able to identify me if these data are shared).,I understand that I am free to withdraw from the study without penalty if I so wish.,I am over the age of 18.,I consent to take part in this study.",6023f94d1951e70ae21770ec,38,Male,Yes,0,0,912.426,0,1,
19/11/2025 08:34,19/11/2025 08:53,IP Address,100,1146,TRUE,19/11/2025 08:53,R_8NBIPOvy6xEC9A5,anonymous,EN,1,"I have read the information sheet and understand I can email the researchers with any questions.,I understand that my personal information (e.g., my age, gender, and information about my language background) will be used for the purposes of this study, which have been explained to me.,I consent to the processing of my personal information for the purposes of this study, and I understand that any such information will be treated as strictly confidential and handled in accordance with the provisions of the Data Protection Act 2018.,I understand that the information I provide may be published as a report and I will be sent a copy if I wish. Confidentiality and anonymity will be maintained, and it will not be possible to identify me in any publications.,I understand that my anonymised research data may be shared in accordance with open science guidelines (no one will be able to identify me if these data are shared).,I understand that I am free to withdraw from the study without penalty if I so wish.,I am over the age of 18.,I consent to take part in this study.",67c8c28fccf665e3c35c44ce,60,Male,Yes,0,0,903.403,0,1,
19/11/2025 08:36,19/11/2025 08:54,IP Address,100,1125,TRUE,19/11/2025 08:54,R_8UzL9pPdduUyu6R,anonymous,EN,1,"I have read the information sheet and understand I can email the researchers with any questions.,I understand that my personal information (e.g., my age, gender, and information about my language background) will be used for the purposes of this study, which have been explained to me.,I consent to the processing of my personal information for the purposes of this study, and I understand that any such information will be treated as strictly confidential and handled in accordance with the provisions of the Data Protection Act 2018.,I understand that the information I provide may be published as a report and I will be sent a copy if I wish. Confidentiality and anonymity will be maintained, and it will not be possible to identify me in any publications.,I understand that my anonymised research data may be shared in accordance with open science guidelines (no one will be able to identify me if these data are shared).,I understand that I am free to withdraw from the study without penalty if I so wish.,I am over the age of 18.,I consent to take part in this study.",6753746b1f8827e2bd586bf0,33,Female,Yes,140.869,909.082,910.663,2,1,
19/11/2025 08:37,19/11/2025 08:55,IP Address,100,1062,TRUE,19/11/2025 08:55,R_22BsdtyKcElqTtL,anonymous,EN,1,"I have read the information sheet and understand I can email the researchers with any questions.,I understand that my personal information (e.g., my age, gender, and information about my language background) will be used for the purposes of this study, which have been explained to me.,I consent to the processing of my personal information for the purposes of this study, and I understand that any such information will be treated as strictly confidential and handled in accordance with the provisions of the Data Protection Act 2018.,I understand that the information I provide may be published as a report and I will be sent a copy if I wish. Confidentiality and anonymity will be maintained, and it will not be possible to identify me in any publications.,I understand that my anonymised research data may be shared in accordance with open science guidelines (no one will be able to identify me if these data are shared).,I understand that I am free to withdraw from the study without penalty if I so wish.,I am over the age of 18.,I consent to take part in this study.",56aa2ab9402d62000c7096f2,58,Female,Yes,0,0,904.177,0,1,
19/11/2025 08:37,19/11/2025 08:55,IP Address,100,1063,TRUE,19/11/2025 08:55,R_8FDEWNw92XmuQQp,anonymous,EN,1,"I have read the information sheet and understand I can email the researchers with any questions.,I understand that my personal information (e.g., my age, gender, and information about my language background) will be used for the purposes of this study, which have been explained to me.,I consent to the processing of my personal information for the purposes of this study, and I understand that any such information will be treated as strictly confidential and handled in accordance with the provisions of the Data Protection Act 2018.,I understand that the information I provide may be published as a report and I will be sent a copy if I wish. Confidentiality and anonymity will be maintained, and it will not be possible to identify me in any publications.,I understand that my anonymised research data may be shared in accordance with open science guidelines (no one will be able to identify me if these data are shared).,I understand that I am free to withdraw from the study without penalty if I so wish.,I am over the age of 18.,I consent to take part in this study.",66faeeeafd0c076eec88cfcb,54,Female,Yes,910.181,910.181,911.09,1,1,
19/11/2025 08:36,19/11/2025 08:55,IP Address,100,1130,TRUE,19/11/2025 08:55,R_8P64kSEIg2F2cWi,anonymous,EN,0.899999976,"I have read the information sheet and understand I can email the researchers with any questions.,I understand that my personal information (e.g., my age, gender, and information about my language background) will be used for the purposes of this study, which have been explained to me.,I consent to the processing of my personal information for the purposes of this study, and I understand that any such information will be treated as strictly confidential and handled in accordance with the provisions of the Data Protection Act 2018.,I understand that the information I provide may be published as a report and I will be sent a copy if I wish. Confidentiality and anonymity will be maintained, and it will not be possible to identify me in any publications.,I understand that my anonymised research data may be shared in accordance with open science guidelines (no one will be able to identify me if these data are shared).,I understand that I am free to withdraw from the study without penalty if I so wish.,I am over the age of 18.,I consent to take part in this study.",669a80310e64395f4edd70b6,31,Female,Yes,0,0,939.183,0,1,
19/11/2025 08:39,19/11/2025 08:55,IP Address,100,959,TRUE,19/11/2025 08:55,R_84s5oqV2uH9vUch,anonymous,EN,1,"I have read the information sheet and understand I can email the researchers with any questions.,I understand that my personal information (e.g., my age, gender, and information about my language background) will be used for the purposes of this study, which have been explained to me.,I consent to the processing of my personal information for the purposes of this study, and I understand that any such information will be treated as strictly confidential and handled in accordance with the provisions of the Data Protection Act 2018.,I understand that the information I provide may be published as a report and I will be sent a copy if I wish. Confidentiality and anonymity will be maintained, and it will not be possible to identify me in any publications.,I understand that my anonymised research data may be shared in accordance with open science guidelines (no one will be able to identify me if these data are shared).,I understand that I am free to withdraw from the study without penalty if I so wish.,I am over the age of 18.,I consent to take part in this study.",6156fef09d1ab07148870099,48,Female,Yes,0,0,900.398,0,1,
19/11/2025 08:37,19/11/2025 08:56,IP Address,100,1143,TRUE,19/11/2025 08:56,R_8EKmaQEPhaegbxp,anonymous,EN,1,"I have read the information sheet and understand I can email the researchers with any questions.,I understand that my personal information (e.g., my age, gender, and information about my language background) will be used for the purposes of this study, which have been explained to me.,I consent to the processing of my personal information for the purposes of this study, and I understand that any such information will be treated as strictly confidential and handled in accordance with the provisions of the Data Protection Act 2018.,I understand that the information I provide may be published as a report and I will be sent a copy if I wish. Confidentiality and anonymity will be maintained, and it will not be possible to identify me in any publications.,I understand that my anonymised research data may be shared in accordance with open science guidelines (no one will be able to identify me if these data are shared).,I understand that I am free to withdraw from the study without penalty if I so wish.,I am over the age of 18.,I consent to take part in this study.",57bafa6cc308ca00014527c2,58,Female,Yes,0,0,948.258,0,3,
19/11/2025 08:39,19/11/2025 08:56,IP Address,100,989,TRUE,19/11/2025 08:56,R_83xLN6RoK6jem77,anonymous,EN,1,"I have read the information sheet and understand I can email the researchers with any questions.,I understand that my personal information (e.g., my age, gender, and information about my language background) will be used for the purposes of this study, which have been explained to me.,I consent to the processing of my personal information for the purposes of this study, and I understand that any such information will be treated as strictly confidential and handled in accordance with the provisions of the Data Protection Act 2018.,I understand that the information I provide may be published as a report and I will be sent a copy if I wish. Confidentiality and anonymity will be maintained, and it will not be possible to identify me in any publications.,I understand that my anonymised research data may be shared in accordance with open science guidelines (no one will be able to identify me if these data are shared).,I understand that I am free to withdraw from the study without penalty if I so wish.,I am over the age of 18.,I consent to take part in this study.",5a47473899311d0001df550e,42,Female,Yes,925.76,925.76,927.977,1,1,
19/11/2025 08:38,19/11/2025 08:56,IP Address,100,1098,TRUE,19/11/2025 08:56,R_8kUGxTbVFdlG1ni,anonymous,EN,1,"I have read the information sheet and understand I can email the researchers with any questions.,I understand that my personal information (e.g., my age, gender, and information about my language background) will be used for the purposes of this study, which have been explained to me.,I consent to the processing of my personal information for the purposes of this study, and I understand that any such information will be treated as strictly confidential and handled in accordance with the provisions of the Data Protection Act 2018.,I understand that the information I provide may be published as a report and I will be sent a copy if I wish. Confidentiality and anonymity will be maintained, and it will not be possible to identify me in any publications.,I understand that my anonymised research data may be shared in accordance with open science guidelines (no one will be able to identify me if these data are shared).,I understand that I am free to withdraw from the study without penalty if I so wish.,I am over the age of 18.,I consent to take part in this study.",5e3c4d1621c442033da7bcd8,34,Female,Yes,9.374,9.374,907.675,1,2,
19/11/2025 08:39,19/11/2025 08:56,IP Address,100,1013,TRUE,19/11/2025 08:56,R_2dHmLmdM39thxTY,anonymous,EN,1,"I have read the information sheet and understand I can email the researchers with any questions.,I understand that my personal information (e.g., my age, gender, and information about my language background) will be used for the purposes of this study, which have been explained to me.,I consent to the processing of my personal information for the purposes of this study, and I understand that any such information will be treated as strictly confidential and handled in accordance with the provisions of the Data Protection Act 2018.,I understand that the information I provide may be published as a report and I will be sent a copy if I wish. Confidentiality and anonymity will be maintained, and it will not be possible to identify me in any publications.,I understand that my anonymised research data may be shared in accordance with open science guidelines (no one will be able to identify me if these data are shared).,I understand that I am free to withdraw from the study without penalty if I so wish.,I am over the age of 18.,I consent to take part in this study.",63d3f951dd046a4bc2b9cea9,65,Male,Yes,0,0,911.052,0,2,
19/11/2025 08:40,19/11/2025 08:56,IP Address,100,969,TRUE,19/11/2025 08:56,R_2cWYLAYQfNfTgqJ,anonymous,EN,1,"I have read the information sheet and understand I can email the researchers with any questions.,I understand that my personal information (e.g., my age, gender, and information about my language background) will be used for the purposes of this study, which have been explained to me.,I consent to the processing of my personal information for the purposes of this study, and I understand that any such information will be treated as strictly confidential and handled in accordance with the provisions of the Data Protection Act 2018.,I understand that the information I provide may be published as a report and I will be sent a copy if I wish. Confidentiality and anonymity will be maintained, and it will not be possible to identify me in any publications.,I understand that my anonymised research data may be shared in accordance with open science guidelines (no one will be able to identify me if these data are shared).,I understand that I am free to withdraw from the study without penalty if I so wish.,I am over the age of 18.,I consent to take part in this study.",581ccd016c73180001fa5b2a,47,Male,Yes,0,0,902.402,0,1,
19/11/2025 08:40,19/11/2025 08:56,IP Address,100,988,TRUE,19/11/2025 08:56,R_2fvqfiSRGN29x7Z,anonymous,EN,0.899999976,"I have read the information sheet and understand I can email the researchers with any questions.,I understand that my personal information (e.g., my age, gender, and information about my language background) will be used for the purposes of this study, which have been explained to me.,I consent to the processing of my personal information for the purposes of this study, and I understand that any such information will be treated as strictly confidential and handled in accordance with the provisions of the Data Protection Act 2018.,I understand that the information I provide may be published as a report and I will be sent a copy if I wish. Confidentiality and anonymity will be maintained, and it will not be possible to identify me in any publications.,I understand that my anonymised research data may be shared in accordance with open science guidelines (no one will be able to identify me if these data are shared).,I understand that I am free to withdraw from the study without penalty if I so wish.,I am over the age of 18.,I consent to take part in this study.",5827634ea80bf4000199994b,68,Female,Yes,632.177,632.177,902.27,1,2,
19/11/2025 08:35,19/11/2025 08:57,IP Address,100,1321,TRUE,19/11/2025 08:57,R_8znZOHWIohDeZw2,anonymous,EN,1,"I have read the information sheet and understand I can email the researchers with any questions.,I understand that my personal information (e.g., my age, gender, and information about my language background) will be used for the purposes of this study, which have been explained to me.,I consent to the processing of my personal information for the purposes of this study, and I understand that any such information will be treated as strictly confidential and handled in accordance with the provisions of the Data Protection Act 2018.,I understand that the information I provide may be published as a report and I will be sent a copy if I wish. Confidentiality and anonymity will be maintained, and it will not be possible to identify me in any publications.,I understand that my anonymised research data may be shared in accordance with open science guidelines (no one will be able to identify me if these data are shared).,I understand that I am free to withdraw from the study without penalty if I so wish.,I am over the age of 18.,I consent to take part in this study.",5dc04aba55b86247c9991f89,35,Female,Yes,6.919,339.606,899.145,2,2,
19/11/2025 08:41,19/11/2025 08:57,IP Address,100,970,TRUE,19/11/2025 08:57,R_8iKYOdMGqKLlrKM,anonymous,EN,1,"I have read the information sheet and understand I can email the researchers with any questions.,I understand that my personal information (e.g., my age, gender, and information about my language background) will be used for the purposes of this study, which have been explained to me.,I consent to the processing of my personal information for the purposes of this study, and I understand that any such information will be treated as strictly confidential and handled in accordance with the provisions of the Data Protection Act 2018.,I understand that the information I provide may be published as a report and I will be sent a copy if I wish. Confidentiality and anonymity will be maintained, and it will not be possible to identify me in any publications.,I understand that my anonymised research data may be shared in accordance with open science guidelines (no one will be able to identify me if these data are shared).,I understand that I am free to withdraw from the study without penalty if I so wish.,I am over the age of 18.,I consent to take part in this study.",5baa7acf14779d0001a23968,33,Female,Yes,0,0,907.101,0,2,
19/11/2025 08:41,19/11/2025 08:57,IP Address,100,980,TRUE,19/11/2025 08:57,R_2F9boDdn5PvEagY,anonymous,EN,1,"I have read the information sheet and understand I can email the researchers with any questions.,I understand that my personal information (e.g., my age, gender, and information about my language background) will be used for the purposes of this study, which have been explained to me.,I consent to the processing of my personal information for the purposes of this study, and I understand that any such information will be treated as strictly confidential and handled in accordance with the provisions of the Data Protection Act 2018.,I understand that the information I provide may be published as a report and I will be sent a copy if I wish. Confidentiality and anonymity will be maintained, and it will not be possible to identify me in any publications.,I understand that my anonymised research data may be shared in accordance with open science guidelines (no one will be able to identify me if these data are shared).,I understand that I am free to withdraw from the study without penalty if I so wish.,I am over the age of 18.,I consent to take part in this study.",65c8d7f023278532f6f49139,28,Male,Yes,2.319,895.644,899.4,2,2,
19/11/2025 08:40,19/11/2025 08:57,IP Address,100,1065,TRUE,19/11/2025 08:57,R_87v2Xt8V86rBNMc,anonymous,EN,1,"I have read the information sheet and understand I can email the researchers with any questions.,I understand that my personal information (e.g., my age, gender, and information about my language background) will be used for the purposes of this study, which have been explained to me.,I consent to the processing of my personal information for the purposes of this study, and I understand that any such information will be treated as strictly confidential and handled in accordance with the provisions of the Data Protection Act 2018.,I understand that the information I provide may be published as a report and I will be sent a copy if I wish. Confidentiality and anonymity will be maintained, and it will not be possible to identify me in any publications.,I understand that my anonymised research data may be shared in accordance with open science guidelines (no one will be able to identify me if these data are shared).,I understand that I am free to withdraw from the study without penalty if I so wish.,I am over the age of 18.,I consent to take part in this study.",5f6f2da91b5cc64887afd65d,60,Male,Yes,909.138,909.138,910.604,1,1,
19/11/2025 08:33,19/11/2025 08:58,IP Address,100,1499,TRUE,19/11/2025 08:58,R_2M5wvk0Na5Hg7Xc,anonymous,EN,1,"I have read the information sheet and understand I can email the researchers with any questions.,I understand that my personal information (e.g., my age, gender, and information about my language background) will be used for the purposes of this study, which have been explained to me.,I consent to the processing of my personal information for the purposes of this study, and I understand that any such information will be treated as strictly confidential and handled in accordance with the provisions of the Data Protection Act 2018.,I understand that the information I provide may be published as a report and I will be sent a copy if I wish. Confidentiality and anonymity will be maintained, and it will not be possible to identify me in any publications.,I understand that my anonymised research data may be shared in accordance with open science guidelines (no one will be able to identify me if these data are shared).,I understand that I am free to withdraw from the study without penalty if I so wish.,I am over the age of 18.,I consent to take part in this study.",5f57be602095072bb238a7ab,49,Female,Yes,43.4,1333.921,1335.435,2,4,
19/11/2025 08:38,19/11/2025 08:58,IP Address,100,1194,TRUE,19/11/2025 08:58,R_2PcDnUeKi5yVJCA,anonymous,EN,1,"I have read the information sheet and understand I can email the researchers with any questions.,I understand that my personal information (e.g., my age, gender, and information about my language background) will be used for the purposes of this study, which have been explained to me.,I consent to the processing of my personal information for the purposes of this study, and I understand that any such information will be treated as strictly confidential and handled in accordance with the provisions of the Data Protection Act 2018.,I understand that the information I provide may be published as a report and I will be sent a copy if I wish. Confidentiality and anonymity will be maintained, and it will not be possible to identify me in any publications.,I understand that my anonymised research data may be shared in accordance with open science guidelines (no one will be able to identify me if these data are shared).,I understand that I am free to withdraw from the study without penalty if I so wish.,I am over the age of 18.,I consent to take part in this study.",677a8e5affbe5673b3a79e6b,60,Male,Yes,0,0,905.613,0,1,
19/11/2025 08:37,19/11/2025 08:59,IP Address,100,1315,TRUE,19/11/2025 08:59,R_8lyNueG6o0fmtS0,anonymous,EN,1,"I have read the information sheet and understand I can email the researchers with any questions.,I understand that my personal information (e.g., my age, gender, and information about my language background) will be used for the purposes of this study, which have been explained to me.,I consent to the processing of my personal information for the purposes of this study, and I understand that any such information will be treated as strictly confidential and handled in accordance with the provisions of the Data Protection Act 2018.,I understand that the information I provide may be published as a report and I will be sent a copy if I wish. Confidentiality and anonymity will be maintained, and it will not be possible to identify me in any publications.,I understand that my anonymised research data may be shared in accordance with open science guidelines (no one will be able to identify me if these data are shared).,I understand that I am free to withdraw from the study without penalty if I so wish.,I am over the age of 18.,I consent to take part in this study.",56ca3e3237d66c000c59a891,46,Male,Yes,5.079,1166.475,1167.414,3,3,
19/11/2025 08:40,19/11/2025 08:59,IP Address,100,1167,TRUE,19/11/2025 08:59,R_2mmE2ggX99heDro,anonymous,EN,0.899999976,"I have read the information sheet and understand I can email the researchers with any questions.,I understand that my personal information (e.g., my age, gender, and information about my language background) will be used for the purposes of this study, which have been explained to me.,I consent to the processing of my personal information for the purposes of this study, and I understand that any such information will be treated as strictly confidential and handled in accordance with the provisions of the Data Protection Act 2018.,I understand that the information I provide may be published as a report and I will be sent a copy if I wish. Confidentiality and anonymity will be maintained, and it will not be possible to identify me in any publications.,I understand that my anonymised research data may be shared in accordance with open science guidelines (no one will be able to identify me if these data are shared).,I understand that I am free to withdraw from the study without penalty if I so wish.,I am over the age of 18.,I consent to take part in this study.",67765cb5eae26d06c3116c3a,65,Male,Yes,7.356,915.33,917.091,2,1,
19/11/2025 08:37,19/11/2025 09:00,IP Address,100,1362,TRUE,19/11/2025 09:00,R_2gdTcuHAnRWTbqh,anonymous,EN,0.800000012,"I have read the information sheet and understand I can email the researchers with any questions.,I understand that my personal information (e.g., my age, gender, and information about my language background) will be used for the purposes of this study, which have been explained to me.,I consent to the processing of my personal information for the purposes of this study, and I understand that any such information will be treated as strictly confidential and handled in accordance with the provisions of the Data Protection Act 2018.,I understand that the information I provide may be published as a report and I will be sent a copy if I wish. Confidentiality and anonymity will be maintained, and it will not be possible to identify me in any publications.,I understand that my anonymised research data may be shared in accordance with open science guidelines (no one will be able to identify me if these data are shared).,I understand that I am free to withdraw from the study without penalty if I so wish.,I am over the age of 18.,I consent to take part in this study.",600a97750a20c621b3d6d358,63,Male,Yes,123.643,962.212,964.271,7,2,
19/11/2025 08:44,19/11/2025 09:00,IP Address,100,958,TRUE,19/11/2025 09:00,R_2EHaCbJM5CadnXP,anonymous,EN,0.899999976,"I have read the information sheet and understand I can email the researchers with any questions.,I understand that my personal information (e.g., my age, gender, and information about my language background) will be used for the purposes of this study, which have been explained to me.,I consent to the processing of my personal information for the purposes of this study, and I understand that any such information will be treated as strictly confidential and handled in accordance with the provisions of the Data Protection Act 2018.,I understand that the information I provide may be published as a report and I will be sent a copy if I wish. Confidentiality and anonymity will be maintained, and it will not be possible to identify me in any publications.,I understand that my anonymised research data may be shared in accordance with open science guidelines (no one will be able to identify me if these data are shared).,I understand that I am free to withdraw from the study without penalty if I so wish.,I am over the age of 18.,I consent to take part in this study.",5d542c3a5af5900019bc80c4,51,Female,Yes,0,0,905.181,0,2,
19/11/2025 08:44,19/11/2025 09:00,IP Address,100,976,TRUE,19/11/2025 09:00,R_8ukNPtSwlPtcaNX,anonymous,EN,1,"I have read the information sheet and understand I can email the researchers with any questions.,I understand that my personal information (e.g., my age, gender, and information about my language background) will be used for the purposes of this study, which have been explained to me.,I consent to the processing of my personal information for the purposes of this study, and I understand that any such information will be treated as strictly confidential and handled in accordance with the provisions of the Data Protection Act 2018.,I understand that the information I provide may be published as a report and I will be sent a copy if I wish. Confidentiality and anonymity will be maintained, and it will not be possible to identify me in any publications.,I understand that my anonymised research data may be shared in accordance with open science guidelines (no one will be able to identify me if these data are shared).,I understand that I am free to withdraw from the study without penalty if I so wish.,I am over the age of 18.,I consent to take part in this study.",5f514593ea1e87365b9cb05f,55,Male,Yes,0,0,901.519,0,1,
19/11/2025 08:41,19/11/2025 09:00,IP Address,100,1155,TRUE,19/11/2025 09:00,R_24uxjSaYFplVXCF,anonymous,EN,0.899999976,"I have read the information sheet and understand I can email the researchers with any questions.,I understand that my personal information (e.g., my age, gender, and information about my language background) will be used for the purposes of this study, which have been explained to me.,I consent to the processing of my personal information for the purposes of this study, and I understand that any such information will be treated as strictly confidential and handled in accordance with the provisions of the Data Protection Act 2018.,I understand that the information I provide may be published as a report and I will be sent a copy if I wish. Confidentiality and anonymity will be maintained, and it will not be possible to identify me in any publications.,I understand that my anonymised research data may be shared in accordance with open science guidelines (no one will be able to identify me if these data are shared).,I understand that I am free to withdraw from the study without penalty if I so wish.,I am over the age of 18.,I consent to take part in this study.",5d812e3c613aa900188746a6,68,Female,Yes,0,0,902.305,0,1,
19/11/2025 08:44,19/11/2025 09:00,IP Address,100,974,TRUE,19/11/2025 09:00,R_2rPCsUL3bkwyBo7,anonymous,EN,1,"I have read the information sheet and understand I can email the researchers with any questions.,I understand that my personal information (e.g., my age, gender, and information about my language background) will be used for the purposes of this study, which have been explained to me.,I consent to the processing of my personal information for the purposes of this study, and I understand that any such information will be treated as strictly confidential and handled in accordance with the provisions of the Data Protection Act 2018.,I understand that the information I provide may be published as a report and I will be sent a copy if I wish. Confidentiality and anonymity will be maintained, and it will not be possible to identify me in any publications.,I understand that my anonymised research data may be shared in accordance with open science guidelines (no one will be able to identify me if these data are shared).,I understand that I am free to withdraw from the study without penalty if I so wish.,I am over the age of 18.,I consent to take part in this study.",5be2fadf5e9fd30001696162,45,Female,Yes,0,0,902.717,0,4,
19/11/2025 08:44,19/11/2025 09:00,IP Address,100,984,TRUE,19/11/2025 09:00,R_2BxOebicM6tTS5H,anonymous,EN,1,"I have read the information sheet and understand I can email the researchers with any questions.,I understand that my personal information (e.g., my age, gender, and information about my language background) will be used for the purposes of this study, which have been explained to me.,I consent to the processing of my personal information for the purposes of this study, and I understand that any such information will be treated as strictly confidential and handled in accordance with the provisions of the Data Protection Act 2018.,I understand that the information I provide may be published as a report and I will be sent a copy if I wish. Confidentiality and anonymity will be maintained, and it will not be possible to identify me in any publications.,I understand that my anonymised research data may be shared in accordance with open science guidelines (no one will be able to identify me if these data are shared).,I understand that I am free to withdraw from the study without penalty if I so wish.,I am over the age of 18.,I consent to take part in this study.",5cd310705882710018e544b0,61,Male,Yes,0,0,899.835,0,2,
19/11/2025 08:32,19/11/2025 09:00,IP Address,100,1723,TRUE,19/11/2025 09:00,R_8Vlglmep7y9AV0Z,anonymous,EN,1,"I have read the information sheet and understand I can email the researchers with any questions.,I understand that my personal information (e.g., my age, gender, and information about my language background) will be used for the purposes of this study, which have been explained to me.,I consent to the processing of my personal information for the purposes of this study, and I understand that any such information will be treated as strictly confidential and handled in accordance with the provisions of the Data Protection Act 2018.,I understand that the information I provide may be published as a report and I will be sent a copy if I wish. Confidentiality and anonymity will be maintained, and it will not be possible to identify me in any publications.,I understand that my anonymised research data may be shared in accordance with open science guidelines (no one will be able to identify me if these data are shared).,I understand that I am free to withdraw from the study without penalty if I so wish.,I am over the age of 18.,I consent to take part in this study.",60fece5dbc60be057b1917aa,27,Female,Yes,0,0,1037.95,0,2,
19/11/2025 08:44,19/11/2025 09:00,IP Address,100,961,TRUE,19/11/2025 09:00,R_22GDx0KsMbgT4cX,anonymous,EN,1,"I have read the information sheet and understand I can email the researchers with any questions.,I understand that my personal information (e.g., my age, gender, and information about my language background) will be used for the purposes of this study, which have been explained to me.,I consent to the processing of my personal information for the purposes of this study, and I understand that any such information will be treated as strictly confidential and handled in accordance with the provisions of the Data Protection Act 2018.,I understand that the information I provide may be published as a report and I will be sent a copy if I wish. Confidentiality and anonymity will be maintained, and it will not be possible to identify me in any publications.,I understand that my anonymised research data may be shared in accordance with open science guidelines (no one will be able to identify me if these data are shared).,I understand that I am free to withdraw from the study without penalty if I so wish.,I am over the age of 18.,I consent to take part in this study.",655e09fc282e4139c82f834a,40,Female,Yes,0,0,900.41,0,2,
19/11/2025 08:41,19/11/2025 09:01,IP Address,100,1209,TRUE,19/11/2025 09:01,R_8HUo7FjFCWXnf0m,anonymous,EN,1,"I have read the information sheet and understand I can email the researchers with any questions.,I understand that my personal information (e.g., my age, gender, and information about my language background) will be used for the purposes of this study, which have been explained to me.,I consent to the processing of my personal information for the purposes of this study, and I understand that any such information will be treated as strictly confidential and handled in accordance with the provisions of the Data Protection Act 2018.,I understand that the information I provide may be published as a report and I will be sent a copy if I wish. Confidentiality and anonymity will be maintained, and it will not be possible to identify me in any publications.,I understand that my anonymised research data may be shared in accordance with open science guidelines (no one will be able to identify me if these data are shared).,I understand that I am free to withdraw from the study without penalty if I so wish.,I am over the age of 18.,I consent to take part in this study.",5aead25562ac0e00010974b1,61,Male,Yes,0,0,1112.556,0,2,
19/11/2025 08:44,19/11/2025 09:01,IP Address,100,1007,TRUE,19/11/2025 09:01,R_2XRvhXhcFv5Jdp7,anonymous,EN,0.800000012,"I have read the information sheet and understand I can email the researchers with any questions.,I understand that my personal information (e.g., my age, gender, and information about my language background) will be used for the purposes of this study, which have been explained to me.,I consent to the processing of my personal information for the purposes of this study, and I understand that any such information will be treated as strictly confidential and handled in accordance with the provisions of the Data Protection Act 2018.,I understand that the information I provide may be published as a report and I will be sent a copy if I wish. Confidentiality and anonymity will be maintained, and it will not be possible to identify me in any publications.,I understand that my anonymised research data may be shared in accordance with open science guidelines (no one will be able to identify me if these data are shared).,I understand that I am free to withdraw from the study without penalty if I so wish.,I am over the age of 18.,I consent to take part in this study.",627e7e91d0e389328983e765,55,Male,Yes,0,0,900.29,0,3,
19/11/2025 08:44,19/11/2025 09:01,IP Address,100,1071,TRUE,19/11/2025 09:01,R_2jeetNX46h3BgMB,anonymous,EN,1,"I have read the information sheet and understand I can email the researchers with any questions.,I understand that my personal information (e.g., my age, gender, and information about my language background) will be used for the purposes of this study, which have been explained to me.,I consent to the processing of my personal information for the purposes of this study, and I understand that any such information will be treated as strictly confidential and handled in accordance with the provisions of the Data Protection Act 2018.,I understand that the information I provide may be published as a report and I will be sent a copy if I wish. Confidentiality and anonymity will be maintained, and it will not be possible to identify me in any publications.,I understand that my anonymised research data may be shared in accordance with open science guidelines (no one will be able to identify me if these data are shared).,I understand that I am free to withdraw from the study without penalty if I so wish.,I am over the age of 18.,I consent to take part in this study.",5b13da851e55760001ba009a,73,Female,Yes,55.541,55.541,907.627,1,2,
19/11/2025 08:45,19/11/2025 09:03,IP Address,100,1084,TRUE,19/11/2025 09:03,R_2Cx1n7NwpBq1pEO,anonymous,EN,1,"I have read the information sheet and understand I can email the researchers with any questions.,I understand that my personal information (e.g., my age, gender, and information about my language background) will be used for the purposes of this study, which have been explained to me.,I consent to the processing of my personal information for the purposes of this study, and I understand that any such information will be treated as strictly confidential and handled in accordance with the provisions of the Data Protection Act 2018.,I understand that the information I provide may be published as a report and I will be sent a copy if I wish. Confidentiality and anonymity will be maintained, and it will not be possible to identify me in any publications.,I understand that my anonymised research data may be shared in accordance with open science guidelines (no one will be able to identify me if these data are shared).,I understand that I am free to withdraw from the study without penalty if I so wish.,I am over the age of 18.,I consent to take part in this study.",671038fb26ff82aa6081d040,56,Male,Yes,907.777,909.97,914.231,2,2,
19/11/2025 08:40,19/11/2025 09:03,IP Address,100,1378,TRUE,19/11/2025 09:03,R_2OPOfnNTvjRB7y5,anonymous,EN,1,"I have read the information sheet and understand I can email the researchers with any questions.,I understand that my personal information (e.g., my age, gender, and information about my language background) will be used for the purposes of this study, which have been explained to me.,I consent to the processing of my personal information for the purposes of this study, and I understand that any such information will be treated as strictly confidential and handled in accordance with the provisions of the Data Protection Act 2018.,I understand that the information I provide may be published as a report and I will be sent a copy if I wish. Confidentiality and anonymity will be maintained, and it will not be possible to identify me in any publications.,I understand that my anonymised research data may be shared in accordance with open science guidelines (no one will be able to identify me if these data are shared).,I understand that I am free to withdraw from the study without penalty if I so wish.,I am over the age of 18.,I consent to take part in this study.",6108f72b081cf2b1cbde83aa,45,Male,Yes,0,0,1074.405,0,3,
19/11/2025 08:46,19/11/2025 09:04,IP Address,100,1072,TRUE,19/11/2025 09:04,R_8XIZ44c35Eelju9,anonymous,EN,1,"I have read the information sheet and understand I can email the researchers with any questions.,I understand that my personal information (e.g., my age, gender, and information about my language background) will be used for the purposes of this study, which have been explained to me.,I consent to the processing of my personal information for the purposes of this study, and I understand that any such information will be treated as strictly confidential and handled in accordance with the provisions of the Data Protection Act 2018.,I understand that the information I provide may be published as a report and I will be sent a copy if I wish. Confidentiality and anonymity will be maintained, and it will not be possible to identify me in any publications.,I understand that my anonymised research data may be shared in accordance with open science guidelines (no one will be able to identify me if these data are shared).,I understand that I am free to withdraw from the study without penalty if I so wish.,I am over the age of 18.,I consent to take part in this study.",660eb0b257ea5439cd5e020a,67,Male,Yes,0,0,907.556,0,1,
19/11/2025 08:48,19/11/2025 09:04,IP Address,100,975,TRUE,19/11/2025 09:04,R_2nlx1AYcJV93ECG,anonymous,EN,0.899999976,"I have read the information sheet and understand I can email the researchers with any questions.,I understand that my personal information (e.g., my age, gender, and information about my language background) will be used for the purposes of this study, which have been explained to me.,I consent to the processing of my personal information for the purposes of this study, and I understand that any such information will be treated as strictly confidential and handled in accordance with the provisions of the Data Protection Act 2018.,I understand that the information I provide may be published as a report and I will be sent a copy if I wish. Confidentiality and anonymity will be maintained, and it will not be possible to identify me in any publications.,I understand that my anonymised research data may be shared in accordance with open science guidelines (no one will be able to identify me if these data are shared).,I understand that I am free to withdraw from the study without penalty if I so wish.,I am over the age of 18.,I consent to take part in this study.",677650da17489eb0f07dec0d,27,Female,Yes,0,0,907.446,0,1,
19/11/2025 08:46,19/11/2025 09:05,IP Address,100,1097,TRUE,19/11/2025 09:05,R_2MGNnXmJpHXDJ3n,anonymous,EN,1,"I have read the information sheet and understand I can email the researchers with any questions.,I understand that my personal information (e.g., my age, gender, and information about my language background) will be used for the purposes of this study, which have been explained to me.,I consent to the processing of my personal information for the purposes of this study, and I understand that any such information will be treated as strictly confidential and handled in accordance with the provisions of the Data Protection Act 2018.,I understand that the information I provide may be published as a report and I will be sent a copy if I wish. Confidentiality and anonymity will be maintained, and it will not be possible to identify me in any publications.,I understand that my anonymised research data may be shared in accordance with open science guidelines (no one will be able to identify me if these data are shared).,I understand that I am free to withdraw from the study without penalty if I so wish.,I am over the age of 18.,I consent to take part in this study.",5ace82e135eccf0001a11c96,60,Female,Yes,10.528,10.528,916.797,1,2,
19/11/2025 08:41,19/11/2025 09:05,IP Address,100,1454,TRUE,19/11/2025 09:05,R_2UTiQogrzZQry49,anonymous,EN,1,"I have read the information sheet and understand I can email the researchers with any questions.,I understand that my personal information (e.g., my age, gender, and information about my language background) will be used for the purposes of this study, which have been explained to me.,I consent to the processing of my personal information for the purposes of this study, and I understand that any such information will be treated as strictly confidential and handled in accordance with the provisions of the Data Protection Act 2018.,I understand that the information I provide may be published as a report and I will be sent a copy if I wish. Confidentiality and anonymity will be maintained, and it will not be possible to identify me in any publications.,I understand that my anonymised research data may be shared in accordance with open science guidelines (no one will be able to identify me if these data are shared).,I understand that I am free to withdraw from the study without penalty if I so wish.,I am over the age of 18.,I consent to take part in this study.",5978f6f009bdcf000153f43d,60,Male,Yes,18.624,900.312,909.255,5,2,
19/11/2025 08:47,19/11/2025 09:05,IP Address,100,1092,TRUE,19/11/2025 09:05,R_8QMJ6CiKY8EdSjc,anonymous,EN,1,"I have read the information sheet and understand I can email the researchers with any questions.,I understand that my personal information (e.g., my age, gender, and information about my language background) will be used for the purposes of this study, which have been explained to me.,I consent to the processing of my personal information for the purposes of this study, and I understand that any such information will be treated as strictly confidential and handled in accordance with the provisions of the Data Protection Act 2018.,I understand that the information I provide may be published as a report and I will be sent a copy if I wish. Confidentiality and anonymity will be maintained, and it will not be possible to identify me in any publications.,I understand that my anonymised research data may be shared in accordance with open science guidelines (no one will be able to identify me if these data are shared).,I understand that I am free to withdraw from the study without penalty if I so wish.,I am over the age of 18.,I consent to take part in this study.",654a44f0addb5f41f1705b75,46,Male,Yes,0,0,902.179,0,1,
19/11/2025 08:39,19/11/2025 09:05,IP Address,100,1555,TRUE,19/11/2025 09:05,R_8rMy2hIoYLznLXq,anonymous,EN,1,"I have read the information sheet and understand I can email the researchers with any questions.,I understand that my personal information (e.g., my age, gender, and information about my language background) will be used for the purposes of this study, which have been explained to me.,I consent to the processing of my personal information for the purposes of this study, and I understand that any such information will be treated as strictly confidential and handled in accordance with the provisions of the Data Protection Act 2018.,I understand that the information I provide may be published as a report and I will be sent a copy if I wish. Confidentiality and anonymity will be maintained, and it will not be possible to identify me in any publications.,I understand that my anonymised research data may be shared in accordance with open science guidelines (no one will be able to identify me if these data are shared).,I understand that I am free to withdraw from the study without penalty if I so wish.,I am over the age of 18.,I consent to take part in this study.",66854df2e5fef4239ff63a7d,46,Male,Yes,0,0,911.319,0,3,
19/11/2025 08:49,19/11/2025 09:06,IP Address,100,984,TRUE,19/11/2025 09:06,R_2BaPrEQzUAC0tM1,anonymous,EN,1,"I have read the information sheet and understand I can email the researchers with any questions.,I understand that my personal information (e.g., my age, gender, and information about my language background) will be used for the purposes of this study, which have been explained to me.,I consent to the processing of my personal information for the purposes of this study, and I understand that any such information will be treated as strictly confidential and handled in accordance with the provisions of the Data Protection Act 2018.,I understand that the information I provide may be published as a report and I will be sent a copy if I wish. Confidentiality and anonymity will be maintained, and it will not be possible to identify me in any publications.,I understand that my anonymised research data may be shared in accordance with open science guidelines (no one will be able to identify me if these data are shared).,I understand that I am free to withdraw from the study without penalty if I so wish.,I am over the age of 18.,I consent to take part in this study.",5e70bd5480f43a0009625d4c,25,Male,Yes,0,0,925.473,0,2,
19/11/2025 08:50,19/11/2025 09:06,IP Address,100,970,TRUE,19/11/2025 09:06,R_23QrDdWYGRA4ldn,anonymous,EN,1,"I have read the information sheet and understand I can email the researchers with any questions.,I understand that my personal information (e.g., my age, gender, and information about my language background) will be used for the purposes of this study, which have been explained to me.,I consent to the processing of my personal information for the purposes of this study, and I understand that any such information will be treated as strictly confidential and handled in accordance with the provisions of the Data Protection Act 2018.,I understand that the information I provide may be published as a report and I will be sent a copy if I wish. Confidentiality and anonymity will be maintained, and it will not be possible to identify me in any publications.,I understand that my anonymised research data may be shared in accordance with open science guidelines (no one will be able to identify me if these data are shared).,I understand that I am free to withdraw from the study without penalty if I so wish.,I am over the age of 18.,I consent to take part in this study.",5c8c22bafeeaeb0016207a00,28,Male,Yes,0,0,904.307,0,1,
19/11/2025 08:50,19/11/2025 09:06,IP Address,100,981,TRUE,19/11/2025 09:06,R_2QFfGI5v6EOFQ3I,anonymous,EN,1,"I have read the information sheet and understand I can email the researchers with any questions.,I understand that my personal information (e.g., my age, gender, and information about my language background) will be used for the purposes of this study, which have been explained to me.,I consent to the processing of my personal information for the purposes of this study, and I understand that any such information will be treated as strictly confidential and handled in accordance with the provisions of the Data Protection Act 2018.,I understand that the information I provide may be published as a report and I will be sent a copy if I wish. Confidentiality and anonymity will be maintained, and it will not be possible to identify me in any publications.,I understand that my anonymised research data may be shared in accordance with open science guidelines (no one will be able to identify me if these data are shared).,I understand that I am free to withdraw from the study without penalty if I so wish.,I am over the age of 18.,I consent to take part in this study.",5b421b9ac2e3810001763252,37,Female,Yes,104.795,524.974,903.53,2,2,
19/11/2025 08:48,19/11/2025 09:06,IP Address,100,1068,TRUE,19/11/2025 09:06,R_2dEhDtioPfCoPpQ,anonymous,EN,1,"I have read the information sheet and understand I can email the researchers with any questions.,I understand that my personal information (e.g., my age, gender, and information about my language background) will be used for the purposes of this study, which have been explained to me.,I consent to the processing of my personal information for the purposes of this study, and I understand that any such information will be treated as strictly confidential and handled in accordance with the provisions of the Data Protection Act 2018.,I understand that the information I provide may be published as a report and I will be sent a copy if I wish. Confidentiality and anonymity will be maintained, and it will not be possible to identify me in any publications.,I understand that my anonymised research data may be shared in accordance with open science guidelines (no one will be able to identify me if these data are shared).,I understand that I am free to withdraw from the study without penalty if I so wish.,I am over the age of 18.,I consent to take part in this study.",61671a9d42eb53946faa44c2,44,Male,Yes,162.124,162.124,1006.741,1,2,
19/11/2025 08:49,19/11/2025 09:07,IP Address,100,1061,TRUE,19/11/2025 09:07,R_2lDVkaV7gSZGpNf,anonymous,EN,1,"I have read the information sheet and understand I can email the researchers with any questions.,I understand that my personal information (e.g., my age, gender, and information about my language background) will be used for the purposes of this study, which have been explained to me.,I consent to the processing of my personal information for the purposes of this study, and I understand that any such information will be treated as strictly confidential and handled in accordance with the provisions of the Data Protection Act 2018.,I understand that the information I provide may be published as a report and I will be sent a copy if I wish. Confidentiality and anonymity will be maintained, and it will not be possible to identify me in any publications.,I understand that my anonymised research data may be shared in accordance with open science guidelines (no one will be able to identify me if these data are shared).,I understand that I am free to withdraw from the study without penalty if I so wish.,I am over the age of 18.,I consent to take part in this study.",6704539fe462b87182866f14,43,Male,Yes,0,0,943.473,0,2,
19/11/2025 08:50,19/11/2025 09:07,IP Address,100,1015,TRUE,19/11/2025 09:07,R_2RjWsMmLqcvGZ3j,anonymous,EN,1,"I have read the information sheet and understand I can email the researchers with any questions.,I understand that my personal information (e.g., my age, gender, and information about my language background) will be used for the purposes of this study, which have been explained to me.,I consent to the processing of my personal information for the purposes of this study, and I understand that any such information will be treated as strictly confidential and handled in accordance with the provisions of the Data Protection Act 2018.,I understand that the information I provide may be published as a report and I will be sent a copy if I wish. Confidentiality and anonymity will be maintained, and it will not be possible to identify me in any publications.,I understand that my anonymised research data may be shared in accordance with open science guidelines (no one will be able to identify me if these data are shared).,I understand that I am free to withdraw from the study without penalty if I so wish.,I am over the age of 18.,I consent to take part in this study.",65bd88a029ae8413e1281c7b,44,Female,Yes,0,0,902.201,0,3,
19/11/2025 08:49,19/11/2025 09:07,IP Address,100,1132,TRUE,19/11/2025 09:07,R_2YISQZy3cYmDFMB,anonymous,EN,1,"I have read the information sheet and understand I can email the researchers with any questions.,I understand that my personal information (e.g., my age, gender, and information about my language background) will be used for the purposes of this study, which have been explained to me.,I consent to the processing of my personal information for the purposes of this study, and I understand that any such information will be treated as strictly confidential and handled in accordance with the provisions of the Data Protection Act 2018.,I understand that the information I provide may be published as a report and I will be sent a copy if I wish. Confidentiality and anonymity will be maintained, and it will not be possible to identify me in any publications.,I understand that my anonymised research data may be shared in accordance with open science guidelines (no one will be able to identify me if these data are shared).,I understand that I am free to withdraw from the study without penalty if I so wish.,I am over the age of 18.,I consent to take part in this study.",6725c4a8e3ab0787551acf38,65,Female,Yes,908.738,908.738,912.257,1,1,
19/11/2025 08:45,19/11/2025 09:08,IP Address,100,1398,TRUE,19/11/2025 09:08,R_2npUlj0xer7awqj,anonymous,EN,0.699999988,"I have read the information sheet and understand I can email the researchers with any questions.,I understand that my personal information (e.g., my age, gender, and information about my language background) will be used for the purposes of this study, which have been explained to me.,I consent to the processing of my personal information for the purposes of this study, and I understand that any such information will be treated as strictly confidential and handled in accordance with the provisions of the Data Protection Act 2018.,I understand that the information I provide may be published as a report and I will be sent a copy if I wish. Confidentiality and anonymity will be maintained, and it will not be possible to identify me in any publications.,I understand that my anonymised research data may be shared in accordance with open science guidelines (no one will be able to identify me if these data are shared).,I understand that I am free to withdraw from the study without penalty if I so wish.,I am over the age of 18.,I consent to take part in this study.",632b3639f61612815d100608,33,Male,Yes,17.17,891.333,913.726,4,1,
19/11/2025 08:47,19/11/2025 09:09,IP Address,100,1283,TRUE,19/11/2025 09:09,R_8CJOO3BvcSmhcHH,anonymous,EN,0.899999976,"I have read the information sheet and understand I can email the researchers with any questions.,I understand that my personal information (e.g., my age, gender, and information about my language background) will be used for the purposes of this study, which have been explained to me.,I consent to the processing of my personal information for the purposes of this study, and I understand that any such information will be treated as strictly confidential and handled in accordance with the provisions of the Data Protection Act 2018.,I understand that the information I provide may be published as a report and I will be sent a copy if I wish. Confidentiality and anonymity will be maintained, and it will not be possible to identify me in any publications.,I understand that my anonymised research data may be shared in accordance with open science guidelines (no one will be able to identify me if these data are shared).,I understand that I am free to withdraw from the study without penalty if I so wish.,I am over the age of 18.,I consent to take part in this study.",5a9fa90f873cda00010d29d8,26,Male,Yes,20.328,26.798,1103.702,2,1,
19/11/2025 08:49,19/11/2025 09:09,IP Address,100,1236,TRUE,19/11/2025 09:10,R_8pF3hkeeq6rBbl7,anonymous,EN,0.899999976,"I have read the information sheet and understand I can email the researchers with any questions.,I understand that my personal information (e.g., my age, gender, and information about my language background) will be used for the purposes of this study, which have been explained to me.,I consent to the processing of my personal information for the purposes of this study, and I understand that any such information will be treated as strictly confidential and handled in accordance with the provisions of the Data Protection Act 2018.,I understand that the information I provide may be published as a report and I will be sent a copy if I wish. Confidentiality and anonymity will be maintained, and it will not be possible to identify me in any publications.,I understand that my anonymised research data may be shared in accordance with open science guidelines (no one will be able to identify me if these data are shared).,I understand that I am free to withdraw from the study without penalty if I so wish.,I am over the age of 18.,I consent to take part in this study.",67c60b46b619cad09b65ab51,50,Female,Yes,290.12,293.123,1043.412,2,2,
19/11/2025 08:50,19/11/2025 09:10,IP Address,100,1152,TRUE,19/11/2025 09:10,R_2sXbEQ827XbplZL,anonymous,EN,1,"I have read the information sheet and understand I can email the researchers with any questions.,I understand that my personal information (e.g., my age, gender, and information about my language background) will be used for the purposes of this study, which have been explained to me.,I consent to the processing of my personal information for the purposes of this study, and I understand that any such information will be treated as strictly confidential and handled in accordance with the provisions of the Data Protection Act 2018.,I understand that the information I provide may be published as a report and I will be sent a copy if I wish. Confidentiality and anonymity will be maintained, and it will not be possible to identify me in any publications.,I understand that my anonymised research data may be shared in accordance with open science guidelines (no one will be able to identify me if these data are shared).,I understand that I am free to withdraw from the study without penalty if I so wish.,I am over the age of 18.,I consent to take part in this study.",6702f60844f21087e0840e3d,30,Female,Yes,0,0,931.292,0,2,
19/11/2025 08:51,19/11/2025 09:10,IP Address,100,1153,TRUE,19/11/2025 09:10,R_2dFX816Lg3PDPL6,anonymous,EN,0.899999976,"I have read the information sheet and understand I can email the researchers with any questions.,I understand that my personal information (e.g., my age, gender, and information about my language background) will be used for the purposes of this study, which have been explained to me.,I consent to the processing of my personal information for the purposes of this study, and I understand that any such information will be treated as strictly confidential and handled in accordance with the provisions of the Data Protection Act 2018.,I understand that the information I provide may be published as a report and I will be sent a copy if I wish. Confidentiality and anonymity will be maintained, and it will not be possible to identify me in any publications.,I understand that my anonymised research data may be shared in accordance with open science guidelines (no one will be able to identify me if these data are shared).,I understand that I am free to withdraw from the study without penalty if I so wish.,I am over the age of 18.,I consent to take part in this study.",644040d876b0d8dddbf6e068,25,Male,Yes,906.163,906.163,909.927,1,1,
19/11/2025 08:52,19/11/2025 09:10,IP Address,100,1082,TRUE,19/11/2025 09:10,R_2BWATNLi1YXQb2m,anonymous,EN,0.800000012,"I have read the information sheet and understand I can email the researchers with any questions.,I understand that my personal information (e.g., my age, gender, and information about my language background) will be used for the purposes of this study, which have been explained to me.,I consent to the processing of my personal information for the purposes of this study, and I understand that any such information will be treated as strictly confidential and handled in accordance with the provisions of the Data Protection Act 2018.,I understand that the information I provide may be published as a report and I will be sent a copy if I wish. Confidentiality and anonymity will be maintained, and it will not be possible to identify me in any publications.,I understand that my anonymised research data may be shared in accordance with open science guidelines (no one will be able to identify me if these data are shared).,I understand that I am free to withdraw from the study without penalty if I so wish.,I am over the age of 18.,I consent to take part in this study.",5e98ccf370194e0f49a1333b,56,Male,Yes,42.497,638.171,983.938,2,3,
19/11/2025 08:34,19/11/2025 09:10,IP Address,100,2187,TRUE,19/11/2025 09:10,R_8EoTvqJ8KQ1AhJG,anonymous,EN,1,"I have read the information sheet and understand I can email the researchers with any questions.,I understand that my personal information (e.g., my age, gender, and information about my language background) will be used for the purposes of this study, which have been explained to me.,I consent to the processing of my personal information for the purposes of this study, and I understand that any such information will be treated as strictly confidential and handled in accordance with the provisions of the Data Protection Act 2018.,I understand that the information I provide may be published as a report and I will be sent a copy if I wish. Confidentiality and anonymity will be maintained, and it will not be possible to identify me in any publications.,I understand that my anonymised research data may be shared in accordance with open science guidelines (no one will be able to identify me if these data are shared).,I understand that I am free to withdraw from the study without penalty if I so wish.,I am over the age of 18.,I consent to take part in this study.",59a3b1a35fd74b0001abf9c1,54,Female,Yes,13.281,916.317,917.7,2,3,
19/11/2025 08:55,19/11/2025 09:11,IP Address,100,999,TRUE,19/11/2025 09:11,R_8t6iS4cJ7gXGyqa,anonymous,EN,1,"I have read the information sheet and understand I can email the researchers with any questions.,I understand that my personal information (e.g., my age, gender, and information about my language background) will be used for the purposes of this study, which have been explained to me.,I consent to the processing of my personal information for the purposes of this study, and I understand that any such information will be treated as strictly confidential and handled in accordance with the provisions of the Data Protection Act 2018.,I understand that the information I provide may be published as a report and I will be sent a copy if I wish. Confidentiality and anonymity will be maintained, and it will not be possible to identify me in any publications.,I understand that my anonymised research data may be shared in accordance with open science guidelines (no one will be able to identify me if these data are shared).,I understand that I am free to withdraw from the study without penalty if I so wish.,I am over the age of 18.,I consent to take part in this study.",59feed1da383a100011b3eaa,50,Male,Yes,33.404,905.452,906.521,4,3,
19/11/2025 08:56,19/11/2025 09:12,IP Address,100,960,TRUE,19/11/2025 09:12,R_2F5r8bpsjak2BTp,anonymous,EN,1,"I have read the information sheet and understand I can email the researchers with any questions.,I understand that my personal information (e.g., my age, gender, and information about my language background) will be used for the purposes of this study, which have been explained to me.,I consent to the processing of my personal information for the purposes of this study, and I understand that any such information will be treated as strictly confidential and handled in accordance with the provisions of the Data Protection Act 2018.,I understand that the information I provide may be published as a report and I will be sent a copy if I wish. Confidentiality and anonymity will be maintained, and it will not be possible to identify me in any publications.,I understand that my anonymised research data may be shared in accordance with open science guidelines (no one will be able to identify me if these data are shared).,I understand that I am free to withdraw from the study without penalty if I so wish.,I am over the age of 18.,I consent to take part in this study.",66e2abbef5fe9e10f5bff804,45,Male,Yes,0,0,900.182,0,2,
19/11/2025 08:40,19/11/2025 09:13,IP Address,100,1931,TRUE,19/11/2025 09:13,R_2q1wZdkHRejvYKF,anonymous,EN,0.699999988,"I have read the information sheet and understand I can email the researchers with any questions.,I understand that my personal information (e.g., my age, gender, and information about my language background) will be used for the purposes of this study, which have been explained to me.,I consent to the processing of my personal information for the purposes of this study, and I understand that any such information will be treated as strictly confidential and handled in accordance with the provisions of the Data Protection Act 2018.,I understand that the information I provide may be published as a report and I will be sent a copy if I wish. Confidentiality and anonymity will be maintained, and it will not be possible to identify me in any publications.,I understand that my anonymised research data may be shared in accordance with open science guidelines (no one will be able to identify me if these data are shared).,I understand that I am free to withdraw from the study without penalty if I so wish.,I am over the age of 18.,I consent to take part in this study.",5a764e848fe2dc000105739c,65,Male,Yes,1348.197,1377.459,1781.196,3,3,
19/11/2025 08:55,19/11/2025 09:13,IP Address,100,1059,TRUE,19/11/2025 09:13,R_8D12VXSlzxVvDS5,anonymous,EN,1,"I have read the information sheet and understand I can email the researchers with any questions.,I understand that my personal information (e.g., my age, gender, and information about my language background) will be used for the purposes of this study, which have been explained to me.,I consent to the processing of my personal information for the purposes of this study, and I understand that any such information will be treated as strictly confidential and handled in accordance with the provisions of the Data Protection Act 2018.,I understand that the information I provide may be published as a report and I will be sent a copy if I wish. Confidentiality and anonymity will be maintained, and it will not be possible to identify me in any publications.,I understand that my anonymised research data may be shared in accordance with open science guidelines (no one will be able to identify me if these data are shared).,I understand that I am free to withdraw from the study without penalty if I so wish.,I am over the age of 18.,I consent to take part in this study.",67696d49d386c9789b03b1da,59,Male,Yes,0,0,906.298,0,2,
19/11/2025 08:49,19/11/2025 09:16,IP Address,100,1592,TRUE,19/11/2025 09:16,R_2uwE1syLFJ6SF7d,anonymous,EN,1,"I have read the information sheet and understand I can email the researchers with any questions.,I understand that my personal information (e.g., my age, gender, and information about my language background) will be used for the purposes of this study, which have been explained to me.,I consent to the processing of my personal information for the purposes of this study, and I understand that any such information will be treated as strictly confidential and handled in accordance with the provisions of the Data Protection Act 2018.,I understand that the information I provide may be published as a report and I will be sent a copy if I wish. Confidentiality and anonymity will be maintained, and it will not be possible to identify me in any publications.,I understand that my anonymised research data may be shared in accordance with open science guidelines (no one will be able to identify me if these data are shared).,I understand that I am free to withdraw from the study without penalty if I so wish.,I am over the age of 18.,I consent to take part in this study.",67e2b6561ccb8f5bb055cc85,28,Female,Yes,0,0,912.894,0,1,
19/11/2025 08:54,19/11/2025 09:17,IP Address,100,1356,TRUE,19/11/2025 09:17,R_88zK8PrqRGrzzN0,anonymous,EN,1,"I have read the information sheet and understand I can email the researchers with any questions.,I understand that my personal information (e.g., my age, gender, and information about my language background) will be used for the purposes of this study, which have been explained to me.,I consent to the processing of my personal information for the purposes of this study, and I understand that any such information will be treated as strictly confidential and handled in accordance with the provisions of the Data Protection Act 2018.,I understand that the information I provide may be published as a report and I will be sent a copy if I wish. Confidentiality and anonymity will be maintained, and it will not be possible to identify me in any publications.,I understand that my anonymised research data may be shared in accordance with open science guidelines (no one will be able to identify me if these data are shared).,I understand that I am free to withdraw from the study without penalty if I so wish.,I am over the age of 18.,I consent to take part in this study.",6020b4d4010b8e6e89d1a6a0,25,Male,Yes,1088.143,1088.143,1089.719,1,1,
19/11/2025 08:56,19/11/2025 09:17,IP Address,100,1283,TRUE,19/11/2025 09:17,R_8CEvEQ4tI9rtBur,anonymous,EN,1,"I have read the information sheet and understand I can email the researchers with any questions.,I understand that my personal information (e.g., my age, gender, and information about my language background) will be used for the purposes of this study, which have been explained to me.,I consent to the processing of my personal information for the purposes of this study, and I understand that any such information will be treated as strictly confidential and handled in accordance with the provisions of the Data Protection Act 2018.,I understand that the information I provide may be published as a report and I will be sent a copy if I wish. Confidentiality and anonymity will be maintained, and it will not be possible to identify me in any publications.,I understand that my anonymised research data may be shared in accordance with open science guidelines (no one will be able to identify me if these data are shared).,I understand that I am free to withdraw from the study without penalty if I so wish.,I am over the age of 18.,I consent to take part in this study.",5d0e091ccd9c9300191cb9c9,35,Female,Yes,33.871,37.398,1083.965,3,1,
19/11/2025 09:01,19/11/2025 09:18,IP Address,100,1042,TRUE,19/11/2025 09:18,R_82oZymffgETPwQx,anonymous,EN,1,"I have read the information sheet and understand I can email the researchers with any questions.,I understand that my personal information (e.g., my age, gender, and information about my language background) will be used for the purposes of this study, which have been explained to me.,I consent to the processing of my personal information for the purposes of this study, and I understand that any such information will be treated as strictly confidential and handled in accordance with the provisions of the Data Protection Act 2018.,I understand that the information I provide may be published as a report and I will be sent a copy if I wish. Confidentiality and anonymity will be maintained, and it will not be possible to identify me in any publications.,I understand that my anonymised research data may be shared in accordance with open science guidelines (no one will be able to identify me if these data are shared).,I understand that I am free to withdraw from the study without penalty if I so wish.,I am over the age of 18.,I consent to take part in this study.",55d51a6b8ce09000127d4821,36,Male,Yes,0,0,910.992,0,1,
19/11/2025 09:01,19/11/2025 09:21,IP Address,100,1186,TRUE,19/11/2025 09:21,R_2QYQ6TALGiJtH6p,anonymous,EN,1,"I have read the information sheet and understand I can email the researchers with any questions.,I understand that my personal information (e.g., my age, gender, and information about my language background) will be used for the purposes of this study, which have been explained to me.,I consent to the processing of my personal information for the purposes of this study, and I understand that any such information will be treated as strictly confidential and handled in accordance with the provisions of the Data Protection Act 2018.,I understand that the information I provide may be published as a report and I will be sent a copy if I wish. Confidentiality and anonymity will be maintained, and it will not be possible to identify me in any publications.,I understand that my anonymised research data may be shared in accordance with open science guidelines (no one will be able to identify me if these data are shared).,I understand that I am free to withdraw from the study without penalty if I so wish.,I am over the age of 18.,I consent to take part in this study.",674377f77b539c33d343553c,53,Female,Yes,7.14,906.399,908.158,2,2,
19/11/2025 08:37,19/11/2025 09:28,IP Address,100,3067,TRUE,19/11/2025 09:28,R_2siXE0JEwwb2c7S,anonymous,EN,0.899999976,"I have read the information sheet and understand I can email the researchers with any questions.,I understand that my personal information (e.g., my age, gender, and information about my language background) will be used for the purposes of this study, which have been explained to me.,I consent to the processing of my personal information for the purposes of this study, and I understand that any such information will be treated as strictly confidential and handled in accordance with the provisions of the Data Protection Act 2018.,I understand that the information I provide may be published as a report and I will be sent a copy if I wish. Confidentiality and anonymity will be maintained, and it will not be possible to identify me in any publications.,I understand that my anonymised research data may be shared in accordance with open science guidelines (no one will be able to identify me if these data are shared).,I understand that I am free to withdraw from the study without penalty if I so wish.,I am over the age of 18.,I consent to take part in this study.",68022f459a6e791147ee95b1,53,Male,Yes,264.285,264.285,2393.334,1,6,
19/11/2025 09:12,19/11/2025 09:32,IP Address,100,1244,TRUE,19/11/2025 09:32,R_2FrIApFwW0YYStm,anonymous,EN,1,"I have read the information sheet and understand I can email the researchers with any questions.,I understand that my personal information (e.g., my age, gender, and information about my language background) will be used for the purposes of this study, which have been explained to me.,I consent to the processing of my personal information for the purposes of this study, and I understand that any such information will be treated as strictly confidential and handled in accordance with the provisions of the Data Protection Act 2018.,I understand that the information I provide may be published as a report and I will be sent a copy if I wish. Confidentiality and anonymity will be maintained, and it will not be possible to identify me in any publications.,I understand that my anonymised research data may be shared in accordance with open science guidelines (no one will be able to identify me if these data are shared).,I understand that I am free to withdraw from the study without penalty if I so wish.,I am over the age of 18.,I consent to take part in this study.",59e7232f24d7bf00012f112e,37,Male,Yes,169.786,1132.102,1132.911,9,1,
19/11/2025 09:15,19/11/2025 09:33,IP Address,100,1054,TRUE,19/11/2025 09:33,R_8O8Kll8qwncGNqo,anonymous,EN,1,"I have read the information sheet and understand I can email the researchers with any questions.,I understand that my personal information (e.g., my age, gender, and information about my language background) will be used for the purposes of this study, which have been explained to me.,I consent to the processing of my personal information for the purposes of this study, and I understand that any such information will be treated as strictly confidential and handled in accordance with the provisions of the Data Protection Act 2018.,I understand that the information I provide may be published as a report and I will be sent a copy if I wish. Confidentiality and anonymity will be maintained, and it will not be possible to identify me in any publications.,I understand that my anonymised research data may be shared in accordance with open science guidelines (no one will be able to identify me if these data are shared).,I understand that I am free to withdraw from the study without penalty if I so wish.,I am over the age of 18.,I consent to take part in this study.",63af557b3d4f219c3226b7d6,51,Female,Yes,16.868,912.989,913.652,3,1,
19/11/2025 08:59,19/11/2025 09:48,IP Address,100,2944,TRUE,19/11/2025 09:48,R_841SaTsI43qF5l9,anonymous,EN,1,"I have read the information sheet and understand I can email the researchers with any questions.,I understand that my personal information (e.g., my age, gender, and information about my language background) will be used for the purposes of this study, which have been explained to me.,I consent to the processing of my personal information for the purposes of this study, and I understand that any such information will be treated as strictly confidential and handled in accordance with the provisions of the Data Protection Act 2018.,I understand that the information I provide may be published as a report and I will be sent a copy if I wish. Confidentiality and anonymity will be maintained, and it will not be possible to identify me in any publications.,I understand that my anonymised research data may be shared in accordance with open science guidelines (no one will be able to identify me if these data are shared).,I understand that I am free to withdraw from the study without penalty if I so wish.,I am over the age of 18.,I consent to take part in this study.",672d2977ae54935ef84a2b74,47,Female,Yes,0,0,2885.177,0,1,
19/11/2025 10:03,19/11/2025 10:22,IP Address,100,1101,TRUE,19/11/2025 10:22,R_2fT1gKiG7mtotGN,anonymous,EN,1,"I have read the information sheet and understand I can email the researchers with any questions.,I understand that my personal information (e.g., my age, gender, and information about my language background) will be used for the purposes of this study, which have been explained to me.,I consent to the processing of my personal information for the purposes of this study, and I understand that any such information will be treated as strictly confidential and handled in accordance with the provisions of the Data Protection Act 2018.,I understand that the information I provide may be published as a report and I will be sent a copy if I wish. Confidentiality and anonymity will be maintained, and it will not be possible to identify me in any publications.,I understand that my anonymised research data may be shared in accordance with open science guidelines (no one will be able to identify me if these data are shared).,I understand that I am free to withdraw from the study without penalty if I so wish.,I am over the age of 18.,I consent to take part in this study.",5f87ec72bcee242284725d55,68,Female,Yes,908.234,908.234,909.503,1,1,
27/11/2025 10:02,27/11/2025 10:19,IP Address,100,1036,TRUE,27/11/2025 10:19,R_2YyRDnkDwb856wK,anonymous,EN,1,"I have read the information sheet and understand I can email the researchers with any questions.,I understand that my personal information (e.g., my age, gender, and information about my language background) will be used for the purposes of this study, which have been explained to me.,I consent to the processing of my personal information for the purposes of this study, and I understand that any such information will be treated as strictly confidential and handled in accordance with the provisions of the Data Protection Act 2018.,I understand that the information I provide may be published as a report and I will be sent a copy if I wish. Confidentiality and anonymity will be maintained, and it will not be possible to identify me in any publications.,I understand that my anonymised research data may be shared in accordance with open science guidelines (no one will be able to identify me if these data are shared).,I understand that I am free to withdraw from the study without penalty if I so wish.,I am over the age of 18.,I consent to take part in this study.",66682215a0ceedec14b62fe6,37,Female,Yes,3.412,906.219,907.506,6,2,
27/11/2025 10:03,27/11/2025 10:21,IP Address,100,1091,TRUE,27/11/2025 10:21,R_21MDKOjYAgMgrmk,anonymous,EN,1,"I have read the information sheet and understand I can email the researchers with any questions.,I understand that my personal information (e.g., my age, gender, and information about my language background) will be used for the purposes of this study, which have been explained to me.,I consent to the processing of my personal information for the purposes of this study, and I understand that any such information will be treated as strictly confidential and handled in accordance with the provisions of the Data Protection Act 2018.,I understand that the information I provide may be published as a report and I will be sent a copy if I wish. Confidentiality and anonymity will be maintained, and it will not be possible to identify me in any publications.,I understand that my anonymised research data may be shared in accordance with open science guidelines (no one will be able to identify me if these data are shared).,I understand that I am free to withdraw from the study without penalty if I so wish.,I am over the age of 18.,I consent to take part in this study.",5c4782d9cae0ab000188d2b4,54,Female,Yes,0,0,905.328,0,3,
27/11/2025 10:03,27/11/2025 10:23,IP Address,100,1203,TRUE,27/11/2025 10:23,R_8GBq2M8dcfQQsov,anonymous,EN,0.800000012,"I have read the information sheet and understand I can email the researchers with any questions.,I understand that my personal information (e.g., my age, gender, and information about my language background) will be used for the purposes of this study, which have been explained to me.,I consent to the processing of my personal information for the purposes of this study, and I understand that any such information will be treated as strictly confidential and handled in accordance with the provisions of the Data Protection Act 2018.,I understand that the information I provide may be published as a report and I will be sent a copy if I wish. Confidentiality and anonymity will be maintained, and it will not be possible to identify me in any publications.,I understand that my anonymised research data may be shared in accordance with open science guidelines (no one will be able to identify me if these data are shared).,I understand that I am free to withdraw from the study without penalty if I so wish.,I am over the age of 18.,I consent to take part in this study.",67d7de6a1dfb7a9e45d11308,27,Male,Yes,29.474,29.474,912.048,1,2,
27/11/2025 10:10,27/11/2025 10:26,IP Address,100,986,TRUE,27/11/2025 10:26,R_8CBLsIEvYf4RWFt,anonymous,EN,1,"I have read the information sheet and understand I can email the researchers with any questions.,I understand that my personal information (e.g., my age, gender, and information about my language background) will be used for the purposes of this study, which have been explained to me.,I consent to the processing of my personal information for the purposes of this study, and I understand that any such information will be treated as strictly confidential and handled in accordance with the provisions of the Data Protection Act 2018.,I understand that the information I provide may be published as a report and I will be sent a copy if I wish. Confidentiality and anonymity will be maintained, and it will not be possible to identify me in any publications.,I understand that my anonymised research data may be shared in accordance with open science guidelines (no one will be able to identify me if these data are shared).,I understand that I am free to withdraw from the study without penalty if I so wish.,I am over the age of 18.,I consent to take part in this study.",66b5172c8f0bd3b23ce66c22,28,Female,Yes,14.752,14.752,901.429,1,2,
27/11/2025 10:14,27/11/2025 10:31,IP Address,100,985,TRUE,27/11/2025 10:31,R_8I5k0dIqhlY6fBs,anonymous,EN,1,"I have read the information sheet and understand I can email the researchers with any questions.,I understand that my personal information (e.g., my age, gender, and information about my language background) will be used for the purposes of this study, which have been explained to me.,I consent to the processing of my personal information for the purposes of this study, and I understand that any such information will be treated as strictly confidential and handled in accordance with the provisions of the Data Protection Act 2018.,I understand that the information I provide may be published as a report and I will be sent a copy if I wish. Confidentiality and anonymity will be maintained, and it will not be possible to identify me in any publications.,I understand that my anonymised research data may be shared in accordance with open science guidelines (no one will be able to identify me if these data are shared).,I understand that I am free to withdraw from the study without penalty if I so wish.,I am over the age of 18.,I consent to take part in this study.",677c455afc1062faab5b165e,43,Male,Yes,0,0,901.329,0,1,
27/11/2025 10:05,27/11/2025 10:35,IP Address,100,1755,TRUE,27/11/2025 10:35,R_86EdoFIFHjVaUr7,anonymous,EN,0.899999976,"I have read the information sheet and understand I can email the researchers with any questions.,I understand that my personal information (e.g., my age, gender, and information about my language background) will be used for the purposes of this study, which have been explained to me.,I consent to the processing of my personal information for the purposes of this study, and I understand that any such information will be treated as strictly confidential and handled in accordance with the provisions of the Data Protection Act 2018.,I understand that the information I provide may be published as a report and I will be sent a copy if I wish. Confidentiality and anonymity will be maintained, and it will not be possible to identify me in any publications.,I understand that my anonymised research data may be shared in accordance with open science guidelines (no one will be able to identify me if these data are shared).,I understand that I am free to withdraw from the study without penalty if I so wish.,I am over the age of 18.,I consent to take part in this study.",634d7250f674c11a71d1b88e,46,Male,Yes,891.809,891.809,899.644,1,1,
27/11/2025 10:18,27/11/2025 10:35,IP Address,100,997,TRUE,27/11/2025 10:35,R_8Ofc83DKcQMmk3f,anonymous,EN,1,"I have read the information sheet and understand I can email the researchers with any questions.,I understand that my personal information (e.g., my age, gender, and information about my language background) will be used for the purposes of this study, which have been explained to me.,I consent to the processing of my personal information for the purposes of this study, and I understand that any such information will be treated as strictly confidential and handled in accordance with the provisions of the Data Protection Act 2018.,I understand that the information I provide may be published as a report and I will be sent a copy if I wish. Confidentiality and anonymity will be maintained, and it will not be possible to identify me in any publications.,I understand that my anonymised research data may be shared in accordance with open science guidelines (no one will be able to identify me if these data are shared).,I understand that I am free to withdraw from the study without penalty if I so wish.,I am over the age of 18.,I consent to take part in this study.",5e5913ae7a584411eb9ab586@email.prolific.com,51,Female,Yes,0,0,902.025,0,1,
27/11/2025 10:15,27/11/2025 10:36,IP Address,100,1277,TRUE,27/11/2025 10:36,R_8PtXUrporchlNdd,anonymous,EN,1,"I have read the information sheet and understand I can email the researchers with any questions.,I understand that my personal information (e.g., my age, gender, and information about my language background) will be used for the purposes of this study, which have been explained to me.,I consent to the processing of my personal information for the purposes of this study, and I understand that any such information will be treated as strictly confidential and handled in accordance with the provisions of the Data Protection Act 2018.,I understand that the information I provide may be published as a report and I will be sent a copy if I wish. Confidentiality and anonymity will be maintained, and it will not be possible to identify me in any publications.,I understand that my anonymised research data may be shared in accordance with open science guidelines (no one will be able to identify me if these data are shared).,I understand that I am free to withdraw from the study without penalty if I so wish.,I am over the age of 18.,I consent to take part in this study.",67765f6b77f770b07a73f719,51,Female,Yes,0,0,899.875,0,2,
27/11/2025 10:22,27/11/2025 10:38,IP Address,100,951,TRUE,27/11/2025 10:38,R_2e4PXZlg2m5itU2,anonymous,EN,1,"I have read the information sheet and understand I can email the researchers with any questions.,I understand that my personal information (e.g., my age, gender, and information about my language background) will be used for the purposes of this study, which have been explained to me.,I consent to the processing of my personal information for the purposes of this study, and I understand that any such information will be treated as strictly confidential and handled in accordance with the provisions of the Data Protection Act 2018.,I understand that the information I provide may be published as a report and I will be sent a copy if I wish. Confidentiality and anonymity will be maintained, and it will not be possible to identify me in any publications.,I understand that my anonymised research data may be shared in accordance with open science guidelines (no one will be able to identify me if these data are shared).,I understand that I am free to withdraw from the study without penalty if I so wish.,I am over the age of 18.,I consent to take part in this study.",65a3f461bfa22dde98c10436,37,Female,Yes,0,0,899.871,0,1,
27/11/2025 10:16,27/11/2025 10:40,IP Address,100,1434,TRUE,27/11/2025 10:40,R_8CBpHGHMhvRZuy2,anonymous,EN,1,"I have read the information sheet and understand I can email the researchers with any questions.,I understand that my personal information (e.g., my age, gender, and information about my language background) will be used for the purposes of this study, which have been explained to me.,I consent to the processing of my personal information for the purposes of this study, and I understand that any such information will be treated as strictly confidential and handled in accordance with the provisions of the Data Protection Act 2018.,I understand that the information I provide may be published as a report and I will be sent a copy if I wish. Confidentiality and anonymity will be maintained, and it will not be possible to identify me in any publications.,I understand that my anonymised research data may be shared in accordance with open science guidelines (no one will be able to identify me if these data are shared).,I understand that I am free to withdraw from the study without penalty if I so wish.,I am over the age of 18.,I consent to take part in this study.",68138b62cc045bd133cfcf6b,41,Male,Yes,989.054,990.205,991.428,2,5,
27/11/2025 10:26,27/11/2025 10:43,IP Address,100,1029,TRUE,27/11/2025 10:43,R_22GebUFudgJN6av,anonymous,EN,1,"I have read the information sheet and understand I can email the researchers with any questions.,I understand that my personal information (e.g., my age, gender, and information about my language background) will be used for the purposes of this study, which have been explained to me.,I consent to the processing of my personal information for the purposes of this study, and I understand that any such information will be treated as strictly confidential and handled in accordance with the provisions of the Data Protection Act 2018.,I understand that the information I provide may be published as a report and I will be sent a copy if I wish. Confidentiality and anonymity will be maintained, and it will not be possible to identify me in any publications.,I understand that my anonymised research data may be shared in accordance with open science guidelines (no one will be able to identify me if these data are shared).,I understand that I am free to withdraw from the study without penalty if I so wish.,I am over the age of 18.,I consent to take part in this study.",5cfbf333ac28dd00196e807b,53,Female,Yes,30.913,30.913,901.8,1,1,
27/11/2025 10:29,27/11/2025 10:47,IP Address,100,1113,TRUE,27/11/2025 10:47,R_2JVEx4XEtS6Sc3p,anonymous,EN,0.699999988,"I have read the information sheet and understand I can email the researchers with any questions.,I understand that my personal information (e.g., my age, gender, and information about my language background) will be used for the purposes of this study, which have been explained to me.,I consent to the processing of my personal information for the purposes of this study, and I understand that any such information will be treated as strictly confidential and handled in accordance with the provisions of the Data Protection Act 2018.,I understand that the information I provide may be published as a report and I will be sent a copy if I wish. Confidentiality and anonymity will be maintained, and it will not be possible to identify me in any publications.,I understand that my anonymised research data may be shared in accordance with open science guidelines (no one will be able to identify me if these data are shared).,I understand that I am free to withdraw from the study without penalty if I so wish.,I am over the age of 18.,I consent to take part in this study.",5c5cad3e4ee81200018eafe2,75,Female,Yes,479.936,479.936,900.879,1,2,
27/11/2025 10:10,27/11/2025 10:51,IP Address,100,2419,TRUE,27/11/2025 10:51,R_81Bwc4JXu0eDWxO,anonymous,EN,1,"I have read the information sheet and understand I can email the researchers with any questions.,I understand that my personal information (e.g., my age, gender, and information about my language background) will be used for the purposes of this study, which have been explained to me.,I consent to the processing of my personal information for the purposes of this study, and I understand that any such information will be treated as strictly confidential and handled in accordance with the provisions of the Data Protection Act 2018.,I understand that the information I provide may be published as a report and I will be sent a copy if I wish. Confidentiality and anonymity will be maintained, and it will not be possible to identify me in any publications.,I understand that my anonymised research data may be shared in accordance with open science guidelines (no one will be able to identify me if these data are shared).,I understand that I am free to withdraw from the study without penalty if I so wish.,I am over the age of 18.,I consent to take part in this study.",672cf6205a2ec818a3f9a822,46,Male,Yes,640.621,703.252,1049.257,4,1,
27/11/2025 10:35,27/11/2025 10:54,IP Address,100,1163,TRUE,27/11/2025 10:54,R_21MgDbNt3wHOvlg,anonymous,EN,0.5,"I have read the information sheet and understand I can email the researchers with any questions.,I understand that my personal information (e.g., my age, gender, and information about my language background) will be used for the purposes of this study, which have been explained to me.,I consent to the processing of my personal information for the purposes of this study, and I understand that any such information will be treated as strictly confidential and handled in accordance with the provisions of the Data Protection Act 2018.,I understand that the information I provide may be published as a report and I will be sent a copy if I wish. Confidentiality and anonymity will be maintained, and it will not be possible to identify me in any publications.,I understand that my anonymised research data may be shared in accordance with open science guidelines (no one will be able to identify me if these data are shared).,I understand that I am free to withdraw from the study without penalty if I so wish.,I am over the age of 18.,I consent to take part in this study.",5d29c671bc573b00165c9014,41,Male,Yes,239.1,239.1,918.901,1,2,
27/11/2025 10:42,27/11/2025 10:59,IP Address,100,1009,TRUE,27/11/2025 10:59,R_8JE3c5I63bVZTjW,anonymous,EN,1,"I have read the information sheet and understand I can email the researchers with any questions.,I understand that my personal information (e.g., my age, gender, and information about my language background) will be used for the purposes of this study, which have been explained to me.,I consent to the processing of my personal information for the purposes of this study, and I understand that any such information will be treated as strictly confidential and handled in accordance with the provisions of the Data Protection Act 2018.,I understand that the information I provide may be published as a report and I will be sent a copy if I wish. Confidentiality and anonymity will be maintained, and it will not be possible to identify me in any publications.,I understand that my anonymised research data may be shared in accordance with open science guidelines (no one will be able to identify me if these data are shared).,I understand that I am free to withdraw from the study without penalty if I so wish.,I am over the age of 18.,I consent to take part in this study.",5bbb5e3f118c0600013c3202,39,Female,Yes,889.248,891.144,899.594,2,1,
27/11/2025 10:43,27/11/2025 11:02,IP Address,100,1090,TRUE,27/11/2025 11:02,R_8Rw4bsmwMqkSp6I,anonymous,EN,0.800000012,"I have read the information sheet and understand I can email the researchers with any questions.,I understand that my personal information (e.g., my age, gender, and information about my language background) will be used for the purposes of this study, which have been explained to me.,I consent to the processing of my personal information for the purposes of this study, and I understand that any such information will be treated as strictly confidential and handled in accordance with the provisions of the Data Protection Act 2018.,I understand that the information I provide may be published as a report and I will be sent a copy if I wish. Confidentiality and anonymity will be maintained, and it will not be possible to identify me in any publications.,I understand that my anonymised research data may be shared in accordance with open science guidelines (no one will be able to identify me if these data are shared).,I understand that I am free to withdraw from the study without penalty if I so wish.,I am over the age of 18.,I consent to take part in this study.",64ff8f28eb8d29f0814080fa,21,Female,Yes,952.469,952.469,979.105,1,3,