StartDate,EndDate,Status,Progress,Duration (in seconds),Finished,RecordedDate,ResponseId,DistributionChannel,UserLanguage,Q_RecaptchaScore,candidate_number,consent_form,age,gender,language,prior_knowledge_1,test_anxiety_1_1,test_anxiety_2_1,ai_1_1,ai_2_1,SAQ01,SAQ02,SAQ03,SAQ04,SAQ05,SAQ06,Q01,MA01,R01,F01,Q02,MA02,R02,F02,Q03,MA03,R03,F03,Q04,MA04,R04,F04,Q05,MA05,R05,F05,Q06,MA06,R06,F06
Start Date,End Date,Response Type,Progress,Duration (in seconds),Finished,Recorded Date,Response ID,Distribution Channel,User Language,Q_RecaptchaScore,What is your Candidate Number?,"CONSENT FORM FOR ADULTS IN ONLINE RESEARCH STUDIES

Please complete this form after you have read the Information Sheet.



If you have any questions arising from the Information Sheet, please contact the researcher before you decide whether to participate.",What is your age?,What is your gender?,What is your first language?,How would you rate your prior knowledge of the topics covered in this course?,How anxious do you feel about the graded class quiz next week?,How anxious do you feel about the final exam for this course?,To what extent do you agree or disagree with educators using artificial intelligence (AI)-generated content in the classroom?,How useful do you think artificial intelligence (AI)-generated practice quizzes are for your learning?,[Field-Q01],[Field-Q02],[Field-Q03],[Field-Q04],[Field-Q05],[Field-Q06],Q01,MA01,R01,F01,Q02,MA02,R02,F02,Q03,MA03,R03,F03,Q04,MA04,R04,F04,Q05,MA05,R05,F05,Q06,MA06,R06,F06
"{""ImportId"":""startDate"",""timeZone"":""Europe/London""}","{""ImportId"":""endDate"",""timeZone"":""Europe/London""}","{""ImportId"":""status""}","{""ImportId"":""progress""}","{""ImportId"":""duration""}","{""ImportId"":""finished""}","{""ImportId"":""recordedDate"",""timeZone"":""Europe/London""}","{""ImportId"":""_recordId""}","{""ImportId"":""distributionChannel""}","{""ImportId"":""userLanguage""}","{""ImportId"":""Q_RecaptchaScore""}","{""ImportId"":""QID4_TEXT""}","{""ImportId"":""QID3""}","{""ImportId"":""QID5_TEXT""}","{""ImportId"":""QID6""}","{""ImportId"":""QID7_TEXT""}","{""ImportId"":""QID8_1""}","{""ImportId"":""QID14_1""}","{""ImportId"":""QID12_1""}","{""ImportId"":""QID9_1""}","{""ImportId"":""QID16_1""}","{""ImportId"":""QID25_TEXT""}","{""ImportId"":""QID26_TEXT""}","{""ImportId"":""QID27_TEXT""}","{""ImportId"":""QID28_TEXT""}","{""ImportId"":""QID29_TEXT""}","{""ImportId"":""QID30_TEXT""}","{""ImportId"":""Q01""}","{""ImportId"":""MA01""}","{""ImportId"":""R01""}","{""ImportId"":""F01""}","{""ImportId"":""Q02""}","{""ImportId"":""MA02""}","{""ImportId"":""R02""}","{""ImportId"":""F02""}","{""ImportId"":""Q03""}","{""ImportId"":""MA03""}","{""ImportId"":""R03""}","{""ImportId"":""F03""}","{""ImportId"":""Q04""}","{""ImportId"":""MA04""}","{""ImportId"":""R04""}","{""ImportId"":""F04""}","{""ImportId"":""Q05""}","{""ImportId"":""MA05""}","{""ImportId"":""R05""}","{""ImportId"":""F05""}","{""ImportId"":""Q06""}","{""ImportId"":""MA06""}","{""ImportId"":""R06""}","{""ImportId"":""F06""}"
27/01/2026 12:56,27/01/2026 13:00,IP Address,100,288,TRUE,27/01/2026 13:00,R_86a7ThTv29rjqpz,anonymous,EN,1,P35,,,,,,,,,,Not sure,"Population, GDP per capita, energy intensity, carbon intensity",system memory,"the outside temperature is warmer/warmer than the temperature of the human body, mechanisms to cool the body via sweating rely on the temeprature gradient between the human and its environment",methane is a higher potency GHG so you need to remove less methane to have a higher impact,transport/buildings are imbedded systems people already rely on so making them more efficient will decrease energy consumption,"According to the lecture, why does the effort involved in retrieving information (like in a quiz) lead to better long-term retention than passive study methods like re-reading?","Learning that feels effortful signals that you are actively engaging with the material, which strengthens memory and retention more effectively than the false intuition of fluency gained from passive reading.","This tests the learner's understanding of the ""desirable difficulty"" concept and the ""testing effect"" discussed in the opening segment regarding how students learn best.","Your response (“Not sure”) doesn’t explain why retrieval effort improves long-term memory, so it doesn’t show understanding of the key ideas from the lecture (the testing effect and “desirable difficulty”). 

To improve, try stating that actively pulling information from memory (like in a quiz) strengthens the memory and leads to better retention than re-reading, which can feel fluent but doesn’t build durable learning.

Score: 0/10",List the four specific variables comprising the Kaya identity that are multiplied together to calculate total global CO2 emissions in the En-ROADS model.,"The four variables are global population, GDP per capita, energy intensity of GDP, and the carbon intensity of final energy.","This is a ""Remember"" level question requiring the recall of the fundamental framework used throughout the lecture to understand climate drivers.","Your response correctly lists all four factors in the Kaya identity and matches the model answer in meaning. The only minor issue is that the model answer specifies “energy intensity of GDP” and “carbon intensity of final energy,” so adding those qualifiers would make your answer more precise.  

Score: 9/10","Explain why the introduction of a cheap, breakthrough ""new zero-carbon"" energy source (like fusion) in the simulation results in only a minimal reduction in global temperature by 2100.","It takes decades to commercialize and scale new technology to a global level, and existing fossil fuel infrastructure remains in place (system stasis) rather than being immediately displaced.","This is an ""Analyze"" question. The learner must interpret the counter-intuitive result of the simulation shown in the lecture regarding technological silver bullets.","Your response (“system memory”) gestures toward one of the key ideas: that the energy/economic system has inertia and doesn’t change instantly. However, it’s too vague on its own and doesn’t explain the two main mechanisms the model answer expects—(1) the long time needed to commercialize and scale a new technology globally, and (2) the persistence of existing fossil-fuel infrastructure (system stasis) that delays displacement and keeps emissions high for decades.  

Score: 3/10","According to the lecture, what specific physical limitation prevents the human body from cooling itself via sweat evaporation during ""wet bulb"" heat events?","During high wet bulb events, the air is so saturated with humidity that sweat cannot evaporate from the skin, preventing the transfer of heat energy from the body to the atmosphere.","This question requires the learner to ""Apply"" scientific principles explained during the ""Impacts"" section of the lecture to explain why specific temperature increases are fatal.","Your answer shows you understand that cooling depends on transferring heat from your body to the environment, but it focuses on the *temperature gradient* rather than the key “wet bulb” limitation. In wet-bulb events, the main problem is that the air is already so humid (near saturation) that sweat can’t evaporate, so evaporative cooling fails even if the air temperature isn’t higher than body temperature. Try to explicitly mention humidity/saturation preventing evaporation.

Score: 4/10","Why does the lecturer describe methane reduction as a ""high impact and fast"" intervention compared to carbon dioxide reduction?","Methane is a significantly more potent greenhouse gas than CO2, but it also leaves the atmosphere much faster, meaning reducing it creates a near-immediate reduction in warming potential.","This tests the learner's understanding of the different chemical behaviors of greenhouse gases and how that influences policy priorities (an ""Understand"" level question).","Your response correctly identifies one key idea: methane is more potent than CO₂, so cutting a smaller amount can produce a relatively large climate benefit (“high impact”).  

However, you missed the other essential part of why it’s described as “fast”: methane has a much shorter lifetime in the atmosphere than CO₂, so reductions lead to a quicker drop in warming (near-term cooling benefits).  

Score: 6/10","In the context of the En-ROADS simulation, how does increasing energy efficiency in transport and buildings assist in decarbonising the energy supply?","Increasing efficiency lowers the total global demand for energy, which reduces the total amount of renewable energy infrastructure that must be built to replace fossil fuels.","This question requires the learner to explain the relationship between demand-side reduction and supply-side transition, a key cause-effect pattern in the lecture.","Your response correctly identifies the main demand-side effect: making transport and buildings more efficient reduces energy consumption. That’s an important piece of how efficiency supports decarbonisation. To fully match the model answer, you should also connect this lower demand to the supply-side implication in En-ROADS—needing to build less renewable (and other clean) energy infrastructure to replace fossil fuels.

Score: 7/10"
27/01/2026 12:55,27/01/2026 13:04,IP Address,100,531,TRUE,27/01/2026 13:04,R_2kI1rZqHBLEMbEx,anonymous,EN,1,P17,,,,,,,,,,"Because you actively engage with the material, it is more effortful and requires more resources","GDP, population, energy intensity, carbon intensity",because it doesn't guarantee that everyone will use the new energy source as the infrastructure may not be built,It is too hot for sweat to evaporate of the skin,because it is easier to reduce meat consumption than it is to restructure the entire energy infrastructure,"reduces the total energy used, hence less carbon is used","According to the lecture, why does the effort involved in retrieving information (like in a quiz) lead to better long-term retention than passive study methods like re-reading?","Learning that feels effortful signals that you are actively engaging with the material, which strengthens memory and retention more effectively than the false intuition of fluency gained from passive reading.","This tests the learner's understanding of the ""desirable difficulty"" concept and the ""testing effect"" discussed in the opening segment regarding how students learn best.","Your answer captures the core idea that retrieval practice is **active and effortful**, which is an important part of why it helps learning more than passive re-reading. However, it doesn’t clearly explain **how** that effort improves long-term retention (e.g., that effortful retrieval strengthens memory traces and counters the misleading “I know it” feeling from fluency during re-reading). Try adding that quizzes force you to **pull information out**, which makes it stick better over time.  

Score: 7/10",List the four specific variables comprising the Kaya identity that are multiplied together to calculate total global CO2 emissions in the En-ROADS model.,"The four variables are global population, GDP per capita, energy intensity of GDP, and the carbon intensity of final energy.","This is a ""Remember"" level question requiring the recall of the fundamental framework used throughout the lecture to understand climate drivers.","Your response includes the right four drivers in the Kaya identity: population, GDP (as GDP per capita in the full expression), energy intensity, and carbon intensity. The main missing specificity is that GDP should be *GDP per capita* (not total GDP), and carbon intensity is specifically the *carbon intensity of final energy* in the En-ROADS framing.  

Score: 8/10","Explain why the introduction of a cheap, breakthrough ""new zero-carbon"" energy source (like fusion) in the simulation results in only a minimal reduction in global temperature by 2100.","It takes decades to commercialize and scale new technology to a global level, and existing fossil fuel infrastructure remains in place (system stasis) rather than being immediately displaced.","This is an ""Analyze"" question. The learner must interpret the counter-intuitive result of the simulation shown in the lecture regarding technological silver bullets.","Your response captures one important idea: even if a breakthrough energy source exists, it won’t automatically be adopted everywhere because the needed infrastructure may not be built quickly or universally.

To improve, you should also mention the key reason the temperature change by 2100 stays small: the long time it takes to commercialize and scale globally, and the fact that existing fossil-fuel infrastructure tends to persist rather than being rapidly replaced. Score: 6/10","According to the lecture, what specific physical limitation prevents the human body from cooling itself via sweat evaporation during ""wet bulb"" heat events?","During high wet bulb events, the air is so saturated with humidity that sweat cannot evaporate from the skin, preventing the transfer of heat energy from the body to the atmosphere.","This question requires the learner to ""Apply"" scientific principles explained during the ""Impacts"" section of the lecture to explain why specific temperature increases are fatal.","Your answer captures the basic idea that sweat evaporation is impaired, which is central to wet-bulb heat risk. However, the key physical limitation is not just that it’s “too hot,” but that the air is already so humid (near-saturated) that evaporation can’t occur, so the body can’t dump heat to the atmosphere. Mentioning the role of high humidity/saturated air would make your explanation accurate and complete.

Score: 6/10","Why does the lecturer describe methane reduction as a ""high impact and fast"" intervention compared to carbon dioxide reduction?","Methane is a significantly more potent greenhouse gas than CO2, but it also leaves the atmosphere much faster, meaning reducing it creates a near-immediate reduction in warming potential.","This tests the learner's understanding of the different chemical behaviors of greenhouse gases and how that influences policy priorities (an ""Understand"" level question).","Your response captures part of why methane reduction can be “fast” in practice (behavior change like eating less meat may be quicker than rebuilding energy systems). However, it misses the key scientific reason the lecturer is emphasizing: methane has a much shorter lifetime in the atmosphere than CO₂, so cutting methane leads to faster climate benefits, and it’s also more potent per unit in the short term. To improve, connect “high impact and fast” to methane’s higher warming power and its quicker removal from the atmosphere, not just the ease of policy/action.

Score: 4/10","In the context of the En-ROADS simulation, how does increasing energy efficiency in transport and buildings assist in decarbonising the energy supply?","Increasing efficiency lowers the total global demand for energy, which reduces the total amount of renewable energy infrastructure that must be built to replace fossil fuels.","This question requires the learner to explain the relationship between demand-side reduction and supply-side transition, a key cause-effect pattern in the lecture.","Your response correctly identifies the main idea that improving energy efficiency reduces total energy use, which helps cut emissions. However, it doesn’t clearly connect this demand reduction to *decarbonising the energy supply*—specifically, that lower demand means less renewable (or other low-carbon) infrastructure needs to be built to replace fossil fuels. Clarifying that link between reduced demand and an easier supply-side transition would make your answer stronger.

Score: 7/10"
27/01/2026 12:55,27/01/2026 13:06,IP Address,100,646,TRUE,27/01/2026 13:06,R_2fIKoLwRP32mWvP,anonymous,EN,1,P34,,,,,,,,,,"Retrieving infomation (like in a quiz) leads to better long-term retention than passive methods of studying like re-reading because we are actively engaging in retrieving the information, there is an active effort rather than just a passive one. ","Global population, GDP per capita, GDP per capita, energy intensity of GDP, Carbon Intensity of Final Energy, a","It only results in a minimal reduction because there are sitll many other factors that play a role, including reducing greenhouse gases, etc. ",Ambient temperaure being lower than body temperature ,"lecturer descibes methane reduction as a high impact and fast intervention compared to carbon dioxide reduction because it is a much stronger grenehouse gases, with much more potent effects ","Increasing energy efficiency in transport and buildings assist in decarbonising the energy supply because this industry constantly relies on non-clean energy sources, so increasing its efficiency would have a significant impact in decarbonising the energy supply.  ","According to the lecture, why does the effort involved in retrieving information (like in a quiz) lead to better long-term retention than passive study methods like re-reading?","Learning that feels effortful signals that you are actively engaging with the material, which strengthens memory and retention more effectively than the false intuition of fluency gained from passive reading.","This tests the learner's understanding of the ""desirable difficulty"" concept and the ""testing effect"" discussed in the opening segment regarding how students learn best.","Your response captures the main idea that *active retrieval* (quizzing yourself) requires effort and engagement, which supports stronger long-term memory than passive re-reading. This aligns well with the lecture’s point that retrieval practice helps learning more than simply reviewing.

To improve, you could add that passive re-reading can create a misleading sense of “I know this” (fluency), while effortful retrieval is a “desirable difficulty” that strengthens memory traces and makes the information easier to access later.

Score: 8/10",List the four specific variables comprising the Kaya identity that are multiplied together to calculate total global CO2 emissions in the En-ROADS model.,"The four variables are global population, GDP per capita, energy intensity of GDP, and the carbon intensity of final energy.","This is a ""Remember"" level question requiring the recall of the fundamental framework used throughout the lecture to understand climate drivers.","You included the correct Kaya identity components: global population, GDP per capita, energy intensity of GDP, and carbon intensity of final energy. However, you repeated “GDP per capita,” added an extra trailing “a,” and didn’t clearly present the four as a clean set of distinct variables.  

Score: 8/10","Explain why the introduction of a cheap, breakthrough ""new zero-carbon"" energy source (like fusion) in the simulation results in only a minimal reduction in global temperature by 2100.","It takes decades to commercialize and scale new technology to a global level, and existing fossil fuel infrastructure remains in place (system stasis) rather than being immediately displaced.","This is an ""Analyze"" question. The learner must interpret the counter-intuitive result of the simulation shown in the lecture regarding technological silver bullets.","Your response shows a general awareness that climate outcomes depend on multiple factors, but it doesn’t capture the main mechanism the simulation is illustrating. The key point is that even a cheap zero-carbon breakthrough has limited impact by 2100 because it takes decades to commercialize and scale globally, and existing fossil-fuel infrastructure isn’t replaced immediately (so emissions don’t drop fast enough). To improve, mention the time lag in deployment and the “lock-in” of current energy systems rather than only saying “other factors.”

Score: 3/10","According to the lecture, what specific physical limitation prevents the human body from cooling itself via sweat evaporation during ""wet bulb"" heat events?","During high wet bulb events, the air is so saturated with humidity that sweat cannot evaporate from the skin, preventing the transfer of heat energy from the body to the atmosphere.","This question requires the learner to ""Apply"" scientific principles explained during the ""Impacts"" section of the lecture to explain why specific temperature increases are fatal.","Your answer points to an important general idea (that the body struggles when the environment can’t take heat away), but it identifies the wrong limiting factor for *wet-bulb* events. In wet-bulb conditions, the key physical limitation is **high humidity (air near saturation) preventing sweat from evaporating**, not the ambient temperature being lower than body temperature. To improve, mention that evaporation stops because the air already contains too much water vapor, so sweating no longer cools you.

Score: 2/10","Why does the lecturer describe methane reduction as a ""high impact and fast"" intervention compared to carbon dioxide reduction?","Methane is a significantly more potent greenhouse gas than CO2, but it also leaves the atmosphere much faster, meaning reducing it creates a near-immediate reduction in warming potential.","This tests the learner's understanding of the different chemical behaviors of greenhouse gases and how that influences policy priorities (an ""Understand"" level question).","You correctly identify the “high impact” part: methane is a stronger (more potent) greenhouse gas than CO₂, so cutting it can have a big effect. However, you missed the key reason it’s also described as “fast”: methane has a much shorter lifetime in the atmosphere than CO₂, so reducing methane leads to quicker, near-immediate cooling benefits compared with CO₂ reductions.  

Score: 6/10","In the context of the En-ROADS simulation, how does increasing energy efficiency in transport and buildings assist in decarbonising the energy supply?","Increasing efficiency lowers the total global demand for energy, which reduces the total amount of renewable energy infrastructure that must be built to replace fossil fuels.","This question requires the learner to explain the relationship between demand-side reduction and supply-side transition, a key cause-effect pattern in the lecture.","Your answer correctly connects transport and buildings to heavy reliance on fossil fuels and suggests that efficiency can help reduce emissions. However, it doesn’t capture the key mechanism from the model answer: higher efficiency reduces total energy demand, which in turn makes it easier to decarbonise supply because fewer renewables (and other clean energy infrastructure) need to be built to replace fossil fuels. Try explicitly stating that efficiency lowers demand and therefore reduces the scale and speed required for the clean energy build-out.

Score: 5/10"
27/01/2026 12:59,27/01/2026 13:06,IP Address,100,409,TRUE,27/01/2026 13:06,R_8hFoCI39h9os5sQ,anonymous,EN,1,P13,,,,,,,,,,"you strengthen the access route to the memory rather than just passively learning it again, the act of repetition helps transfer the memory from short term into a long term one, ","Population, GDP per person, Energy over GDP, and CO2 over energy ","they are expensive, energy intensive and not scalable fast enough ",because if their is more water in the atmosphere sweating is less effective at transferring heat off of the body because it cannot evaporate in more human conditions as effectively ,"because methane is a more potent greenhouse gas, it can absorb and reflect long wave infrared energy more efficiently than carbon dioxide ","if the energy is more efficient then you would use less, so less greenhouse gases emitted into the atmpshpehre ","According to the lecture, why does the effort involved in retrieving information (like in a quiz) lead to better long-term retention than passive study methods like re-reading?","Learning that feels effortful signals that you are actively engaging with the material, which strengthens memory and retention more effectively than the false intuition of fluency gained from passive reading.","This tests the learner's understanding of the ""desirable difficulty"" concept and the ""testing effect"" discussed in the opening segment regarding how students learn best.","Your answer captures an important part of the idea: retrieving information strengthens the “pathway” to the memory, which is why quizzes/testing can improve later recall compared with just re-reading. However, you lean heavily on a somewhat oversimplified “short-term to long-term transfer” explanation and don’t clearly state the key contrast from the lecture: effortful retrieval is a *desirable difficulty* that strengthens learning, whereas re-reading can create a misleading feeling of fluency without durable retention.

Score: 7/10",List the four specific variables comprising the Kaya identity that are multiplied together to calculate total global CO2 emissions in the En-ROADS model.,"The four variables are global population, GDP per capita, energy intensity of GDP, and the carbon intensity of final energy.","This is a ""Remember"" level question requiring the recall of the fundamental framework used throughout the lecture to understand climate drivers.","Your response correctly lists all four components of the Kaya identity in essentially the right form: population, GDP per capita (“GDP per person”), energy intensity (“Energy over GDP”), and carbon intensity (“CO2 over energy”). The only improvement would be to match the model answer’s wording a bit more precisely by specifying “carbon intensity of final energy,” but your meaning is clear and correct.

Score: 10/10","Explain why the introduction of a cheap, breakthrough ""new zero-carbon"" energy source (like fusion) in the simulation results in only a minimal reduction in global temperature by 2100.","It takes decades to commercialize and scale new technology to a global level, and existing fossil fuel infrastructure remains in place (system stasis) rather than being immediately displaced.","This is an ""Analyze"" question. The learner must interpret the counter-intuitive result of the simulation shown in the lecture regarding technological silver bullets.","Your response captures one important part of the explanation: even a breakthrough energy source doesn’t reduce warming much by 2100 because it can’t be scaled up and deployed globally fast enough. That said, you added “expensive” and “energy intensive,” which goes against the scenario of a *cheap* new zero-carbon source, and you didn’t mention the key idea that existing fossil-fuel infrastructure tends to persist rather than being quickly replaced (system inertia/stasis).  

Score: 6/10","According to the lecture, what specific physical limitation prevents the human body from cooling itself via sweat evaporation during ""wet bulb"" heat events?","During high wet bulb events, the air is so saturated with humidity that sweat cannot evaporate from the skin, preventing the transfer of heat energy from the body to the atmosphere.","This question requires the learner to ""Apply"" scientific principles explained during the ""Impacts"" section of the lecture to explain why specific temperature increases are fatal.","You captured the main idea: when there’s a lot of moisture in the air (high humidity), sweat evaporation is reduced, so sweating becomes less effective at cooling the body. That said, your wording is a bit unclear (“more human conditions”), and you didn’t explicitly state the key physical limitation: the air is so saturated with water vapor that sweat can’t evaporate, which blocks heat loss to the atmosphere.

Score: 7/10","Why does the lecturer describe methane reduction as a ""high impact and fast"" intervention compared to carbon dioxide reduction?","Methane is a significantly more potent greenhouse gas than CO2, but it also leaves the atmosphere much faster, meaning reducing it creates a near-immediate reduction in warming potential.","This tests the learner's understanding of the different chemical behaviors of greenhouse gases and how that influences policy priorities (an ""Understand"" level question).","Your answer correctly identifies an important part of the lecturer’s point: methane is more potent than CO₂ at trapping heat, so cutting it can have a big impact. However, you missed the key reason it’s described as “fast”: methane has a much shorter lifetime in the atmosphere than CO₂, so reducing methane leads to quicker reductions in warming compared to CO₂ cuts, which take longer to translate into lower atmospheric concentrations.

Score: 7/10","In the context of the En-ROADS simulation, how does increasing energy efficiency in transport and buildings assist in decarbonising the energy supply?","Increasing efficiency lowers the total global demand for energy, which reduces the total amount of renewable energy infrastructure that must be built to replace fossil fuels.","This question requires the learner to explain the relationship between demand-side reduction and supply-side transition, a key cause-effect pattern in the lecture.","Your response shows the basic idea that higher energy efficiency means using less energy, and you correctly connect that to lower greenhouse gas emissions. However, it misses the key En-ROADS link to *decarbonising the energy supply*: reducing demand makes it easier to replace fossil fuels because less renewable (and other low-carbon) energy infrastructure needs to be built overall.

Score: 6/10"
27/01/2026 12:55,27/01/2026 13:07,IP Address,100,699,TRUE,27/01/2026 13:07,R_2Fy73gUwFWsNKKr,anonymous,EN,1,P28,"I confirm that I understand that by ticking/initialling each box below I am consenting to this element of the study. I understand that it will be assumed that unticked/initialled boxes means that I DO NOT consent to that part of the study. I understand that by not giving consent for any one element that I may be deemed ineligible for the study.,I have read the information sheet and understand I can email the researchers with any questions.,I understand that my personal information (e.g., my age, gender, and information about my language background) will be used for the purposes of this study, which have been explained to me.,I consent to the processing of my personal information for the purposes of this study, and I understand that any such information will be treated as strictly confidential and handled in accordance with the provisions of the Data Protection Act 2018.,I understand that the information I provide may be published as a report and I will be sent a copy if I wish. Confidentiality and anonymity will be maintained, and it will not be possible to identify me in any publications.,I understand that my anonymised research data may be shared in accordance with open science guidelines (no one will be able to identify me if these data are shared).,I understand that I am free to withdraw from the study without penalty if I so wish.,I am over the age of 18.,I consent to take part in this study.",22,Female,English,4,6,6,5,4,"it creates a stronger pathway from short term memory to long term memoery, meaning the information is more reinforced hence it is stonger. ","GDP, energy intensity, carbon intensity and population",it will not create enough of a reduction and also it does not disocunt any other of the products that are being used still. It produces minimum effects as would take time to scale ans develop which then again does not replace other things that are currently being used. ,the skins surafce temperature,it is a gas that does not have as long of an atmospheric life so it does not stay in the atmosphere as long so it can be removed quicker,"as buildings and transport are more effeicinet, they will reuire less enegery, whihc means less crbon is needed. they also move to non fossil fule models wihich again means less carbon is needed","According to the lecture, why does the effort involved in retrieving information (like in a quiz) lead to better long-term retention than passive study methods like re-reading?","Learning that feels effortful signals that you are actively engaging with the material, which strengthens memory and retention more effectively than the false intuition of fluency gained from passive reading.","This tests the learner's understanding of the ""desirable difficulty"" concept and the ""testing effect"" discussed in the opening segment regarding how students learn best.","Your response captures the main idea that retrieval practice strengthens memory and improves long-term retention. You correctly point to the idea of “stronger pathways” and reinforcement, which aligns with the testing effect.

To improve, connect this strengthening specifically to the *effortful act of retrieving* information (not just moving it from short-term to long-term memory), and mention that passive re-reading can feel fluent/easy without producing durable learning (the “illusion of learning”/fluency issue).

Score: 7/10",List the four specific variables comprising the Kaya identity that are multiplied together to calculate total global CO2 emissions in the En-ROADS model.,"The four variables are global population, GDP per capita, energy intensity of GDP, and the carbon intensity of final energy.","This is a ""Remember"" level question requiring the recall of the fundamental framework used throughout the lecture to understand climate drivers.","Your answer includes all four components of the Kaya identity: population, GDP (as the economic output term), energy intensity, and carbon intensity. To be fully precise, the model specifies **GDP per capita** (not just GDP) and **carbon intensity of final energy**, but your terms clearly indicate the intended factors.

Score: 8/10","Explain why the introduction of a cheap, breakthrough ""new zero-carbon"" energy source (like fusion) in the simulation results in only a minimal reduction in global temperature by 2100.","It takes decades to commercialize and scale new technology to a global level, and existing fossil fuel infrastructure remains in place (system stasis) rather than being immediately displaced.","This is an ""Analyze"" question. The learner must interpret the counter-intuitive result of the simulation shown in the lecture regarding technological silver bullets.","You captured the main idea that even a breakthrough zero-carbon source doesn’t quickly lower temperature because it takes time to develop and scale globally, and it doesn’t immediately replace what’s already being used. You also correctly point out that other energy sources/products keep being used, which limits the near-term impact. To improve, be a bit clearer that the key issue is the persistence of existing fossil-fuel infrastructure (lock-in/system inertia), not just that the new source “won’t create enough reduction.”  

Score: 8/10","According to the lecture, what specific physical limitation prevents the human body from cooling itself via sweat evaporation during ""wet bulb"" heat events?","During high wet bulb events, the air is so saturated with humidity that sweat cannot evaporate from the skin, preventing the transfer of heat energy from the body to the atmosphere.","This question requires the learner to ""Apply"" scientific principles explained during the ""Impacts"" section of the lecture to explain why specific temperature increases are fatal.","Your answer mentions a factor related to temperature at the skin, but it doesn’t identify the key physical limitation discussed in the lecture: during wet-bulb conditions the air is so humid (near-saturated) that sweat can’t evaporate, so the body can’t lose heat through evaporation. To improve, explicitly connect the failure to cool to high humidity preventing sweat from evaporating off the skin.

Score: 2/10","Why does the lecturer describe methane reduction as a ""high impact and fast"" intervention compared to carbon dioxide reduction?","Methane is a significantly more potent greenhouse gas than CO2, but it also leaves the atmosphere much faster, meaning reducing it creates a near-immediate reduction in warming potential.","This tests the learner's understanding of the different chemical behaviors of greenhouse gases and how that influences policy priorities (an ""Understand"" level question).","Your response correctly captures the “fast” part: methane has a shorter atmospheric lifetime than CO₂, so cutting methane can reduce warming relatively quickly.

To fully match the lecturer’s “high impact and fast” description, you should also mention the “high impact” reason: methane is much more potent (stronger per unit) as a greenhouse gas than CO₂, so reducing it has a bigger warming-reduction effect per amount reduced.

Score: 7/10","In the context of the En-ROADS simulation, how does increasing energy efficiency in transport and buildings assist in decarbonising the energy supply?","Increasing efficiency lowers the total global demand for energy, which reduces the total amount of renewable energy infrastructure that must be built to replace fossil fuels.","This question requires the learner to explain the relationship between demand-side reduction and supply-side transition, a key cause-effect pattern in the lecture.","You capture the main idea that better efficiency in buildings and transport means using less energy overall, which helps reduce emissions. To match the model answer more closely, you should explicitly connect lower energy demand to needing to build *less* clean energy/renewable infrastructure to replace fossil fuels (it’s about making the supply-side transition easier). Also, “move to non-fossil fuel models” is more about electrification/fuel switching than efficiency, so keep the focus on demand reduction.

Score: 7/10"
27/01/2026 12:55,27/01/2026 13:08,IP Address,100,795,TRUE,27/01/2026 13:08,R_2YSo1qd1B0Dx32Z,anonymous,EN,0.899999976,P30,,,,,,,,,,"The effort that it takes to attempt to remember and retrieve information helps to solidify this information in your memory, as active recall creates connections between ideas and provides practice for considering and thinking about the subject. This is better than re-reading, which does not require any sort of thinking or recall about the subject.","Population, GDP, Carbon Emissions, Energy of Emissions","The introduction of a cheap, breathrough ""new zero-carbon"" energy source would only result in a minimal reduction in global temperature because it would likely be expensive to implement and this process would take a long time. Additionally, there will still be other emissions such as methane that will contribute to global warming, as well as the carbon dioxide already in the atmosphere. ","Human body temperature is about 98 degrees, and so when the outside temperature is higher than this, we cannot use sweat evaporation to cool ourselves off. ","The lecturer describes methane reduction as a ""high impact and fast"" intervention compared to carbon dioxide reduction because methane has a higher warming capacity and leaves the atmosphere quicker than carbon dioxide does. ","In many buildings and modes of transport, high carbon energy sources are used because they are effective and concentrated, such as in the case of shipping lines and flights. By reducing the energy that is needed in these situations, we can use less of these carbon-heavy fuels and de-carbonise the energy supply.","According to the lecture, why does the effort involved in retrieving information (like in a quiz) lead to better long-term retention than passive study methods like re-reading?","Learning that feels effortful signals that you are actively engaging with the material, which strengthens memory and retention more effectively than the false intuition of fluency gained from passive reading.","This tests the learner's understanding of the ""desirable difficulty"" concept and the ""testing effect"" discussed in the opening segment regarding how students learn best.","Your response captures the main idea well: retrieval practice (active recall) is effortful, and that effort helps strengthen memory so you retain information longer. You also clearly contrast it with re-reading as a more passive strategy that doesn’t require retrieval.

To improve, you could more explicitly connect this to the lecture’s point about *desirable difficulty* and the “illusion of learning/fluency” from re-reading—i.e., re-reading can feel easy and therefore seem effective, but that ease doesn’t translate to durable memory the way effortful retrieval does.  

Score: 9/10",List the four specific variables comprising the Kaya identity that are multiplied together to calculate total global CO2 emissions in the En-ROADS model.,"The four variables are global population, GDP per capita, energy intensity of GDP, and the carbon intensity of final energy.","This is a ""Remember"" level question requiring the recall of the fundamental framework used throughout the lecture to understand climate drivers.","Your response correctly includes **population** and mentions **GDP**, which are two of the four Kaya identity factors. However, the other two items you listed (“Carbon Emissions” and “Energy of Emissions”) are not the specific Kaya identity variables: the identity uses **GDP per capita**, **energy intensity of GDP** (energy per unit GDP), and **carbon intensity of energy** (CO₂ per unit energy), not emissions as a separate factor. To improve, try naming the variables in the “population × GDP per person × energy per GDP × CO₂ per energy” structure.

Score: 4/10","Explain why the introduction of a cheap, breakthrough ""new zero-carbon"" energy source (like fusion) in the simulation results in only a minimal reduction in global temperature by 2100.","It takes decades to commercialize and scale new technology to a global level, and existing fossil fuel infrastructure remains in place (system stasis) rather than being immediately displaced.","This is an ""Analyze"" question. The learner must interpret the counter-intuitive result of the simulation shown in the lecture regarding technological silver bullets.","You capture the main idea that even a breakthrough energy source won’t reduce warming much by 2100 because deployment takes a long time—this aligns well with the “decades to scale” part of the model answer. You also add relevant climate-system points (other gases like methane and CO₂ already in the atmosphere), which help explain why temperatures don’t quickly fall once emissions start dropping.

To improve, connect more directly to the “system stasis” idea: the key is not just that it’s expensive, but that existing fossil-fuel infrastructure and institutions don’t get replaced immediately, so fossil energy continues alongside the new source for a long time. Emphasizing slow displacement of incumbents (not just slow implementation) would make your explanation match the simulation’s logic more closely.

Score: 8/10","According to the lecture, what specific physical limitation prevents the human body from cooling itself via sweat evaporation during ""wet bulb"" heat events?","During high wet bulb events, the air is so saturated with humidity that sweat cannot evaporate from the skin, preventing the transfer of heat energy from the body to the atmosphere.","This question requires the learner to ""Apply"" scientific principles explained during the ""Impacts"" section of the lecture to explain why specific temperature increases are fatal.","Your answer shows a basic idea that the body struggles to cool when it’s very hot, but it misses the specific limitation the lecture emphasizes for *wet bulb* events. The key issue is not simply that the air temperature exceeds body temperature; it’s that the air is so humid (near-saturated) that sweat **cannot evaporate**, so evaporative cooling fails. To improve, explicitly mention high humidity/saturated air preventing evaporation and therefore preventing heat transfer away from the skin.

Score: 4/10","Why does the lecturer describe methane reduction as a ""high impact and fast"" intervention compared to carbon dioxide reduction?","Methane is a significantly more potent greenhouse gas than CO2, but it also leaves the atmosphere much faster, meaning reducing it creates a near-immediate reduction in warming potential.","This tests the learner's understanding of the different chemical behaviors of greenhouse gases and how that influences policy priorities (an ""Understand"" level question).","Your response captures the key concepts accurately: you explain both why methane cuts are “high impact” (it has a higher warming effect than CO₂) and why they are “fast” (methane leaves the atmosphere more quickly, so reductions show up sooner in warming). This aligns closely with the model answer. To make it even stronger, you could explicitly mention that this leads to a near-immediate reduction in warming in the short term.

Score: 10/10","In the context of the En-ROADS simulation, how does increasing energy efficiency in transport and buildings assist in decarbonising the energy supply?","Increasing efficiency lowers the total global demand for energy, which reduces the total amount of renewable energy infrastructure that must be built to replace fossil fuels.","This question requires the learner to explain the relationship between demand-side reduction and supply-side transition, a key cause-effect pattern in the lecture.","Your response shows the right general direction: you explain that improving efficiency reduces the energy needed in buildings and transport, which in turn reduces how much fossil fuel use is required and supports decarbonisation.

However, the model answer’s key point is the demand–supply linkage: lowering total energy demand makes it easier to decarbonise because it reduces the amount of renewable (and other low-carbon) infrastructure that needs to be built to replace fossil fuels. You focus more on why high-carbon fuels are currently used (concentrated/effective) and less on the “less demand → less clean supply buildout needed” mechanism highlighted in En-ROADS.

Score: 7/10"
27/01/2026 12:58,27/01/2026 13:09,IP Address,100,686,TRUE,27/01/2026 13:09,R_8ESglvlqc0XHbCc,anonymous,EN,1,P12,,,,,,,,,,it prompts you to apply the knowledge and gain feedback on whether your thinking is right wrong which helps long-term retention,"Population, GDP per capita, enegry intensity, carbon intensity",the world is too heavily reliant on oil. A transition to this new energy source is difficult due to existing infrastructure. Polictial aspects and policies would also prevent large impact,"human body is reliant on sweat moving from high to low concentrations of water. In areas of 100% humidity, the body heat is trapped","methane is easily removable as opposed to carbon dioxide, it is also used less so in our typical infrastructure","Its is limited as transport and buildings heavily rely on oil, however there is a very minor decrease in carbon emissions ","According to the lecture, why does the effort involved in retrieving information (like in a quiz) lead to better long-term retention than passive study methods like re-reading?","Learning that feels effortful signals that you are actively engaging with the material, which strengthens memory and retention more effectively than the false intuition of fluency gained from passive reading.","This tests the learner's understanding of the ""desirable difficulty"" concept and the ""testing effect"" discussed in the opening segment regarding how students learn best.","Your response captures an important part of the idea: retrieving information forces you to *use* what you know, and getting feedback helps you correct errors, which supports long-term learning. That said, it doesn’t fully explain *why effort helps* (the “desirable difficulty”/retrieval practice point) or contrast it with passive re-reading creating a misleading feeling of fluency without strengthening memory as much. Adding that effortful retrieval strengthens memory traces more than passive exposure would make your answer more complete.

Score: 7/10",List the four specific variables comprising the Kaya identity that are multiplied together to calculate total global CO2 emissions in the En-ROADS model.,"The four variables are global population, GDP per capita, energy intensity of GDP, and the carbon intensity of final energy.","This is a ""Remember"" level question requiring the recall of the fundamental framework used throughout the lecture to understand climate drivers.","Your response includes all four components of the Kaya identity: population, GDP per capita, energy intensity, and carbon intensity. The only minor issue is that “energy intensity” and “carbon intensity” are a bit unspecific compared to “energy intensity of GDP” and “carbon intensity of final energy,” but your meaning is clear in context.

Score: 9/10","Explain why the introduction of a cheap, breakthrough ""new zero-carbon"" energy source (like fusion) in the simulation results in only a minimal reduction in global temperature by 2100.","It takes decades to commercialize and scale new technology to a global level, and existing fossil fuel infrastructure remains in place (system stasis) rather than being immediately displaced.","This is an ""Analyze"" question. The learner must interpret the counter-intuitive result of the simulation shown in the lecture regarding technological silver bullets.","Your response captures the main idea that even a breakthrough energy source won’t quickly replace fossil fuels because the world is already locked into existing oil-based infrastructure. That aligns well with the “system stasis” point in the model answer. To improve, explicitly mention the time lag—commercializing, deploying, and scaling globally takes decades—since that’s a central reason the temperature change by 2100 is only minimally affected; your “political aspects” point is reasonable but less central than the scaling-time constraint.

Score: 8/10","According to the lecture, what specific physical limitation prevents the human body from cooling itself via sweat evaporation during ""wet bulb"" heat events?","During high wet bulb events, the air is so saturated with humidity that sweat cannot evaporate from the skin, preventing the transfer of heat energy from the body to the atmosphere.","This question requires the learner to ""Apply"" scientific principles explained during the ""Impacts"" section of the lecture to explain why specific temperature increases are fatal.","You correctly identify the main idea: when humidity is extremely high (near 100%), sweat can’t effectively evaporate and the body can’t get rid of heat, so heat becomes “trapped.” That said, your explanation about sweat moving from “high to low concentrations of water” is a bit imprecise—what matters is the air being so saturated that evaporation (and the associated heat loss) is severely limited.

Score: 8/10","Why does the lecturer describe methane reduction as a ""high impact and fast"" intervention compared to carbon dioxide reduction?","Methane is a significantly more potent greenhouse gas than CO2, but it also leaves the atmosphere much faster, meaning reducing it creates a near-immediate reduction in warming potential.","This tests the learner's understanding of the different chemical behaviors of greenhouse gases and how that influences policy priorities (an ""Understand"" level question).","Your response partially connects to the idea that methane can be reduced more quickly than CO₂, but it misses the two key reasons the lecturer calls it “high impact and fast”: methane’s much higher warming power (potency) and its much shorter lifetime in the atmosphere, which makes cuts translate into faster cooling benefits. Saying methane is “used less” in infrastructure isn’t the main scientific reason for the fast, high-impact effect (and can be misleading depending on the sector).  

Score: 4/10","In the context of the En-ROADS simulation, how does increasing energy efficiency in transport and buildings assist in decarbonising the energy supply?","Increasing efficiency lowers the total global demand for energy, which reduces the total amount of renewable energy infrastructure that must be built to replace fossil fuels.","This question requires the learner to explain the relationship between demand-side reduction and supply-side transition, a key cause-effect pattern in the lecture.","Your response recognizes that transport and buildings currently depend a lot on oil, which is relevant context. However, it doesn’t explain the key mechanism from the model answer: that improving energy efficiency reduces total energy demand, which in turn makes it easier to decarbonize supply because fewer renewables (and less clean infrastructure overall) are needed to replace fossil fuels. You also suggest efficiency has only a “very minor” impact, which conflicts with the intended cause-effect relationship in En-ROADS.

Score: 2/10"
27/01/2026 12:55,27/01/2026 13:10,IP Address,100,904,TRUE,27/01/2026 13:10,R_22nPZ87Giq8tOQ0,anonymous,EN,1,P33,,,,,,,,,,"Retrieving information from memory is a challenging task that actively requires our brain to assess if we know the information or not. If we are just re-reading, our brain may feel like we already know the content because it is right in front of us, but the extra effort in retrieving the information when it is just from memory allows us to actually strengthen the neural connection between the memory of the moment of learning into actual conceptual knowledge that we hold in memory. ","global population, GDP per capita, energy intensity, carbon intensity. ","Even if we reduce all emissions to zero right now, there is still currently an excess of greenhouse gases in the atmosphere that will contribute to warming as the environment processes them. More importantly, though, even if we introduce a new zero carbon energy source, it is important that the entire globe switches to using it as soon as possible, but this is not viable as many developing countries in the global south have recently developed new energy plants that rely on oil and coal. This would make it less likely that the entire globe would want to drop everything and switch to a new zero carbon so as not to strand assets, making a big reduction in temperature unlikely just based on the introduction of a new zero carbon energy source. Other factors must change in addition. ","When the outdoor temperature is at the same temperature as our body temperature or higher, and the atmosphere is too humid to collect more evaporated water, our sweat won't evaporate to cool us, and the heat from the environment will continue to be warmer than our body temperature which makes cooling relief more challenging, especially without any wind. ","Methane get's created rapidly, especially through waste created by organisms. One of the biggest methane sources is from cows on red meat farms, and if we are able to reduce red meat consumption/production, then less methane would be released into the environment. I'm not sure why it is exactly a high impact/fast intervention in relation to co2 production though","If we require less energy use, regardless of the type of energy source (high carbon or not), using less energy will result in a smaller overall product of greenhouse gas emissions compared to if we were using more energy of the same carbon intensity","According to the lecture, why does the effort involved in retrieving information (like in a quiz) lead to better long-term retention than passive study methods like re-reading?","Learning that feels effortful signals that you are actively engaging with the material, which strengthens memory and retention more effectively than the false intuition of fluency gained from passive reading.","This tests the learner's understanding of the ""desirable difficulty"" concept and the ""testing effect"" discussed in the opening segment regarding how students learn best.","Your response captures the key idea well: retrieval is effortful and that effort reflects active engagement, which strengthens memory more than passive re-reading. You also correctly point out the “illusion of knowing”/fluency that comes from seeing the material in front of you during re-reading.

To improve, you could connect your explanation more explicitly to the lecture terms “testing effect” and “desirable difficulty,” and clarify that the benefit isn’t just “checking if we know it,” but that the act of retrieval itself helps consolidate and make the memory more accessible in the future.

Score: 9/10",List the four specific variables comprising the Kaya identity that are multiplied together to calculate total global CO2 emissions in the En-ROADS model.,"The four variables are global population, GDP per capita, energy intensity of GDP, and the carbon intensity of final energy.","This is a ""Remember"" level question requiring the recall of the fundamental framework used throughout the lecture to understand climate drivers.","Your response includes all four Kaya identity components in the correct order and meaning. The only minor issue is that you didn’t specify “energy intensity of GDP” and “carbon intensity of final energy,” but your phrasing is still clearly referring to those standard terms.  

Score: 9/10","Explain why the introduction of a cheap, breakthrough ""new zero-carbon"" energy source (like fusion) in the simulation results in only a minimal reduction in global temperature by 2100.","It takes decades to commercialize and scale new technology to a global level, and existing fossil fuel infrastructure remains in place (system stasis) rather than being immediately displaced.","This is an ""Analyze"" question. The learner must interpret the counter-intuitive result of the simulation shown in the lecture regarding technological silver bullets.","You explain the key idea that existing fossil-fuel infrastructure won’t be replaced overnight: countries (especially those that just built coal/oil plants) have strong incentives not to “strand” those assets, so adoption of the new technology is slow. That matches the model answer’s emphasis on system inertia/stasis and long turnover times for energy systems, and you also correctly note that even zero emissions doesn’t instantly stop warming because past greenhouse gases persist.

To improve, make the “decades to commercialize and scale globally” point more explicit and central (e.g., supply chains, permitting, grid changes, and capital stock turnover), since that’s the main mechanism in the simulation. Also clarify that the minimal temperature reduction by 2100 is primarily about slow displacement of fossil energy, not only about developing countries’ choices.

Score: 8/10","According to the lecture, what specific physical limitation prevents the human body from cooling itself via sweat evaporation during ""wet bulb"" heat events?","During high wet bulb events, the air is so saturated with humidity that sweat cannot evaporate from the skin, preventing the transfer of heat energy from the body to the atmosphere.","This question requires the learner to ""Apply"" scientific principles explained during the ""Impacts"" section of the lecture to explain why specific temperature increases are fatal.","Your response captures the key mechanism well: you explain that when the air is very humid/saturated, it can’t take up more water vapor, so sweat can’t evaporate and you lose the body’s main evaporative cooling pathway. That matches the lecture’s physical limitation (lack of evaporation due to near-saturated air).

To improve, focus more directly on humidity saturation as the *specific* limiting factor in wet-bulb events, and be careful not to imply that air temperature being equal to or above body temperature is required for the failure—high wet-bulb can be dangerous even if air temperature is below body temperature. Wind is a helpful extra detail but not central to the “wet bulb” limitation.

Score: 8/10","Why does the lecturer describe methane reduction as a ""high impact and fast"" intervention compared to carbon dioxide reduction?","Methane is a significantly more potent greenhouse gas than CO2, but it also leaves the atmosphere much faster, meaning reducing it creates a near-immediate reduction in warming potential.","This tests the learner's understanding of the different chemical behaviors of greenhouse gases and how that influences policy priorities (an ""Understand"" level question).","You correctly identify a major source of methane (livestock) and suggest a valid way to reduce emissions (reducing red meat production/consumption). However, you don’t address the key reason it’s described as “high impact and fast” compared to CO₂: methane is much more potent per unit in the short term, but it has a much shorter atmospheric lifetime, so cutting methane leads to quicker cooling benefits than cutting CO₂ (which persists for much longer). Try focusing less on how methane is created and more on potency and how long it stays in the atmosphere.

Score: 4/10","In the context of the En-ROADS simulation, how does increasing energy efficiency in transport and buildings assist in decarbonising the energy supply?","Increasing efficiency lowers the total global demand for energy, which reduces the total amount of renewable energy infrastructure that must be built to replace fossil fuels.","This question requires the learner to explain the relationship between demand-side reduction and supply-side transition, a key cause-effect pattern in the lecture.","Your response correctly identifies the core demand-side idea: improving efficiency means using less energy, which generally lowers emissions for a given carbon intensity. That shows you understand why efficiency helps climate outcomes.

However, the question (and model answer) is specifically about how efficiency helps *decarbonise the energy supply* in En-ROADS: by reducing total energy demand, it reduces how much zero‑carbon/renewable infrastructure must be built to replace fossil fuels. You didn’t clearly connect efficiency to making the supply-side transition easier (less buildout needed), and you focused more on emissions directly than on the supply replacement challenge.

Score: 7/10"
27/01/2026 12:57,27/01/2026 13:10,IP Address,100,792,TRUE,27/01/2026 13:10,R_8q9446Lxb1bc4ld,anonymous,EN,1,P19,,,,,,,,,,"The effort involved in retrieving information leads to better long-term retention because you are actively testing your brain to try and come up with an answer and making yourself think. Even if you do not know, your brain is trying to use what you do know to create an answer rather than just reiterating information. ","Energy intensity, carbon intensity, GDP per capita and population. ","The introduction of cheap, breakthrough ""new zero-carbon"" energy source (like fusion) in the simulation results in only a minimal reduction in global temperature by 2100 because there is already a huge feedback loop out in the environment that needs to be addressed. The effects of lots of energy sources are more long term than short term and even if we stop them now, they are still out there effecting the atmosphere. It's like turning off the tap when the drain is clogged. ",The dryness. Our body heat gets to hot and then even when we sweat its not getting evaporated so our body cannot cool down at all. Leads to dehydration and in severe cases even death. ,"Methane reduction is a ""high impact and fast"" intervention because methane it traps heat a lot more than than carbon dioxide. Reducing methane would have more of an effect and faster effect on reducing global warming compared to reducing carbon dioxide because it doesn't heat up the atmosphere as much. ","In the En-ROADS simulation, increasing energy efficiency in transport and buildings assists in decarbonizing the energy supply by reducing the fossil fuels burned everyday, therefore lessening the over all carbon emissions released into the atmosphere. ","According to the lecture, why does the effort involved in retrieving information (like in a quiz) lead to better long-term retention than passive study methods like re-reading?","Learning that feels effortful signals that you are actively engaging with the material, which strengthens memory and retention more effectively than the false intuition of fluency gained from passive reading.","This tests the learner's understanding of the ""desirable difficulty"" concept and the ""testing effect"" discussed in the opening segment regarding how students learn best.","Your response captures the main idea well: retrieval is effortful because you have to actively generate an answer, and that active “working with” the information strengthens memory more than passively re-reading. You also correctly note that even struggling to retrieve (even when you don’t fully know) can be beneficial, which aligns with the idea of “desirable difficulty.” To improve, you could more explicitly contrast this with passive study creating an illusion of learning/fluency (it feels easy, but doesn’t build durable memory as well).

Score: 8/10",List the four specific variables comprising the Kaya identity that are multiplied together to calculate total global CO2 emissions in the En-ROADS model.,"The four variables are global population, GDP per capita, energy intensity of GDP, and the carbon intensity of final energy.","This is a ""Remember"" level question requiring the recall of the fundamental framework used throughout the lecture to understand climate drivers.","Your response correctly lists all four Kaya identity components used to compute total CO₂ emissions: population, GDP per capita, energy intensity (of GDP), and carbon intensity (of final energy). The only improvement would be to specify the “of what” for energy intensity and carbon intensity (energy per unit GDP; CO₂ per unit energy), but your terms clearly match the intended variables.

Score: 10/10","Explain why the introduction of a cheap, breakthrough ""new zero-carbon"" energy source (like fusion) in the simulation results in only a minimal reduction in global temperature by 2100.","It takes decades to commercialize and scale new technology to a global level, and existing fossil fuel infrastructure remains in place (system stasis) rather than being immediately displaced.","This is an ""Analyze"" question. The learner must interpret the counter-intuitive result of the simulation shown in the lecture regarding technological silver bullets.","You correctly point out that climate change has inertia: past emissions and long-lived greenhouse gases keep affecting temperatures even after changes in energy use, and your “clogged drain” analogy captures that lag well. However, you don’t address the key point from the simulation/model answer that the breakthrough energy source doesn’t instantly replace fossil fuels—commercialization and global scaling take decades, and existing fossil infrastructure keeps running (“system stasis”). To improve, explicitly explain that slow adoption/turnover of energy systems limits how much emissions drop before 2100, even if the new tech is cheap.

Score: 6/10","According to the lecture, what specific physical limitation prevents the human body from cooling itself via sweat evaporation during ""wet bulb"" heat events?","During high wet bulb events, the air is so saturated with humidity that sweat cannot evaporate from the skin, preventing the transfer of heat energy from the body to the atmosphere.","This question requires the learner to ""Apply"" scientific principles explained during the ""Impacts"" section of the lecture to explain why specific temperature increases are fatal.","You correctly explain the main mechanism: when sweat doesn’t evaporate, your body can’t cool itself, which can lead to dangerous overheating. However, you incorrectly attribute the problem to “dryness”—in wet-bulb events the issue is the opposite: the air is so humid/saturated that evaporation is physically limited. Mentioning dehydration/death is relevant, but the key physical limitation is high humidity preventing evaporation.

Score: 7/10","Why does the lecturer describe methane reduction as a ""high impact and fast"" intervention compared to carbon dioxide reduction?","Methane is a significantly more potent greenhouse gas than CO2, but it also leaves the atmosphere much faster, meaning reducing it creates a near-immediate reduction in warming potential.","This tests the learner's understanding of the different chemical behaviors of greenhouse gases and how that influences policy priorities (an ""Understand"" level question).","You correctly identify one key idea: methane is more potent at trapping heat than CO₂, so cutting methane can have a high impact.

However, your explanation of *why it’s fast* is off. The “fast” part is because methane has a much shorter lifetime in the atmosphere than CO₂, so reducing methane leads to a relatively quick drop in its warming effect. Also, your last clause (“because it doesn’t heat up the atmosphere as much”) contradicts your earlier point—methane heats *more* per molecule than CO₂.

Score: 6/10","In the context of the En-ROADS simulation, how does increasing energy efficiency in transport and buildings assist in decarbonising the energy supply?","Increasing efficiency lowers the total global demand for energy, which reduces the total amount of renewable energy infrastructure that must be built to replace fossil fuels.","This question requires the learner to explain the relationship between demand-side reduction and supply-side transition, a key cause-effect pattern in the lecture.","Your response captures the general idea that improving energy efficiency reduces fossil fuel use and emissions, which is aligned with decarbonisation goals. However, it misses the key cause-effect emphasized in the model answer: efficiency reduces *total energy demand*, which in turn reduces how much *clean/renewable energy infrastructure* needs to be built to replace fossil fuels. To improve, explicitly connect demand reduction to making the supply-side transition easier and faster (less new low-carbon capacity required).

Score: 7/10"
27/01/2026 12:56,27/01/2026 13:11,IP Address,100,898,TRUE,27/01/2026 13:11,R_2gYGWSeJdpATggO,anonymous,EN,1,P22,"I confirm that I understand that by ticking/initialling each box below I am consenting to this element of the study. I understand that it will be assumed that unticked/initialled boxes means that I DO NOT consent to that part of the study. I understand that by not giving consent for any one element that I may be deemed ineligible for the study.,I have read the information sheet and understand I can email the researchers with any questions.,I understand that my personal information (e.g., my age, gender, and information about my language background) will be used for the purposes of this study, which have been explained to me.,I consent to the processing of my personal information for the purposes of this study, and I understand that any such information will be treated as strictly confidential and handled in accordance with the provisions of the Data Protection Act 2018.,I understand that the information I provide may be published as a report and I will be sent a copy if I wish. Confidentiality and anonymity will be maintained, and it will not be possible to identify me in any publications.,I understand that my anonymised research data may be shared in accordance with open science guidelines (no one will be able to identify me if these data are shared).,I understand that I am free to withdraw from the study without penalty if I so wish.,I am over the age of 18.,I consent to take part in this study.",20,Male,Chinese,1,7,7,2,3,"Because retrieving information will activate the process of retrieving again, which reinforce the memory","Kays identity, four specific variables","It is because global tempature is influenced by many different factors, and though new zero-carbon energy is introduced, some traditional energies like oil are used for most infrastructure and are hard to replace. ",There is a specific physical limitation that prevents the human body from cooling itself via sweat evaporation during wet bulb heat events.,no idea,"Since transporting and buildings use a huge amount of oil, which consume lots of carbon energy, increasing energy efficiency can reduce the usage of oil and thus decarbonising the energy supply.","According to the lecture, why does the effort involved in retrieving information (like in a quiz) lead to better long-term retention than passive study methods like re-reading?","Learning that feels effortful signals that you are actively engaging with the material, which strengthens memory and retention more effectively than the false intuition of fluency gained from passive reading.","This tests the learner's understanding of the ""desirable difficulty"" concept and the ""testing effect"" discussed in the opening segment regarding how students learn best.","Your answer captures the core idea that retrieval practice strengthens memory: by actively pulling information from memory, you reinforce it and make it easier to retrieve later. That said, it would be stronger if you also explained *why* this effort helps (the “desirable difficulty” part) and contrasted it with passive methods like re-reading that can feel fluent but don’t build durable memory as well.  

Score: 7/10",List the four specific variables comprising the Kaya identity that are multiplied together to calculate total global CO2 emissions in the En-ROADS model.,"The four variables are global population, GDP per capita, energy intensity of GDP, and the carbon intensity of final energy.","This is a ""Remember"" level question requiring the recall of the fundamental framework used throughout the lecture to understand climate drivers.","Your response shows that you recognize the question is about the Kaya identity and that it involves four variables, but you did not actually list any of the variables. To earn credit, you needed to name the four factors (population, GDP per person, energy intensity, and carbon intensity) that multiply to give CO₂ emissions.

Score: 1/10","Explain why the introduction of a cheap, breakthrough ""new zero-carbon"" energy source (like fusion) in the simulation results in only a minimal reduction in global temperature by 2100.","It takes decades to commercialize and scale new technology to a global level, and existing fossil fuel infrastructure remains in place (system stasis) rather than being immediately displaced.","This is an ""Analyze"" question. The learner must interpret the counter-intuitive result of the simulation shown in the lecture regarding technological silver bullets.","Your response captures the main idea that existing fossil-fuel infrastructure is entrenched and hard to replace quickly, which aligns well with the “system stasis” point in the model answer. However, you don’t clearly emphasize the other key mechanism: the long time delays needed to commercialize and scale the new technology globally, which is central to why the temperature impact by 2100 is small. Adding that explicit “it takes decades to scale” idea would make your explanation stronger and more directly tied to the simulation result.

Score: 7/10","According to the lecture, what specific physical limitation prevents the human body from cooling itself via sweat evaporation during ""wet bulb"" heat events?","During high wet bulb events, the air is so saturated with humidity that sweat cannot evaporate from the skin, preventing the transfer of heat energy from the body to the atmosphere.","This question requires the learner to ""Apply"" scientific principles explained during the ""Impacts"" section of the lecture to explain why specific temperature increases are fatal.","Your response restates that there is a limitation, but it doesn’t identify what the limitation actually is or explain the mechanism. To match the lecture/model answer, you needed to say that during high wet-bulb conditions the air is so humid/saturated that sweat can’t evaporate, so the body can’t lose heat to the environment.

Score: 1/10","Why does the lecturer describe methane reduction as a ""high impact and fast"" intervention compared to carbon dioxide reduction?","Methane is a significantly more potent greenhouse gas than CO2, but it also leaves the atmosphere much faster, meaning reducing it creates a near-immediate reduction in warming potential.","This tests the learner's understanding of the different chemical behaviors of greenhouse gases and how that influences policy priorities (an ""Understand"" level question).","Your response (“no idea”) doesn’t provide any explanation of methane’s potency or its shorter lifetime in the atmosphere, which are the key reasons it’s described as a high-impact, fast intervention. To improve, you should mention that methane warms the planet much more strongly than CO₂ in the short term, but it breaks down faster, so cutting it reduces warming more quickly.

Score: 0/10","In the context of the En-ROADS simulation, how does increasing energy efficiency in transport and buildings assist in decarbonising the energy supply?","Increasing efficiency lowers the total global demand for energy, which reduces the total amount of renewable energy infrastructure that must be built to replace fossil fuels.","This question requires the learner to explain the relationship between demand-side reduction and supply-side transition, a key cause-effect pattern in the lecture.","Your answer captures the general idea that improving efficiency reduces fossil fuel use (like oil) and therefore cuts emissions, which is part of decarbonising. However, it misses the key cause-effect emphasized in the model answer: efficiency reduces *total energy demand*, which then makes the *supply-side transition* easier by reducing how much clean energy capacity/infrastructure needs to be built to replace fossil fuels. Try to connect demand reduction explicitly to needing fewer renewables and less new energy infrastructure overall.

Score: 6/10"
27/01/2026 12:55,27/01/2026 13:11,IP Address,100,957,TRUE,27/01/2026 13:11,R_2WTQihfi1JODWHI,anonymous,EN,1,P26,"I confirm that I understand that by ticking/initialling each box below I am consenting to this element of the study. I understand that it will be assumed that unticked/initialled boxes means that I DO NOT consent to that part of the study. I understand that by not giving consent for any one element that I may be deemed ineligible for the study.,I have read the information sheet and understand I can email the researchers with any questions.,I understand that my personal information (e.g., my age, gender, and information about my language background) will be used for the purposes of this study, which have been explained to me.,I consent to the processing of my personal information for the purposes of this study, and I understand that any such information will be treated as strictly confidential and handled in accordance with the provisions of the Data Protection Act 2018.,I understand that the information I provide may be published as a report and I will be sent a copy if I wish. Confidentiality and anonymity will be maintained, and it will not be possible to identify me in any publications.,I understand that my anonymised research data may be shared in accordance with open science guidelines (no one will be able to identify me if these data are shared).,I understand that I am free to withdraw from the study without penalty if I so wish.,I am over the age of 18.,I consent to take part in this study.",22,Female,Portuguese,2,5,5,5,5,Retrieval practice is more effective than re-reading; retrieval practice makes neural pathways stronger.,"carbon intensity, energy intensity, population, gdp per capita","There is a near-linear relationship between cumulative carbon dioxide emissions and global warming; carbon dioxide stays a long time in the atmosphere. for reduction it would involve removal of CO2; temperatures would stabilise if we stop emitting carbon, but it would take a long time for them to drop.",Low enough humidity levels relative to the atmosphere not being totally saturated. Overall temperature needs to be higher in our body so there is energy exchange into the atmosphere,"methane is a highly potent greenhouse gas, much more potent than carbon dioxide. this means that if we can decrease methane emissions it will have a strong impact.",more energy efficiency in transport and buildings results in a decline in the use of fossil fuels such as coal and gas. this in turn will reduce the emission of carbon dioxide.,"According to the lecture, why does the effort involved in retrieving information (like in a quiz) lead to better long-term retention than passive study methods like re-reading?","Learning that feels effortful signals that you are actively engaging with the material, which strengthens memory and retention more effectively than the false intuition of fluency gained from passive reading.","This tests the learner's understanding of the ""desirable difficulty"" concept and the ""testing effect"" discussed in the opening segment regarding how students learn best.","Your response captures the main idea that **retrieval practice works better than re-reading** and that it **strengthens memory** (“neural pathways stronger”), which aligns with the testing effect.

To improve, you should also explain *why* effort helps—e.g., that the **effortful struggle is a “desirable difficulty”** and that re-reading can create a misleading sense of familiarity/fluency without durable learning. Adding that the act of retrieving itself boosts long-term retention would make your answer more complete.

Score: 7/10",List the four specific variables comprising the Kaya identity that are multiplied together to calculate total global CO2 emissions in the En-ROADS model.,"The four variables are global population, GDP per capita, energy intensity of GDP, and the carbon intensity of final energy.","This is a ""Remember"" level question requiring the recall of the fundamental framework used throughout the lecture to understand climate drivers.","Your response correctly lists all four components of the Kaya identity used in En-ROADS: population, GDP per capita, energy intensity, and carbon intensity. To make it even stronger, you could specify that energy intensity is *of GDP* and carbon intensity is *of final energy*, but your terms still clearly match the intended variables.

Score: 10/10","Explain why the introduction of a cheap, breakthrough ""new zero-carbon"" energy source (like fusion) in the simulation results in only a minimal reduction in global temperature by 2100.","It takes decades to commercialize and scale new technology to a global level, and existing fossil fuel infrastructure remains in place (system stasis) rather than being immediately displaced.","This is an ""Analyze"" question. The learner must interpret the counter-intuitive result of the simulation shown in the lecture regarding technological silver bullets.","You correctly explain an important reason the temperature doesn’t drop much: warming is mostly driven by cumulative CO₂, and CO₂ persists for a long time, so stopping emissions mainly stabilizes temperatures rather than quickly reversing them. That said, you don’t address the key point emphasized in the model answer: even if a “perfect” zero-carbon technology appears, it takes decades to deploy at global scale and it doesn’t instantly replace existing fossil-fuel infrastructure, so emissions don’t fall fast enough to change 2100 temperature much.

Score: 7/10","According to the lecture, what specific physical limitation prevents the human body from cooling itself via sweat evaporation during ""wet bulb"" heat events?","During high wet bulb events, the air is so saturated with humidity that sweat cannot evaporate from the skin, preventing the transfer of heat energy from the body to the atmosphere.","This question requires the learner to ""Apply"" scientific principles explained during the ""Impacts"" section of the lecture to explain why specific temperature increases are fatal.","Your response gestures toward the right general idea that humidity/saturation matters for heat exchange, but you describe it in the opposite direction. In wet-bulb events the problem is **too much humidity (near-saturated air)**, which **prevents sweat from evaporating**, so your body can’t dump heat effectively. Also, the key limitation is specifically the **failure of evaporation of sweat**, not that the body needs to be hotter overall.

Score: 3/10","Why does the lecturer describe methane reduction as a ""high impact and fast"" intervention compared to carbon dioxide reduction?","Methane is a significantly more potent greenhouse gas than CO2, but it also leaves the atmosphere much faster, meaning reducing it creates a near-immediate reduction in warming potential.","This tests the learner's understanding of the different chemical behaviors of greenhouse gases and how that influences policy priorities (an ""Understand"" level question).","Your response correctly identifies the “high impact” part: methane is more potent than CO₂, so reducing it can significantly reduce warming. However, you miss the “fast” part of the lecturer’s point: methane has a much shorter lifetime in the atmosphere than CO₂, so cutting methane leads to quicker climate benefits than cutting CO₂.

Score: 7/10","In the context of the En-ROADS simulation, how does increasing energy efficiency in transport and buildings assist in decarbonising the energy supply?","Increasing efficiency lowers the total global demand for energy, which reduces the total amount of renewable energy infrastructure that must be built to replace fossil fuels.","This question requires the learner to explain the relationship between demand-side reduction and supply-side transition, a key cause-effect pattern in the lecture.","Your response correctly links higher energy efficiency to reduced fossil fuel use and lower CO₂ emissions, which is an important outcome in En-ROADS. However, it misses the key mechanism emphasized in the model answer: efficiency reduces *total energy demand*, which makes it easier to decarbonise supply because less renewable/clean infrastructure needs to be built to replace fossil fuels. To improve, explicitly connect efficiency → lower overall energy demand → smaller clean-energy buildout required for the transition.

Score: 6/10"
27/01/2026 13:01,27/01/2026 13:11,IP Address,100,621,TRUE,27/01/2026 13:11,R_8YgDMDnIUigSdM1,anonymous,EN,1,P27,,,,,,,,,,as you have to think about what was said instead of just reading and think you have understood what was said,"GDP per capita, energy usage, ",as there needs to be more than jsut changing one thing,when it gets very hot and humid for example temperatures above 37 degrees celcius,as methane is one of the most common greenhouse gases and it traps heat in the atmosphere and does not let any hot air escape ,less carbon is being produced,"According to the lecture, why does the effort involved in retrieving information (like in a quiz) lead to better long-term retention than passive study methods like re-reading?","Learning that feels effortful signals that you are actively engaging with the material, which strengthens memory and retention more effectively than the false intuition of fluency gained from passive reading.","This tests the learner's understanding of the ""desirable difficulty"" concept and the ""testing effect"" discussed in the opening segment regarding how students learn best.","Your response captures the main idea that retrieval/quiz-like practice forces you to actively think, unlike re-reading which can create an illusion that you understand. That said, you don’t explicitly connect this effortful retrieval to *stronger long-term memory* (the testing effect/desirable difficulty), so the explanation is a bit incomplete.

Score: 7/10",List the four specific variables comprising the Kaya identity that are multiplied together to calculate total global CO2 emissions in the En-ROADS model.,"The four variables are global population, GDP per capita, energy intensity of GDP, and the carbon intensity of final energy.","This is a ""Remember"" level question requiring the recall of the fundamental framework used throughout the lecture to understand climate drivers.","Your response includes **GDP per capita**, which is one of the four Kaya identity factors, and “**energy usage**” hints at the energy-related terms, but it’s too vague and doesn’t specify the two distinct energy factors used in the Kaya identity. You’re also missing **global population** and **carbon intensity of final energy**, and you should separate “energy usage” into **energy intensity of GDP** (energy per unit GDP) and **carbon intensity of energy** (CO₂ per unit energy).

Score: 2/10","Explain why the introduction of a cheap, breakthrough ""new zero-carbon"" energy source (like fusion) in the simulation results in only a minimal reduction in global temperature by 2100.","It takes decades to commercialize and scale new technology to a global level, and existing fossil fuel infrastructure remains in place (system stasis) rather than being immediately displaced.","This is an ""Analyze"" question. The learner must interpret the counter-intuitive result of the simulation shown in the lecture regarding technological silver bullets.","Your response points in the right general direction by implying that a single change (like adding a new energy source) isn’t enough to drastically alter outcomes. However, it doesn’t explain the key reasons shown in the simulation: that even a breakthrough takes decades to commercialize and scale globally, and that existing fossil-fuel infrastructure doesn’t disappear immediately (so emissions stay high for a long time). Adding those time-delay and “lock-in” ideas would make your explanation much stronger.

Score: 3/10","According to the lecture, what specific physical limitation prevents the human body from cooling itself via sweat evaporation during ""wet bulb"" heat events?","During high wet bulb events, the air is so saturated with humidity that sweat cannot evaporate from the skin, preventing the transfer of heat energy from the body to the atmosphere.","This question requires the learner to ""Apply"" scientific principles explained during the ""Impacts"" section of the lecture to explain why specific temperature increases are fatal.","Your response mentions the general conditions (very hot and humid), which is part of the context for wet-bulb heat. However, it doesn’t identify the specific physical limitation: that the air is so humid/saturated that sweat can’t evaporate, so the body can’t lose heat through evaporation. Also, the key issue isn’t simply being above 37°C—it’s the combination of heat and humidity preventing evaporation.

Score: 3/10","Why does the lecturer describe methane reduction as a ""high impact and fast"" intervention compared to carbon dioxide reduction?","Methane is a significantly more potent greenhouse gas than CO2, but it also leaves the atmosphere much faster, meaning reducing it creates a near-immediate reduction in warming potential.","This tests the learner's understanding of the different chemical behaviors of greenhouse gases and how that influences policy priorities (an ""Understand"" level question).","Your answer correctly notes that methane is a greenhouse gas that traps heat, which connects to why reducing it matters. However, it misses the key reasons it’s described as “high impact and fast”: methane is *more potent than CO₂* (higher warming effect per amount) and it has a *shorter lifetime in the atmosphere*, so cutting methane leads to quicker cooling benefits compared to cutting CO₂. Also, methane is important, but it isn’t “one of the most common” greenhouse gases in the atmosphere compared to things like water vapor and CO₂.

Score: 3/10","In the context of the En-ROADS simulation, how does increasing energy efficiency in transport and buildings assist in decarbonising the energy supply?","Increasing efficiency lowers the total global demand for energy, which reduces the total amount of renewable energy infrastructure that must be built to replace fossil fuels.","This question requires the learner to explain the relationship between demand-side reduction and supply-side transition, a key cause-effect pattern in the lecture.","Your response points in the right general direction (higher efficiency can lead to lower emissions), but it doesn’t explain *how* efficiency helps decarbonise the energy supply in the En-ROADS framing. The key idea is that efficiency reduces total energy demand, which means fewer renewables (and other clean infrastructure) need to be built to replace fossil fuels. Try to connect “less carbon” to “less energy needed” and therefore an easier/faster supply transition.

Score: 3/10"
27/01/2026 13:03,27/01/2026 13:11,IP Address,100,455,TRUE,27/01/2026 13:11,R_8gMv6qAFYias3ey,anonymous,EN,1,P20,,,,,,,,,,Builds stronger neural pathways due to correction of information,"population, wealth, energy intensity, carbon intestity",Current greenhouse gases in the atmosphere means temperature is still rising. Also the ease of using oil and other fossil fuels will mean companies still use them,sweat cannot evaporate if the environment is just as humid,Methane can be more quickly removed from the atmosphere as it has a shorter lifespan,"Less fossil fuels required to allow transport and buildings to function, releasing less greenhouse gases into the atmosphere","According to the lecture, why does the effort involved in retrieving information (like in a quiz) lead to better long-term retention than passive study methods like re-reading?","Learning that feels effortful signals that you are actively engaging with the material, which strengthens memory and retention more effectively than the false intuition of fluency gained from passive reading.","This tests the learner's understanding of the ""desirable difficulty"" concept and the ""testing effect"" discussed in the opening segment regarding how students learn best.","Your response includes a relevant idea: retrieval/quiz-like activity can strengthen memory (you frame it as building “stronger neural pathways”). However, it doesn’t capture the key mechanism emphasized in the lecture/model answer—namely that *effortful retrieval itself* (the “desirable difficulty”/testing effect) improves long-term retention compared to passive re-reading, and that re-reading can create a misleading feeling of fluency. Also, “correction of information” isn’t the main point here unless you explicitly connect it to feedback and retrieval practice.

Score: 4/10",List the four specific variables comprising the Kaya identity that are multiplied together to calculate total global CO2 emissions in the En-ROADS model.,"The four variables are global population, GDP per capita, energy intensity of GDP, and the carbon intensity of final energy.","This is a ""Remember"" level question requiring the recall of the fundamental framework used throughout the lecture to understand climate drivers.","Your answer captures all four parts of the Kaya identity. “Wealth” is a reasonable shorthand for GDP per capita, and your other three terms match the model variables (population, energy intensity, and carbon intensity), though fixing the spelling of “carbon intensity” would improve clarity.

Score: 9/10","Explain why the introduction of a cheap, breakthrough ""new zero-carbon"" energy source (like fusion) in the simulation results in only a minimal reduction in global temperature by 2100.","It takes decades to commercialize and scale new technology to a global level, and existing fossil fuel infrastructure remains in place (system stasis) rather than being immediately displaced.","This is an ""Analyze"" question. The learner must interpret the counter-intuitive result of the simulation shown in the lecture regarding technological silver bullets.","Your response captures part of the reasoning: you correctly note that greenhouse gases already in the atmosphere keep warming going, and you also recognize that fossil fuels may continue to be used due to convenience/incentives.

However, the key idea from the model answer is the *time lag* and *scaling problem*: even a breakthrough technology takes decades to commercialize and replace enough of the global energy system, and existing fossil infrastructure creates “system inertia” that prevents rapid displacement. To improve, explicitly mention the slow rollout/adoption rate and the persistence of existing infrastructure as the main reason the temperature reduction by 2100 is small.

Score: 6/10","According to the lecture, what specific physical limitation prevents the human body from cooling itself via sweat evaporation during ""wet bulb"" heat events?","During high wet bulb events, the air is so saturated with humidity that sweat cannot evaporate from the skin, preventing the transfer of heat energy from the body to the atmosphere.","This question requires the learner to ""Apply"" scientific principles explained during the ""Impacts"" section of the lecture to explain why specific temperature increases are fatal.","Your response captures the core limitation: when the air is extremely humid/saturated, sweat won’t evaporate effectively. That directly explains why the body loses its main cooling mechanism during wet-bulb heat. To make it stronger, you could explicitly mention that this prevents heat from being carried away from your skin (reduced heat transfer/cooling), not just that evaporation stops.

Score: 8/10","Why does the lecturer describe methane reduction as a ""high impact and fast"" intervention compared to carbon dioxide reduction?","Methane is a significantly more potent greenhouse gas than CO2, but it also leaves the atmosphere much faster, meaning reducing it creates a near-immediate reduction in warming potential.","This tests the learner's understanding of the different chemical behaviors of greenhouse gases and how that influences policy priorities (an ""Understand"" level question).","Your response correctly captures the “fast” part of the lecturer’s point: methane has a shorter atmospheric lifetime, so cutting emissions can lower its warming effect relatively quickly.

To fully match the model answer, you also needed to mention the “high impact” part—methane is much more potent (stronger warming effect per molecule) than CO₂—so reducing it can deliver a large near-term climate benefit.  
Score: 7/10","In the context of the En-ROADS simulation, how does increasing energy efficiency in transport and buildings assist in decarbonising the energy supply?","Increasing efficiency lowers the total global demand for energy, which reduces the total amount of renewable energy infrastructure that must be built to replace fossil fuels.","This question requires the learner to explain the relationship between demand-side reduction and supply-side transition, a key cause-effect pattern in the lecture.","Your answer captures the general idea that improving energy efficiency means you need less fossil fuel, which can reduce greenhouse gas emissions. However, the model answer is specifically about *how demand reduction helps the supply-side transition*: by lowering total energy demand, it reduces how much renewable (or other low-carbon) infrastructure must be built to replace fossil fuels. To improve, explicitly connect efficiency → lower total energy demand → easier/faster decarbonisation because less clean energy supply needs to be deployed.

Score: 6/10"
27/01/2026 12:58,27/01/2026 13:11,IP Address,100,785,TRUE,27/01/2026 13:11,R_894jBNoij9wokGl,anonymous,EN,1,P01,,,,,,,,,,keep repeating so that knowledge can be more and more perfect,population，GDP，energy intensity，carbon intensity,because it arrives too late and acts on only one part of the climate problem.,"When the air is already saturated with water vapour, sweat cannot evaporate from the skin.",methane is far more powerful per molecule and methane is short-lived in the atmosphere.,"In En-ROADS, increasing energy efficiency in transport and buildings helps decarbonise the energy supply mainly by shrinking the problem the energy system has to solve.","According to the lecture, why does the effort involved in retrieving information (like in a quiz) lead to better long-term retention than passive study methods like re-reading?","Learning that feels effortful signals that you are actively engaging with the material, which strengthens memory and retention more effectively than the false intuition of fluency gained from passive reading.","This tests the learner's understanding of the ""desirable difficulty"" concept and the ""testing effect"" discussed in the opening segment regarding how students learn best.","Your response shows a basic idea that repetition can improve learning over time, which is partly true. However, it doesn’t address the key point from the lecture: that *effortful retrieval* (like being quizzed and having to pull information from memory) strengthens memory more than passive repetition like re-reading, because it creates a “desirable difficulty” and avoids the misleading feeling of fluency.

Score: 3/10",List the four specific variables comprising the Kaya identity that are multiplied together to calculate total global CO2 emissions in the En-ROADS model.,"The four variables are global population, GDP per capita, energy intensity of GDP, and the carbon intensity of final energy.","This is a ""Remember"" level question requiring the recall of the fundamental framework used throughout the lecture to understand climate drivers.","Your response includes all four core components of the Kaya identity and shows you remember the main drivers. The only improvement is to be more specific: it’s **GDP per capita** (not just GDP) and **energy intensity of GDP** (not just “energy intensity”), since those details matter for how the factors multiply together in the En-ROADS framing.  

Score: 8/10","Explain why the introduction of a cheap, breakthrough ""new zero-carbon"" energy source (like fusion) in the simulation results in only a minimal reduction in global temperature by 2100.","It takes decades to commercialize and scale new technology to a global level, and existing fossil fuel infrastructure remains in place (system stasis) rather than being immediately displaced.","This is an ""Analyze"" question. The learner must interpret the counter-intuitive result of the simulation shown in the lecture regarding technological silver bullets.","Your answer captures one of the main ideas: timing. Saying it “arrives too late” aligns with the point that even a breakthrough takes decades to commercialize and scale, so it can’t change emissions fast enough to strongly affect temperature by 2100.

However, “acts on only one part of the climate problem” is vague and doesn’t clearly match the other key concept in the model answer: existing fossil-fuel infrastructure and inertia (“system stasis”) mean fossil fuels aren’t immediately displaced. To improve, explicitly mention slow global rollout and the persistence/lock-in of current energy systems.

Score: 7/10","According to the lecture, what specific physical limitation prevents the human body from cooling itself via sweat evaporation during ""wet bulb"" heat events?","During high wet bulb events, the air is so saturated with humidity that sweat cannot evaporate from the skin, preventing the transfer of heat energy from the body to the atmosphere.","This question requires the learner to ""Apply"" scientific principles explained during the ""Impacts"" section of the lecture to explain why specific temperature increases are fatal.","Your response correctly identifies the key physical limitation: when the air is saturated with water vapor (high humidity), sweat can’t evaporate from your skin. This captures the core reason cooling fails during wet-bulb conditions. To be even stronger, you could explicitly mention that evaporation is what removes heat from the body, so without it the body can’t transfer heat to the atmosphere.

Score: 9/10","Why does the lecturer describe methane reduction as a ""high impact and fast"" intervention compared to carbon dioxide reduction?","Methane is a significantly more potent greenhouse gas than CO2, but it also leaves the atmosphere much faster, meaning reducing it creates a near-immediate reduction in warming potential.","This tests the learner's understanding of the different chemical behaviors of greenhouse gases and how that influences policy priorities (an ""Understand"" level question).","Your response captures the two key ideas clearly: methane has a much stronger warming effect per molecule than CO₂, and it has a much shorter atmospheric lifetime. Those points together explain why cutting methane can produce a relatively quick climate benefit compared to CO₂ cuts. To improve, you could explicitly connect “short-lived” to the idea of faster/near-immediate reduction in warming.

Score: 9/10","In the context of the En-ROADS simulation, how does increasing energy efficiency in transport and buildings assist in decarbonising the energy supply?","Increasing efficiency lowers the total global demand for energy, which reduces the total amount of renewable energy infrastructure that must be built to replace fossil fuels.","This question requires the learner to explain the relationship between demand-side reduction and supply-side transition, a key cause-effect pattern in the lecture.","Your response captures the core idea: improving efficiency reduces the amount of energy the system needs to provide, which makes decarbonising the supply “easier” by reducing the scale of the challenge.

To be stronger, you should state the key mechanism more explicitly—efficiency lowers total energy demand, so less renewable/clean energy capacity and infrastructure has to be built to replace fossil fuels (and less fossil generation is needed). Adding that cause-and-effect detail would align more closely with the model answer.  
Score: 7/10"
27/01/2026 13:01,27/01/2026 13:13,IP Address,100,762,TRUE,27/01/2026 13:13,R_2Nnzt2m7MnVDjPl,anonymous,EN,1,P15,"I confirm that I understand that by ticking/initialling each box below I am consenting to this element of the study. I understand that it will be assumed that unticked/initialled boxes means that I DO NOT consent to that part of the study. I understand that by not giving consent for any one element that I may be deemed ineligible for the study.,I have read the information sheet and understand I can email the researchers with any questions.,I understand that my personal information (e.g., my age, gender, and information about my language background) will be used for the purposes of this study, which have been explained to me.,I consent to the processing of my personal information for the purposes of this study, and I understand that any such information will be treated as strictly confidential and handled in accordance with the provisions of the Data Protection Act 2018.,I understand that the information I provide may be published as a report and I will be sent a copy if I wish. Confidentiality and anonymity will be maintained, and it will not be possible to identify me in any publications.,I understand that my anonymised research data may be shared in accordance with open science guidelines (no one will be able to identify me if these data are shared).,I understand that I am free to withdraw from the study without penalty if I so wish.,I am over the age of 18.,I consent to take part in this study.",21,Female,English ,1,5,5,5,6,It enhances our recall by deeper encoding compared to re-reading which is often very passive and doesnt allow effective retention ,"Global population, total energy emissions, totally carbon emissions, total GDP","This is because there are already a lot infrastructure build on coal and oil either due to cheap cost to continue these methods or that oil as an energy source is extremely difficult to replace completely. Alongside the difficulty of commercializing a “new zero-carbon” source to the extent it makes a significant impact on the carbon emmisions. Therefore, it wouldn’t be as successful as some other areas we can target. ",The wet-bulb effect is when the temperature on the outside is 35 degrees and doesnt allow our body to effectivley cool itself,It is easier for us to reduce methane reduction on a large scale compared to carbon dioxide reduction. Methane is a greenhouse gas which leads to temperature rise ,By increasing energy efficiency there will be less net carbon output and assist in decarbonsing the energy supply. This is because less energy is needed to get the same result but coincidently there is less carbon emmisions. ,"According to the lecture, why does the effort involved in retrieving information (like in a quiz) lead to better long-term retention than passive study methods like re-reading?","Learning that feels effortful signals that you are actively engaging with the material, which strengthens memory and retention more effectively than the false intuition of fluency gained from passive reading.","This tests the learner's understanding of the ""desirable difficulty"" concept and the ""testing effect"" discussed in the opening segment regarding how students learn best.","Your response captures an important core idea: retrieval practice leads to stronger learning because it promotes deeper processing than passive re-reading. You also correctly contrast quizzes (active) with re-reading (passive), which aligns with the testing effect/desirable difficulty theme.

To improve, you could more directly explain *why* the effort matters—i.e., that the struggle during retrieval is a “desirable difficulty” that strengthens memory, and that re-reading can create a misleading sense of fluency without durable retention.

Score: 8/10",List the four specific variables comprising the Kaya identity that are multiplied together to calculate total global CO2 emissions in the En-ROADS model.,"The four variables are global population, GDP per capita, energy intensity of GDP, and the carbon intensity of final energy.","This is a ""Remember"" level question requiring the recall of the fundamental framework used throughout the lecture to understand climate drivers.","Your response correctly includes **global population** and mentions **GDP**, which are part of the Kaya identity (though it should be **GDP per capita**, not total GDP). However, the other items you listed (“total energy emissions” and “totally carbon emissions”) are not the missing Kaya factors; the identity specifically breaks emissions into **energy intensity of GDP** (energy per unit GDP) and **carbon intensity of energy** (CO₂ per unit energy), not “total emissions” terms.

To improve, focus on the *rates/intensities* that connect GDP to energy use and energy use to CO₂: **energy intensity** and **carbon intensity**, plus **GDP per capita** rather than total GDP.  
Score: 3/10","Explain why the introduction of a cheap, breakthrough ""new zero-carbon"" energy source (like fusion) in the simulation results in only a minimal reduction in global temperature by 2100.","It takes decades to commercialize and scale new technology to a global level, and existing fossil fuel infrastructure remains in place (system stasis) rather than being immediately displaced.","This is an ""Analyze"" question. The learner must interpret the counter-intuitive result of the simulation shown in the lecture regarding technological silver bullets.","You capture the main reasons well: you explain that existing coal/oil infrastructure creates inertia (it’s hard to replace quickly) and that a new zero‑carbon source would take time to commercialize and scale enough to meaningfully cut emissions. Those points align closely with the idea of “system stasis” and slow global deployment.

To improve, be a bit more explicit that the key issue is *time*: even if the technology is cheap and breakthrough, it can’t displace the existing system fast enough by 2100 to strongly change cumulative emissions and temperature. Also, “oil is extremely difficult to replace completely” is plausible, but tying it directly to slow turnover/lock-in of infrastructure would make it tighter.

Score: 8/10","According to the lecture, what specific physical limitation prevents the human body from cooling itself via sweat evaporation during ""wet bulb"" heat events?","During high wet bulb events, the air is so saturated with humidity that sweat cannot evaporate from the skin, preventing the transfer of heat energy from the body to the atmosphere.","This question requires the learner to ""Apply"" scientific principles explained during the ""Impacts"" section of the lecture to explain why specific temperature increases are fatal.","Your response shows you remember an important detail from the lecture: that around a 35°C wet-bulb condition is dangerous and prevents effective cooling. However, you don’t explain the specific *physical limitation*—that the air is so humid/saturated that sweat can’t evaporate, so the body can’t dump heat into the air. To improve, explicitly connect wet-bulb events to high humidity blocking evaporation and therefore blocking heat loss.

Score: 4/10","Why does the lecturer describe methane reduction as a ""high impact and fast"" intervention compared to carbon dioxide reduction?","Methane is a significantly more potent greenhouse gas than CO2, but it also leaves the atmosphere much faster, meaning reducing it creates a near-immediate reduction in warming potential.","This tests the learner's understanding of the different chemical behaviors of greenhouse gases and how that influences policy priorities (an ""Understand"" level question).","Your response correctly notes that methane is a greenhouse gas that contributes to warming, which is part of the idea. However, the key reasons it’s described as “high impact and fast” are that methane is **much more potent than CO₂ over short timescales** and, crucially, it has a **much shorter lifetime in the atmosphere**, so cutting methane leads to **faster cooling benefits**. Also, “easier to reduce” isn’t the main point the lecturer is making here unless you tie it to methane’s short-lived nature and quick payoff.

Score: 3/10","In the context of the En-ROADS simulation, how does increasing energy efficiency in transport and buildings assist in decarbonising the energy supply?","Increasing efficiency lowers the total global demand for energy, which reduces the total amount of renewable energy infrastructure that must be built to replace fossil fuels.","This question requires the learner to explain the relationship between demand-side reduction and supply-side transition, a key cause-effect pattern in the lecture.","You captured the main idea that improving energy efficiency means less energy is needed to provide the same services, which can lead to lower emissions. However, your answer doesn’t clearly state the key mechanism from the model answer: lower *total energy demand* makes it easier to decarbonise supply because you need to build less low-carbon (renewable) infrastructure to replace fossil fuels. To improve, explicitly connect demand reduction to reducing the scale/speed of clean energy buildout required.

Score: 7/10"
27/01/2026 12:59,27/01/2026 13:15,IP Address,100,967,TRUE,27/01/2026 13:15,R_2cmyuPuWtIlZyEN,anonymous,EN,1,P11,,,,,,,,,,It requires active retrieval and memory ,"population, carbon intensity, energy intensity, ","As other factors still contribute to increased fossil fuels such as methane continue to be emitted. Additionally, carbon dioxide existing in the atmosphere is absorbed at a slower rate due to deforestation. Existing technology will have to adapt to the new energy source which will take time.",The concentration gradient of water inside and outside of the skin needs to be lower in the external environment for water to evaporate during sweat. During wet bulb heat events the humidity of the external environment is higher than inside the human body therefore sweat evaporation does not occur.,As methane absorbs even more heat than CO2. ,Energy efficiency in transport and buildings will significantly reduce the release of fossil fuels contributing to decarbonisation,"According to the lecture, why does the effort involved in retrieving information (like in a quiz) lead to better long-term retention than passive study methods like re-reading?","Learning that feels effortful signals that you are actively engaging with the material, which strengthens memory and retention more effectively than the false intuition of fluency gained from passive reading.","This tests the learner's understanding of the ""desirable difficulty"" concept and the ""testing effect"" discussed in the opening segment regarding how students learn best.","Your response captures the central idea that **actively retrieving** information (rather than passively re-reading) improves memory. However, it’s a bit too brief and doesn’t explain *why* effortful retrieval helps—e.g., that the difficulty is “desirable” because it strengthens memory pathways, and that passive study can create an illusion of learning (fluency) without strong long-term retention.

Score: 6/10",List the four specific variables comprising the Kaya identity that are multiplied together to calculate total global CO2 emissions in the En-ROADS model.,"The four variables are global population, GDP per capita, energy intensity of GDP, and the carbon intensity of final energy.","This is a ""Remember"" level question requiring the recall of the fundamental framework used throughout the lecture to understand climate drivers.","Your response includes three of the four Kaya identity factors: **population**, **energy intensity**, and **carbon intensity**. However, you’re missing **GDP per capita** (or an equivalent phrasing like “economic output per person”), which is a required component in the En-ROADS Kaya identity, and your “carbon intensity” should ideally be specified as **carbon intensity of final energy**.

Score: 6/10","Explain why the introduction of a cheap, breakthrough ""new zero-carbon"" energy source (like fusion) in the simulation results in only a minimal reduction in global temperature by 2100.","It takes decades to commercialize and scale new technology to a global level, and existing fossil fuel infrastructure remains in place (system stasis) rather than being immediately displaced.","This is an ""Analyze"" question. The learner must interpret the counter-intuitive result of the simulation shown in the lecture regarding technological silver bullets.","You capture part of the key idea: you correctly note that it “will take time” for existing technology/systems to adapt, which aligns with the model answer’s point about slow commercialization and scaling. You also bring up methane and deforestation; these can matter for climate outcomes, but they don’t directly explain the simulation’s specific result as well as the core “slow scale-up + fossil infrastructure isn’t instantly replaced” mechanism. To improve, emphasize more clearly that even a cheap new energy source doesn’t rapidly displace existing fossil fuel infrastructure globally, so emissions stay high for decades and temperature responds slowly.

Score: 7/10","According to the lecture, what specific physical limitation prevents the human body from cooling itself via sweat evaporation during ""wet bulb"" heat events?","During high wet bulb events, the air is so saturated with humidity that sweat cannot evaporate from the skin, preventing the transfer of heat energy from the body to the atmosphere.","This question requires the learner to ""Apply"" scientific principles explained during the ""Impacts"" section of the lecture to explain why specific temperature increases are fatal.","Your response captures the main idea that high humidity prevents sweat from evaporating, which blocks the body’s ability to lose heat through evaporation. You also correctly point to the “gradient” idea as the driving factor for evaporation, showing you understand the underlying physical principle. 

One improvement: it’s not quite accurate to say the outside humidity is “higher than inside the human body”; the key point is that the *air near the skin is so close to saturation (high vapor pressure/high relative humidity)* that there’s little to no capacity for additional water vapor, so evaporation slows or stops.

Score: 8/10","Why does the lecturer describe methane reduction as a ""high impact and fast"" intervention compared to carbon dioxide reduction?","Methane is a significantly more potent greenhouse gas than CO2, but it also leaves the atmosphere much faster, meaning reducing it creates a near-immediate reduction in warming potential.","This tests the learner's understanding of the different chemical behaviors of greenhouse gases and how that influences policy priorities (an ""Understand"" level question).","Your response correctly identifies an important part of the idea: methane is more effective at trapping heat than CO₂, which supports why reducing it can have a high impact.

However, it misses the key reason the lecturer calls it “fast”: methane has a much shorter atmospheric lifetime than CO₂, so cutting methane leads to a relatively quick drop in warming compared to CO₂ reductions, which take longer to show effects.

Score: 6/10","In the context of the En-ROADS simulation, how does increasing energy efficiency in transport and buildings assist in decarbonising the energy supply?","Increasing efficiency lowers the total global demand for energy, which reduces the total amount of renewable energy infrastructure that must be built to replace fossil fuels.","This question requires the learner to explain the relationship between demand-side reduction and supply-side transition, a key cause-effect pattern in the lecture.","Your response shows you understand the general idea that energy efficiency helps reduce emissions and supports decarbonisation. However, it doesn’t capture the key cause‑effect relationship emphasized in the model answer: efficiency reduces *total energy demand*, which in turn reduces how much renewable (and other low‑carbon) energy supply infrastructure needs to be built to replace fossil fuels. Try to explicitly connect demand reduction to making the supply-side transition easier/faster (less new clean capacity required).

Score: 6/10"
27/01/2026 12:56,27/01/2026 13:15,IP Address,100,1184,TRUE,27/01/2026 13:15,R_2mOQrZcWljN7A2g,anonymous,EN,1,P16,"I confirm that I understand that by ticking/initialling each box below I am consenting to this element of the study. I understand that it will be assumed that unticked/initialled boxes means that I DO NOT consent to that part of the study. I understand that by not giving consent for any one element that I may be deemed ineligible for the study.,I have read the information sheet and understand I can email the researchers with any questions.,I understand that my personal information (e.g., my age, gender, and information about my language background) will be used for the purposes of this study, which have been explained to me.,I consent to the processing of my personal information for the purposes of this study, and I understand that any such information will be treated as strictly confidential and handled in accordance with the provisions of the Data Protection Act 2018.,I understand that the information I provide may be published as a report and I will be sent a copy if I wish. Confidentiality and anonymity will be maintained, and it will not be possible to identify me in any publications.,I understand that my anonymised research data may be shared in accordance with open science guidelines (no one will be able to identify me if these data are shared).,I understand that I am free to withdraw from the study without penalty if I so wish.,I am over the age of 18.,I consent to take part in this study.",20,Female,French,2,6,6,4,4,"Active recall is beneficial because you're engaging instead of simply consuming the content, you're engaging with the content in a way where you're synthesizing and interpreting. You're practicing putting information into context, which can help with confirming your understanding. This effort in retrieval is beneficial in the long-term ","population, GDP per capita, energy intensity, carbon intensity","Introducing a new zero carbon energy source will take time to implement. Much of our current technology relies on our current energy sources, which means it will take time to adapt to these new energy sources. It will also take time to distribute globally",Extremely high temperatures and humidity,Methane has a strong effect in smaller concentrations compared to carbon dioxide,"Transport contributes significantly to the overall emissions. By increasing energy efficiency and net-zero energy, it will reduce the carbon emissions","According to the lecture, why does the effort involved in retrieving information (like in a quiz) lead to better long-term retention than passive study methods like re-reading?","Learning that feels effortful signals that you are actively engaging with the material, which strengthens memory and retention more effectively than the false intuition of fluency gained from passive reading.","This tests the learner's understanding of the ""desirable difficulty"" concept and the ""testing effect"" discussed in the opening segment regarding how students learn best.","Your response captures the main idea that *active retrieval/recall* leads to better long-term learning than passive exposure. You clearly explain that retrieval requires deeper engagement (synthesizing, interpreting, putting ideas in context) and that it helps you check understanding, which aligns well with the testing effect.

To improve, explicitly connect this to the lecture’s point about **desirable difficulty** and the idea that passive re-reading can create a misleading sense of “fluency” (feeling like you know it) without strengthening memory as much. Including that contrast would make your explanation more complete.

Score: 8/10",List the four specific variables comprising the Kaya identity that are multiplied together to calculate total global CO2 emissions in the En-ROADS model.,"The four variables are global population, GDP per capita, energy intensity of GDP, and the carbon intensity of final energy.","This is a ""Remember"" level question requiring the recall of the fundamental framework used throughout the lecture to understand climate drivers.","Your response correctly lists all four components of the Kaya identity used in En-ROADS: population, GDP per capita, energy intensity, and carbon intensity. The only minor issue is that you didn’t specify “energy intensity of GDP” and “carbon intensity of final energy,” but your terms clearly match those ideas in context.

Score: 10/10","Explain why the introduction of a cheap, breakthrough ""new zero-carbon"" energy source (like fusion) in the simulation results in only a minimal reduction in global temperature by 2100.","It takes decades to commercialize and scale new technology to a global level, and existing fossil fuel infrastructure remains in place (system stasis) rather than being immediately displaced.","This is an ""Analyze"" question. The learner must interpret the counter-intuitive result of the simulation shown in the lecture regarding technological silver bullets.","Your response captures the main idea well: even if a zero‑carbon energy source is cheap and breakthrough, it still takes a long time to roll out, adapt infrastructure, and distribute it worldwide, so emissions don’t drop fast enough to significantly change warming by 2100.

To improve, explicitly mention that existing fossil-fuel infrastructure and systems tend to persist (they aren’t rapidly displaced), which is a key reason the simulation shows only a small temperature reduction.

Score: 8/10","According to the lecture, what specific physical limitation prevents the human body from cooling itself via sweat evaporation during ""wet bulb"" heat events?","During high wet bulb events, the air is so saturated with humidity that sweat cannot evaporate from the skin, preventing the transfer of heat energy from the body to the atmosphere.","This question requires the learner to ""Apply"" scientific principles explained during the ""Impacts"" section of the lecture to explain why specific temperature increases are fatal.","Your response identifies the general conditions (high temperature and high humidity) associated with wet-bulb heat, which is a good start. However, it doesn’t state the specific physical limitation: that the air is so humid/saturated that sweat cannot evaporate effectively, so the body can’t shed heat through evaporation. Next time, explicitly connect humidity saturation to reduced sweat evaporation and failed cooling.

Score: 4/10","Why does the lecturer describe methane reduction as a ""high impact and fast"" intervention compared to carbon dioxide reduction?","Methane is a significantly more potent greenhouse gas than CO2, but it also leaves the atmosphere much faster, meaning reducing it creates a near-immediate reduction in warming potential.","This tests the learner's understanding of the different chemical behaviors of greenhouse gases and how that influences policy priorities (an ""Understand"" level question).","Your response correctly identifies one key idea: methane is more powerful at trapping heat than CO₂, so even small amounts can have a strong warming effect. However, it misses the main reason it’s described as “fast”: methane has a much shorter lifetime in the atmosphere than CO₂, so cutting methane leads to a quicker drop in warming compared to cutting CO₂.

Score: 5/10","In the context of the En-ROADS simulation, how does increasing energy efficiency in transport and buildings assist in decarbonising the energy supply?","Increasing efficiency lowers the total global demand for energy, which reduces the total amount of renewable energy infrastructure that must be built to replace fossil fuels.","This question requires the learner to explain the relationship between demand-side reduction and supply-side transition, a key cause-effect pattern in the lecture.","Your answer shows you understand that transport is a major emissions source and that improving efficiency can reduce emissions. However, it doesn’t clearly make the key En-ROADS link: efficiency reduces *total energy demand*, which in turn makes it easier to decarbonise supply because less renewable (and other low-carbon) energy infrastructure needs to be built to replace fossil fuels. Also, you mention buildings only indirectly (“net-zero energy”) without explaining the demand-reduction mechanism.

Score: 5/10"
27/01/2026 12:59,27/01/2026 13:16,IP Address,100,982,TRUE,27/01/2026 13:16,R_8VdQ9qK4AMQ1lJv,anonymous,EN,1,P14,,,,,,,,,,strenghtens the neurons. ,"GDP per capita, population, CO2 emissions, and energy intensity ","There are a variety of reasons regarding a minimul reduction. This is because while new zero carbon energy sources can be implemented, other emission inducing activities must decrease for an effect to be felt. This includes subsidizing cleaner technologies and implementing more tax on carbon emissions, which had the most significant effects. New zero carbon energy sources must be coupled with a decrease in the use of fossil fuels. Also while this is possible, new zero carbon technologies are not as energy efficient and therefore will struggle to reduce global temperatures by 2100.  ","The physical limitation involves the humidity in the air being higher than the rate at which our bodies can alleviate sweat. If temperatures are high it is still possible, but humidity plays an important role in the evaporation process, therefore leading to dangerous and fatal conditions. ",because CO2 particles have a longer life span in the atmosphere and take longer to be extracted. Whereas methane has a shorter atmospheric life span and therefore the reduction in emissions would be a quicker strategy.,"Increasing energy efficiency in transport and buildings has a minimal effect on decarbonizing the energy supply. This is because while increasing the efficiency will decrease the amount of carbon used to produce these systems, it is still possible that energy supply is coming from carbon intensive practices. It is possible as well that increasing efficiency will enhance opportunities for for more energy and transport building to be put in place which will outweight the effects of making them more efficient. Additonally, prices have an effect on this and it is not always the case that more efficient supplies are cheaper and more efficient than energy supplies like oil for example. These may still be favored over more efficient supplies. ","According to the lecture, why does the effort involved in retrieving information (like in a quiz) lead to better long-term retention than passive study methods like re-reading?","Learning that feels effortful signals that you are actively engaging with the material, which strengthens memory and retention more effectively than the false intuition of fluency gained from passive reading.","This tests the learner's understanding of the ""desirable difficulty"" concept and the ""testing effect"" discussed in the opening segment regarding how students learn best.","Your response gestures in the right direction by suggesting that retrieval practice changes the brain (“strengthens the neurons”), which loosely connects to strengthening memory. However, it misses the key idea from the lecture: *effortful retrieval* (quizzing/testing) improves long-term retention because it forces active recall (“desirable difficulty/testing effect”), whereas re-reading mainly creates a misleading feeling of fluency without building durable memory as well.

Score: 3/10",List the four specific variables comprising the Kaya identity that are multiplied together to calculate total global CO2 emissions in the En-ROADS model.,"The four variables are global population, GDP per capita, energy intensity of GDP, and the carbon intensity of final energy.","This is a ""Remember"" level question requiring the recall of the fundamental framework used throughout the lecture to understand climate drivers.","You correctly included **population**, **GDP per capita**, and **energy intensity**, which are three of the four Kaya identity factors.

However, **“CO2 emissions” is not one of the multiplying variables**—it’s the *result* of multiplying the four factors. The missing variable you needed is **carbon intensity of final energy** (sometimes described as CO₂ per unit of energy).

Score: 6/10","Explain why the introduction of a cheap, breakthrough ""new zero-carbon"" energy source (like fusion) in the simulation results in only a minimal reduction in global temperature by 2100.","It takes decades to commercialize and scale new technology to a global level, and existing fossil fuel infrastructure remains in place (system stasis) rather than being immediately displaced.","This is an ""Analyze"" question. The learner must interpret the counter-intuitive result of the simulation shown in the lecture regarding technological silver bullets.","You identify an important core idea: a new zero‑carbon energy source only helps if it actually replaces fossil fuels, and you note that broader policy/actions (reducing other emissions, carbon pricing, subsidies) matter too. That aligns with the model answer’s point that simply “having” the technology doesn’t automatically cut emissions fast enough.

However, you largely miss the key mechanism emphasized in the model answer: the *time lag* and *scale-up inertia*—it takes decades to commercialize and roll out globally, and existing fossil-fuel infrastructure tends to keep operating rather than being rapidly displaced (“system stasis”). Also, the claim that new zero-carbon technologies are “not as energy efficient” isn’t part of the model explanation and is likely not the main reason in the simulation.

Score: 6/10","According to the lecture, what specific physical limitation prevents the human body from cooling itself via sweat evaporation during ""wet bulb"" heat events?","During high wet bulb events, the air is so saturated with humidity that sweat cannot evaporate from the skin, preventing the transfer of heat energy from the body to the atmosphere.","This question requires the learner to ""Apply"" scientific principles explained during the ""Impacts"" section of the lecture to explain why specific temperature increases are fatal.","Your response captures the main idea that **high humidity interferes with sweat evaporation**, making hot conditions more dangerous. However, it’s a bit unclear and imprecise to say “humidity in the air being higher than the rate at which our bodies can alleviate sweat”—the key physical limitation is that **when the air is near-saturated, evaporation from the skin can’t occur effectively**, so the body **can’t dump heat to the atmosphere**.

To improve, explicitly state that during wet-bulb conditions the **air is too saturated to accept more water vapor**, so **sweat can’t evaporate and cooling fails**.

Score: 7/10","Why does the lecturer describe methane reduction as a ""high impact and fast"" intervention compared to carbon dioxide reduction?","Methane is a significantly more potent greenhouse gas than CO2, but it also leaves the atmosphere much faster, meaning reducing it creates a near-immediate reduction in warming potential.","This tests the learner's understanding of the different chemical behaviors of greenhouse gases and how that influences policy priorities (an ""Understand"" level question).","Your response captures the main idea well: CO₂ persists in the atmosphere for a long time, while methane has a shorter lifetime, so cutting methane leads to faster climate benefits. That said, to fully match the model answer, you should also mention the “high impact” part: methane is more potent per molecule than CO₂, so reducing it can have a larger short-term warming reduction.

Score: 8/10","In the context of the En-ROADS simulation, how does increasing energy efficiency in transport and buildings assist in decarbonising the energy supply?","Increasing efficiency lowers the total global demand for energy, which reduces the total amount of renewable energy infrastructure that must be built to replace fossil fuels.","This question requires the learner to explain the relationship between demand-side reduction and supply-side transition, a key cause-effect pattern in the lecture.","Your response mostly **contradicts** the key idea in the model answer. In En-ROADS, improving efficiency in buildings and transport is important because it **reduces total energy demand**, which makes it **easier to decarbonize supply** (less clean energy needs to be built to replace fossil fuels). You instead argue efficiency has “minimal effect” and focus on rebound effects and fuel-price preferences; while rebound and policy/economic factors can matter, they don’t address the central demand-reduction → easier supply transition relationship the question is targeting.

To improve, clearly state that efficiency cuts overall energy use, which reduces the scale and speed of renewable/clean infrastructure needed to achieve decarbonization, even if the remaining energy is still partially fossil-fueled at first.

Score: 3/10"
27/01/2026 12:55,27/01/2026 13:16,IP Address,100,1216,TRUE,27/01/2026 13:16,R_2MQcoR6WnYYBYFD,anonymous,EN,1,P23,"I confirm that I understand that by ticking/initialling each box below I am consenting to this element of the study. I understand that it will be assumed that unticked/initialled boxes means that I DO NOT consent to that part of the study. I understand that by not giving consent for any one element that I may be deemed ineligible for the study.,I have read the information sheet and understand I can email the researchers with any questions.,I understand that my personal information (e.g., my age, gender, and information about my language background) will be used for the purposes of this study, which have been explained to me.,I consent to the processing of my personal information for the purposes of this study, and I understand that any such information will be treated as strictly confidential and handled in accordance with the provisions of the Data Protection Act 2018.,I understand that the information I provide may be published as a report and I will be sent a copy if I wish. Confidentiality and anonymity will be maintained, and it will not be possible to identify me in any publications.,I understand that my anonymised research data may be shared in accordance with open science guidelines (no one will be able to identify me if these data are shared).,I understand that I am free to withdraw from the study without penalty if I so wish.,I am over the age of 18.,I consent to take part in this study.",20,Female,English,3,4,5,4,5,I think you are trying harder and doing more deeper processing and looking into your long term memory more. There is more retrieval and compared to passive reading there is not much deeper thought processing?,"population, GDP, energy efficiency, carbon dioxide emissions",A new zero carbon energy source will take time to come into markets and it would take time for countries reliant on fossil fuels and finite energy resources to switch. Also carbon dioxide emissions take a long time to be taken up by carbon sinks and is stays in the atmosphere for a long time. This means the greenhouse effect will still take place and global temperature will still be increasing a for a while before it reduces.,The wel ball effect,Methane can be removed from the atmosphere faster than carbon dioxide as carbon dioxide stays in the atmosphere for much longer before being absorped by carbon sinks like the Amazon rainforest. Methane is also very potent as a greenhouse gas but can be used and converted as energy?,Becoming more energy efficient means relying and needing less finite resources for energy like oil and gas or coal which produce greenhouse gases like carbon dioxide into the atmosphere. ,"According to the lecture, why does the effort involved in retrieving information (like in a quiz) lead to better long-term retention than passive study methods like re-reading?","Learning that feels effortful signals that you are actively engaging with the material, which strengthens memory and retention more effectively than the false intuition of fluency gained from passive reading.","This tests the learner's understanding of the ""desirable difficulty"" concept and the ""testing effect"" discussed in the opening segment regarding how students learn best.","You capture the main idea that *retrieval* requires more mental work than re-reading and that this “deeper processing” helps move information into long-term memory. You also correctly contrast it with passive reading as involving less active thinking. To improve, explicitly connect this to the lecture’s point that the effort of retrieval *strengthens the memory trace* (testing effect/desirable difficulty) and mention that re-reading can create a misleading sense of “I know it” (fluency) without durable learning.

Score: 8/10",List the four specific variables comprising the Kaya identity that are multiplied together to calculate total global CO2 emissions in the En-ROADS model.,"The four variables are global population, GDP per capita, energy intensity of GDP, and the carbon intensity of final energy.","This is a ""Remember"" level question requiring the recall of the fundamental framework used throughout the lecture to understand climate drivers.","Your answer includes **population**, which is correct, and you gesture toward **energy intensity** with “energy efficiency,” but it’s imprecise because the Kaya identity uses **energy per unit GDP** (energy intensity), not efficiency in general. However, you list **GDP** rather than **GDP per capita**, and you replace **carbon intensity of final energy** with “carbon dioxide emissions,” which is the *outcome* the identity calculates, not one of the multiplying factors.

To improve, make sure you name the four multiplicative drivers exactly: **population**, **GDP per person**, **energy intensity of GDP**, and **carbon intensity of energy**.

Score: 4/10","Explain why the introduction of a cheap, breakthrough ""new zero-carbon"" energy source (like fusion) in the simulation results in only a minimal reduction in global temperature by 2100.","It takes decades to commercialize and scale new technology to a global level, and existing fossil fuel infrastructure remains in place (system stasis) rather than being immediately displaced.","This is an ""Analyze"" question. The learner must interpret the counter-intuitive result of the simulation shown in the lecture regarding technological silver bullets.","Your response captures the main idea well: even if the energy source is cheap and zero-carbon, it won’t instantly replace fossil fuels because adoption, commercialization, and switching infrastructure take decades. That directly matches the “scale-up time” and “system inertia/stasis” points in the model answer.

You also add a relevant extra mechanism: CO₂ persists in the atmosphere and the climate system responds slowly, so temperatures don’t immediately stop rising even after emissions fall. One refinement: the simulation’s “minimal reduction by 2100” is primarily about slow deployment and continued use of existing fossil infrastructure, not necessarily temperatures “reducing” by 2100—more that they end up only slightly lower than without the breakthrough.

Score: 9/10","According to the lecture, what specific physical limitation prevents the human body from cooling itself via sweat evaporation during ""wet bulb"" heat events?","During high wet bulb events, the air is so saturated with humidity that sweat cannot evaporate from the skin, preventing the transfer of heat energy from the body to the atmosphere.","This question requires the learner to ""Apply"" scientific principles explained during the ""Impacts"" section of the lecture to explain why specific temperature increases are fatal.","Your response (“The wel ball effect”) mentions the general idea of a wet-bulb event, but it doesn’t explain the specific physical limitation the question asks for. The key point is that the air is so humid/saturated that sweat can’t evaporate, so your body can’t lose heat through evaporation.

Try stating explicitly that high humidity prevents sweat evaporation and therefore stops cooling.

Score: 2/10","Why does the lecturer describe methane reduction as a ""high impact and fast"" intervention compared to carbon dioxide reduction?","Methane is a significantly more potent greenhouse gas than CO2, but it also leaves the atmosphere much faster, meaning reducing it creates a near-immediate reduction in warming potential.","This tests the learner's understanding of the different chemical behaviors of greenhouse gases and how that influences policy priorities (an ""Understand"" level question).","You captured the two key ideas well: methane has a shorter atmospheric lifetime than CO₂, so cutting it can lower warming relatively quickly, and methane is also a strong greenhouse gas. Your explanation of CO₂ lasting longer is correct, though the “Amazon rainforest” example is a bit narrow (CO₂ is taken up by multiple sinks and a lot remains for a very long time). The part about methane being “used and converted as energy” isn’t really relevant to why it’s “high impact and fast” and could confuse the main point.

Score: 8/10","In the context of the En-ROADS simulation, how does increasing energy efficiency in transport and buildings assist in decarbonising the energy supply?","Increasing efficiency lowers the total global demand for energy, which reduces the total amount of renewable energy infrastructure that must be built to replace fossil fuels.","This question requires the learner to explain the relationship between demand-side reduction and supply-side transition, a key cause-effect pattern in the lecture.","Your response shows you understand that improving energy efficiency reduces reliance on fossil fuels and therefore lowers greenhouse gas emissions. That’s an important part of decarbonisation.

However, you don’t clearly connect efficiency to the *demand-side* effect highlighted in the model answer: that using less energy overall reduces total energy demand, which in turn means less renewable (and other low-carbon) infrastructure needs to be built to replace fossil fuels. Adding that cause-and-effect link would make your answer more aligned with En-ROADS’ framing.

Score: 7/10"
27/01/2026 13:00,27/01/2026 13:20,IP Address,100,1206,TRUE,27/01/2026 13:20,R_2r1JrHfdLS315Cm,anonymous,EN,1,P08,"I confirm that I understand that by ticking/initialling each box below I am consenting to this element of the study. I understand that it will be assumed that unticked/initialled boxes means that I DO NOT consent to that part of the study. I understand that by not giving consent for any one element that I may be deemed ineligible for the study.,I have read the information sheet and understand I can email the researchers with any questions.,I understand that my personal information (e.g., my age, gender, and information about my language background) will be used for the purposes of this study, which have been explained to me.,I consent to the processing of my personal information for the purposes of this study, and I understand that any such information will be treated as strictly confidential and handled in accordance with the provisions of the Data Protection Act 2018.,I understand that the information I provide may be published as a report and I will be sent a copy if I wish. Confidentiality and anonymity will be maintained, and it will not be possible to identify me in any publications.,I understand that my anonymised research data may be shared in accordance with open science guidelines (no one will be able to identify me if these data are shared).,I understand that I am free to withdraw from the study without penalty if I so wish.,I am over the age of 18.,I consent to take part in this study.",20,Female,English,2,6,6,1,2,It actively tests your knowledge in a more continuous and consistent way and challenges you to recall lecture content in the moment. This leads to long term retention as you are constantly checking your knowledge gap and practicing active recall. ,"population, GDP per capita, energy intensity, carbon intensity","Even if there is an alternative cheap zero-carbon energy source it would take a very long time to fully decarbonise our entire economy as almost every industry relies on fossil fuels to function. Also, since much of our society relies on fossil fuels anyway, transitioning to different energy sources would have to be gradual to avoid drastic social consequences.",?,Methane does not stay in the atmosphere for a long time but is a very potent greenhouse gas compared to CO2 which stays for longer but is less powerful. Therefore removing methane would reduce the overall impact of greenhouse gases on climate change.,Increasing the energy efficiency would mean less combustion is needed in powering the same amount of a particular device. Increasing this would mean less greenhouse gases (and heat) are emitted overall for the same amount of energy demand.,"According to the lecture, why does the effort involved in retrieving information (like in a quiz) lead to better long-term retention than passive study methods like re-reading?","Learning that feels effortful signals that you are actively engaging with the material, which strengthens memory and retention more effectively than the false intuition of fluency gained from passive reading.","This tests the learner's understanding of the ""desirable difficulty"" concept and the ""testing effect"" discussed in the opening segment regarding how students learn best.","Your response captures the main idea that retrieval practice (quizzing yourself) improves long-term retention because it forces active recall, not passive exposure. You also correctly highlight that it helps you identify knowledge gaps, which supports better studying.

To improve, connect more explicitly to *why* the effort helps—i.e., that the difficulty/effort is “desirable” because it strengthens memory more than the misleading feeling of fluency from re-reading. Mentioning that passive rereading can feel easy but doesn’t build durable retrieval would align you even more closely with the lecture’s point.

Score: 8/10",List the four specific variables comprising the Kaya identity that are multiplied together to calculate total global CO2 emissions in the En-ROADS model.,"The four variables are global population, GDP per capita, energy intensity of GDP, and the carbon intensity of final energy.","This is a ""Remember"" level question requiring the recall of the fundamental framework used throughout the lecture to understand climate drivers.","Your response correctly lists all four components of the Kaya identity used in En-ROADS: population, GDP per capita, energy intensity, and carbon intensity. To be fully precise, you could specify “energy intensity of GDP” and “carbon intensity of final energy,” but your phrasing clearly captures the intended variables.

Score: 10/10","Explain why the introduction of a cheap, breakthrough ""new zero-carbon"" energy source (like fusion) in the simulation results in only a minimal reduction in global temperature by 2100.","It takes decades to commercialize and scale new technology to a global level, and existing fossil fuel infrastructure remains in place (system stasis) rather than being immediately displaced.","This is an ""Analyze"" question. The learner must interpret the counter-intuitive result of the simulation shown in the lecture regarding technological silver bullets.","You explain the main idea well: even with a cheap zero‑carbon breakthrough, decarbonizing the whole economy takes a long time because so many sectors depend on fossil fuels. You also capture the “system inertia” aspect by noting the transition would be gradual rather than immediate, which aligns with existing infrastructure and social/economic constraints slowing replacement. To be even closer to the model answer, you could explicitly mention that existing fossil-fuel infrastructure tends to stay in place for decades (it’s not instantly retired), and that scaling/commercializing the new tech globally is itself slow.

Score: 9/10","According to the lecture, what specific physical limitation prevents the human body from cooling itself via sweat evaporation during ""wet bulb"" heat events?","During high wet bulb events, the air is so saturated with humidity that sweat cannot evaporate from the skin, preventing the transfer of heat energy from the body to the atmosphere.","This question requires the learner to ""Apply"" scientific principles explained during the ""Impacts"" section of the lecture to explain why specific temperature increases are fatal.","You didn’t provide an actual student response (it’s just “?”), so there’s nothing to evaluate for understanding.

To get a score, paste the student’s answer. A strong answer should mention that during wet-bulb conditions the air is already very humid/saturated, so sweat can’t evaporate, which stops evaporative cooling and prevents the body from shedding heat.

Score: 0/10","Why does the lecturer describe methane reduction as a ""high impact and fast"" intervention compared to carbon dioxide reduction?","Methane is a significantly more potent greenhouse gas than CO2, but it also leaves the atmosphere much faster, meaning reducing it creates a near-immediate reduction in warming potential.","This tests the learner's understanding of the different chemical behaviors of greenhouse gases and how that influences policy priorities (an ""Understand"" level question).","Your response captures the two key ideas: methane is more powerful per unit than CO₂, and it has a much shorter atmospheric lifetime. You also correctly connect this to why cutting methane can lower warming more quickly than cutting CO₂, though you could be a bit clearer that this is a *near-immediate* effect on warming rates compared with CO₂ reductions that take longer to show benefits.

Score: 9/10","In the context of the En-ROADS simulation, how does increasing energy efficiency in transport and buildings assist in decarbonising the energy supply?","Increasing efficiency lowers the total global demand for energy, which reduces the total amount of renewable energy infrastructure that must be built to replace fossil fuels.","This question requires the learner to explain the relationship between demand-side reduction and supply-side transition, a key cause-effect pattern in the lecture.","Your answer shows a solid understanding that higher energy efficiency means you can deliver the same services (heating, transport, etc.) with less fuel burned, which reduces emissions. That’s an important part of the mechanism.

However, the question asks specifically how efficiency helps *decarbonise the energy supply* in En-ROADS: the key idea is that efficiency reduces *total energy demand*, which then makes it easier/faster/cheaper to replace the remaining supply with renewables because you need to build less low-carbon infrastructure. You focused more on immediate emissions reductions from burning less fuel, rather than the demand-side reduction easing the supply-side transition.

Score: 7/10"
27/01/2026 13:08,27/01/2026 13:25,IP Address,100,994,TRUE,27/01/2026 13:25,R_8gLCsc3jyaruNyh,anonymous,EN,1,P03,,,,,,,,,,consolidates memory," Population (\(P\)), GDP per capita (\(G/P\)), Energy Intensity of GDP (\(E/G\)), and Carbon Intensity of Energy",multiple energy source?,temporal control?,m,less energy is used to meet demand,"According to the lecture, why does the effort involved in retrieving information (like in a quiz) lead to better long-term retention than passive study methods like re-reading?","Learning that feels effortful signals that you are actively engaging with the material, which strengthens memory and retention more effectively than the false intuition of fluency gained from passive reading.","This tests the learner's understanding of the ""desirable difficulty"" concept and the ""testing effect"" discussed in the opening segment regarding how students learn best.","Your answer points in the right direction because retrieval practice does help **consolidate memory**, which supports better long-term retention. However, it misses the key *why* from the lecture: that **effortful retrieval** (a “desirable difficulty”) strengthens memory more than passive re-reading, which can create a misleading feeling of fluency without durable learning. Try to mention the role of **active recall/testing effect** and the contrast with **passive study**.

Score: 4/10",List the four specific variables comprising the Kaya identity that are multiplied together to calculate total global CO2 emissions in the En-ROADS model.,"The four variables are global population, GDP per capita, energy intensity of GDP, and the carbon intensity of final energy.","This is a ""Remember"" level question requiring the recall of the fundamental framework used throughout the lecture to understand climate drivers.","Your response correctly lists the four factors in the Kaya identity: population, GDP per person, energy intensity (energy per unit GDP), and carbon intensity (CO₂ per unit energy). Your notation (\(G/P\) and \(E/G\)) matches the standard breakdown and captures the same meaning as the model answer. To be fully aligned, you could explicitly phrase the last term as “carbon intensity of *final* energy,” but your wording is essentially correct in this context.

Score: 10/10","Explain why the introduction of a cheap, breakthrough ""new zero-carbon"" energy source (like fusion) in the simulation results in only a minimal reduction in global temperature by 2100.","It takes decades to commercialize and scale new technology to a global level, and existing fossil fuel infrastructure remains in place (system stasis) rather than being immediately displaced.","This is an ""Analyze"" question. The learner must interpret the counter-intuitive result of the simulation shown in the lecture regarding technological silver bullets.","Your response (“multiple energy source?”) gestures vaguely at the idea that there are different energy sources in the system, but it doesn’t explain the key reason the simulation shows only a small temperature reduction by 2100. The main concepts you needed were the long time it takes to commercialize and scale a new technology globally and the fact that existing fossil-fuel infrastructure isn’t replaced immediately.

Score: 1/10","According to the lecture, what specific physical limitation prevents the human body from cooling itself via sweat evaporation during ""wet bulb"" heat events?","During high wet bulb events, the air is so saturated with humidity that sweat cannot evaporate from the skin, preventing the transfer of heat energy from the body to the atmosphere.","This question requires the learner to ""Apply"" scientific principles explained during the ""Impacts"" section of the lecture to explain why specific temperature increases are fatal.","Your response (“temporal control?”) doesn’t address the physical limitation described in the lecture. The key idea is that during wet-bulb heat events the air is already very humid (near saturation), so sweat can’t evaporate, and without evaporation your body can’t dump heat effectively. Try to explicitly mention high humidity/saturated air and the failure of sweat evaporation as the reason cooling stops.

Score: 0/10","Why does the lecturer describe methane reduction as a ""high impact and fast"" intervention compared to carbon dioxide reduction?","Methane is a significantly more potent greenhouse gas than CO2, but it also leaves the atmosphere much faster, meaning reducing it creates a near-immediate reduction in warming potential.","This tests the learner's understanding of the different chemical behaviors of greenhouse gases and how that influences policy priorities (an ""Understand"" level question).","Your response (“m”) doesn’t explain anything about methane versus carbon dioxide, so it doesn’t address why methane reduction is considered “high impact and fast.” To improve, you should mention that methane is very powerful at trapping heat but has a much shorter lifetime in the atmosphere than CO₂, so cutting methane leads to quicker warming reductions.

Score: 0/10","In the context of the En-ROADS simulation, how does increasing energy efficiency in transport and buildings assist in decarbonising the energy supply?","Increasing efficiency lowers the total global demand for energy, which reduces the total amount of renewable energy infrastructure that must be built to replace fossil fuels.","This question requires the learner to explain the relationship between demand-side reduction and supply-side transition, a key cause-effect pattern in the lecture.","Your response captures the core idea that increasing energy efficiency reduces energy use (demand), which is an important first step in decarbonisation. However, it leaves out the key implication from the model answer: lower demand makes it easier to replace fossil fuels because less renewable energy infrastructure (and overall supply capacity) needs to be built. Add that cause-and-effect link to fully answer the question.

Score: 6/10"
27/01/2026 13:08,27/01/2026 14:36,IP Address,100,5280,TRUE,27/01/2026 14:36,R_8kYs3Ar9zU3v9wd,anonymous,EN,1,P24,,,,,,,,,,"Because actively retrieving information forces the brain to reconstruct and strengthen memory pathways, making the knowledge more durable. The effort creates desirable difficulty, which signals importance and improves consolidation in long-term memory. In contrast, passive re-reading feels easy but produces weaker, less retrievable memories.","In the En-ROADS model, total global CO₂ emissions are calculated by multiplying population, GDP per person, energy use per unit of GDP, and CO₂ emissions per unit of energy.","In En-ROADS, a cheap breakthrough zero-carbon energy source arrives too late to significantly reduce **cumulative emissions**, which largely determine 2100 temperature. Existing fossil infrastructure persists for decades, and many major emissions sources (like agriculture and industry) are mostly unaffected. As a result, even dramatic clean energy advances late in the century only modestly change end-of-century warming.","During wet-bulb heat events, the air is so humid that it’s already saturated with water vapor, eliminating the vapor-pressure gradient needed for sweat to evaporate. Without evaporation, sweat can’t remove heat from the skin. Once wet-bulb temperature approaches body temperature (~35 °C), human cooling by sweating physically stops, leading to dangerous heat buildup.","Methane is described as “high impact and fast” because it is **far more powerful than CO₂ at trapping heat** and has a **much shorter atmospheric lifetime** (about a decade). Cutting methane therefore produces **rapid reductions in warming**, unlike CO₂ cuts which mainly affect long-term temperature. This makes methane mitigation one of the quickest ways to slow near-term climate change.","In En-ROADS, increasing energy efficiency in transport and buildings helps decarbonise the energy supply mainly by shrinking the size of the problem the energy system has to solve.","According to the lecture, why does the effort involved in retrieving information (like in a quiz) lead to better long-term retention than passive study methods like re-reading?","Learning that feels effortful signals that you are actively engaging with the material, which strengthens memory and retention more effectively than the false intuition of fluency gained from passive reading.","This tests the learner's understanding of the ""desirable difficulty"" concept and the ""testing effect"" discussed in the opening segment regarding how students learn best.","Your response captures the key ideas very well. You clearly explain that retrieval practice is effortful because it requires reconstructing information, which strengthens memory and makes it more durable—matching the “testing effect” and “desirable difficulty” concepts. You also correctly contrast this with re-reading, noting that it can feel fluent/easy but leads to weaker, less retrievable learning; if you wanted to align even more closely with the model answer, you could explicitly mention the “illusion/false intuition of fluency” as a named idea.  

Score: 10/10",List the four specific variables comprising the Kaya identity that are multiplied together to calculate total global CO2 emissions in the En-ROADS model.,"The four variables are global population, GDP per capita, energy intensity of GDP, and the carbon intensity of final energy.","This is a ""Remember"" level question requiring the recall of the fundamental framework used throughout the lecture to understand climate drivers.","Your response correctly lists all four components of the Kaya identity used in En-ROADS: population, GDP per capita, energy intensity (energy use per unit GDP), and carbon intensity (CO₂ per unit energy). Your wording matches the model answer closely, just using slightly different phrasing (“CO₂ emissions per unit of energy” for “carbon intensity of final energy”), which is fully accurate.

Score: 10/10","Explain why the introduction of a cheap, breakthrough ""new zero-carbon"" energy source (like fusion) in the simulation results in only a minimal reduction in global temperature by 2100.","It takes decades to commercialize and scale new technology to a global level, and existing fossil fuel infrastructure remains in place (system stasis) rather than being immediately displaced.","This is an ""Analyze"" question. The learner must interpret the counter-intuitive result of the simulation shown in the lecture regarding technological silver bullets.","Your response captures the core reasons very well. You correctly emphasize the time lag in deploying and scaling a new energy technology and the persistence of existing fossil-fuel infrastructure, which aligns directly with the model answer’s “decades to commercialize and scale” and “system stasis” points. You also add a strong, relevant explanation about cumulative emissions and note that some sectors aren’t addressed by an electricity-focused breakthrough—this goes beyond the model answer but supports why the temperature change by 2100 is still small.

To improve, you could tie the “arrives too late” point even more explicitly to the model’s framing: even if the technology appears earlier, the *turnover rate* of capital stock (power plants, vehicles, industrial equipment) prevents rapid displacement.

Score: 10/10","According to the lecture, what specific physical limitation prevents the human body from cooling itself via sweat evaporation during ""wet bulb"" heat events?","During high wet bulb events, the air is so saturated with humidity that sweat cannot evaporate from the skin, preventing the transfer of heat energy from the body to the atmosphere.","This question requires the learner to ""Apply"" scientific principles explained during the ""Impacts"" section of the lecture to explain why specific temperature increases are fatal.","Your response captures the key physical limitation very well: in wet-bulb conditions the air is so humid (near-saturated) that sweat can’t evaporate, so evaporative cooling fails and heat can’t be transferred away from the body effectively. You also correctly add the idea of the missing vapor-pressure gradient, which is a clear physical explanation consistent with the model answer. The only minor point is that bringing in “approaches body temperature (~35 °C)” is extra detail that may or may not have been explicitly required, but it doesn’t contradict the core concept.

Score: 10/10","Why does the lecturer describe methane reduction as a ""high impact and fast"" intervention compared to carbon dioxide reduction?","Methane is a significantly more potent greenhouse gas than CO2, but it also leaves the atmosphere much faster, meaning reducing it creates a near-immediate reduction in warming potential.","This tests the learner's understanding of the different chemical behaviors of greenhouse gases and how that influences policy priorities (an ""Understand"" level question).","Your response captures the key ideas very well. You correctly explain both why methane cuts are **high impact** (it’s much more effective at trapping heat than CO₂) and why they are **fast** (it has a short atmospheric lifetime, so reductions show up quickly). You also make an accurate contrast with CO₂ affecting warming more over the long term; just be careful to note that CO₂ reductions are still crucial even if their climate benefits are slower.

Score: 10/10","In the context of the En-ROADS simulation, how does increasing energy efficiency in transport and buildings assist in decarbonising the energy supply?","Increasing efficiency lowers the total global demand for energy, which reduces the total amount of renewable energy infrastructure that must be built to replace fossil fuels.","This question requires the learner to explain the relationship between demand-side reduction and supply-side transition, a key cause-effect pattern in the lecture.","Your response captures the central idea that improving efficiency reduces overall energy demand, which makes it easier to decarbonise supply (“shrinking the size of the problem”). That matches the core cause-effect relationship in the model answer, but it would be stronger if you explicitly connected this to needing less renewable build-out (and/or less replacement of fossil fuel capacity) because demand is lower.

Score: 8/10"
27/01/2026 12:56,27/01/2026 13:00,IP Address,4,271,FALSE,27/01/2026 23:00,R_8aKALMyPMuFtKNg,anonymous,EN,1,P08,,,,,,,,,,,,,,,,,,,,,,,,,,,,,,,,,,,,,,,
27/01/2026 12:56,27/01/2026 12:58,IP Address,4,99,FALSE,27/01/2026 23:00,R_2fZZOH8lQbAP49x,anonymous,EN,1,P15,,,,,,,,,,,,,,,,,,,,,,,,,,,,,,,,,,,,,,,
27/01/2026 12:55,27/01/2026 12:57,IP Address,48,151,FALSE,27/01/2026 23:00,R_2fiN01WTxmNaM5u,anonymous,EN,1,P12,,,,,,,,,,,,,,,,"According to the lecture, why does the effort involved in retrieving information (like in a quiz) lead to better long-term retention than passive study methods like re-reading?","Learning that feels effortful signals that you are actively engaging with the material, which strengthens memory and retention more effectively than the false intuition of fluency gained from passive reading.","This tests the learner's understanding of the ""desirable difficulty"" concept and the ""testing effect"" discussed in the opening segment regarding how students learn best.",,List the four specific variables comprising the Kaya identity that are multiplied together to calculate total global CO2 emissions in the En-ROADS model.,"The four variables are global population, GDP per capita, energy intensity of GDP, and the carbon intensity of final energy.","This is a ""Remember"" level question requiring the recall of the fundamental framework used throughout the lecture to understand climate drivers.",,"Explain why the introduction of a cheap, breakthrough ""new zero-carbon"" energy source (like fusion) in the simulation results in only a minimal reduction in global temperature by 2100.","It takes decades to commercialize and scale new technology to a global level, and existing fossil fuel infrastructure remains in place (system stasis) rather than being immediately displaced.","This is an ""Analyze"" question. The learner must interpret the counter-intuitive result of the simulation shown in the lecture regarding technological silver bullets.",,"According to the lecture, what specific physical limitation prevents the human body from cooling itself via sweat evaporation during ""wet bulb"" heat events?","During high wet bulb events, the air is so saturated with humidity that sweat cannot evaporate from the skin, preventing the transfer of heat energy from the body to the atmosphere.","This question requires the learner to ""Apply"" scientific principles explained during the ""Impacts"" section of the lecture to explain why specific temperature increases are fatal.",,"Why does the lecturer describe methane reduction as a ""high impact and fast"" intervention compared to carbon dioxide reduction?","Methane is a significantly more potent greenhouse gas than CO2, but it also leaves the atmosphere much faster, meaning reducing it creates a near-immediate reduction in warming potential.","This tests the learner's understanding of the different chemical behaviors of greenhouse gases and how that influences policy priorities (an ""Understand"" level question).",,"In the context of the En-ROADS simulation, how does increasing energy efficiency in transport and buildings assist in decarbonising the energy supply?","Increasing efficiency lowers the total global demand for energy, which reduces the total amount of renewable energy infrastructure that must be built to replace fossil fuels.","This question requires the learner to explain the relationship between demand-side reduction and supply-side transition, a key cause-effect pattern in the lecture.",
27/01/2026 12:55,27/01/2026 13:00,IP Address,48,300,FALSE,27/01/2026 23:00,R_2zZK3HT7SgOlfCd,anonymous,EN,1,P27,,,,,,,,,,,,,,,,"According to the lecture, why does the effort involved in retrieving information (like in a quiz) lead to better long-term retention than passive study methods like re-reading?","Learning that feels effortful signals that you are actively engaging with the material, which strengthens memory and retention more effectively than the false intuition of fluency gained from passive reading.","This tests the learner's understanding of the ""desirable difficulty"" concept and the ""testing effect"" discussed in the opening segment regarding how students learn best.",,List the four specific variables comprising the Kaya identity that are multiplied together to calculate total global CO2 emissions in the En-ROADS model.,"The four variables are global population, GDP per capita, energy intensity of GDP, and the carbon intensity of final energy.","This is a ""Remember"" level question requiring the recall of the fundamental framework used throughout the lecture to understand climate drivers.",,"Explain why the introduction of a cheap, breakthrough ""new zero-carbon"" energy source (like fusion) in the simulation results in only a minimal reduction in global temperature by 2100.","It takes decades to commercialize and scale new technology to a global level, and existing fossil fuel infrastructure remains in place (system stasis) rather than being immediately displaced.","This is an ""Analyze"" question. The learner must interpret the counter-intuitive result of the simulation shown in the lecture regarding technological silver bullets.",,"According to the lecture, what specific physical limitation prevents the human body from cooling itself via sweat evaporation during ""wet bulb"" heat events?","During high wet bulb events, the air is so saturated with humidity that sweat cannot evaporate from the skin, preventing the transfer of heat energy from the body to the atmosphere.","This question requires the learner to ""Apply"" scientific principles explained during the ""Impacts"" section of the lecture to explain why specific temperature increases are fatal.",,"Why does the lecturer describe methane reduction as a ""high impact and fast"" intervention compared to carbon dioxide reduction?","Methane is a significantly more potent greenhouse gas than CO2, but it also leaves the atmosphere much faster, meaning reducing it creates a near-immediate reduction in warming potential.","This tests the learner's understanding of the different chemical behaviors of greenhouse gases and how that influences policy priorities (an ""Understand"" level question).",,"In the context of the En-ROADS simulation, how does increasing energy efficiency in transport and buildings assist in decarbonising the energy supply?","Increasing efficiency lowers the total global demand for energy, which reduces the total amount of renewable energy infrastructure that must be built to replace fossil fuels.","This question requires the learner to explain the relationship between demand-side reduction and supply-side transition, a key cause-effect pattern in the lecture.",
27/01/2026 12:55,27/01/2026 12:57,IP Address,48,91,FALSE,27/01/2026 23:00,R_2NjZCHfLsOmVqIT,anonymous,EN,1,P19,,,,,,,,,,,,,,,,"According to the lecture, why does the effort involved in retrieving information (like in a quiz) lead to better long-term retention than passive study methods like re-reading?","Learning that feels effortful signals that you are actively engaging with the material, which strengthens memory and retention more effectively than the false intuition of fluency gained from passive reading.","This tests the learner's understanding of the ""desirable difficulty"" concept and the ""testing effect"" discussed in the opening segment regarding how students learn best.",,List the four specific variables comprising the Kaya identity that are multiplied together to calculate total global CO2 emissions in the En-ROADS model.,"The four variables are global population, GDP per capita, energy intensity of GDP, and the carbon intensity of final energy.","This is a ""Remember"" level question requiring the recall of the fundamental framework used throughout the lecture to understand climate drivers.",,"Explain why the introduction of a cheap, breakthrough ""new zero-carbon"" energy source (like fusion) in the simulation results in only a minimal reduction in global temperature by 2100.","It takes decades to commercialize and scale new technology to a global level, and existing fossil fuel infrastructure remains in place (system stasis) rather than being immediately displaced.","This is an ""Analyze"" question. The learner must interpret the counter-intuitive result of the simulation shown in the lecture regarding technological silver bullets.",,"According to the lecture, what specific physical limitation prevents the human body from cooling itself via sweat evaporation during ""wet bulb"" heat events?","During high wet bulb events, the air is so saturated with humidity that sweat cannot evaporate from the skin, preventing the transfer of heat energy from the body to the atmosphere.","This question requires the learner to ""Apply"" scientific principles explained during the ""Impacts"" section of the lecture to explain why specific temperature increases are fatal.",,"Why does the lecturer describe methane reduction as a ""high impact and fast"" intervention compared to carbon dioxide reduction?","Methane is a significantly more potent greenhouse gas than CO2, but it also leaves the atmosphere much faster, meaning reducing it creates a near-immediate reduction in warming potential.","This tests the learner's understanding of the different chemical behaviors of greenhouse gases and how that influences policy priorities (an ""Understand"" level question).",,"In the context of the En-ROADS simulation, how does increasing energy efficiency in transport and buildings assist in decarbonising the energy supply?","Increasing efficiency lowers the total global demand for energy, which reduces the total amount of renewable energy infrastructure that must be built to replace fossil fuels.","This question requires the learner to explain the relationship between demand-side reduction and supply-side transition, a key cause-effect pattern in the lecture.",
27/01/2026 12:57,27/01/2026 12:57,IP Address,4,9,FALSE,27/01/2026 23:00,R_8a8OTBk8yZHCZ3p,anonymous,EN,1,P05,,,,,,,,,,,,,,,,,,,,,,,,,,,,,,,,,,,,,,,
27/01/2026 12:59,27/01/2026 13:00,IP Address,4,13,FALSE,27/01/2026 23:00,R_8BhN0P8ivfhxeYZ,anonymous,EN,1,P05,,,,,,,,,,,,,,,,,,,,,,,,,,,,,,,,,,,,,,,
