StartDate,EndDate,Status,Progress,Duration (in seconds),Finished,RecordedDate,ResponseId,DistributionChannel,UserLanguage,Q_RecaptchaScore,candidate_number,consent_form,age,gender,language,prior_knowledge_1,test_anxiety_1_1,test_anxiety_2_1,ai_1_1,ai_2_1,SAQ01,SAQ02,SAQ03,SAQ04,SAQ05,SAQ06,Q01,MA01,R01,F01,Q02,MA02,R02,F02,Q03,MA03,R03,F03,Q04,MA04,R04,F04,Q05,MA05,R05,F05,Q06,MA06,R06,F06
Start Date,End Date,Response Type,Progress,Duration (in seconds),Finished,Recorded Date,Response ID,Distribution Channel,User Language,Q_RecaptchaScore,What is your Candidate Number?,"CONSENT FORM FOR ADULTS IN ONLINE RESEARCH STUDIES

Please complete this form after you have read the Information Sheet.



If you have any questions arising from the Information Sheet, please contact the researcher before you decide whether to participate.",What is your age?,What is your gender?,What is your first language?,How would you rate your prior knowledge of the topics covered in this course?,How anxious do you feel about the graded class quiz next week?,How anxious do you feel about the final exam for this course?,To what extent do you agree or disagree with educators using artificial intelligence (AI)-generated content in the classroom?,How useful do you think artificial intelligence (AI)-generated practice quizzes are for your learning?,[Field-Q01],[Field-Q02],[Field-Q03],[Field-Q04],[Field-Q05],[Field-Q06],Q01,MA01,R01,F01,Q02,MA02,R02,F02,Q03,MA03,R03,F03,Q04,MA04,R04,F04,Q05,MA05,R05,F05,Q06,MA06,R06,F06
"{""ImportId"":""startDate"",""timeZone"":""Europe/London""}","{""ImportId"":""endDate"",""timeZone"":""Europe/London""}","{""ImportId"":""status""}","{""ImportId"":""progress""}","{""ImportId"":""duration""}","{""ImportId"":""finished""}","{""ImportId"":""recordedDate"",""timeZone"":""Europe/London""}","{""ImportId"":""_recordId""}","{""ImportId"":""distributionChannel""}","{""ImportId"":""userLanguage""}","{""ImportId"":""Q_RecaptchaScore""}","{""ImportId"":""QID4_TEXT""}","{""ImportId"":""QID3""}","{""ImportId"":""QID5_TEXT""}","{""ImportId"":""QID6""}","{""ImportId"":""QID7_TEXT""}","{""ImportId"":""QID8_1""}","{""ImportId"":""QID14_1""}","{""ImportId"":""QID12_1""}","{""ImportId"":""QID9_1""}","{""ImportId"":""QID16_1""}","{""ImportId"":""QID25_TEXT""}","{""ImportId"":""QID26_TEXT""}","{""ImportId"":""QID27_TEXT""}","{""ImportId"":""QID28_TEXT""}","{""ImportId"":""QID29_TEXT""}","{""ImportId"":""QID30_TEXT""}","{""ImportId"":""Q01""}","{""ImportId"":""MA01""}","{""ImportId"":""R01""}","{""ImportId"":""F01""}","{""ImportId"":""Q02""}","{""ImportId"":""MA02""}","{""ImportId"":""R02""}","{""ImportId"":""F02""}","{""ImportId"":""Q03""}","{""ImportId"":""MA03""}","{""ImportId"":""R03""}","{""ImportId"":""F03""}","{""ImportId"":""Q04""}","{""ImportId"":""MA04""}","{""ImportId"":""R04""}","{""ImportId"":""F04""}","{""ImportId"":""Q05""}","{""ImportId"":""MA05""}","{""ImportId"":""R05""}","{""ImportId"":""F05""}","{""ImportId"":""Q06""}","{""ImportId"":""MA06""}","{""ImportId"":""R06""}","{""ImportId"":""F06""}"
03/03/2026 13:35,03/03/2026 13:43,IP Address,100,486,TRUE,03/03/2026 13:43,R_8Cmx2Top6geTkGb,anonymous,EN,1,P15,,,,,,,,,,The elephant comes first and and is what leads to a decision and the rider follows suit and justify that decision ,The elephant referes to intuition and this is based on past experiences which change opinions and impact your instincts ,It’s the exchange between cost and action and balance the trade off ,They search for confirmation evidence which already supports their viewpoint,There must be an area of actionable change. It has to feel or there has to also be information about what can be done and to then lead to action ,Working together and what drives that ,"According to the ""Elephant and Rider"" metaphor for dual process theories, what is the primary function of the Rider (reasoning) in relation to the Elephant (intuition)?",The Rider primarily exists to create post-hoc rationalizations or stories to justify the direction and decisions already taken by the Elephant (intuition). It explains why we feel a certain way rather than controlling the feeling.,"The lecture challenges the Enlightenment view that reasoning controls emotion. Instead, the lecturer explains that the ""Elephant"" (automatic/intuitive) calls the shots most of the time, while the ""Rider"" (reasoning) creates narratives to justify those intuitive responses.","You captured the main idea accurately: the Elephant (intuition) leads/decides first, and the Rider (reasoning) comes afterward to justify or explain that decision. This matches the “post-hoc rationalization” function described in the model answer. To improve, you could be a bit clearer that the Rider usually *doesn’t control* the Elephant so much as it creates explanations for what the Elephant already did.

Score: 9/10","Why do individuals often possess different intuitive understandings of the same concept or situation, according to the characteristics of the ""Elephant""?","Intuitions and associations are rooted in an individual's unique lived experiences and professional practices. Therefore, people with different life histories will develop different automatic responses to the same stimuli.","The lecturer emphasizes that the ""Elephant"" represents the associative brain, where concepts are linked through prior exposure and experience. Since everyone has different ""lived experiences,"" their intuitive understandings (Elephants) differ.","Your response captures the main idea that the “Elephant” represents intuition and that intuition is shaped by past experiences. You could strengthen it by making the key point more explicit: because different people have different life histories (and practices/exposure), they will form different associations and therefore have different intuitive understandings of the same situation. Also, “opinions” is a bit vague here—emphasize automatic associations/instinctive responses instead.

Score: 8/10","To communicate effectively with decision-makers who seem resistant to climate action, what specific approach does the concept of ""Risk Currency"" suggest?","You must identify the specific metrics or issues that ""keep them awake at night"" (such as job numbers or financial stability) and frame climate risks within that language.","The lecturer introduces ""Risk Currency"" to explain that decision-makers prioritize specific metrics (e.g., the Treasury cares about not spending money). Effective communication requires translating climate risk into the metrics the audience intuitively understands and values.","Your response shows a general idea that decision-making involves weighing costs against actions, which is related to risk framing. However, it misses the key point of “Risk Currency”: you should **translate climate risks into the specific metrics or priorities that matter most to that decision-maker** (what “keeps them awake at night,” like jobs, budgets, stability) and communicate in that language, not just mention a generic trade-off.

To improve, be more specific about *whose* priorities/metrics you would use and that the goal is to frame climate risk using those metrics.

Score: 4/10","According to the ""Pyramid of Polarization,"" what psychological mechanism causes individuals to become entrenched in opposite viewpoints after making an initial small decision?","The mechanism is self-justification or self-persuasion. Once an individual takes an action (stepping off the pyramid), they justify that choice to themselves, which drives them further down the pyramid toward certainty.","The lecture describes how people start at the top of the pyramid (undecided). Once they make a choice/action, they engage in self-justification to validate that choice, leading to stronger opinions and increased polarization from those who chose differently.","Your answer points to a real process that can strengthen beliefs (confirmation bias—seeking information that supports what you already think). However, the question is specifically asking about what happens *after making an initial small decision*: the key mechanism in the “Pyramid of Polarization” is **self-justification/self-persuasion**—you rationalize your choice to yourself, which then pushes you toward greater certainty and polarization. If you connected confirmation-seeking as a *result* of self-justification, your response would be much closer.

Score: 4/10","Aside from feeling personal, what specific characteristics must a proposed solution possess for a fear appeal to generate action rather than avoidance?","The solution must feel concrete, doable, and meaningful to the individual. If the solution seems impossible or ineffective, the fear will lead to unpredictable reactions like denial or numbness.","The lecturer discusses Insight 4 regarding fear. He states that fear only works if accompanied by a solution that feels ""concrete, doable, and meaningful."" Without this agency, fear leads to maladaptive responses.","Your response captures the core idea that a fear appeal needs to include an actionable path forward—information about what can be done—so the person feels able to take action rather than freeze or avoid. However, it’s a bit vague and doesn’t clearly include the key qualities from the model answer: that the solution should feel **concrete**, **doable/feasible**, and **meaningful**, and that if it seems ineffective or impossible it can trigger avoidance reactions like denial or numbness.

Score: 7/10","How does the ""action-centric"" approach challenge the conventional wisdom regarding the causal relationship between attitudes and behavior?","It proposes flipping the arrow of causality, suggesting that taking action drives changes in beliefs and attitudes (self-persuasion), rather than attitudes and awareness necessarily driving behavior change.","The lecturer critiques the ""conventional wisdom"" (Information -> Awareness -> Action) and argues for Insight 5: ""In real life, actions drive beliefs."" Doing something changes how we think about it, which is often more reliable than trying to change thinking to induce action.","Your response (“Working together and what drives that”) doesn’t address the key idea in the action-centric approach: that **behavior/action can come first and then shape attitudes and beliefs**, reversing the usual “attitudes → behavior” assumption. To improve, explicitly state that the approach challenges conventional wisdom by **flipping the causality** (actions drive beliefs/attitudes via self-persuasion), rather than information/awareness leading to action.

Score: 1/10"
03/03/2026 13:36,03/03/2026 13:44,IP Address,100,494,TRUE,03/03/2026 13:44,R_25WtVqMNvondVD1,anonymous,EN,1,P22,,,,,,,,,,reasoning explains and rationalise our intuition,Intuition is experential. Individuals have various experiences,You have to make people understand its worth doing that action,People with opposite views trying to convince each other.,it must be very terrifying,"Instead of attitudes predicting behaviours, actually behaviours influence attitudes","According to the ""Elephant and Rider"" metaphor for dual process theories, what is the primary function of the Rider (reasoning) in relation to the Elephant (intuition)?",The Rider primarily exists to create post-hoc rationalizations or stories to justify the direction and decisions already taken by the Elephant (intuition). It explains why we feel a certain way rather than controlling the feeling.,"The lecture challenges the Enlightenment view that reasoning controls emotion. Instead, the lecturer explains that the ""Elephant"" (automatic/intuitive) calls the shots most of the time, while the ""Rider"" (reasoning) creates narratives to justify those intuitive responses.","Your answer captures the central idea that the Rider’s main job is to **explain/rationalize** what the Elephant (intuition) is doing, rather than being the primary controller. To be even stronger, you could explicitly mention that this is often **post-hoc** (after the fact) and that the Elephant usually “leads” while the Rider justifies.

Score: 8/10","Why do individuals often possess different intuitive understandings of the same concept or situation, according to the characteristics of the ""Elephant""?","Intuitions and associations are rooted in an individual's unique lived experiences and professional practices. Therefore, people with different life histories will develop different automatic responses to the same stimuli.","The lecturer emphasizes that the ""Elephant"" represents the associative brain, where concepts are linked through prior exposure and experience. Since everyone has different ""lived experiences,"" their intuitive understandings (Elephants) differ.","Your response captures the core idea that intuition comes from experience and that different experiences lead to different intuitions. However, it’s a bit too brief and misses some key specifics from the model answer—especially the idea that the “Elephant” is the associative/automatic part of the brain and that professional practices and prior exposure shape these associations. Adding those links would show a fuller understanding.

Score: 7/10","To communicate effectively with decision-makers who seem resistant to climate action, what specific approach does the concept of ""Risk Currency"" suggest?","You must identify the specific metrics or issues that ""keep them awake at night"" (such as job numbers or financial stability) and frame climate risks within that language.","The lecturer introduces ""Risk Currency"" to explain that decision-makers prioritize specific metrics (e.g., the Treasury cares about not spending money). Effective communication requires translating climate risk into the metrics the audience intuitively understands and values.","Your response shows a general intent to persuade decision-makers (“make people understand it’s worth doing”), which loosely relates to effective communication. However, it misses the key idea of **Risk Currency**: you should **tailor the message to the specific metrics decision-makers care about** (e.g., jobs, costs, financial risk) and **translate climate risk into their “language,”** rather than just arguing that action is worthwhile.

To improve, mention identifying what matters most to them (“what keeps them awake at night”) and framing climate impacts in those terms.

Score: 2/10","According to the ""Pyramid of Polarization,"" what psychological mechanism causes individuals to become entrenched in opposite viewpoints after making an initial small decision?","The mechanism is self-justification or self-persuasion. Once an individual takes an action (stepping off the pyramid), they justify that choice to themselves, which drives them further down the pyramid toward certainty.","The lecture describes how people start at the top of the pyramid (undecided). Once they make a choice/action, they engage in self-justification to validate that choice, leading to stronger opinions and increased polarization from those who chose differently.","Your response points to a social interaction (people arguing or persuading each other), but the question is asking about an internal psychological mechanism that happens *after you make a small initial choice*. In the Pyramid of Polarization, the key idea is that you become more committed because you *justify your own choice to yourself* (self-justification/self-persuasion), not primarily because others try to convince you.

Score: 2/10","Aside from feeling personal, what specific characteristics must a proposed solution possess for a fear appeal to generate action rather than avoidance?","The solution must feel concrete, doable, and meaningful to the individual. If the solution seems impossible or ineffective, the fear will lead to unpredictable reactions like denial or numbness.","The lecturer discusses Insight 4 regarding fear. He states that fear only works if accompanied by a solution that feels ""concrete, doable, and meaningful."" Without this agency, fear leads to maladaptive responses.","Your response focuses on the *intensity of the fear* (“very terrifying”), but the question asks about the *characteristics of the proposed solution* that make fear appeals lead to action. The key idea is that the solution must feel concrete, doable/achievable, and meaningful/effective; otherwise fear can cause avoidance (denial, numbness).  

Score: 1/10","How does the ""action-centric"" approach challenge the conventional wisdom regarding the causal relationship between attitudes and behavior?","It proposes flipping the arrow of causality, suggesting that taking action drives changes in beliefs and attitudes (self-persuasion), rather than attitudes and awareness necessarily driving behavior change.","The lecturer critiques the ""conventional wisdom"" (Information -> Awareness -> Action) and argues for Insight 5: ""In real life, actions drive beliefs."" Doing something changes how we think about it, which is often more reliable than trying to change thinking to induce action.","Your response captures the core challenge of the action-centric approach: it reverses the usual causal direction by saying behavior can shape attitudes rather than attitudes determining behavior. That said, you could strengthen it by explicitly mentioning the “action drives beliefs/attitudes” idea (self-persuasion) and that this contrasts with the traditional “information/awareness → attitude → action” model.

Score: 8/10"
03/03/2026 13:36,03/03/2026 13:46,IP Address,100,606,TRUE,03/03/2026 13:46,R_8crZ3s3NCYKb2al,anonymous,EN,1,P28,,,,,,,,,,the rider is someone who uses judegment and reasoning and is used more for situations that are novel. ,it depends how experinced you are in the situation,"the risk currency is how much you actually believe in an action or how risky you think it is. if someone doesnt believe an action is risky, they will not be motivated to create actions to change it. ",x,Near in proximity (psychological distance) and negative feelings,action centric approach means that the actions we take affect our beliefs. The conventional wisom approach contrasts this suggesting our beliefs affect our actions. the action centric also shows the the changes as a complete loop rather than a one directional thing. ,"According to the ""Elephant and Rider"" metaphor for dual process theories, what is the primary function of the Rider (reasoning) in relation to the Elephant (intuition)?",The Rider primarily exists to create post-hoc rationalizations or stories to justify the direction and decisions already taken by the Elephant (intuition). It explains why we feel a certain way rather than controlling the feeling.,"The lecture challenges the Enlightenment view that reasoning controls emotion. Instead, the lecturer explains that the ""Elephant"" (automatic/intuitive) calls the shots most of the time, while the ""Rider"" (reasoning) creates narratives to justify those intuitive responses.","Your answer captures that the Rider involves judgment and reasoning, which is part of the metaphor. However, it misses the key point from the model answer: the Rider’s *primary* role is usually to **justify** or **rationalize** what the Elephant has already decided, rather than being mainly used for novel situations or being the main controller. To improve, emphasize that intuition typically “drives” and reasoning often explains after the fact.

Score: 4/10","Why do individuals often possess different intuitive understandings of the same concept or situation, according to the characteristics of the ""Elephant""?","Intuitions and associations are rooted in an individual's unique lived experiences and professional practices. Therefore, people with different life histories will develop different automatic responses to the same stimuli.","The lecturer emphasizes that the ""Elephant"" represents the associative brain, where concepts are linked through prior exposure and experience. Since everyone has different ""lived experiences,"" their intuitive understandings (Elephants) differ.","Your response captures part of the idea: you recognize that experience affects how someone understands a situation intuitively. However, it’s too narrow compared to the model answer because it focuses mainly on “how experienced” someone is, rather than emphasizing that *different kinds of lived experiences and backgrounds* (not just more/less experience) shape different associations and automatic reactions to the same concept. Try to mention that people build different intuitive links based on their unique past experiences and practices.  

Score: 5/10","To communicate effectively with decision-makers who seem resistant to climate action, what specific approach does the concept of ""Risk Currency"" suggest?","You must identify the specific metrics or issues that ""keep them awake at night"" (such as job numbers or financial stability) and frame climate risks within that language.","The lecturer introduces ""Risk Currency"" to explain that decision-makers prioritize specific metrics (e.g., the Treasury cares about not spending money). Effective communication requires translating climate risk into the metrics the audience intuitively understands and values.","Your response shows a general idea that *perceived* risk affects motivation to act, which is related to why communication matters. However, it misses the key point of “Risk Currency”: you’re supposed to translate climate risk into the *specific metrics or priorities the decision-maker already uses* (e.g., dollars, jobs, stability, votes)—the things that “keep them awake at night”—rather than focusing on their personal belief in risk in a general sense.

To improve, be more specific about *framing* climate impacts in the audience’s preferred language/metrics, not just whether they believe something is risky.

Score: 3/10","According to the ""Pyramid of Polarization,"" what psychological mechanism causes individuals to become entrenched in opposite viewpoints after making an initial small decision?","The mechanism is self-justification or self-persuasion. Once an individual takes an action (stepping off the pyramid), they justify that choice to themselves, which drives them further down the pyramid toward certainty.","The lecture describes how people start at the top of the pyramid (undecided). Once they make a choice/action, they engage in self-justification to validate that choice, leading to stronger opinions and increased polarization from those who chose differently.","The response “x” doesn’t address the question or identify any psychological mechanism. You needed to explain that after a small initial choice, people tend to justify that decision to themselves (self-justification/self-persuasion), which makes them more certain and polarized over time.

Score: 0/10","Aside from feeling personal, what specific characteristics must a proposed solution possess for a fear appeal to generate action rather than avoidance?","The solution must feel concrete, doable, and meaningful to the individual. If the solution seems impossible or ineffective, the fear will lead to unpredictable reactions like denial or numbness.","The lecturer discusses Insight 4 regarding fear. He states that fear only works if accompanied by a solution that feels ""concrete, doable, and meaningful."" Without this agency, fear leads to maladaptive responses.","Your answer includes one idea that’s somewhat related—“psychological distance” can affect whether people feel something is relevant to them—but it doesn’t address the key requirement in the question: the *solution’s* qualities. The model answer focuses on the solution needing to feel concrete, doable/feasible, and effective/meaningful so people feel agency; “negative feelings” describes the fear itself, not what makes the proposed solution actionable.

Score: 2/10","How does the ""action-centric"" approach challenge the conventional wisdom regarding the causal relationship between attitudes and behavior?","It proposes flipping the arrow of causality, suggesting that taking action drives changes in beliefs and attitudes (self-persuasion), rather than attitudes and awareness necessarily driving behavior change.","The lecturer critiques the ""conventional wisdom"" (Information -> Awareness -> Action) and argues for Insight 5: ""In real life, actions drive beliefs."" Doing something changes how we think about it, which is often more reliable than trying to change thinking to induce action.","You accurately capture the key idea that the action-centric approach reverses the usual causal direction: actions can shape beliefs/attitudes rather than beliefs driving actions. You also correctly contrast it with the conventional view and your mention of a “loop” usefully hints that behavior and attitudes can reinforce each other over time. To improve, explicitly mention that this is a challenge to the “information/awareness → action” model and connect the loop to the idea of self-persuasion (acting first can change what you believe).  

Score: 9/10"
03/03/2026 13:38,03/03/2026 13:46,IP Address,100,492,TRUE,03/03/2026 13:46,R_8NsKnZoBCfmL4nm,anonymous,EN,1,P17,,,,,,,,,,Rider is to interpret the elephant and reason about why it has made an intuitive choice,"Because the elephant is based on intuition rather than reasoning, meaning it depends on a person's thoughts and feelings associated with different words, which differ a lot depending on a person's values",Risk currency is what keeps people up at night. It suggests we have to appeal to this in order to make meaningful change,Cognitive dissonance - people make decisions in line with prior beliefs to avoid the discomfort associated with these,Efficacy,"Action-centric challenges the conventional wisdom by saying that it is not attitudes which change behaviour, but actions","According to the ""Elephant and Rider"" metaphor for dual process theories, what is the primary function of the Rider (reasoning) in relation to the Elephant (intuition)?",The Rider primarily exists to create post-hoc rationalizations or stories to justify the direction and decisions already taken by the Elephant (intuition). It explains why we feel a certain way rather than controlling the feeling.,"The lecture challenges the Enlightenment view that reasoning controls emotion. Instead, the lecturer explains that the ""Elephant"" (automatic/intuitive) calls the shots most of the time, while the ""Rider"" (reasoning) creates narratives to justify those intuitive responses.","Your response captures the central idea that the Rider’s main role is *explanatory*—making sense of and interpreting the Elephant’s intuitive choices. This aligns well with the model answer’s emphasis on post-hoc reasoning, but you could be clearer that the Rider mostly *justifies after the fact* rather than *directly controlling* the Elephant’s decisions.

Score: 8/10","Why do individuals often possess different intuitive understandings of the same concept or situation, according to the characteristics of the ""Elephant""?","Intuitions and associations are rooted in an individual's unique lived experiences and professional practices. Therefore, people with different life histories will develop different automatic responses to the same stimuli.","The lecturer emphasizes that the ""Elephant"" represents the associative brain, where concepts are linked through prior exposure and experience. Since everyone has different ""lived experiences,"" their intuitive understandings (Elephants) differ.","Your response captures the core idea that the “Elephant” is about intuition/associations rather than deliberate reasoning, and you correctly point out that people can differ because their internal associations aren’t the same. However, the model answer emphasizes that these differing intuitions mainly come from *different lived experiences and practices* (what people have been exposed to and learned over time), not primarily from “values” or general “thoughts and feelings.” To improve, explicitly link differences in intuition to differences in prior experiences/exposure that shape the associative brain.

Score: 7/10","To communicate effectively with decision-makers who seem resistant to climate action, what specific approach does the concept of ""Risk Currency"" suggest?","You must identify the specific metrics or issues that ""keep them awake at night"" (such as job numbers or financial stability) and frame climate risks within that language.","The lecturer introduces ""Risk Currency"" to explain that decision-makers prioritize specific metrics (e.g., the Treasury cares about not spending money). Effective communication requires translating climate risk into the metrics the audience intuitively understands and values.","Your response captures the central idea that “risk currency” refers to what decision-makers worry about most (“keeps them up at night”) and that communication should connect to those concerns. However, it’s a bit too general: the key missing piece is the *specific approach* of identifying their concrete metrics (e.g., jobs, budgets, financial stability) and explicitly framing climate risks in *their* language/measurement system.

To improve, add an example of a decision-maker’s risk currency and state clearly that you should translate climate impacts into that metric (not just “appeal” to fears in general).  
Score: 7/10","According to the ""Pyramid of Polarization,"" what psychological mechanism causes individuals to become entrenched in opposite viewpoints after making an initial small decision?","The mechanism is self-justification or self-persuasion. Once an individual takes an action (stepping off the pyramid), they justify that choice to themselves, which drives them further down the pyramid toward certainty.","The lecture describes how people start at the top of the pyramid (undecided). Once they make a choice/action, they engage in self-justification to validate that choice, leading to stronger opinions and increased polarization from those who chose differently.","Your answer points to an important related idea: after making a choice, people feel psychological discomfort if their beliefs and actions don’t match, and that can motivate them to adjust their attitudes. However, the model answer is specifically about **self-justification/self-persuasion after the initial action** (justifying the choice pushes you toward greater certainty and polarization). You hinted at this via “avoid discomfort,” but you also framed it as “decisions in line with prior beliefs,” which misses the key emphasis that the **decision comes first and then attitudes shift to justify it**.

Score: 7/10","Aside from feeling personal, what specific characteristics must a proposed solution possess for a fear appeal to generate action rather than avoidance?","The solution must feel concrete, doable, and meaningful to the individual. If the solution seems impossible or ineffective, the fear will lead to unpredictable reactions like denial or numbness.","The lecturer discusses Insight 4 regarding fear. He states that fear only works if accompanied by a solution that feels ""concrete, doable, and meaningful."" Without this agency, fear leads to maladaptive responses.","“Efficacy” points in the right direction because the model answer emphasizes that the proposed solution must feel like it will work and that you can actually carry it out. However, your response is too vague and misses the specific qualities highlighted: the solution should feel concrete, doable, and meaningful (not just generally “effective”). Add those details to fully capture why fear leads to action rather than avoidance.

Score: 4/10","How does the ""action-centric"" approach challenge the conventional wisdom regarding the causal relationship between attitudes and behavior?","It proposes flipping the arrow of causality, suggesting that taking action drives changes in beliefs and attitudes (self-persuasion), rather than attitudes and awareness necessarily driving behavior change.","The lecturer critiques the ""conventional wisdom"" (Information -> Awareness -> Action) and argues for Insight 5: ""In real life, actions drive beliefs."" Doing something changes how we think about it, which is often more reliable than trying to change thinking to induce action.","Your response captures the central reversal: you clearly state that actions, not attitudes, are what drive behavior change, which aligns with the “flip the arrow of causality” idea.

To improve, you could be more explicit that the action-centric view says actions can *cause* shifts in beliefs/attitudes through self-persuasion (not just that attitudes don’t change behavior). Mentioning the conventional “information → awareness → action” pathway would also show fuller understanding.

Score: 8/10"
03/03/2026 13:37,03/03/2026 13:48,IP Address,100,677,TRUE,03/03/2026 13:48,R_82GwzWRdubSHH9c,anonymous,EN,1,P03,,,,,,,,,,justifies for action from inruition,.,?,reaction to persuasion?,self-efficacy or agency?,"action changes beliefs, might not be the other way around","According to the ""Elephant and Rider"" metaphor for dual process theories, what is the primary function of the Rider (reasoning) in relation to the Elephant (intuition)?",The Rider primarily exists to create post-hoc rationalizations or stories to justify the direction and decisions already taken by the Elephant (intuition). It explains why we feel a certain way rather than controlling the feeling.,"The lecture challenges the Enlightenment view that reasoning controls emotion. Instead, the lecturer explains that the ""Elephant"" (automatic/intuitive) calls the shots most of the time, while the ""Rider"" (reasoning) creates narratives to justify those intuitive responses.","Your response captures the core idea that the Rider’s job is to **justify** what comes from **intuition** (the Elephant). However, it’s a bit too vague: the key point is that the Rider mainly gives **post-hoc explanations/rationalizations** for decisions the Elephant has already made, rather than being the main controller of behavior. Adding that “after-the-fact story” aspect would make your answer stronger.

Score: 7/10","Why do individuals often possess different intuitive understandings of the same concept or situation, according to the characteristics of the ""Elephant""?","Intuitions and associations are rooted in an individual's unique lived experiences and professional practices. Therefore, people with different life histories will develop different automatic responses to the same stimuli.","The lecturer emphasizes that the ""Elephant"" represents the associative brain, where concepts are linked through prior exposure and experience. Since everyone has different ""lived experiences,"" their intuitive understandings (Elephants) differ.","You didn’t provide any explanation—just a period—so there’s no evidence you understand why people can have different intuitions about the same situation.

To improve, you should mention that intuitions come from the “Elephant” (associative/automatic mind) and that these associations are shaped by each person’s unique lived experiences and practices, leading to different automatic responses.

Score: 0/10","To communicate effectively with decision-makers who seem resistant to climate action, what specific approach does the concept of ""Risk Currency"" suggest?","You must identify the specific metrics or issues that ""keep them awake at night"" (such as job numbers or financial stability) and frame climate risks within that language.","The lecturer introduces ""Risk Currency"" to explain that decision-makers prioritize specific metrics (e.g., the Treasury cares about not spending money). Effective communication requires translating climate risk into the metrics the audience intuitively understands and values.","The student response is just “?”, so it doesn’t provide any explanation of the “Risk Currency” approach. To earn credit, you needed to say that you should figure out what risks/metrics decision-makers care about most (what “keeps them awake at night,” like money, jobs, stability) and then translate/frame climate risks in those terms.

Score: 0/10","According to the ""Pyramid of Polarization,"" what psychological mechanism causes individuals to become entrenched in opposite viewpoints after making an initial small decision?","The mechanism is self-justification or self-persuasion. Once an individual takes an action (stepping off the pyramid), they justify that choice to themselves, which drives them further down the pyramid toward certainty.","The lecture describes how people start at the top of the pyramid (undecided). Once they make a choice/action, they engage in self-justification to validate that choice, leading to stronger opinions and increased polarization from those who chose differently.","Your answer gestures toward the general idea of *persuasion*, but it doesn’t identify the specific mechanism from the Pyramid of Polarization: **self-justification/self-persuasion after taking an initial action**. The key point is that people become more entrenched because they internally justify their own choice, not simply because they react to someone else trying to persuade them.  

Score: 2/10","Aside from feeling personal, what specific characteristics must a proposed solution possess for a fear appeal to generate action rather than avoidance?","The solution must feel concrete, doable, and meaningful to the individual. If the solution seems impossible or ineffective, the fear will lead to unpredictable reactions like denial or numbness.","The lecturer discusses Insight 4 regarding fear. He states that fear only works if accompanied by a solution that feels ""concrete, doable, and meaningful."" Without this agency, fear leads to maladaptive responses.","Your answer points to an important piece of the model: the solution needs to give the person a sense of **agency/self-efficacy** (that they can actually do something about the threat). That aligns with the “doable” part of the model answer.

To be fully correct, you should also mention the other required qualities: the solution should feel **concrete/specific** and **meaningful/relevant**, not just doable. You also didn’t address that if it feels impossible or ineffective, fear can lead to **avoidance/denial/numbness** rather than action.

Score: 7/10","How does the ""action-centric"" approach challenge the conventional wisdom regarding the causal relationship between attitudes and behavior?","It proposes flipping the arrow of causality, suggesting that taking action drives changes in beliefs and attitudes (self-persuasion), rather than attitudes and awareness necessarily driving behavior change.","The lecturer critiques the ""conventional wisdom"" (Information -> Awareness -> Action) and argues for Insight 5: ""In real life, actions drive beliefs."" Doing something changes how we think about it, which is often more reliable than trying to change thinking to induce action.","Your response captures the central idea that the action-centric approach reverses the usual causal direction—actions can shape beliefs/attitudes rather than attitudes always driving actions. To improve, you could be a bit more explicit that this challenges the “information/awareness → attitudes → behavior” conventional wisdom by “flipping the arrow of causality,” and note the idea of self-persuasion (acting first can change how you think).

Score: 8/10"
03/03/2026 14:31,03/03/2026 14:47,IP Address,100,960,TRUE,03/03/2026 14:47,R_8nECqlXj7vHf3ZD,anonymous,EN,1,P12,,,,,,,,,,the Elephant is the more affective response that arises from our collection of personal experiences and prior beliefs; the reasoning part is the one which gathers conflicting information to form a deeper understanding and analysis. ,Each elephant has a different rider ,Risk currency frames the risk of climate change in a sense of ecomonic loss ,"The justification of that small decision, constantly finding information to justify our choices is what causes polarisation","Hope is an important factor, hope that despite fear there is something that can be done ","The conventional approach believes that by changing attitudes we can then encourage people to perform behaviour in line with that belief; however the ""action-centric"" approach posists that by doing an action, we can subsequently enocurage attitude change instead ","According to the ""Elephant and Rider"" metaphor for dual process theories, what is the primary function of the Rider (reasoning) in relation to the Elephant (intuition)?",The Rider primarily exists to create post-hoc rationalizations or stories to justify the direction and decisions already taken by the Elephant (intuition). It explains why we feel a certain way rather than controlling the feeling.,"The lecture challenges the Enlightenment view that reasoning controls emotion. Instead, the lecturer explains that the ""Elephant"" (automatic/intuitive) calls the shots most of the time, while the ""Rider"" (reasoning) creates narratives to justify those intuitive responses.","Your answer correctly identifies the Elephant as more affective/intuition-based and shaped by past experiences, which matches the metaphor’s general setup. However, you describe the Rider mainly as an objective analyzer that gathers conflicting information for deeper understanding, whereas the key point in the model answer is that the Rider’s *primary* role is often post-hoc justification—explaining and rationalizing what the Elephant has already decided rather than directing it. To improve, explicitly state that reasoning usually serves to justify intuitive/emotional choices (and only sometimes exerts control).

Score: 5/10","Why do individuals often possess different intuitive understandings of the same concept or situation, according to the characteristics of the ""Elephant""?","Intuitions and associations are rooted in an individual's unique lived experiences and professional practices. Therefore, people with different life histories will develop different automatic responses to the same stimuli.","The lecturer emphasizes that the ""Elephant"" represents the associative brain, where concepts are linked through prior exposure and experience. Since everyone has different ""lived experiences,"" their intuitive understandings (Elephants) differ.","Your response gestures toward the idea that different people think differently (“different rider”), but it doesn’t explain *why* those differences occur in terms of the Elephant’s role—namely that intuitions come from each person’s unique lived experiences and learned associations. Also, it shifts the focus to the “rider” rather than the “Elephant” as the source of intuitive, automatic responses.  

Score: 3/10","To communicate effectively with decision-makers who seem resistant to climate action, what specific approach does the concept of ""Risk Currency"" suggest?","You must identify the specific metrics or issues that ""keep them awake at night"" (such as job numbers or financial stability) and frame climate risks within that language.","The lecturer introduces ""Risk Currency"" to explain that decision-makers prioritize specific metrics (e.g., the Treasury cares about not spending money). Effective communication requires translating climate risk into the metrics the audience intuitively understands and values.","Your response shows the general idea that “Risk Currency” involves framing climate change in terms of losses that matter to decision-makers, especially economic loss. However, it misses the key point that you should tailor the framing to *their specific* priorities/metrics (what “keeps them awake at night”), which could be jobs, budgets, financial stability, or other concerns—not just economics in general.

To improve, explicitly mention identifying the decision-maker’s main metric and translating climate risk into that “currency” (their language and incentives), rather than only stating economic loss broadly.

Score: 6/10","According to the ""Pyramid of Polarization,"" what psychological mechanism causes individuals to become entrenched in opposite viewpoints after making an initial small decision?","The mechanism is self-justification or self-persuasion. Once an individual takes an action (stepping off the pyramid), they justify that choice to themselves, which drives them further down the pyramid toward certainty.","The lecture describes how people start at the top of the pyramid (undecided). Once they make a choice/action, they engage in self-justification to validate that choice, leading to stronger opinions and increased polarization from those who chose differently.","Your response captures the core mechanism accurately: after a small initial decision, you tend to justify it to yourself and then selectively seek information that supports it, which can deepen polarization. To improve, explicitly name the psychological mechanism (self-justification/self-persuasion) and connect it more clearly to becoming more certain and entrenched in the chosen side over time.  

Score: 8/10","Aside from feeling personal, what specific characteristics must a proposed solution possess for a fear appeal to generate action rather than avoidance?","The solution must feel concrete, doable, and meaningful to the individual. If the solution seems impossible or ineffective, the fear will lead to unpredictable reactions like denial or numbness.","The lecturer discusses Insight 4 regarding fear. He states that fear only works if accompanied by a solution that feels ""concrete, doable, and meaningful."" Without this agency, fear leads to maladaptive responses.","Your answer points in the right direction by emphasizing that people need to believe “something can be done,” which connects to the idea that a fear appeal needs to create a sense of agency rather than helplessness.

However, it’s too general and misses the specific characteristics: the solution should feel **concrete**, **doable/feasible**, and **meaningful** (and not seem ineffective or impossible). Adding those details would better match the model answer and show clearer understanding of what prevents avoidance/denial.

Score: 6/10","How does the ""action-centric"" approach challenge the conventional wisdom regarding the causal relationship between attitudes and behavior?","It proposes flipping the arrow of causality, suggesting that taking action drives changes in beliefs and attitudes (self-persuasion), rather than attitudes and awareness necessarily driving behavior change.","The lecturer critiques the ""conventional wisdom"" (Information -> Awareness -> Action) and argues for Insight 5: ""In real life, actions drive beliefs."" Doing something changes how we think about it, which is often more reliable than trying to change thinking to induce action.","Your response captures the main challenge to conventional wisdom correctly: instead of attitudes causing behavior, the action-centric view argues that behavior (taking action) can lead to changes in attitudes afterward. You might strengthen it by explicitly mentioning the “reversal” of causality and the idea of self-persuasion (that acting changes beliefs/attitudes), but your core point is accurate.

Score: 9/10"
03/03/2026 13:36,03/03/2026 15:15,IP Address,100,5943,TRUE,03/03/2026 15:15,R_2oXbmU2V3n5eFOr,anonymous,EN,1,P19,,,,,,,,,,"The Rider represents the us as outside narrator that relies on our Elephant to actually make decisions and do things. The Rider is just there to follow along and make sense of the story, while the Elephant is what gives it meaning. ","Because of our experiences. Our Elephant is made up by what we have experienced in life. If someone with different experiences witness the exact same thing, our understanding will give a different reaction. ","You have to balance the risks from resisting to climate change. Think of the risks as money and value too, not just the outside forces like actual money. ",After making an inital decision you are more likely to then make further decisons that relate and support you intial decision. This is because we will make up reasons to support that first intial decison even if we don't remeber the actual reason in the first place. ,The solution must be clear and actually attainable. There must be a clear path to get to the solution and a clear result. ,"The ""Action-centric"" approach challenges the convential wisdom because it focuses on how the actions we make can then go onto to change our beliefs and concerns rather than the convential way, which is the opposite. ","According to the ""Elephant and Rider"" metaphor for dual process theories, what is the primary function of the Rider (reasoning) in relation to the Elephant (intuition)?",The Rider primarily exists to create post-hoc rationalizations or stories to justify the direction and decisions already taken by the Elephant (intuition). It explains why we feel a certain way rather than controlling the feeling.,"The lecture challenges the Enlightenment view that reasoning controls emotion. Instead, the lecturer explains that the ""Elephant"" (automatic/intuitive) calls the shots most of the time, while the ""Rider"" (reasoning) creates narratives to justify those intuitive responses.","Your response captures the central idea that the Elephant is doing the real deciding and the Rider is mostly not in control. You also correctly suggest that the Rider “follows along” and tries to “make sense” of what happens, which aligns with the idea of post-hoc explanation.

To improve, be more explicit that the Rider’s main job is *rationalizing/justifying* the Elephant’s decisions (creating reasons for choices already made), not just narrating or “giving meaning.” Also, the phrasing “Elephant… gives it meaning” is a bit unclear—it's more that the Elephant *drives behavior and judgments*, and the Rider explains them afterward.

Score: 8/10","Why do individuals often possess different intuitive understandings of the same concept or situation, according to the characteristics of the ""Elephant""?","Intuitions and associations are rooted in an individual's unique lived experiences and professional practices. Therefore, people with different life histories will develop different automatic responses to the same stimuli.","The lecturer emphasizes that the ""Elephant"" represents the associative brain, where concepts are linked through prior exposure and experience. Since everyone has different ""lived experiences,"" their intuitive understandings (Elephants) differ.","You explain the core idea well: intuitive reactions (“the Elephant”) come from accumulated life experiences, so different backgrounds lead to different automatic interpretations of the same situation. You also correctly connect this to differences in reactions when people witness the same thing. To make it even stronger, you could mention that these intuitions are formed through learned associations/prior exposure (and can include things like professional practice), not just “experience” in a general sense.

Score: 9/10","To communicate effectively with decision-makers who seem resistant to climate action, what specific approach does the concept of ""Risk Currency"" suggest?","You must identify the specific metrics or issues that ""keep them awake at night"" (such as job numbers or financial stability) and frame climate risks within that language.","The lecturer introduces ""Risk Currency"" to explain that decision-makers prioritize specific metrics (e.g., the Treasury cares about not spending money). Effective communication requires translating climate risk into the metrics the audience intuitively understands and values.","Your response gestures toward the idea that “risk” can be treated like something with value (similar to money), which is loosely related to the “currency” metaphor. However, you don’t capture the key practical step: identifying what specific metric the decision-maker cares about (what “keeps them awake at night,” like jobs, budgets, or financial stability) and translating climate risks into that same metric/language to make it persuasive.

To improve, be more concrete about *whose* risk currency you’re using and give an example of reframing climate impacts in terms of their priorities (e.g., “climate risk increases budget deficits,” “threatens employment,” or “raises insurance costs”).

Score: 4/10","According to the ""Pyramid of Polarization,"" what psychological mechanism causes individuals to become entrenched in opposite viewpoints after making an initial small decision?","The mechanism is self-justification or self-persuasion. Once an individual takes an action (stepping off the pyramid), they justify that choice to themselves, which drives them further down the pyramid toward certainty.","The lecture describes how people start at the top of the pyramid (undecided). Once they make a choice/action, they engage in self-justification to validate that choice, leading to stronger opinions and increased polarization from those who chose differently.","Your response captures the core mechanism well: after an initial choice, you “make up reasons” to support it, which matches self-justification/self-persuasion. You also correctly describe the reinforcing effect where later decisions and beliefs align with the first one. To improve, explicitly connect this to becoming more *certain/extreme* and thus more polarized from people who made the opposite initial choice (the “down the pyramid” idea).  

Score: 8/10","Aside from feeling personal, what specific characteristics must a proposed solution possess for a fear appeal to generate action rather than avoidance?","The solution must feel concrete, doable, and meaningful to the individual. If the solution seems impossible or ineffective, the fear will lead to unpredictable reactions like denial or numbness.","The lecturer discusses Insight 4 regarding fear. He states that fear only works if accompanied by a solution that feels ""concrete, doable, and meaningful."" Without this agency, fear leads to maladaptive responses.","Your response captures two of the key characteristics well: the solution should be **clear/concrete** and **attainable/doable**, and you also imply it should lead to an outcome (“clear result”). What’s missing is the idea that the solution must also feel **meaningful/effective to the individual** (not just possible), and the model answer’s point that without this, fear appeals can trigger **avoidance/denial/numbness** rather than action.

Score: 8/10","How does the ""action-centric"" approach challenge the conventional wisdom regarding the causal relationship between attitudes and behavior?","It proposes flipping the arrow of causality, suggesting that taking action drives changes in beliefs and attitudes (self-persuasion), rather than attitudes and awareness necessarily driving behavior change.","The lecturer critiques the ""conventional wisdom"" (Information -> Awareness -> Action) and argues for Insight 5: ""In real life, actions drive beliefs."" Doing something changes how we think about it, which is often more reliable than trying to change thinking to induce action.","You captured the key idea correctly: the action-centric approach reverses the usual assumed direction, emphasizing that what you do can shape what you believe rather than beliefs always driving actions. Your answer could be improved by being a bit more explicit about the conventional model (attitudes/awareness → behavior) and by mentioning the mechanism (e.g., self-persuasion or “actions drive beliefs”) to show fuller understanding.

Score: 8/10"
03/03/2026 15:16,03/03/2026 15:24,IP Address,100,502,TRUE,03/03/2026 15:24,R_2l9mdQkhi76ZtV7,anonymous,EN,1,P01,,,,,,,,,,"The Rider’s primary function is to justify and steer the Elephant’s intuitive impulses, usually by providing post-hoc reasons and only sometimes overriding them.","Because the “Elephant” is driven by fast, automatic, emotion- and experience-based intuitions, different people’s histories, identities, and feelings lead them to feel the same concept differently—even before deliberate reasoning kicks in.","“Risk Currency” suggests you should reframe climate risk in the decision-maker’s own valued terms (e.g., costs, jobs, competitiveness, security, health, local impacts) so it “spends” in the priorities they already care about.",Cognitive dissonance–driven self-justification causes individuals to become entrenched in opposite viewpoints after making an initial small decision.,"It must feel effective and doable: high response efficacy (it will actually work) and high self-efficacy (I can realistically do it), with clear, specific steps and manageable costs.","The action-centric approach argues that behavior often comes first and shapes attitudes (via self-perception/justification), reversing the conventional view that attitudes are the main cause of behavior.","According to the ""Elephant and Rider"" metaphor for dual process theories, what is the primary function of the Rider (reasoning) in relation to the Elephant (intuition)?",The Rider primarily exists to create post-hoc rationalizations or stories to justify the direction and decisions already taken by the Elephant (intuition). It explains why we feel a certain way rather than controlling the feeling.,"The lecture challenges the Enlightenment view that reasoning controls emotion. Instead, the lecturer explains that the ""Elephant"" (automatic/intuitive) calls the shots most of the time, while the ""Rider"" (reasoning) creates narratives to justify those intuitive responses.","Your answer captures the central idea that the Rider often provides post-hoc justifications for what the Elephant has already decided, which aligns well with the model answer. However, you add that the Rider “steer[s]” the Elephant and can “sometimes override” it; the model answer emphasizes that the Rider mainly explains rather than controls, so this part slightly overstates the Rider’s control. Tighten your wording to stress that steering/overriding is limited and not the Rider’s primary role.

Score: 8/10","Why do individuals often possess different intuitive understandings of the same concept or situation, according to the characteristics of the ""Elephant""?","Intuitions and associations are rooted in an individual's unique lived experiences and professional practices. Therefore, people with different life histories will develop different automatic responses to the same stimuli.","The lecturer emphasizes that the ""Elephant"" represents the associative brain, where concepts are linked through prior exposure and experience. Since everyone has different ""lived experiences,"" their intuitive understandings (Elephants) differ.","Your response captures the key idea well: the “Elephant” reflects fast, automatic, experience-based intuition, so different people’s backgrounds lead to different immediate understandings of the same thing. You also correctly highlight that this happens prior to deliberate reasoning. To align even more closely with the model answer, you could explicitly mention that these intuitions come from learned associations formed through lived experiences and practices (not just feelings/identity).  

Score: 9/10","To communicate effectively with decision-makers who seem resistant to climate action, what specific approach does the concept of ""Risk Currency"" suggest?","You must identify the specific metrics or issues that ""keep them awake at night"" (such as job numbers or financial stability) and frame climate risks within that language.","The lecturer introduces ""Risk Currency"" to explain that decision-makers prioritize specific metrics (e.g., the Treasury cares about not spending money). Effective communication requires translating climate risk into the metrics the audience intuitively understands and values.","Your response captures the core idea of “Risk Currency” very well: you explain that effective communication means translating climate risk into the decision-maker’s own priority metrics and language. You also give relevant examples (costs, jobs, competitiveness, etc.), which aligns closely with the “keeps them awake at night” framing in the model answer. To be even stronger, you could explicitly emphasize the step of *identifying* their specific top concern first (their primary “currency”) before choosing the framing.

Score: 9/10","According to the ""Pyramid of Polarization,"" what psychological mechanism causes individuals to become entrenched in opposite viewpoints after making an initial small decision?","The mechanism is self-justification or self-persuasion. Once an individual takes an action (stepping off the pyramid), they justify that choice to themselves, which drives them further down the pyramid toward certainty.","The lecture describes how people start at the top of the pyramid (undecided). Once they make a choice/action, they engage in self-justification to validate that choice, leading to stronger opinions and increased polarization from those who chose differently.","Your response correctly identifies the core mechanism: after making an initial choice, people experience cognitive dissonance and then engage in self-justification/self-persuasion to reduce that discomfort, which strengthens their commitment and can push them toward more extreme certainty. This matches the “Pyramid of Polarization” explanation well. To improve, you could briefly connect it to the pyramid idea (e.g., “stepping off” the top leads to escalating commitment down the pyramid), but the mechanism itself is spot-on.

Score: 10/10","Aside from feeling personal, what specific characteristics must a proposed solution possess for a fear appeal to generate action rather than avoidance?","The solution must feel concrete, doable, and meaningful to the individual. If the solution seems impossible or ineffective, the fear will lead to unpredictable reactions like denial or numbness.","The lecturer discusses Insight 4 regarding fear. He states that fear only works if accompanied by a solution that feels ""concrete, doable, and meaningful."" Without this agency, fear leads to maladaptive responses.","You captured the key idea very well: for fear appeals to prompt action, the proposed solution needs to feel doable (self-efficacy) and like it will work (response efficacy). Your mention of clear, specific steps aligns with “concrete,” and “manageable costs” supports the idea that it must feel realistically achievable. The only minor gap is that you didn’t explicitly include “meaningful to the individual,” though your framing mostly implies it.

Score: 9/10","How does the ""action-centric"" approach challenge the conventional wisdom regarding the causal relationship between attitudes and behavior?","It proposes flipping the arrow of causality, suggesting that taking action drives changes in beliefs and attitudes (self-persuasion), rather than attitudes and awareness necessarily driving behavior change.","The lecturer critiques the ""conventional wisdom"" (Information -> Awareness -> Action) and argues for Insight 5: ""In real life, actions drive beliefs."" Doing something changes how we think about it, which is often more reliable than trying to change thinking to induce action.","You accurately capture the key idea: the action-centric approach reverses the usual causal direction by arguing that behavior can come first and then shape attitudes. Your mention of self-perception/justification aligns well with the model’s “self-persuasion” point.

To improve, you could explicitly contrast it with the “information/awareness → attitudes → behavior” conventional wisdom and emphasize that changing actions is presented as a *more reliable lever* for attitude change than trying to change attitudes first.  
Score: 9/10"
03/03/2026 15:23,03/03/2026 15:36,IP Address,100,775,TRUE,03/03/2026 15:36,R_2EE8L6pRUme719u,anonymous,EN,1,P20,,,,,,,,,,Intuition (elephant) comes before the reasoning (rider) and the rider helps guide the intuition,im not sure,"The proposed cost of what taking such risks will cause, whether it be in relation to climate risks, or the proposed benefits of climate-related action",Confirmation bias,"Feel achievable for a person to complete, and evidencing clear results",Attitudes and behaviour do not necessarily equate to actionable behaviour therefore challenge the idea that knowledge causing attitudes and beliefs is beneficial,"According to the ""Elephant and Rider"" metaphor for dual process theories, what is the primary function of the Rider (reasoning) in relation to the Elephant (intuition)?",The Rider primarily exists to create post-hoc rationalizations or stories to justify the direction and decisions already taken by the Elephant (intuition). It explains why we feel a certain way rather than controlling the feeling.,"The lecture challenges the Enlightenment view that reasoning controls emotion. Instead, the lecturer explains that the ""Elephant"" (automatic/intuitive) calls the shots most of the time, while the ""Rider"" (reasoning) creates narratives to justify those intuitive responses.","Your response correctly notes the ordering: the Elephant (intuition) tends to act first and the Rider (reasoning) comes after. However, saying the Rider “helps guide the intuition” shifts the metaphor back toward the idea that reasoning controls or steers intuition, which is specifically what the model answer argues against. To improve, emphasize that the Rider’s main job is usually to explain/justify the Elephant’s choices after the fact rather than directing them.  

Score: 4/10","Why do individuals often possess different intuitive understandings of the same concept or situation, according to the characteristics of the ""Elephant""?","Intuitions and associations are rooted in an individual's unique lived experiences and professional practices. Therefore, people with different life histories will develop different automatic responses to the same stimuli.","The lecturer emphasizes that the ""Elephant"" represents the associative brain, where concepts are linked through prior exposure and experience. Since everyone has different ""lived experiences,"" their intuitive understandings (Elephants) differ.","Your response (“im not sure”) doesn’t explain why people have different intuitive understandings, so it doesn’t capture the key idea from the model answer: that intuitions come from each person’s unique past experiences and learned associations.  

To improve, try stating that different life experiences and environments lead people to form different automatic associations, so they intuit the same situation differently.  

Score: 0/10","To communicate effectively with decision-makers who seem resistant to climate action, what specific approach does the concept of ""Risk Currency"" suggest?","You must identify the specific metrics or issues that ""keep them awake at night"" (such as job numbers or financial stability) and frame climate risks within that language.","The lecturer introduces ""Risk Currency"" to explain that decision-makers prioritize specific metrics (e.g., the Treasury cares about not spending money). Effective communication requires translating climate risk into the metrics the audience intuitively understands and values.","Your response shows some understanding that decision-makers may be persuaded by talking in terms of costs and benefits, which is related to the idea of using metrics they care about.

However, it misses the core “Risk Currency” point: you need to identify *their specific* priority metric(s)—what matters most to them (e.g., jobs, budget impact, financial stability)—and translate climate risk into that exact language, not just discuss costs/benefits in general. Be more explicit about tailoring the framing to the particular decision-maker’s “currency.”

Score: 6/10","According to the ""Pyramid of Polarization,"" what psychological mechanism causes individuals to become entrenched in opposite viewpoints after making an initial small decision?","The mechanism is self-justification or self-persuasion. Once an individual takes an action (stepping off the pyramid), they justify that choice to themselves, which drives them further down the pyramid toward certainty.","The lecture describes how people start at the top of the pyramid (undecided). Once they make a choice/action, they engage in self-justification to validate that choice, leading to stronger opinions and increased polarization from those who chose differently.","Confirmation bias is related to polarization (people tend to seek and interpret information that supports what they already believe), but it doesn’t match the key mechanism described in the “Pyramid of Polarization.” The model answer emphasizes **self-justification/self-persuasion** after an initial action—people rationalize their choice, which strengthens their commitment and pushes them toward certainty. To improve, connect the “small first step” to **cognitive dissonance/self-justification** rather than information-search bias.

Score: 4/10","Aside from feeling personal, what specific characteristics must a proposed solution possess for a fear appeal to generate action rather than avoidance?","The solution must feel concrete, doable, and meaningful to the individual. If the solution seems impossible or ineffective, the fear will lead to unpredictable reactions like denial or numbness.","The lecturer discusses Insight 4 regarding fear. He states that fear only works if accompanied by a solution that feels ""concrete, doable, and meaningful."" Without this agency, fear leads to maladaptive responses.","Your response captures two of the core requirements well: you note the solution should feel **achievable/doable** and that it should show **clear results** (i.e., seem effective/meaningful). What’s missing is the “**concrete**” aspect—being specific and actionable—and the idea that if the solution doesn’t feel doable/effective, fear can backfire into **avoidance/denial/numbness**.  

Score: 7/10","How does the ""action-centric"" approach challenge the conventional wisdom regarding the causal relationship between attitudes and behavior?","It proposes flipping the arrow of causality, suggesting that taking action drives changes in beliefs and attitudes (self-persuasion), rather than attitudes and awareness necessarily driving behavior change.","The lecturer critiques the ""conventional wisdom"" (Information -> Awareness -> Action) and argues for Insight 5: ""In real life, actions drive beliefs."" Doing something changes how we think about it, which is often more reliable than trying to change thinking to induce action.","Your response recognizes that attitudes and behavior don’t neatly translate into “actionable” behavior, which partly challenges the simple idea that changing knowledge/attitudes automatically leads to action. However, it misses the central claim of the action-centric approach: that **actions can come first and then cause shifts in beliefs/attitudes** (i.e., flipping the causal arrow through self-persuasion). To improve, explicitly state that doing the behavior can *create or strengthen* the attitude, not just that attitudes/knowledge aren’t reliably beneficial.

Score: 4/10"
03/03/2026 13:35,03/03/2026 17:37,IP Address,100,14549,TRUE,03/03/2026 17:37,R_8R4UGF9U7aINjzx,anonymous,EN,1,P24,,,,,,,,,,"According to the “Elephant and Rider” metaphor, the Rider’s primary function is to **justify and rationalize the Elephant’s intuitive reactions** rather than independently control them. Reasoning typically acts as a press secretary for intuition, explaining and defending the Elephant’s decisions after they are made.","According to the “Elephant” metaphor, individuals have different intuitive understandings because their automatic, emotional minds are shaped by different experiences, cultures, and moral foundations. These deep, instinctive responses operate before conscious reasoning, leading people to perceive the same situation in fundamentally different ways.","The concept of “Risk Currency” suggests framing climate action in terms of the specific risks that decision-makers already prioritize—such as economic loss, national security, public health, or political stability. Instead of emphasizing abstract environmental harm, it advises translating climate impacts into the “currency” of risk that matters most to them, making the issue directly relevant to their responsibilities and incentives.","According to the “Pyramid of Polarization,” the mechanism is cognitive dissonance reduction. After making a small initial choice, people justify it and seek confirming information, which gradually entrenches them in opposing viewpoints.","For a fear appeal to generate action rather than avoidance, the proposed solution must be **clear, specific, and feasible**. It also has to feel **effective and within the person’s ability to carry out**, so they believe their actions will actually reduce the threat.","The “action-centric” approach argues that **behavior often shapes attitudes**, rather than attitudes simply causing behavior. Instead of changing minds first and expecting actions to follow, it suggests that getting people to take small actions can lead them to adjust their beliefs to align with what they’ve done.","According to the ""Elephant and Rider"" metaphor for dual process theories, what is the primary function of the Rider (reasoning) in relation to the Elephant (intuition)?",The Rider primarily exists to create post-hoc rationalizations or stories to justify the direction and decisions already taken by the Elephant (intuition). It explains why we feel a certain way rather than controlling the feeling.,"The lecture challenges the Enlightenment view that reasoning controls emotion. Instead, the lecturer explains that the ""Elephant"" (automatic/intuitive) calls the shots most of the time, while the ""Rider"" (reasoning) creates narratives to justify those intuitive responses.","Your response captures the key idea very accurately: you clearly state that the Rider mostly *justifies/rationalizes* what the Elephant has already decided, rather than being the main controller. The “press secretary” phrasing is a strong match for the model’s emphasis on post-hoc storytelling and defending intuitive judgments. To improve slightly, you could explicitly note that this challenges the Enlightenment-style view that reason generally *drives* emotion/intuition, but your meaning is already clear.

Score: 10/10","Why do individuals often possess different intuitive understandings of the same concept or situation, according to the characteristics of the ""Elephant""?","Intuitions and associations are rooted in an individual's unique lived experiences and professional practices. Therefore, people with different life histories will develop different automatic responses to the same stimuli.","The lecturer emphasizes that the ""Elephant"" represents the associative brain, where concepts are linked through prior exposure and experience. Since everyone has different ""lived experiences,"" their intuitive understandings (Elephants) differ.","Your response captures the core idea very well: you explain that the “Elephant” (the automatic/intuitive side) is shaped by prior experiences, which leads to different immediate reactions to the same situation. You also correctly note that these responses happen before deliberate reasoning, which aligns with the “associative brain” idea. To be even closer to the model answer, you could explicitly connect this to “associations” formed through lived experience and professional practice (not just culture/morals), but your additions are reasonable extensions rather than contradictions.

Score: 9/10","To communicate effectively with decision-makers who seem resistant to climate action, what specific approach does the concept of ""Risk Currency"" suggest?","You must identify the specific metrics or issues that ""keep them awake at night"" (such as job numbers or financial stability) and frame climate risks within that language.","The lecturer introduces ""Risk Currency"" to explain that decision-makers prioritize specific metrics (e.g., the Treasury cares about not spending money). Effective communication requires translating climate risk into the metrics the audience intuitively understands and values.","Your response captures the core idea very well: you explain that “Risk Currency” means translating climate risks into the specific kinds of risks decision-makers already care about, rather than using abstract environmental framing. You also give relevant examples (economic loss, security, health, stability) and explicitly connect this to relevance, responsibilities, and incentives, which aligns with “what keeps them awake at night.”

To improve, you could be slightly more explicit that this involves using *their preferred metrics/measurement language* (e.g., budgets, jobs, financial stability) rather than just broad categories of concern, and emphasize that the communicator should first identify those priority metrics for that particular audience.

Score: 9/10","According to the ""Pyramid of Polarization,"" what psychological mechanism causes individuals to become entrenched in opposite viewpoints after making an initial small decision?","The mechanism is self-justification or self-persuasion. Once an individual takes an action (stepping off the pyramid), they justify that choice to themselves, which drives them further down the pyramid toward certainty.","The lecture describes how people start at the top of the pyramid (undecided). Once they make a choice/action, they engage in self-justification to validate that choice, leading to stronger opinions and increased polarization from those who chose differently.","Your response captures the key mechanism well. “Cognitive dissonance reduction” is closely aligned with self-justification/self-persuasion: after choosing, you feel pressure to see your choice as right, so you justify it and often look for confirming information, which can push you toward greater certainty and polarization. To be even closer to the model answer, you could explicitly tie this to “moving down the pyramid toward certainty” after stepping off with an initial action.

Score: 9/10","Aside from feeling personal, what specific characteristics must a proposed solution possess for a fear appeal to generate action rather than avoidance?","The solution must feel concrete, doable, and meaningful to the individual. If the solution seems impossible or ineffective, the fear will lead to unpredictable reactions like denial or numbness.","The lecturer discusses Insight 4 regarding fear. He states that fear only works if accompanied by a solution that feels ""concrete, doable, and meaningful."" Without this agency, fear leads to maladaptive responses.","Your response captures the key idea well: for fear appeals to motivate action, the solution can’t be vague or unrealistic—it needs to be clear/specific (concrete) and feasible/doable, and you correctly add that the person must believe they can carry it out (sense of ability/agency). You also appropriately include perceived effectiveness, which matches the model’s point that an “ineffective” solution leads to avoidance responses. The only minor omission is the “meaningful”/personally relevant aspect emphasized in the model (beyond just being personal in tone), but overall your concepts align strongly.

Score: 9/10","How does the ""action-centric"" approach challenge the conventional wisdom regarding the causal relationship between attitudes and behavior?","It proposes flipping the arrow of causality, suggesting that taking action drives changes in beliefs and attitudes (self-persuasion), rather than attitudes and awareness necessarily driving behavior change.","The lecturer critiques the ""conventional wisdom"" (Information -> Awareness -> Action) and argues for Insight 5: ""In real life, actions drive beliefs."" Doing something changes how we think about it, which is often more reliable than trying to change thinking to induce action.","Your response captures the key challenge to conventional wisdom very well: you clearly state that behavior can shape attitudes, reversing the usual “attitudes → behavior” assumption. You also correctly include the mechanism of starting with small actions and people adjusting beliefs afterward to stay consistent with what they did (self-persuasion). To be even stronger, you could explicitly contrast it with the conventional “information/awareness first” model, but the core causal flip is already clear.

Score: 10/10"
03/03/2026 21:35,03/03/2026 22:10,IP Address,100,2077,TRUE,03/03/2026 22:10,R_8yXnhZpNm1B9GkF,anonymous,EN,1,P36,,,,,,,,,,"The primary function of the Rider is to justify and explain the decision and intuitions already made by the Elephant (intuition), which typically drivers behaviour first. ","Individuals often have diff intuitive understandings because the Elephant (intuition) relies on associative thinking shaped by personal experiences. Since people have different lived experiences, identities, and backgrounds, they form different associations and intuitions about the same concept or situation. ","Risk currency suggests that to communicate effectively with decision-makers, you must frame climate risks in terms of the specific types of risk they already prioritise, such as financial, economic, security or reputational risks.","The psychological mechanism that causes this is self-persuasion through self-confirmation. after making the first small decision, it leads to dopamine reward, post-decision justification, and self-confirmation. ","For a fear appeal to generate action rather than avoidance, the proposed solution must have three characteristics: be concrete (concrete solution is available), doable (the solution feels doable), and meaningful (belief that doing the action will reduce the threat)","it argues that behaviour often shapes attitudes , rather than attitudes causing behaviour. Instead of trying to make people care more first, it focuses on enabling concrete actions, which then lead individuals to develop stronger beliefs and commitment through self-persuasion and increased agency. ","According to the ""Elephant and Rider"" metaphor for dual process theories, what is the primary function of the Rider (reasoning) in relation to the Elephant (intuition)?",The Rider primarily exists to create post-hoc rationalizations or stories to justify the direction and decisions already taken by the Elephant (intuition). It explains why we feel a certain way rather than controlling the feeling.,"The lecture challenges the Enlightenment view that reasoning controls emotion. Instead, the lecturer explains that the ""Elephant"" (automatic/intuitive) calls the shots most of the time, while the ""Rider"" (reasoning) creates narratives to justify those intuitive responses.","Your response captures the key idea very well: you correctly state that the Elephant (intuition) typically drives behavior/decisions first, and the Rider (reasoning) mainly explains and justifies those decisions afterward. This matches the model answer’s emphasis on post-hoc rationalization rather than direct control of intuition/emotion. To make it even stronger, you could explicitly mention that the Rider often *doesn’t* control the Elephant, but instead creates a narrative for why the Elephant went that way.

Score: 10/10","Why do individuals often possess different intuitive understandings of the same concept or situation, according to the characteristics of the ""Elephant""?","Intuitions and associations are rooted in an individual's unique lived experiences and professional practices. Therefore, people with different life histories will develop different automatic responses to the same stimuli.","The lecturer emphasizes that the ""Elephant"" represents the associative brain, where concepts are linked through prior exposure and experience. Since everyone has different ""lived experiences,"" their intuitive understandings (Elephants) differ.","You accurately capture the key idea that the “Elephant” refers to intuitive/associative thinking and that these intuitions are shaped by prior experience, leading different people to form different automatic associations to the same situation. Your mention of “lived experiences” aligns closely with the model answer, and adding identities/backgrounds is consistent with that framing.

To improve slightly, you could explicitly connect this to “professional practices” or “prior exposure” as additional sources of those associations, but your explanation already covers the core mechanism well.  
Score: 9/10","To communicate effectively with decision-makers who seem resistant to climate action, what specific approach does the concept of ""Risk Currency"" suggest?","You must identify the specific metrics or issues that ""keep them awake at night"" (such as job numbers or financial stability) and frame climate risks within that language.","The lecturer introduces ""Risk Currency"" to explain that decision-makers prioritize specific metrics (e.g., the Treasury cares about not spending money). Effective communication requires translating climate risk into the metrics the audience intuitively understands and values.","Your response captures the core idea of “Risk Currency”: tailoring climate communication to the kinds of risks decision-makers already care about and understand (e.g., financial or reputational). That aligns well with translating climate risk into their preferred “language.”

To improve, be a bit more specific about *identifying the exact metric or issue that matters most to that particular audience* (what “keeps them awake at night,” like job numbers, budget impacts, or financial stability), rather than listing broad categories of risk. That specificity is a key part of the concept in the model answer.

Score: 8/10","According to the ""Pyramid of Polarization,"" what psychological mechanism causes individuals to become entrenched in opposite viewpoints after making an initial small decision?","The mechanism is self-justification or self-persuasion. Once an individual takes an action (stepping off the pyramid), they justify that choice to themselves, which drives them further down the pyramid toward certainty.","The lecture describes how people start at the top of the pyramid (undecided). Once they make a choice/action, they engage in self-justification to validate that choice, leading to stronger opinions and increased polarization from those who chose differently.","You correctly identify **self-persuasion** and **post-decision justification**, which are the core ideas in the model answer (people justify their initial choice and then become more committed to it). Including “self-confirmation” is close enough to the idea of reinforcing your prior choice.

However, the mention of **dopamine reward** isn’t part of the key mechanism emphasized in the model answer/rationale and could distract from the main point: **cognitive self-justification after taking an action** leads to increased certainty and polarization. To improve, focus more explicitly on “I chose this, so it must be right” reasoning driving people further into their side.

Score: 8/10","Aside from feeling personal, what specific characteristics must a proposed solution possess for a fear appeal to generate action rather than avoidance?","The solution must feel concrete, doable, and meaningful to the individual. If the solution seems impossible or ineffective, the fear will lead to unpredictable reactions like denial or numbness.","The lecturer discusses Insight 4 regarding fear. He states that fear only works if accompanied by a solution that feels ""concrete, doable, and meaningful."" Without this agency, fear leads to maladaptive responses.","Your response captures the key idea very well: you clearly identify the three required qualities of the solution—**concrete, doable, and meaningful**—which is exactly what the model answer emphasizes. Your explanation of “meaningful” as believing the action will reduce the threat also aligns with the idea that the solution must feel effective/valuable to the individual. To be even stronger, you could briefly note the consequence mentioned in the model answer (that without these qualities, fear can lead to denial/avoidance/numbness), but it’s not essential to answering the question.

Score: 9/10","How does the ""action-centric"" approach challenge the conventional wisdom regarding the causal relationship between attitudes and behavior?","It proposes flipping the arrow of causality, suggesting that taking action drives changes in beliefs and attitudes (self-persuasion), rather than attitudes and awareness necessarily driving behavior change.","The lecturer critiques the ""conventional wisdom"" (Information -> Awareness -> Action) and argues for Insight 5: ""In real life, actions drive beliefs."" Doing something changes how we think about it, which is often more reliable than trying to change thinking to induce action.","Your response captures the core “action-centric” idea very well: you clearly explain that the causal direction is often reversed, with behavior shaping attitudes rather than attitudes driving behavior. You also correctly add the mechanism (self-persuasion) and the practical implication (focus on enabling concrete actions first), which aligns closely with the model answer.

To improve, you could explicitly contrast this with the conventional “Information → Awareness → Action” sequence to make the challenge to conventional wisdom even more direct, but your meaning is already clear.

Score: 9/10"
03/03/2026 13:36,03/03/2026 13:36,IP Address,44,19,FALSE,10/03/2026 13:36,R_2HjnE8tq0MS7VHr,anonymous,EN,1,P36,,,,,,,,,,,,,,,,,,,,,,,,,,,,,,,,,,,,,,,
03/03/2026 13:35,03/03/2026 13:36,IP Address,48,57,FALSE,10/03/2026 13:36,R_2ELmz5dO37im8rg,anonymous,EN,1,P29,,,,,,,,,,,,,,,,"According to the ""Elephant and Rider"" metaphor for dual process theories, what is the primary function of the Rider (reasoning) in relation to the Elephant (intuition)?",The Rider primarily exists to create post-hoc rationalizations or stories to justify the direction and decisions already taken by the Elephant (intuition). It explains why we feel a certain way rather than controlling the feeling.,"The lecture challenges the Enlightenment view that reasoning controls emotion. Instead, the lecturer explains that the ""Elephant"" (automatic/intuitive) calls the shots most of the time, while the ""Rider"" (reasoning) creates narratives to justify those intuitive responses.",,"Why do individuals often possess different intuitive understandings of the same concept or situation, according to the characteristics of the ""Elephant""?","Intuitions and associations are rooted in an individual's unique lived experiences and professional practices. Therefore, people with different life histories will develop different automatic responses to the same stimuli.","The lecturer emphasizes that the ""Elephant"" represents the associative brain, where concepts are linked through prior exposure and experience. Since everyone has different ""lived experiences,"" their intuitive understandings (Elephants) differ.",,"To communicate effectively with decision-makers who seem resistant to climate action, what specific approach does the concept of ""Risk Currency"" suggest?","You must identify the specific metrics or issues that ""keep them awake at night"" (such as job numbers or financial stability) and frame climate risks within that language.","The lecturer introduces ""Risk Currency"" to explain that decision-makers prioritize specific metrics (e.g., the Treasury cares about not spending money). Effective communication requires translating climate risk into the metrics the audience intuitively understands and values.",,"According to the ""Pyramid of Polarization,"" what psychological mechanism causes individuals to become entrenched in opposite viewpoints after making an initial small decision?","The mechanism is self-justification or self-persuasion. Once an individual takes an action (stepping off the pyramid), they justify that choice to themselves, which drives them further down the pyramid toward certainty.","The lecture describes how people start at the top of the pyramid (undecided). Once they make a choice/action, they engage in self-justification to validate that choice, leading to stronger opinions and increased polarization from those who chose differently.",,"Aside from feeling personal, what specific characteristics must a proposed solution possess for a fear appeal to generate action rather than avoidance?","The solution must feel concrete, doable, and meaningful to the individual. If the solution seems impossible or ineffective, the fear will lead to unpredictable reactions like denial or numbness.","The lecturer discusses Insight 4 regarding fear. He states that fear only works if accompanied by a solution that feels ""concrete, doable, and meaningful."" Without this agency, fear leads to maladaptive responses.",,"How does the ""action-centric"" approach challenge the conventional wisdom regarding the causal relationship between attitudes and behavior?","It proposes flipping the arrow of causality, suggesting that taking action drives changes in beliefs and attitudes (self-persuasion), rather than attitudes and awareness necessarily driving behavior change.","The lecturer critiques the ""conventional wisdom"" (Information -> Awareness -> Action) and argues for Insight 5: ""In real life, actions drive beliefs."" Doing something changes how we think about it, which is often more reliable than trying to change thinking to induce action.",
03/03/2026 13:38,03/03/2026 13:38,IP Address,48,17,FALSE,10/03/2026 13:38,R_8lshjHHjnpfXyPy,anonymous,EN,1,P13,,,,,,,,,,,,,,,,"According to the ""Elephant and Rider"" metaphor for dual process theories, what is the primary function of the Rider (reasoning) in relation to the Elephant (intuition)?",The Rider primarily exists to create post-hoc rationalizations or stories to justify the direction and decisions already taken by the Elephant (intuition). It explains why we feel a certain way rather than controlling the feeling.,"The lecture challenges the Enlightenment view that reasoning controls emotion. Instead, the lecturer explains that the ""Elephant"" (automatic/intuitive) calls the shots most of the time, while the ""Rider"" (reasoning) creates narratives to justify those intuitive responses.",,"Why do individuals often possess different intuitive understandings of the same concept or situation, according to the characteristics of the ""Elephant""?","Intuitions and associations are rooted in an individual's unique lived experiences and professional practices. Therefore, people with different life histories will develop different automatic responses to the same stimuli.","The lecturer emphasizes that the ""Elephant"" represents the associative brain, where concepts are linked through prior exposure and experience. Since everyone has different ""lived experiences,"" their intuitive understandings (Elephants) differ.",,"To communicate effectively with decision-makers who seem resistant to climate action, what specific approach does the concept of ""Risk Currency"" suggest?","You must identify the specific metrics or issues that ""keep them awake at night"" (such as job numbers or financial stability) and frame climate risks within that language.","The lecturer introduces ""Risk Currency"" to explain that decision-makers prioritize specific metrics (e.g., the Treasury cares about not spending money). Effective communication requires translating climate risk into the metrics the audience intuitively understands and values.",,"According to the ""Pyramid of Polarization,"" what psychological mechanism causes individuals to become entrenched in opposite viewpoints after making an initial small decision?","The mechanism is self-justification or self-persuasion. Once an individual takes an action (stepping off the pyramid), they justify that choice to themselves, which drives them further down the pyramid toward certainty.","The lecture describes how people start at the top of the pyramid (undecided). Once they make a choice/action, they engage in self-justification to validate that choice, leading to stronger opinions and increased polarization from those who chose differently.",,"Aside from feeling personal, what specific characteristics must a proposed solution possess for a fear appeal to generate action rather than avoidance?","The solution must feel concrete, doable, and meaningful to the individual. If the solution seems impossible or ineffective, the fear will lead to unpredictable reactions like denial or numbness.","The lecturer discusses Insight 4 regarding fear. He states that fear only works if accompanied by a solution that feels ""concrete, doable, and meaningful."" Without this agency, fear leads to maladaptive responses.",,"How does the ""action-centric"" approach challenge the conventional wisdom regarding the causal relationship between attitudes and behavior?","It proposes flipping the arrow of causality, suggesting that taking action drives changes in beliefs and attitudes (self-persuasion), rather than attitudes and awareness necessarily driving behavior change.","The lecturer critiques the ""conventional wisdom"" (Information -> Awareness -> Action) and argues for Insight 5: ""In real life, actions drive beliefs."" Doing something changes how we think about it, which is often more reliable than trying to change thinking to induce action.",
03/03/2026 13:35,03/03/2026 14:30,IP Address,48,3310,FALSE,10/03/2026 14:31,R_2MtblJ3ANv8Qy0O,anonymous,EN,1,P27,,,,,,,,,,,,,,,,"According to the ""Elephant and Rider"" metaphor for dual process theories, what is the primary function of the Rider (reasoning) in relation to the Elephant (intuition)?",The Rider primarily exists to create post-hoc rationalizations or stories to justify the direction and decisions already taken by the Elephant (intuition). It explains why we feel a certain way rather than controlling the feeling.,"The lecture challenges the Enlightenment view that reasoning controls emotion. Instead, the lecturer explains that the ""Elephant"" (automatic/intuitive) calls the shots most of the time, while the ""Rider"" (reasoning) creates narratives to justify those intuitive responses.",,"Why do individuals often possess different intuitive understandings of the same concept or situation, according to the characteristics of the ""Elephant""?","Intuitions and associations are rooted in an individual's unique lived experiences and professional practices. Therefore, people with different life histories will develop different automatic responses to the same stimuli.","The lecturer emphasizes that the ""Elephant"" represents the associative brain, where concepts are linked through prior exposure and experience. Since everyone has different ""lived experiences,"" their intuitive understandings (Elephants) differ.",,"To communicate effectively with decision-makers who seem resistant to climate action, what specific approach does the concept of ""Risk Currency"" suggest?","You must identify the specific metrics or issues that ""keep them awake at night"" (such as job numbers or financial stability) and frame climate risks within that language.","The lecturer introduces ""Risk Currency"" to explain that decision-makers prioritize specific metrics (e.g., the Treasury cares about not spending money). Effective communication requires translating climate risk into the metrics the audience intuitively understands and values.",,"According to the ""Pyramid of Polarization,"" what psychological mechanism causes individuals to become entrenched in opposite viewpoints after making an initial small decision?","The mechanism is self-justification or self-persuasion. Once an individual takes an action (stepping off the pyramid), they justify that choice to themselves, which drives them further down the pyramid toward certainty.","The lecture describes how people start at the top of the pyramid (undecided). Once they make a choice/action, they engage in self-justification to validate that choice, leading to stronger opinions and increased polarization from those who chose differently.",,"Aside from feeling personal, what specific characteristics must a proposed solution possess for a fear appeal to generate action rather than avoidance?","The solution must feel concrete, doable, and meaningful to the individual. If the solution seems impossible or ineffective, the fear will lead to unpredictable reactions like denial or numbness.","The lecturer discusses Insight 4 regarding fear. He states that fear only works if accompanied by a solution that feels ""concrete, doable, and meaningful."" Without this agency, fear leads to maladaptive responses.",,"How does the ""action-centric"" approach challenge the conventional wisdom regarding the causal relationship between attitudes and behavior?","It proposes flipping the arrow of causality, suggesting that taking action drives changes in beliefs and attitudes (self-persuasion), rather than attitudes and awareness necessarily driving behavior change.","The lecturer critiques the ""conventional wisdom"" (Information -> Awareness -> Action) and argues for Insight 5: ""In real life, actions drive beliefs."" Doing something changes how we think about it, which is often more reliable than trying to change thinking to induce action.",
03/03/2026 13:35,03/03/2026 14:42,IP Address,56,4022,FALSE,10/03/2026 14:42,R_2rT4dNcR96aSaMV,anonymous,EN,1,P33,,,,,,,,,,,,Pose the issue in a way that appeals to what the decision-maker cares about/feels emotional about,,,,"According to the ""Elephant and Rider"" metaphor for dual process theories, what is the primary function of the Rider (reasoning) in relation to the Elephant (intuition)?",The Rider primarily exists to create post-hoc rationalizations or stories to justify the direction and decisions already taken by the Elephant (intuition). It explains why we feel a certain way rather than controlling the feeling.,"The lecture challenges the Enlightenment view that reasoning controls emotion. Instead, the lecturer explains that the ""Elephant"" (automatic/intuitive) calls the shots most of the time, while the ""Rider"" (reasoning) creates narratives to justify those intuitive responses.",,"Why do individuals often possess different intuitive understandings of the same concept or situation, according to the characteristics of the ""Elephant""?","Intuitions and associations are rooted in an individual's unique lived experiences and professional practices. Therefore, people with different life histories will develop different automatic responses to the same stimuli.","The lecturer emphasizes that the ""Elephant"" represents the associative brain, where concepts are linked through prior exposure and experience. Since everyone has different ""lived experiences,"" their intuitive understandings (Elephants) differ.",,"To communicate effectively with decision-makers who seem resistant to climate action, what specific approach does the concept of ""Risk Currency"" suggest?","You must identify the specific metrics or issues that ""keep them awake at night"" (such as job numbers or financial stability) and frame climate risks within that language.","The lecturer introduces ""Risk Currency"" to explain that decision-makers prioritize specific metrics (e.g., the Treasury cares about not spending money). Effective communication requires translating climate risk into the metrics the audience intuitively understands and values.","Your response captures the main idea that you should tailor the message to what the decision-maker cares about. However, it’s a bit too general and shifts toward “emotional” appeal, whereas “Risk Currency” is more specifically about translating climate risks into their concrete priority metrics (e.g., jobs, costs, financial stability, budget impacts)—the things that “keep them awake at night.”

To improve, mention that you should identify their key metrics and frame climate impacts using those measures/language, not just what they feel strongly about.  
Score: 7/10","According to the ""Pyramid of Polarization,"" what psychological mechanism causes individuals to become entrenched in opposite viewpoints after making an initial small decision?","The mechanism is self-justification or self-persuasion. Once an individual takes an action (stepping off the pyramid), they justify that choice to themselves, which drives them further down the pyramid toward certainty.","The lecture describes how people start at the top of the pyramid (undecided). Once they make a choice/action, they engage in self-justification to validate that choice, leading to stronger opinions and increased polarization from those who chose differently.",,"Aside from feeling personal, what specific characteristics must a proposed solution possess for a fear appeal to generate action rather than avoidance?","The solution must feel concrete, doable, and meaningful to the individual. If the solution seems impossible or ineffective, the fear will lead to unpredictable reactions like denial or numbness.","The lecturer discusses Insight 4 regarding fear. He states that fear only works if accompanied by a solution that feels ""concrete, doable, and meaningful."" Without this agency, fear leads to maladaptive responses.",,"How does the ""action-centric"" approach challenge the conventional wisdom regarding the causal relationship between attitudes and behavior?","It proposes flipping the arrow of causality, suggesting that taking action drives changes in beliefs and attitudes (self-persuasion), rather than attitudes and awareness necessarily driving behavior change.","The lecturer critiques the ""conventional wisdom"" (Information -> Awareness -> Action) and argues for Insight 5: ""In real life, actions drive beliefs."" Doing something changes how we think about it, which is often more reliable than trying to change thinking to induce action.",
03/03/2026 13:35,03/03/2026 16:00,IP Address,48,8706,FALSE,10/03/2026 16:01,R_8ifh61xI1kszk93,anonymous,EN,0.899999976,P06,,,,,,,,,,,,,,,,"According to the ""Elephant and Rider"" metaphor for dual process theories, what is the primary function of the Rider (reasoning) in relation to the Elephant (intuition)?",The Rider primarily exists to create post-hoc rationalizations or stories to justify the direction and decisions already taken by the Elephant (intuition). It explains why we feel a certain way rather than controlling the feeling.,"The lecture challenges the Enlightenment view that reasoning controls emotion. Instead, the lecturer explains that the ""Elephant"" (automatic/intuitive) calls the shots most of the time, while the ""Rider"" (reasoning) creates narratives to justify those intuitive responses.",,"Why do individuals often possess different intuitive understandings of the same concept or situation, according to the characteristics of the ""Elephant""?","Intuitions and associations are rooted in an individual's unique lived experiences and professional practices. Therefore, people with different life histories will develop different automatic responses to the same stimuli.","The lecturer emphasizes that the ""Elephant"" represents the associative brain, where concepts are linked through prior exposure and experience. Since everyone has different ""lived experiences,"" their intuitive understandings (Elephants) differ.",,"To communicate effectively with decision-makers who seem resistant to climate action, what specific approach does the concept of ""Risk Currency"" suggest?","You must identify the specific metrics or issues that ""keep them awake at night"" (such as job numbers or financial stability) and frame climate risks within that language.","The lecturer introduces ""Risk Currency"" to explain that decision-makers prioritize specific metrics (e.g., the Treasury cares about not spending money). Effective communication requires translating climate risk into the metrics the audience intuitively understands and values.",,"According to the ""Pyramid of Polarization,"" what psychological mechanism causes individuals to become entrenched in opposite viewpoints after making an initial small decision?","The mechanism is self-justification or self-persuasion. Once an individual takes an action (stepping off the pyramid), they justify that choice to themselves, which drives them further down the pyramid toward certainty.","The lecture describes how people start at the top of the pyramid (undecided). Once they make a choice/action, they engage in self-justification to validate that choice, leading to stronger opinions and increased polarization from those who chose differently.",,"Aside from feeling personal, what specific characteristics must a proposed solution possess for a fear appeal to generate action rather than avoidance?","The solution must feel concrete, doable, and meaningful to the individual. If the solution seems impossible or ineffective, the fear will lead to unpredictable reactions like denial or numbness.","The lecturer discusses Insight 4 regarding fear. He states that fear only works if accompanied by a solution that feels ""concrete, doable, and meaningful."" Without this agency, fear leads to maladaptive responses.",,"How does the ""action-centric"" approach challenge the conventional wisdom regarding the causal relationship between attitudes and behavior?","It proposes flipping the arrow of causality, suggesting that taking action drives changes in beliefs and attitudes (self-persuasion), rather than attitudes and awareness necessarily driving behavior change.","The lecturer critiques the ""conventional wisdom"" (Information -> Awareness -> Action) and argues for Insight 5: ""In real life, actions drive beliefs."" Doing something changes how we think about it, which is often more reliable than trying to change thinking to induce action.",
