StartDate,EndDate,Status,Progress,Duration (in seconds),Finished,RecordedDate,ResponseId,DistributionChannel,UserLanguage,Q_RecaptchaScore,candidate_number,consent_form,age,gender,language,prior_knowledge_1,test_anxiety_1_1,test_anxiety_2_1,ai_1_1,ai_2_1,SAQ01,SAQ02,SAQ03,SAQ04,SAQ05,SAQ06,Q01,MA01,R01,F01,Q02,MA02,R02,F02,Q03,MA03,R03,F03,Q04,MA04,R04,F04,Q05,MA05,R05,F05,Q06,MA06,R06,F06
Start Date,End Date,Response Type,Progress,Duration (in seconds),Finished,Recorded Date,Response ID,Distribution Channel,User Language,Q_RecaptchaScore,What is your Candidate Number?,"CONSENT FORM FOR ADULTS IN ONLINE RESEARCH STUDIES

Please complete this form after you have read the Information Sheet.



If you have any questions arising from the Information Sheet, please contact the researcher before you decide whether to participate.",What is your age?,What is your gender?,What is your first language?,How would you rate your prior knowledge of the topics covered in this course?,How anxious do you feel about the graded class quiz next week?,How anxious do you feel about the final exam for this course?,To what extent do you agree or disagree with educators using artificial intelligence (AI)-generated content in the classroom?,How useful do you think artificial intelligence (AI)-generated practice quizzes are for your learning?,[Field-Q01],[Field-Q02],[Field-Q03],[Field-Q04],[Field-Q05],[Field-Q06],Q01,MA01,R01,F01,Q02,MA02,R02,F02,Q03,MA03,R03,F03,Q04,MA04,R04,F04,Q05,MA05,R05,F05,Q06,MA06,R06,F06
"{""ImportId"":""startDate"",""timeZone"":""Europe/London""}","{""ImportId"":""endDate"",""timeZone"":""Europe/London""}","{""ImportId"":""status""}","{""ImportId"":""progress""}","{""ImportId"":""duration""}","{""ImportId"":""finished""}","{""ImportId"":""recordedDate"",""timeZone"":""Europe/London""}","{""ImportId"":""_recordId""}","{""ImportId"":""distributionChannel""}","{""ImportId"":""userLanguage""}","{""ImportId"":""Q_RecaptchaScore""}","{""ImportId"":""QID4_TEXT""}","{""ImportId"":""QID3""}","{""ImportId"":""QID5_TEXT""}","{""ImportId"":""QID6""}","{""ImportId"":""QID7_TEXT""}","{""ImportId"":""QID8_1""}","{""ImportId"":""QID14_1""}","{""ImportId"":""QID12_1""}","{""ImportId"":""QID9_1""}","{""ImportId"":""QID16_1""}","{""ImportId"":""QID25_TEXT""}","{""ImportId"":""QID26_TEXT""}","{""ImportId"":""QID27_TEXT""}","{""ImportId"":""QID28_TEXT""}","{""ImportId"":""QID29_TEXT""}","{""ImportId"":""QID30_TEXT""}","{""ImportId"":""Q01""}","{""ImportId"":""MA01""}","{""ImportId"":""R01""}","{""ImportId"":""F01""}","{""ImportId"":""Q02""}","{""ImportId"":""MA02""}","{""ImportId"":""R02""}","{""ImportId"":""F02""}","{""ImportId"":""Q03""}","{""ImportId"":""MA03""}","{""ImportId"":""R03""}","{""ImportId"":""F03""}","{""ImportId"":""Q04""}","{""ImportId"":""MA04""}","{""ImportId"":""R04""}","{""ImportId"":""F04""}","{""ImportId"":""Q05""}","{""ImportId"":""MA05""}","{""ImportId"":""R05""}","{""ImportId"":""F05""}","{""ImportId"":""Q06""}","{""ImportId"":""MA06""}","{""ImportId"":""R06""}","{""ImportId"":""F06""}"
10/02/2026 12:37,10/02/2026 12:43,IP Address,100,410,TRUE,10/02/2026 12:43,R_8k8TMhQro454c93,anonymous,EN,1,P16,,,,,,,,,,i dont know,Scientific consensus was a lot higher on anthroprogenic climate change compared to that estimated by the general public,because it is hard to conceptualise - they should show real people. it also isn't known who these people are of if there is bias in reporting,apathy,Trending norms are often more effective than standard descriptive norms because more people will want to engage in them if they are trending,empathy,"According to the Gateway Belief Model, what specific perception acts as the primary lever to increase belief in human-caused climate change and support for public action?",The model posits that perceived scientific agreement (or perceived scientific consensus) is the key gateway belief that influences subsequent beliefs and support for action.,"The Gateway Belief Model proposes that changing a person's perception of the scientific consensus acts as a ""gateway"" to changing their personal beliefs about climate change, their worry, and ultimately their support for policy.","Your response doesn’t provide any of the key idea the question is asking for. The Gateway Belief Model’s main “lever” is **perceived scientific agreement/consensus**, and since you said you don’t know, you didn’t demonstrate understanding of that concept.

To improve, try stating what perception the model emphasizes (even in simple words), such as “how much people think scientists agree that climate change is human-caused.”

Score: 0/10","Based on the lecture, contrast the actual level of scientific consensus on anthropogenic climate change (as of 2021) with the level estimated by the general public.","The actual scientific consensus is approximately 99%, whereas the general public (in the US and Europe) estimates the consensus to be much lower, roughly between 60% and 68%.","The lecturer cites Myers et al. (2021) showing 99% scientific agreement, and contrasts this with polls showing the public estimates expert consensus at roughly two-thirds, highlighting a ""consensus gap.""","Your response captures the main direction of the contrast: scientists agree much more strongly than the public thinks they do. However, it misses the key quantitative idea from the lecture—the near-unanimous scientific consensus (~99%) and the public’s much lower estimate (around 60–68%, roughly two-thirds). Adding those approximate numbers (and noting the “consensus gap”) would make your answer much stronger.

Score: 4/10","According to the probability weighting function discussed in decision-making research, why might simply describing a ""97% consensus"" be psychologically less impactful than the objective probability suggests?","When probabilities are presented via description, people tend to underweight high probabilities, treating 97% as less certain than it objectively is compared to when they learn through experience.","The lecturer explains that based on Kahneman and Tversky's prospect theory (and subsequent work), high probabilities are underweighted in descriptive choices, whereas decisions from experience often reduce this underweighting.","Your answer touches on why a statistic like “97%” might not persuade—especially the idea that it can be hard to mentally picture and that trust/credibility issues (who are the people, possible bias) can reduce impact. However, it misses the key mechanism from the lecture/model answer: in *described* probabilities, people systematically **underweight high probabilities**, so 97% “feels” less than it mathematically is, compared with learning from experience.

To improve, explicitly connect the psychological effect to probability weighting (e.g., people treat 97% as not-close-to-certain when it’s only described), rather than focusing mainly on skepticism about the source.

Score: 4/10","According to the Extended Parallel Process Model, what specific maladaptive response is triggered when a climate message induces high threat but provides low efficacy?","If a message induces high threat without sufficient efficacy (the belief one can effectively respond), it triggers a fear control process (or defensive motivation), such as denial or avoidance.","The lecturer discusses Witte's model, explaining that without efficacy (self or response), fear leads to defensive mechanisms (maladaptive changes) rather than danger control (adaptive changes).","“Apathy” is somewhat in the right direction because it can reflect disengagement when people feel threatened but don’t believe they can do anything effective. However, in the Extended Parallel Process Model the *specific* maladaptive pathway is **fear control/defensive responding**—typically things like denial, avoidance, or message rejection—rather than apathy as the primary label. Try naming the fear-control process explicitly and giving an example behavior (e.g., denial or avoidance) to match the model.

Score: 4/10","Why are ""trending norms"" often more effective than standard descriptive norms for encouraging sustainable behaviors that are currently only performed by a minority?","Standard norms highlight that the majority do not engage in the behavior (negative social proof), whereas trending norms leverage preconformity by signaling that the behavior is increasing and becoming the future norm.","The lecturer cites Mortensen et al. and others to explain that when a behavior is low-prevalence, stating ""most people don't do X"" is unhelpful, but stating ""more people are starting to do X"" acts as a future norm.","Your response captures the basic idea that “trending” messages can motivate people because they suggest growing popularity, which can increase willingness to join in. However, it misses the key contrast: standard descriptive norms can backfire for low-prevalence sustainable behaviors by emphasizing that *most people aren’t doing it* (negative social proof), while trending norms work by signaling the behavior is *increasing* and likely to become the future norm (preconformity). Add that comparison and mechanism to show clearer understanding.

Score: 5/10","Based on Moral Foundations Theory, which specific moral value should be emphasized to effectively frame pro-environmental messages for a politically conservative audience?","Messages should frame environmental protection in terms of purity and sanctity (e.g., keeping the planet clean/uncontaminated) rather than just harm/care, which appeals more to liberals.","The lecturer discusses Feinberg & Willer's research showing that reframing climate change from a ""harm"" issue to a ""purity/sanctity"" issue reduces the gap in pro-environmental attitudes between liberals and conservatives.","The key idea is that, for politically conservative audiences, pro-environmental messages are more effective when they appeal to the **purity/sanctity** moral foundation (e.g., keeping nature clean and unpolluted). Your answer, **“empathy,”** aligns more with the **care/harm** foundation, which is typically more persuasive for liberals and is specifically contrasted with purity in the model answer.

To improve, name the **purity/sanctity** value explicitly and connect it to framing the environment as clean, sacred, or uncontaminated rather than focusing on empathic concern or harm.

Score: 1/10"
10/02/2026 12:36,10/02/2026 12:44,IP Address,100,442,TRUE,10/02/2026 12:44,R_8eXeKrYi40iJj6m,anonymous,EN,1,P17,,,,,,,,,,The gateway belief,the actual level of scientific consensus is much higher than the estimated level by the general public,"Because according to the gateway belief model, scientific consensus is important for pulic to support climate change actions",People won't change their behaviour because they will have low self-efficacy,Because trending norms are trending,altruism,"According to the Gateway Belief Model, what specific perception acts as the primary lever to increase belief in human-caused climate change and support for public action?",The model posits that perceived scientific agreement (or perceived scientific consensus) is the key gateway belief that influences subsequent beliefs and support for action.,"The Gateway Belief Model proposes that changing a person's perception of the scientific consensus acts as a ""gateway"" to changing their personal beliefs about climate change, their worry, and ultimately their support for policy.","Your response (“The gateway belief”) is too vague to show you understand what the Gateway Belief Model identifies as the *specific* primary lever. The question asks which perception serves as the lever, and you didn’t name it (perceived scientific agreement/consensus). To improve, explicitly state that it’s people’s perception of how much scientists agree that humans are causing climate change.

Score: 1/10","Based on the lecture, contrast the actual level of scientific consensus on anthropogenic climate change (as of 2021) with the level estimated by the general public.","The actual scientific consensus is approximately 99%, whereas the general public (in the US and Europe) estimates the consensus to be much lower, roughly between 60% and 68%.","The lecturer cites Myers et al. (2021) showing 99% scientific agreement, and contrasts this with polls showing the public estimates expert consensus at roughly two-thirds, highlighting a ""consensus gap.""","Your response captures the main direction of the contrast: scientists agree at a much higher level than the public thinks. However, it misses the key specific idea from the lecture/model answer—roughly *how high* the scientific consensus is (about 99%) and *how low* the public estimate is (about 60–68%, around two-thirds), as well as the notion of a “consensus gap.” Including even approximate numbers would make your answer much more complete.

Score: 4/10","According to the probability weighting function discussed in decision-making research, why might simply describing a ""97% consensus"" be psychologically less impactful than the objective probability suggests?","When probabilities are presented via description, people tend to underweight high probabilities, treating 97% as less certain than it objectively is compared to when they learn through experience.","The lecturer explains that based on Kahneman and Tversky's prospect theory (and subsequent work), high probabilities are underweighted in descriptive choices, whereas decisions from experience often reduce this underweighting.","Your response mentions that “scientific consensus is important,” which is related to why people use consensus cues in climate attitudes, but it doesn’t answer the specific psychological mechanism asked about in the question. The key idea here is *probability weighting*: when a probability like 97% is described, people often **underweight** it (treat it as less than “almost certain”), making it feel less impactful than the objective number suggests. To improve, explicitly connect “97% consensus” to how people perceive and distort high probabilities in descriptive formats rather than focusing on the gateway belief model.

Score: 2/10","According to the Extended Parallel Process Model, what specific maladaptive response is triggered when a climate message induces high threat but provides low efficacy?","If a message induces high threat without sufficient efficacy (the belief one can effectively respond), it triggers a fear control process (or defensive motivation), such as denial or avoidance.","The lecturer discusses Witte's model, explaining that without efficacy (self or response), fear leads to defensive mechanisms (maladaptive changes) rather than danger control (adaptive changes).","Your response captures an important part of the model: low efficacy (especially low self-efficacy) helps explain why people don’t take constructive action. However, it misses the *specific maladaptive response* the EPPM predicts under **high threat + low efficacy**, which is a **fear control/defensive reaction** (e.g., denial, avoidance, message rejection), not just “no behaviour change.” To improve, explicitly name or describe that defensive coping process and give an example like denial or avoidance.

Score: 6/10","Why are ""trending norms"" often more effective than standard descriptive norms for encouraging sustainable behaviors that are currently only performed by a minority?","Standard norms highlight that the majority do not engage in the behavior (negative social proof), whereas trending norms leverage preconformity by signaling that the behavior is increasing and becoming the future norm.","The lecturer cites Mortensen et al. and others to explain that when a behavior is low-prevalence, stating ""most people don't do X"" is unhelpful, but stating ""more people are starting to do X"" acts as a future norm.","The model answer is about *why* trending norms work: they avoid the “most people don’t do it” message (which discourages change) and instead signal the behavior is growing and may become the future norm, motivating people to get ahead of the curve. Your response just repeats the word “trending” without explaining any mechanism or contrasting it with standard descriptive norms.

To improve, explain that standard descriptive norms can backfire when a behavior is rare, while trending norms emphasize increasing adoption, making people more willing to follow a rising norm.

Score: 1/10","Based on Moral Foundations Theory, which specific moral value should be emphasized to effectively frame pro-environmental messages for a politically conservative audience?","Messages should frame environmental protection in terms of purity and sanctity (e.g., keeping the planet clean/uncontaminated) rather than just harm/care, which appeals more to liberals.","The lecturer discusses Feinberg & Willer's research showing that reframing climate change from a ""harm"" issue to a ""purity/sanctity"" issue reduces the gap in pro-environmental attitudes between liberals and conservatives.","The key idea from Moral Foundations Theory here is that conservatives tend to respond better when environmental messages are framed around **purity/sanctity** (keeping things clean, uncontaminated), not primarily around **harm/care**.  

Your answer, **“altruism,”** is closer to a harm/care or helping-others framing and doesn’t capture the specific moral foundation the question is asking for. To improve, name the **purity/sanctity** foundation explicitly and connect it to environmental “cleanliness” or avoiding “contamination.”

Score: 2/10"
10/02/2026 12:36,10/02/2026 12:45,IP Address,100,527,TRUE,10/02/2026 12:45,R_2kzjz3JRyP2snbZ,anonymous,EN,1,P15,,,,,,,,,,i dont know,"Actual level of 97%, general public tends to estimate lower than this, as high percentage scores tend to be underestimated",People tend to underestimate higher percentage scores and overestimate lower ones,i dont know,People are influenced by the current actions of others during a certain time and are therefore more likely to replicate it ,i dont know,"According to the Gateway Belief Model, what specific perception acts as the primary lever to increase belief in human-caused climate change and support for public action?",The model posits that perceived scientific agreement (or perceived scientific consensus) is the key gateway belief that influences subsequent beliefs and support for action.,"The Gateway Belief Model proposes that changing a person's perception of the scientific consensus acts as a ""gateway"" to changing their personal beliefs about climate change, their worry, and ultimately their support for policy.","Your response (“i dont know”) doesn’t provide any information about the Gateway Belief Model or identify the key perception it highlights. To earn credit, you needed to state that **perceived scientific agreement/consensus among scientists** is the main “lever” or gateway belief that drives increased belief in human-caused climate change and support for public action.

Score: 0/10","Based on the lecture, contrast the actual level of scientific consensus on anthropogenic climate change (as of 2021) with the level estimated by the general public.","The actual scientific consensus is approximately 99%, whereas the general public (in the US and Europe) estimates the consensus to be much lower, roughly between 60% and 68%.","The lecturer cites Myers et al. (2021) showing 99% scientific agreement, and contrasts this with polls showing the public estimates expert consensus at roughly two-thirds, highlighting a ""consensus gap.""","Your response captures the main idea that scientific agreement is very high and that the public underestimates it, which is the key “consensus gap” concept. However, you missed the specific public estimate range (about 60–68%) and your “actual” figure (97%) is lower than the ~99% cited in the lecture, so it’s a bit imprecise. To improve, include both numbers (actual ~99% and public ~two-thirds) and specify that the public estimate comes from polls (e.g., US/Europe).

Score: 7/10","According to the probability weighting function discussed in decision-making research, why might simply describing a ""97% consensus"" be psychologically less impactful than the objective probability suggests?","When probabilities are presented via description, people tend to underweight high probabilities, treating 97% as less certain than it objectively is compared to when they learn through experience.","The lecturer explains that based on Kahneman and Tversky's prospect theory (and subsequent work), high probabilities are underweighted in descriptive choices, whereas decisions from experience often reduce this underweighting.","Your response captures the central idea that people don’t treat stated probabilities in a perfectly accurate way, especially that high percentages can feel less “certain” than they objectively are. However, it’s a bit too general: the key point here is specifically about *underweighting high probabilities when they are described* (like “97% consensus”), and the contrast with decisions learned from *experience*.

To improve, explicitly mention that describing 97% leads people to psychologically discount it (underweight it), making it less impactful than the objective probability suggests.

Score: 7/10","According to the Extended Parallel Process Model, what specific maladaptive response is triggered when a climate message induces high threat but provides low efficacy?","If a message induces high threat without sufficient efficacy (the belief one can effectively respond), it triggers a fear control process (or defensive motivation), such as denial or avoidance.","The lecturer discusses Witte's model, explaining that without efficacy (self or response), fear leads to defensive mechanisms (maladaptive changes) rather than danger control (adaptive changes).","Your response (“i dont know”) doesn’t provide any explanation of what the Extended Parallel Process Model predicts in this situation, so it doesn’t show understanding of the key idea.

To improve, you should state that **high threat + low efficacy** leads to a **fear control/defensive (maladaptive) response**, such as **denial, avoidance, or message rejection**, rather than taking constructive action.

Score: 0/10","Why are ""trending norms"" often more effective than standard descriptive norms for encouraging sustainable behaviors that are currently only performed by a minority?","Standard norms highlight that the majority do not engage in the behavior (negative social proof), whereas trending norms leverage preconformity by signaling that the behavior is increasing and becoming the future norm.","The lecturer cites Mortensen et al. and others to explain that when a behavior is low-prevalence, stating ""most people don't do X"" is unhelpful, but stating ""more people are starting to do X"" acts as a future norm.","Your response recognizes the general idea that people copy what others do (social influence), which is part of what norms are about. However, it doesn’t capture the key distinction: **standard descriptive norms can backfire when a behavior is rare because they highlight that most people *aren’t* doing it**, while **trending norms work by emphasizing that the behavior is *increasing* and may become the future norm** (preconformity). Try explicitly mentioning the “growing trend/future norm” aspect and why that’s better than saying “most people don’t do it.”

Score: 3/10","Based on Moral Foundations Theory, which specific moral value should be emphasized to effectively frame pro-environmental messages for a politically conservative audience?","Messages should frame environmental protection in terms of purity and sanctity (e.g., keeping the planet clean/uncontaminated) rather than just harm/care, which appeals more to liberals.","The lecturer discusses Feinberg & Willer's research showing that reframing climate change from a ""harm"" issue to a ""purity/sanctity"" issue reduces the gap in pro-environmental attitudes between liberals and conservatives.","Your response (“i dont know”) doesn’t attempt to answer the question, so it doesn’t show any understanding of the key idea from Moral Foundations Theory. To improve, you should name the moral foundation that best resonates with conservatives for environmental messaging—specifically framing it around **purity/sanctity** (keeping the environment clean and uncontaminated), rather than only harm/care.

Score: 0/10"
10/02/2026 12:36,10/02/2026 12:45,IP Address,100,539,TRUE,10/02/2026 12:45,R_8OQ8JTO0TQEs3DM,anonymous,EN,1,P31,,,,,,,,,,not sure,"the actual level of scientific consensus on anthropogenic climate change is 97% which is very high, but the public estimates that this number is quite lower because of more mixed political messaging that isn't always based on 'science'","People underweight large probabilities like 97% and overweight small probabilities like the 3% who aren't in consensus when it is presented as a theoretical percentage. To demonstrate how dominant a 97% consensus is, it could help to do an activity with the reader to go through 100 outcomes and see how infrequent the 3% is.",not sure,Behaviors that appear to be taken on by more people seem more valid and useful than those that are only performed by a minority. It appeals more to human cognition to join something that already has significant support as there is less risk than doing something more unproven,you should emphasize that the climate change is causing the environment to become impure and that not acting to prevent it would be disloyal to your people,"According to the Gateway Belief Model, what specific perception acts as the primary lever to increase belief in human-caused climate change and support for public action?",The model posits that perceived scientific agreement (or perceived scientific consensus) is the key gateway belief that influences subsequent beliefs and support for action.,"The Gateway Belief Model proposes that changing a person's perception of the scientific consensus acts as a ""gateway"" to changing their personal beliefs about climate change, their worry, and ultimately their support for policy.","Your response (“not sure”) doesn’t provide any of the key idea the question is asking for. The Gateway Belief Model specifically emphasizes *perceived scientific agreement/consensus* as the main perception that drives increased belief in human-caused climate change and support for action. Try to answer by naming that perception directly, even if you’re uncertain.

Score: 0/10","Based on the lecture, contrast the actual level of scientific consensus on anthropogenic climate change (as of 2021) with the level estimated by the general public.","The actual scientific consensus is approximately 99%, whereas the general public (in the US and Europe) estimates the consensus to be much lower, roughly between 60% and 68%.","The lecturer cites Myers et al. (2021) showing 99% scientific agreement, and contrasts this with polls showing the public estimates expert consensus at roughly two-thirds, highlighting a ""consensus gap.""","You captured the main contrast correctly: scientists overwhelmingly agree that humans are causing climate change, while the public thinks the agreement is lower. However, your “97%” figure doesn’t match the lecture/model answer’s “~99% (as of 2021),” and you didn’t give any approximate number for what the public estimates (the model answer expects roughly 60–68% or “about two-thirds”). Mentioning political messaging is a reasonable explanation, but it doesn’t substitute for the missing public estimate.

Score: 7/10","According to the probability weighting function discussed in decision-making research, why might simply describing a ""97% consensus"" be psychologically less impactful than the objective probability suggests?","When probabilities are presented via description, people tend to underweight high probabilities, treating 97% as less certain than it objectively is compared to when they learn through experience.","The lecturer explains that based on Kahneman and Tversky's prospect theory (and subsequent work), high probabilities are underweighted in descriptive choices, whereas decisions from experience often reduce this underweighting.","You capture the key idea well: when a probability like 97% is given as a description, people often *psychologically underweight* it, so it feels less compelling than it “should” objectively. You also correctly note that the small remaining probability (the 3% dissent) can loom larger than it should, and your suggestion to make it more experiential (walking through many outcomes) fits the “description vs experience” contrast.

To improve, you could explicitly connect your explanation to the idea that *described* high probabilities are treated as less-than-certain, whereas *experience-based* formats can make the dominance of 97% feel more real and reduce that underweighting. Keeping the focus on why “97% consensus” feels less impactful (rather than mainly on communication tips) would make it even tighter.

Score: 9/10","According to the Extended Parallel Process Model, what specific maladaptive response is triggered when a climate message induces high threat but provides low efficacy?","If a message induces high threat without sufficient efficacy (the belief one can effectively respond), it triggers a fear control process (or defensive motivation), such as denial or avoidance.","The lecturer discusses Witte's model, explaining that without efficacy (self or response), fear leads to defensive mechanisms (maladaptive changes) rather than danger control (adaptive changes).","Your response (“not sure”) doesn’t provide any explanation of what the Extended Parallel Process Model predicts, so it doesn’t show understanding of the key idea: that high threat plus low efficacy leads to *fear control* (defensive/maladaptive responses like denial, avoidance, or message rejection). To improve, state that when people feel threatened but don’t believe they can do anything effective, they manage their fear instead of the danger, often by denying or avoiding the message.

Score: 0/10","Why are ""trending norms"" often more effective than standard descriptive norms for encouraging sustainable behaviors that are currently only performed by a minority?","Standard norms highlight that the majority do not engage in the behavior (negative social proof), whereas trending norms leverage preconformity by signaling that the behavior is increasing and becoming the future norm.","The lecturer cites Mortensen et al. and others to explain that when a behavior is low-prevalence, stating ""most people don't do X"" is unhelpful, but stating ""more people are starting to do X"" acts as a future norm.","Your response captures the general idea that people are more likely to adopt a behavior when it seems socially supported, which is part of why norms can influence behavior. However, you don’t clearly distinguish **standard descriptive norms** (which can backfire for minority behaviors by implying “most people don’t do this”) from **trending norms**, which work by highlighting that adoption is **increasing** and signaling a **future norm** (“this is where things are headed”). To improve, explicitly mention the “negative social proof” problem with standard norms and the “becoming more common”/preconformity mechanism of trending norms.

Score: 6/10","Based on Moral Foundations Theory, which specific moral value should be emphasized to effectively frame pro-environmental messages for a politically conservative audience?","Messages should frame environmental protection in terms of purity and sanctity (e.g., keeping the planet clean/uncontaminated) rather than just harm/care, which appeals more to liberals.","The lecturer discusses Feinberg & Willer's research showing that reframing climate change from a ""harm"" issue to a ""purity/sanctity"" issue reduces the gap in pro-environmental attitudes between liberals and conservatives.","You correctly included the key idea that pro-environmental messages for conservatives can be framed around **purity/impurity** (e.g., climate change “contaminating” the environment), which aligns well with the model answer. However, you also added **loyalty/ingroup** (“disloyal to your people”), which isn’t the specific moral foundation emphasized in the prompt/model answer and could distract from the intended single best framing.

To improve, focus more clearly on **purity/sanctity** as the main moral value and give a brief example of “keeping the planet clean/pure” without introducing additional foundations unless asked.  
Score: 8/10"
10/02/2026 12:37,10/02/2026 12:46,IP Address,100,551,TRUE,10/02/2026 12:46,R_8bUkMgrZaH9EqFn,anonymous,EN,1,P19,,,,,,,,,,Scientific agreement can act as a vehicle that drives belief in climate change and thus support for public action,"Scientists generally agree that there is human-led global warming (aorund 97%). However, the general public tends to underestimate the extent of which there is consensus ","It is too reductive and hides a lot of information, as well as ignoring one's own experiences ",Fear is induced but there is a lack of behavior change ,"With trending norms, people are able to compare themselves to others. This can be a powerful motivator for behavior change as they may feel their actions have more of an impact",Purity of the environment and respect towards it ,"According to the Gateway Belief Model, what specific perception acts as the primary lever to increase belief in human-caused climate change and support for public action?",The model posits that perceived scientific agreement (or perceived scientific consensus) is the key gateway belief that influences subsequent beliefs and support for action.,"The Gateway Belief Model proposes that changing a person's perception of the scientific consensus acts as a ""gateway"" to changing their personal beliefs about climate change, their worry, and ultimately their support for policy.","Your response captures the central idea that **perceived scientific agreement/consensus** is the key factor that can increase belief in climate change and support for action. However, it would be stronger if you made it explicit that the model is about **people’s perception of scientific consensus** (not just consensus existing) and that this perception is the **primary “gateway/lever”** the model targets.

Score: 8/10","Based on the lecture, contrast the actual level of scientific consensus on anthropogenic climate change (as of 2021) with the level estimated by the general public.","The actual scientific consensus is approximately 99%, whereas the general public (in the US and Europe) estimates the consensus to be much lower, roughly between 60% and 68%.","The lecturer cites Myers et al. (2021) showing 99% scientific agreement, and contrasts this with polls showing the public estimates expert consensus at roughly two-thirds, highlighting a ""consensus gap.""","Your response captures the main contrast: you correctly state that scientists strongly agree humans are causing climate change, and you note that the public underestimates that agreement.

To improve, match the lecture’s specific numbers more closely: the lecture/model answer emphasizes ~99% scientific consensus (not ~97%) and gives an approximate public estimate range (about 60–68% or “around two-thirds”). Including that public estimate would make your contrast clearer and more complete.

Score: 7/10","According to the probability weighting function discussed in decision-making research, why might simply describing a ""97% consensus"" be psychologically less impactful than the objective probability suggests?","When probabilities are presented via description, people tend to underweight high probabilities, treating 97% as less certain than it objectively is compared to when they learn through experience.","The lecturer explains that based on Kahneman and Tversky's prospect theory (and subsequent work), high probabilities are underweighted in descriptive choices, whereas decisions from experience often reduce this underweighting.","Your response gestures at a couple of relevant ideas (that “97% consensus” as a description can feel less informative, and that personal experience matters), but it doesn’t capture the central mechanism from the model answer: **probability weighting**. The key point is that when probabilities are described, people often **underweight high probabilities**—so 97% feels less close to certainty than it objectively is—whereas learning from experience can change that weighting.

To improve, explicitly mention that people psychologically “discount” or underweight very high stated probabilities, which is why “97%” may not feel as compelling as the math suggests.

Score: 3/10","According to the Extended Parallel Process Model, what specific maladaptive response is triggered when a climate message induces high threat but provides low efficacy?","If a message induces high threat without sufficient efficacy (the belief one can effectively respond), it triggers a fear control process (or defensive motivation), such as denial or avoidance.","The lecturer discusses Witte's model, explaining that without efficacy (self or response), fear leads to defensive mechanisms (maladaptive changes) rather than danger control (adaptive changes).","Your response captures the general idea that high threat with low efficacy doesn’t lead to adaptive action (“lack of behavior change”). However, it misses the *specific* maladaptive process the EPPM predicts: a **fear control/defensive response** (e.g., denial, avoidance, dismissing the message) rather than simply inaction. To improve, explicitly name or describe those defensive reactions and connect them to low efficacy.

Score: 5/10","Why are ""trending norms"" often more effective than standard descriptive norms for encouraging sustainable behaviors that are currently only performed by a minority?","Standard norms highlight that the majority do not engage in the behavior (negative social proof), whereas trending norms leverage preconformity by signaling that the behavior is increasing and becoming the future norm.","The lecturer cites Mortensen et al. and others to explain that when a behavior is low-prevalence, stating ""most people don't do X"" is unhelpful, but stating ""more people are starting to do X"" acts as a future norm.","Your answer gestures at social comparison as a motivator, which is somewhat related to why norms can influence behavior. However, it misses the central distinction: standard descriptive norms can backfire for minority behaviors because they communicate “most people aren’t doing it,” while trending norms work by highlighting that the behavior is increasing and likely to become the future norm (preconformity). To improve, explicitly explain the “negative social proof” problem and how “more people are starting to do X” changes the message.

Score: 3/10","Based on Moral Foundations Theory, which specific moral value should be emphasized to effectively frame pro-environmental messages for a politically conservative audience?","Messages should frame environmental protection in terms of purity and sanctity (e.g., keeping the planet clean/uncontaminated) rather than just harm/care, which appeals more to liberals.","The lecturer discusses Feinberg & Willer's research showing that reframing climate change from a ""harm"" issue to a ""purity/sanctity"" issue reduces the gap in pro-environmental attitudes between liberals and conservatives.","Your response captures the key moral foundation correctly: emphasizing **purity** is the main framing that Moral Foundations Theory suggests will resonate more with politically conservative audiences. Saying “purity of the environment” aligns well with the idea of keeping nature clean and uncontaminated. To make it even stronger, you could explicitly connect this to **purity/sanctity** as the relevant moral value (and/or contrast it with harm/care being more liberal-leaning).

Score: 9/10"
10/02/2026 12:36,10/02/2026 12:47,IP Address,100,634,TRUE,10/02/2026 12:47,R_8fSMPzLDBW34H93,anonymous,EN,1,P24,,,,,,,,,,This is the belief that using scientific consensus can be used as a “gateway” to influence and change public belief which will increase support and public action ,The actual scientific consensus on anthropogenic climate change is around 97-99% whilst the general public believe it is 60-65% ,"This is because the public tends to underweight high figures so they wont see 97% as high, instead they will focus on the 3%. ",We are likley to become more scared about the situation and induce panic and then not given a positive response or actionable point to adapt and change to help. This results in high panic and no action to be taken ,"This is because we tend to follow the crowds, and when we observe others as cohesively carrying out a behaviour we are more likley to do the same. Therefore if we perceive the minority as being a larger group to follow, we are more likley to replicate those sustainable behaviours",Political ideology is the most effective area which should be used to help shape pro-environmental messages. ,"According to the Gateway Belief Model, what specific perception acts as the primary lever to increase belief in human-caused climate change and support for public action?",The model posits that perceived scientific agreement (or perceived scientific consensus) is the key gateway belief that influences subsequent beliefs and support for action.,"The Gateway Belief Model proposes that changing a person's perception of the scientific consensus acts as a ""gateway"" to changing their personal beliefs about climate change, their worry, and ultimately their support for policy.","You identify the central idea that *scientific consensus* functions as a “gateway” that can shift public beliefs and increase support for action, which matches the model’s main mechanism. However, the question asks for a *specific perception*, and your wording leans toward “using scientific consensus” rather than clearly stating **perceived scientific agreement/consensus** (i.e., what people *think* scientists agree on). Make that distinction explicit and you’d fully align with the model answer.

Score: 8/10","Based on the lecture, contrast the actual level of scientific consensus on anthropogenic climate change (as of 2021) with the level estimated by the general public.","The actual scientific consensus is approximately 99%, whereas the general public (in the US and Europe) estimates the consensus to be much lower, roughly between 60% and 68%.","The lecturer cites Myers et al. (2021) showing 99% scientific agreement, and contrasts this with polls showing the public estimates expert consensus at roughly two-thirds, highlighting a ""consensus gap.""","You accurately captured the key contrast: scientists show a very high consensus (close to ~99%), while the general public underestimates it at around the low-to-mid 60% range. Your numbers are essentially aligned with the lecture/model answer; the only minor issue is that “97–99%” is a slightly wider range than the cited ~99% figure, but it doesn’t change the core point.

Score: 9/10","According to the probability weighting function discussed in decision-making research, why might simply describing a ""97% consensus"" be psychologically less impactful than the objective probability suggests?","When probabilities are presented via description, people tend to underweight high probabilities, treating 97% as less certain than it objectively is compared to when they learn through experience.","The lecturer explains that based on Kahneman and Tversky's prospect theory (and subsequent work), high probabilities are underweighted in descriptive choices, whereas decisions from experience often reduce this underweighting.","Your response captures the main psychological mechanism: when a probability like 97% is described, people often *underweight* it and treat it as less than “almost certain,” and you correctly note that attention can shift to the 3% minority.

To improve, you could explicitly link this to the “description vs. experience” idea from the model answer (that underweighting is especially characteristic of described probabilities, and may differ when people learn from experience). Also, “won’t see 97% as high” is a bit too strong—better to say they see it as less impactful/less certain than it objectively is.

Score: 8/10","According to the Extended Parallel Process Model, what specific maladaptive response is triggered when a climate message induces high threat but provides low efficacy?","If a message induces high threat without sufficient efficacy (the belief one can effectively respond), it triggers a fear control process (or defensive motivation), such as denial or avoidance.","The lecturer discusses Witte's model, explaining that without efficacy (self or response), fear leads to defensive mechanisms (maladaptive changes) rather than danger control (adaptive changes).","Your answer captures the core idea that a high-threat message without a clear, doable way to respond leads to fear/panic and inaction. That matches the model’s prediction that people won’t move into constructive “danger control” behaviors when efficacy is low.

To improve, name the *specific* maladaptive pathway from the Extended Parallel Process Model: **fear control/defensive motivation**, which shows up as **denial, avoidance, or dismissing the message**, not just general panic. Also clarify that the key missing ingredient is **low efficacy** (low confidence the response works and/or that you can do it).  

Score: 7/10","Why are ""trending norms"" often more effective than standard descriptive norms for encouraging sustainable behaviors that are currently only performed by a minority?","Standard norms highlight that the majority do not engage in the behavior (negative social proof), whereas trending norms leverage preconformity by signaling that the behavior is increasing and becoming the future norm.","The lecturer cites Mortensen et al. and others to explain that when a behavior is low-prevalence, stating ""most people don't do X"" is unhelpful, but stating ""more people are starting to do X"" acts as a future norm.","Your answer captures the general idea that people copy what they think others are doing (“follow the crowd”), which is relevant to why norms can influence behavior. However, you don’t clearly distinguish *standard descriptive norms* (which can backfire when they highlight that most people **aren’t** doing the sustainable behavior) from *trending norms* (which work by emphasizing that the behavior is **increasing** and becoming a future norm). Also, “perceive the minority as being a larger group” isn’t quite the key mechanism—what matters is signaling an upward trend and future majority (preconformity), not misperceiving current prevalence.

Score: 6/10","Based on Moral Foundations Theory, which specific moral value should be emphasized to effectively frame pro-environmental messages for a politically conservative audience?","Messages should frame environmental protection in terms of purity and sanctity (e.g., keeping the planet clean/uncontaminated) rather than just harm/care, which appeals more to liberals.","The lecturer discusses Feinberg & Willer's research showing that reframing climate change from a ""harm"" issue to a ""purity/sanctity"" issue reduces the gap in pro-environmental attitudes between liberals and conservatives.","Your response doesn’t identify the specific moral foundation Moral Foundations Theory suggests using for conservatives. The key idea is that conservatives respond better when environmental protection is framed around **purity/sanctity** (cleanliness, contamination, sacredness) rather than the harm/care framing that tends to resonate more with liberals. To improve, name the relevant moral value (purity/sanctity) and connect it explicitly to conservative persuasion.

Score: 2/10"
10/02/2026 12:37,10/02/2026 12:47,IP Address,100,628,TRUE,10/02/2026 12:47,R_2ETHdMe0lmpHkat,anonymous,EN,0.899999976,P32,,,,,,,,,,The perception that all scientists agree on the presence of human-caused climate change increases belief and support for public action,"The actual level of scientific consensus on anthropogenic climate change is about 98 percent, while the level estimated by the general public is typically in the 70s percentage wise.","It is difficult for people to comprehend numbers, it can be more helpful to provide an actual visualizer","If there is a high level of threat, but a low level of efficacy, many people will have a maladaptive response of avoidance or denial, as they feel that there is nothing that they can do to fix the problem anyways. ",Trending norms are often more effective than standard descriptive norms because they become more popular and there is societal pressure to fit and conform to trends. ,Purity should be emphasized for a politically conservative audience,"According to the Gateway Belief Model, what specific perception acts as the primary lever to increase belief in human-caused climate change and support for public action?",The model posits that perceived scientific agreement (or perceived scientific consensus) is the key gateway belief that influences subsequent beliefs and support for action.,"The Gateway Belief Model proposes that changing a person's perception of the scientific consensus acts as a ""gateway"" to changing their personal beliefs about climate change, their worry, and ultimately their support for policy.","Your response captures the central idea of the Gateway Belief Model: that *perceived scientific agreement/consensus* is the key perception that drives increased belief in human-caused climate change and greater support for public action. You correctly emphasize that it’s about people’s *perception* of what scientists think, not necessarily the actual level of agreement. To improve, you could use the term “scientific consensus/agreement” explicitly and avoid the absolute wording “all scientists,” since the model focuses on high perceived agreement rather than unanimity.  

Score: 9/10","Based on the lecture, contrast the actual level of scientific consensus on anthropogenic climate change (as of 2021) with the level estimated by the general public.","The actual scientific consensus is approximately 99%, whereas the general public (in the US and Europe) estimates the consensus to be much lower, roughly between 60% and 68%.","The lecturer cites Myers et al. (2021) showing 99% scientific agreement, and contrasts this with polls showing the public estimates expert consensus at roughly two-thirds, highlighting a ""consensus gap.""","You captured the main contrast correctly: the scientific consensus is extremely high (near 99%) while the public estimates it substantially lower. Your numbers are a bit off—98% is close but the lecture figure was ~99%, and “typically in the 70s” is higher and less specific than the cited public estimates (~60–68%). To improve, state the public estimate range more accurately and make the “consensus gap” clearer with the approximate figures from the lecture.

Score: 8/10","According to the probability weighting function discussed in decision-making research, why might simply describing a ""97% consensus"" be psychologically less impactful than the objective probability suggests?","When probabilities are presented via description, people tend to underweight high probabilities, treating 97% as less certain than it objectively is compared to when they learn through experience.","The lecturer explains that based on Kahneman and Tversky's prospect theory (and subsequent work), high probabilities are underweighted in descriptive choices, whereas decisions from experience often reduce this underweighting.","Your response points to a real communication issue (numbers can be hard to process, and visuals can help), but it doesn’t capture the specific psychological mechanism the question is asking about. The key idea is that when probabilities are *described*, people often **underweight high probabilities**, so “97%” feels less close to certainty than it objectively is (especially compared to learning from experience). To improve, explicitly mention this tendency to treat very high probabilities as less certain than they are, rather than focusing mainly on numeracy/visualization.

Score: 3/10","According to the Extended Parallel Process Model, what specific maladaptive response is triggered when a climate message induces high threat but provides low efficacy?","If a message induces high threat without sufficient efficacy (the belief one can effectively respond), it triggers a fear control process (or defensive motivation), such as denial or avoidance.","The lecturer discusses Witte's model, explaining that without efficacy (self or response), fear leads to defensive mechanisms (maladaptive changes) rather than danger control (adaptive changes).","You accurately capture the key idea from the Extended Parallel Process Model: when a message creates high threat but people feel low efficacy, they tend to shift into maladaptive “fear control” responses like denial or avoidance. Your explanation that they feel there’s nothing they can do aligns well with the low-efficacy mechanism driving defensiveness. To be even stronger, you could explicitly name this as a “fear control” (defensive motivation) process to link your examples to the model’s term.  

Score: 9/10","Why are ""trending norms"" often more effective than standard descriptive norms for encouraging sustainable behaviors that are currently only performed by a minority?","Standard norms highlight that the majority do not engage in the behavior (negative social proof), whereas trending norms leverage preconformity by signaling that the behavior is increasing and becoming the future norm.","The lecturer cites Mortensen et al. and others to explain that when a behavior is low-prevalence, stating ""most people don't do X"" is unhelpful, but stating ""more people are starting to do X"" acts as a future norm.","Your answer captures the basic idea that people are influenced by what seems socially popular and that “trends” create pressure to conform. However, it misses the key contrast: standard descriptive norms can *backfire* for minority sustainable behaviors because they highlight that most people **aren’t** doing it (negative social proof), while trending norms work by signaling the behavior is **increasing** and may become the future norm (preconformity). Try explicitly mentioning the “most people don’t do X” problem and the “more people are starting to do X” framing.

Score: 6/10","Based on Moral Foundations Theory, which specific moral value should be emphasized to effectively frame pro-environmental messages for a politically conservative audience?","Messages should frame environmental protection in terms of purity and sanctity (e.g., keeping the planet clean/uncontaminated) rather than just harm/care, which appeals more to liberals.","The lecturer discusses Feinberg & Willer's research showing that reframing climate change from a ""harm"" issue to a ""purity/sanctity"" issue reduces the gap in pro-environmental attitudes between liberals and conservatives.","Your response correctly identifies the key moral foundation—**purity/sanctity**—that Moral Foundations Theory suggests will resonate more with politically conservative audiences when framing pro-environmental messages. To make it even stronger, you could briefly connect it to the idea of framing the environment as **clean/untainted** (and contrast with harm/care framing, which tends to appeal more to liberals).  

Score: 9/10"
10/02/2026 12:36,10/02/2026 12:48,IP Address,100,680,TRUE,10/02/2026 12:48,R_8aQJlmuznYBMbfP,anonymous,EN,1,P06,,,,,,,,,,Scientific consensus,"About 97–99% of climate scientists agree that climate change is human-caused, but the public typically estimates the consensus to be much lower, around 60–70%.","Because people tend to underweight very high probabilities, a stated “97% consensus” does not feel as convincing as it objectively is, so its psychological impact is weaker than the actual level of agreement suggests.","According to the Extended Parallel Process Model, high threat combined with low efficacy triggers fear control responses, such as denial or avoidance, where people try to reduce their fear instead of taking action on the climate threat.","Trending norms highlight that a behaviour is increasing over time, signalling social change and encouraging people to adopt it early, whereas standard descriptive norms can be less effective when only a minority currently performs the behaviour.","Emphasising the moral value of purity/sanctity (e.g., protecting and keeping the environment clean and unpolluted) is particularly effective for framing pro-environmental messages to a politically conservative audience.","According to the Gateway Belief Model, what specific perception acts as the primary lever to increase belief in human-caused climate change and support for public action?",The model posits that perceived scientific agreement (or perceived scientific consensus) is the key gateway belief that influences subsequent beliefs and support for action.,"The Gateway Belief Model proposes that changing a person's perception of the scientific consensus acts as a ""gateway"" to changing their personal beliefs about climate change, their worry, and ultimately their support for policy.","Your answer, “Scientific consensus,” captures the core idea of the Gateway Belief Model: that perceptions about what scientists agree on are the key lever that shifts people’s climate change beliefs and policy support. To be even more precise, you could phrase it as **“perceived scientific agreement/consensus”** to emphasize it’s the person’s perception that matters.  

Score: 9/10","Based on the lecture, contrast the actual level of scientific consensus on anthropogenic climate change (as of 2021) with the level estimated by the general public.","The actual scientific consensus is approximately 99%, whereas the general public (in the US and Europe) estimates the consensus to be much lower, roughly between 60% and 68%.","The lecturer cites Myers et al. (2021) showing 99% scientific agreement, and contrasts this with polls showing the public estimates expert consensus at roughly two-thirds, highlighting a ""consensus gap.""","Your response captures the key contrast correctly: you state that the scientific consensus is extremely high (in the upper 90s, consistent with ~99%) while the general public estimates it much lower (around two-thirds). The specific numbers you give (97–99% and 60–70%) closely match the lecture figures and preserve the main idea of a substantial “consensus gap.” To improve, you could be a bit more precise by centering the public estimate closer to the 60–68% range mentioned in the model answer and noting the context (e.g., US/Europe) if relevant.

Score: 10/10","According to the probability weighting function discussed in decision-making research, why might simply describing a ""97% consensus"" be psychologically less impactful than the objective probability suggests?","When probabilities are presented via description, people tend to underweight high probabilities, treating 97% as less certain than it objectively is compared to when they learn through experience.","The lecturer explains that based on Kahneman and Tversky's prospect theory (and subsequent work), high probabilities are underweighted in descriptive choices, whereas decisions from experience often reduce this underweighting.","You accurately capture the core idea: in described formats, people often **underweight very high probabilities**, so “97%” can feel less definitive than it mathematically is. Your answer clearly explains why the *psychological* impact is weaker than the objective probability.

To improve, you could add the comparison mentioned in the model answer: that this underweighting is especially characteristic of **decisions from description** (and may be reduced when people learn probabilities through **experience**).  

Score: 9/10","According to the Extended Parallel Process Model, what specific maladaptive response is triggered when a climate message induces high threat but provides low efficacy?","If a message induces high threat without sufficient efficacy (the belief one can effectively respond), it triggers a fear control process (or defensive motivation), such as denial or avoidance.","The lecturer discusses Witte's model, explaining that without efficacy (self or response), fear leads to defensive mechanisms (maladaptive changes) rather than danger control (adaptive changes).","Your response matches the key idea of the Extended Parallel Process Model very well. You correctly identify that **high threat + low efficacy** leads to a **fear control process** (a maladaptive/defensive response) and you give accurate examples (**denial, avoidance**) while also explaining the core mechanism (reducing fear rather than addressing the threat). To make it even stronger, you could explicitly label these as “defensive motivation” or “maladaptive defensive mechanisms,” but your explanation already captures the concept clearly.

Score: 10/10","Why are ""trending norms"" often more effective than standard descriptive norms for encouraging sustainable behaviors that are currently only performed by a minority?","Standard norms highlight that the majority do not engage in the behavior (negative social proof), whereas trending norms leverage preconformity by signaling that the behavior is increasing and becoming the future norm.","The lecturer cites Mortensen et al. and others to explain that when a behavior is low-prevalence, stating ""most people don't do X"" is unhelpful, but stating ""more people are starting to do X"" acts as a future norm.","Your response captures the main contrast well: you explain that trending norms work by emphasizing growth over time and social change, which can motivate people to join in even when the behavior is not yet common. You also correctly note the limitation of standard descriptive norms when the behavior is performed by a minority.

To improve, you could be more explicit about *why* standard descriptive norms can backfire—because they inadvertently communicate “most people don’t do this,” which provides negative social proof. You could also name the mechanism behind trending norms (preconformity/future norm signaling) to match the model answer more closely.

Score: 8/10","Based on Moral Foundations Theory, which specific moral value should be emphasized to effectively frame pro-environmental messages for a politically conservative audience?","Messages should frame environmental protection in terms of purity and sanctity (e.g., keeping the planet clean/uncontaminated) rather than just harm/care, which appeals more to liberals.","The lecturer discusses Feinberg & Willer's research showing that reframing climate change from a ""harm"" issue to a ""purity/sanctity"" issue reduces the gap in pro-environmental attitudes between liberals and conservatives.","Your response accurately identifies the key Moral Foundations Theory value—**purity/sanctity**—and correctly explains how it should be used (framing environmentalism as keeping the environment clean and unpolluted) to better resonate with conservatives. This matches the model answer’s main point and includes a clear example of the framing.

To make it even stronger, you could briefly contrast it with the alternative framing (harm/care) and note that purity framing is especially effective because conservatives tend to be more responsive to that foundation.

Score: 10/10"
10/02/2026 12:36,10/02/2026 12:48,IP Address,100,703,TRUE,10/02/2026 12:48,R_8fqQ2P8rgPwCGda,anonymous,EN,1,P11,,,,,,,,,,group consensus ,it is much lower,peple will still look at the other 3 percent so they will not focus on the main consensus ,people just bcome scared and dont know what to do with their feelings so it becomes ineffective ,people will see the effect of trending norms as effecting the majority so they may see it as more beneficial ,purity ,"According to the Gateway Belief Model, what specific perception acts as the primary lever to increase belief in human-caused climate change and support for public action?",The model posits that perceived scientific agreement (or perceived scientific consensus) is the key gateway belief that influences subsequent beliefs and support for action.,"The Gateway Belief Model proposes that changing a person's perception of the scientific consensus acts as a ""gateway"" to changing their personal beliefs about climate change, their worry, and ultimately their support for policy.","Your answer, “group consensus,” partially captures the main idea because it points to the notion of consensus. However, the Gateway Belief Model is specifically about **perceived scientific agreement/consensus among climate scientists**, not just consensus in a general group, so your response is too vague and misses the “scientific” part that makes it the key lever in the model.

Score: 4/10","Based on the lecture, contrast the actual level of scientific consensus on anthropogenic climate change (as of 2021) with the level estimated by the general public.","The actual scientific consensus is approximately 99%, whereas the general public (in the US and Europe) estimates the consensus to be much lower, roughly between 60% and 68%.","The lecturer cites Myers et al. (2021) showing 99% scientific agreement, and contrasts this with polls showing the public estimates expert consensus at roughly two-thirds, highlighting a ""consensus gap.""","Your response shows you remember that the public estimate is lower than the actual scientific consensus, which is the right general direction. However, you didn’t contrast both sides (actual vs. public perception) or include the key idea that the scientific consensus is extremely high (about 99%) while the public guesses around two-thirds (about 60–68%). Adding those approximate numbers and explicitly stating who holds each view would make your answer complete.

Score: 3/10","According to the probability weighting function discussed in decision-making research, why might simply describing a ""97% consensus"" be psychologically less impactful than the objective probability suggests?","When probabilities are presented via description, people tend to underweight high probabilities, treating 97% as less certain than it objectively is compared to when they learn through experience.","The lecturer explains that based on Kahneman and Tversky's prospect theory (and subsequent work), high probabilities are underweighted in descriptive choices, whereas decisions from experience often reduce this underweighting.","Your response captures a **partial** idea: you’re noticing that people may pay attention to the small “3%” minority, which can make the 97% feel less decisive. However, it doesn’t clearly connect to the key concept from the model answer: **in descriptive formats, people systematically underweight high probabilities** (a probability weighting effect), so 97% is psychologically treated as less close to “certain” than it really is.

To improve, explicitly mention that this is a known bias in how people *weight* probabilities when they’re described, not just a general tendency to “notice the 3%.”

Score: 4/10","According to the Extended Parallel Process Model, what specific maladaptive response is triggered when a climate message induces high threat but provides low efficacy?","If a message induces high threat without sufficient efficacy (the belief one can effectively respond), it triggers a fear control process (or defensive motivation), such as denial or avoidance.","The lecturer discusses Witte's model, explaining that without efficacy (self or response), fear leads to defensive mechanisms (maladaptive changes) rather than danger control (adaptive changes).","Your response captures the general idea that high threat with low efficacy leads to fear and an ineffective outcome, which aligns partly with the model. However, you don’t clearly name or describe the *specific maladaptive response/process* the EPPM predicts—i.e., **fear control/defensive motivation**, shown through behaviors like **denial, avoidance, or dismissing the message**. To improve, explicitly connect “scared” to those defensive reactions rather than just saying it’s ineffective.

Score: 5/10","Why are ""trending norms"" often more effective than standard descriptive norms for encouraging sustainable behaviors that are currently only performed by a minority?","Standard norms highlight that the majority do not engage in the behavior (negative social proof), whereas trending norms leverage preconformity by signaling that the behavior is increasing and becoming the future norm.","The lecturer cites Mortensen et al. and others to explain that when a behavior is low-prevalence, stating ""most people don't do X"" is unhelpful, but stating ""more people are starting to do X"" acts as a future norm.","Your response shows a basic intuition that “trending” information can make a behavior seem more appealing, but it doesn’t capture the key mechanism. The main point is that standard descriptive norms can backfire for minority behaviors by emphasizing that most people *don’t* do it, while trending norms work by highlighting that the behavior is *increasing* and likely to become the future norm (preconformity). Try to explicitly mention both the drawback of standard norms (negative social proof) and the “becoming more common” signal in trending norms.

Score: 4/10","Based on Moral Foundations Theory, which specific moral value should be emphasized to effectively frame pro-environmental messages for a politically conservative audience?","Messages should frame environmental protection in terms of purity and sanctity (e.g., keeping the planet clean/uncontaminated) rather than just harm/care, which appeals more to liberals.","The lecturer discusses Feinberg & Willer's research showing that reframing climate change from a ""harm"" issue to a ""purity/sanctity"" issue reduces the gap in pro-environmental attitudes between liberals and conservatives.","Your answer correctly identifies the key Moral Foundations value (**purity/sanctity**) that is most effective for framing pro-environmental messages to conservatives. To make it stronger, you could briefly note that this works better for conservatives than a harm/care framing (which tends to resonate more with liberals).  

Score: 9/10"
10/02/2026 12:37,10/02/2026 12:48,IP Address,100,706,TRUE,10/02/2026 12:48,R_8i7RJqonsGYoksV,anonymous,EN,1,P30,,,,,,,,,,Consensus messaging and perceived scientific agreement,the actual level of scientific consensus is around 99% and the level estimated by the general public is around 68%. ,Because of the effect of uncertainty where the 3% offers a chance of an alternative situation. ,Fear control,Because of the effect of conformity and trending norms suggest a change in socially desired behaviours,loyalty,"According to the Gateway Belief Model, what specific perception acts as the primary lever to increase belief in human-caused climate change and support for public action?",The model posits that perceived scientific agreement (or perceived scientific consensus) is the key gateway belief that influences subsequent beliefs and support for action.,"The Gateway Belief Model proposes that changing a person's perception of the scientific consensus acts as a ""gateway"" to changing their personal beliefs about climate change, their worry, and ultimately their support for policy.","Your response captures the central idea correctly: in the Gateway Belief Model, *perceived scientific agreement/consensus* is the key perception that serves as the “gateway” lever for increasing belief in human-caused climate change and support for action. Mentioning “consensus messaging” is relevant as a method, though the question asks specifically for the *perception* (perceived consensus), which you did include.

Score: 9/10","Based on the lecture, contrast the actual level of scientific consensus on anthropogenic climate change (as of 2021) with the level estimated by the general public.","The actual scientific consensus is approximately 99%, whereas the general public (in the US and Europe) estimates the consensus to be much lower, roughly between 60% and 68%.","The lecturer cites Myers et al. (2021) showing 99% scientific agreement, and contrasts this with polls showing the public estimates expert consensus at roughly two-thirds, highlighting a ""consensus gap.""","Your response correctly identifies the key contrast: scientists are in near-total agreement (about 99%) that climate change is human-caused, while the general public estimates the consensus to be much lower (you gave ~68%). This captures the main “consensus gap” emphasized in the lecture. To be even more complete, you could mention the broader public estimate range (about 60–68%) and/or specify that this refers to the US and Europe.  

Score: 10/10","According to the probability weighting function discussed in decision-making research, why might simply describing a ""97% consensus"" be psychologically less impactful than the objective probability suggests?","When probabilities are presented via description, people tend to underweight high probabilities, treating 97% as less certain than it objectively is compared to when they learn through experience.","The lecturer explains that based on Kahneman and Tversky's prospect theory (and subsequent work), high probabilities are underweighted in descriptive choices, whereas decisions from experience often reduce this underweighting.","Your response captures a small part of the idea: you notice that the “3%” leaves room for an alternative outcome, which can make people feel less certain than “97%” sounds. However, the key concept from the model answer is *probability weighting in description*: people systematically **underweight high probabilities** (like 97%) when they’re described, rather than treating them as nearly certain. To improve, explicitly connect your point to this bias in how people *weight* probabilities (and, if relevant, that this is stronger in description than in experience).

Score: 4/10","According to the Extended Parallel Process Model, what specific maladaptive response is triggered when a climate message induces high threat but provides low efficacy?","If a message induces high threat without sufficient efficacy (the belief one can effectively respond), it triggers a fear control process (or defensive motivation), such as denial or avoidance.","The lecturer discusses Witte's model, explaining that without efficacy (self or response), fear leads to defensive mechanisms (maladaptive changes) rather than danger control (adaptive changes).","Your response correctly identifies the core maladaptive process in the Extended Parallel Process Model: when perceived threat is high but efficacy is low, people shift into **fear control** rather than taking constructive action. To make it even stronger, you could briefly add an example (e.g., denial, avoidance) to show you understand what fear control looks like in practice.  

Score: 9/10","Why are ""trending norms"" often more effective than standard descriptive norms for encouraging sustainable behaviors that are currently only performed by a minority?","Standard norms highlight that the majority do not engage in the behavior (negative social proof), whereas trending norms leverage preconformity by signaling that the behavior is increasing and becoming the future norm.","The lecturer cites Mortensen et al. and others to explain that when a behavior is low-prevalence, stating ""most people don't do X"" is unhelpful, but stating ""more people are starting to do X"" acts as a future norm.","Your response shows some understanding that **social influence/conformity** is involved and that trending norms can signal what’s **socially desirable**. However, it misses the key contrast: **standard descriptive norms can backfire** when the behavior is rare because they highlight that *most people aren’t doing it*, while **trending norms work by emphasizing growth/“future normal”** (preconformity).

To improve, explicitly mention that standard norms provide **negative social proof** for minority behaviors, and that trending norms are effective because they frame the behavior as **increasing and becoming the norm**.

Score: 5/10","Based on Moral Foundations Theory, which specific moral value should be emphasized to effectively frame pro-environmental messages for a politically conservative audience?","Messages should frame environmental protection in terms of purity and sanctity (e.g., keeping the planet clean/uncontaminated) rather than just harm/care, which appeals more to liberals.","The lecturer discusses Feinberg & Willer's research showing that reframing climate change from a ""harm"" issue to a ""purity/sanctity"" issue reduces the gap in pro-environmental attitudes between liberals and conservatives.","Your answer (“loyalty”) shows you’re drawing from Moral Foundations Theory, but it doesn’t match the specific foundation highlighted in the research discussed. The key point is that conservatives respond more when environmentalism is framed as **purity/sanctity** (cleanliness, contamination, sacredness of nature), not primarily as loyalty/ingroup concerns. To improve, name **purity/sanctity** and briefly connect it to keeping the environment clean or uncontaminated.

Score: 2/10"
10/02/2026 12:37,10/02/2026 12:49,IP Address,100,745,TRUE,10/02/2026 12:49,R_8PNAIPeYlPUNnlH,anonymous,EN,1,P10,,,,,,,,,,Perceived scientific consensus,actual level larger than general public,the probability seems be underestimate; and it's too abstract; and is not that convince,"In the Extended Parallel Process Model (EPPM), when a climate message creates high perceived threat but offers low perceived efficacy, people shift into fear control rather than danger control.",“Trending norms” work better than standard descriptive norms when a sustainable behaviour is still a minority behaviour because they shift attention from how many people do it now to where behaviour is heading.,"Based on Moral Foundations Theory, pro-environmental messages aimed at a politically conservative audience are most effective when they emphasize the Sanctity / Purity moral foundation.","According to the Gateway Belief Model, what specific perception acts as the primary lever to increase belief in human-caused climate change and support for public action?",The model posits that perceived scientific agreement (or perceived scientific consensus) is the key gateway belief that influences subsequent beliefs and support for action.,"The Gateway Belief Model proposes that changing a person's perception of the scientific consensus acts as a ""gateway"" to changing their personal beliefs about climate change, their worry, and ultimately their support for policy.","Your answer matches the model’s key idea: the Gateway Belief Model identifies **perceived scientific agreement/consensus** as the main perception that drives increased belief in human-caused climate change and support for action. To be even stronger, you could specify that it’s the **perception of scientists’ agreement** (not necessarily actual agreement) that acts as the “gateway.”

Score: 10/10","Based on the lecture, contrast the actual level of scientific consensus on anthropogenic climate change (as of 2021) with the level estimated by the general public.","The actual scientific consensus is approximately 99%, whereas the general public (in the US and Europe) estimates the consensus to be much lower, roughly between 60% and 68%.","The lecturer cites Myers et al. (2021) showing 99% scientific agreement, and contrasts this with polls showing the public estimates expert consensus at roughly two-thirds, highlighting a ""consensus gap.""","Your response captures the basic direction of the contrast: you correctly state that the actual scientific consensus is higher than what the general public believes. However, it misses the key specifics from the lecture/model answer—namely that the scientific consensus is about **99%** and that the public estimate is much lower, around **60–68%** (roughly two-thirds). Adding those approximate numbers and noting this is a “consensus gap” would make your answer much stronger.

Score: 3/10","According to the probability weighting function discussed in decision-making research, why might simply describing a ""97% consensus"" be psychologically less impactful than the objective probability suggests?","When probabilities are presented via description, people tend to underweight high probabilities, treating 97% as less certain than it objectively is compared to when they learn through experience.","The lecturer explains that based on Kahneman and Tversky's prospect theory (and subsequent work), high probabilities are underweighted in descriptive choices, whereas decisions from experience often reduce this underweighting.","Your response gestures at the main idea that people may *underestimate* or not fully feel the weight of a high probability like 97%, which is a key part of the model answer. However, it doesn’t clearly connect this to the **probability weighting function** (specifically, that **high probabilities are underweighted when described**) or mention the contrast with **learning from experience vs. description**, which is central to the explanation.

To improve, you should explicitly say that when a probability is *described* (like “97% consensus”), people psychologically treat it as less close to certainty than it really is, because they underweight high probabilities.

Score: 4/10","According to the Extended Parallel Process Model, what specific maladaptive response is triggered when a climate message induces high threat but provides low efficacy?","If a message induces high threat without sufficient efficacy (the belief one can effectively respond), it triggers a fear control process (or defensive motivation), such as denial or avoidance.","The lecturer discusses Witte's model, explaining that without efficacy (self or response), fear leads to defensive mechanisms (maladaptive changes) rather than danger control (adaptive changes).","Your response captures the central mechanism correctly: high perceived threat combined with low perceived efficacy leads to **fear control** (a maladaptive/defensive process) rather than **danger control** (adaptive action). That shows a clear understanding of the EPPM decision pathway.

To make it even stronger and more specific to the question, you could name an example of the maladaptive response associated with fear control (e.g., **denial, avoidance, message rejection**), since the prompt asks for the “specific maladaptive response.”

Score: 8/10","Why are ""trending norms"" often more effective than standard descriptive norms for encouraging sustainable behaviors that are currently only performed by a minority?","Standard norms highlight that the majority do not engage in the behavior (negative social proof), whereas trending norms leverage preconformity by signaling that the behavior is increasing and becoming the future norm.","The lecturer cites Mortensen et al. and others to explain that when a behavior is low-prevalence, stating ""most people don't do X"" is unhelpful, but stating ""more people are starting to do X"" acts as a future norm.","Your answer captures the main idea that trending norms are effective because they focus on the direction of change (“where behaviour is heading”) rather than current low adoption.

To improve, you could explicitly mention *why* standard descriptive norms can backfire in minority-behavior cases (they highlight that most people **don’t** do it, creating negative social proof) and that trending norms work by signaling an emerging/future norm (often described as “preconformity”).

Score: 8/10","Based on Moral Foundations Theory, which specific moral value should be emphasized to effectively frame pro-environmental messages for a politically conservative audience?","Messages should frame environmental protection in terms of purity and sanctity (e.g., keeping the planet clean/uncontaminated) rather than just harm/care, which appeals more to liberals.","The lecturer discusses Feinberg & Willer's research showing that reframing climate change from a ""harm"" issue to a ""purity/sanctity"" issue reduces the gap in pro-environmental attitudes between liberals and conservatives.","Your response accurately identifies the key moral foundation from Moral Foundations Theory that should be emphasized for conservatives: **sanctity/purity**. This directly matches the model answer’s main point about framing environmental protection as keeping things clean and uncontaminated.

To make your answer even stronger, you could briefly contrast it with the alternative framing (e.g., not focusing primarily on harm/care) or give a short example of a purity-based frame, but your core concept is correct.

Score: 10/10"
10/02/2026 12:37,10/02/2026 12:50,IP Address,100,796,TRUE,10/02/2026 12:50,R_2nVjigARKZ5MHoA,anonymous,EN,1,P28,,,,,,,,,,"According to the Gatway Belief Model, the specific perception that acts as the primary lever to increase belief in human-caused climate change and support for public action is perceived scientific agreement. ",The actual level of scientific consensus on anthropogenic climate change is much higher than the level estimated by the general public. ,"Simply describing a 97% consensus might be psychologically less impactful than the objective probability suggests because there is no information about the other 3%. This includes, who were the people that were part of that consensus, what were their credentials and reasons to opt out of the consensus. There is always an uncertainty about what makes up the remainder of the percent.  ",The maladapitve response triggered when a climate message induces high threat but provides low efficacy is defensive responses.  ,"They are often more effective than standard descriptive norms of encouraging sustainble behaviors that are currently only performed by a minority because there is a perceived effort of other people, and perceived importance for collective action. ","Based on Moral Foundations Theory, the specific moral value that should be emphasized  to effectively frame pro-environmental messages for a politically conservative audience are counter-arguments. ","According to the Gateway Belief Model, what specific perception acts as the primary lever to increase belief in human-caused climate change and support for public action?",The model posits that perceived scientific agreement (or perceived scientific consensus) is the key gateway belief that influences subsequent beliefs and support for action.,"The Gateway Belief Model proposes that changing a person's perception of the scientific consensus acts as a ""gateway"" to changing their personal beliefs about climate change, their worry, and ultimately their support for policy.","Your response accurately identifies **perceived scientific agreement** as the key perception the Gateway Belief Model uses as the main “lever” to increase belief in human-caused climate change and support for public action. This matches the model answer’s core idea (perceived scientific consensus/agreement as the gateway belief). To be even stronger, you could briefly note that this perception then influences other beliefs (e.g., personal belief, worry, policy support), but your answer already nails the essential point.

Score: 10/10","Based on the lecture, contrast the actual level of scientific consensus on anthropogenic climate change (as of 2021) with the level estimated by the general public.","The actual scientific consensus is approximately 99%, whereas the general public (in the US and Europe) estimates the consensus to be much lower, roughly between 60% and 68%.","The lecturer cites Myers et al. (2021) showing 99% scientific agreement, and contrasts this with polls showing the public estimates expert consensus at roughly two-thirds, highlighting a ""consensus gap.""","Your response captures the *direction* of the contrast correctly: scientists agree at a much higher level than what the general public thinks.

However, it misses the key quantitative detail emphasized in the lecture/model answer—about **~99% scientific consensus** versus public estimates around **~60–68%** (roughly two-thirds). Including those approximate numbers (or at least “near-unanimous vs about two-thirds”) would make your answer much more complete.

Score: 4/10","According to the probability weighting function discussed in decision-making research, why might simply describing a ""97% consensus"" be psychologically less impactful than the objective probability suggests?","When probabilities are presented via description, people tend to underweight high probabilities, treating 97% as less certain than it objectively is compared to when they learn through experience.","The lecturer explains that based on Kahneman and Tversky's prospect theory (and subsequent work), high probabilities are underweighted in descriptive choices, whereas decisions from experience often reduce this underweighting.","Your response shows you’re thinking about *why* a “97%” statement might not persuade—by pointing to ambiguity and curiosity about the remaining 3% and about who’s in the group. That’s a reasonable critique of how people interpret statistics, but it doesn’t capture the specific concept from the model answer: **probability weighting** in described probabilities, where people **systematically underweight high probabilities** (so 97% “feels” less than 97% certainty).

To improve, you should explicitly connect the reduced impact to the idea that when probabilities are given in description, people don’t treat very high probabilities as almost certain (and may respond differently than if they learned through experience).  

Score: 4/10","According to the Extended Parallel Process Model, what specific maladaptive response is triggered when a climate message induces high threat but provides low efficacy?","If a message induces high threat without sufficient efficacy (the belief one can effectively respond), it triggers a fear control process (or defensive motivation), such as denial or avoidance.","The lecturer discusses Witte's model, explaining that without efficacy (self or response), fear leads to defensive mechanisms (maladaptive changes) rather than danger control (adaptive changes).","You correctly identify that **defensive responses** happen when threat is high but efficacy is low, which matches the core idea of the **fear control/defensive motivation** pathway in the Extended Parallel Process Model.  

To improve, be more specific about *what kind* of defensive response the model predicts (e.g., **denial, avoidance, message minimization**) and ideally name the process (**fear control** rather than danger control).  

Score: 7/10","Why are ""trending norms"" often more effective than standard descriptive norms for encouraging sustainable behaviors that are currently only performed by a minority?","Standard norms highlight that the majority do not engage in the behavior (negative social proof), whereas trending norms leverage preconformity by signaling that the behavior is increasing and becoming the future norm.","The lecturer cites Mortensen et al. and others to explain that when a behavior is low-prevalence, stating ""most people don't do X"" is unhelpful, but stating ""more people are starting to do X"" acts as a future norm.","Your response captures part of the idea that “what other people are doing” matters and that sustainability can feel like a collective action problem. However, you don’t clearly identify the key mechanism from the model answer: standard descriptive norms can backfire for minority behaviors because they highlight that *most people aren’t doing it* (negative social proof), while trending norms work by emphasizing that the behavior is *increasing* and likely to become the future norm (“preconformity”). To improve, explicitly contrast why standard norms are unhelpful in low-prevalence cases and explain that trending norms motivate people by signaling a growing trend/future majority.

Score: 5/10","Based on Moral Foundations Theory, which specific moral value should be emphasized to effectively frame pro-environmental messages for a politically conservative audience?","Messages should frame environmental protection in terms of purity and sanctity (e.g., keeping the planet clean/uncontaminated) rather than just harm/care, which appeals more to liberals.","The lecturer discusses Feinberg & Willer's research showing that reframing climate change from a ""harm"" issue to a ""purity/sanctity"" issue reduces the gap in pro-environmental attitudes between liberals and conservatives.","Your response does not capture the key idea from Moral Foundations Theory that the message should be framed using a *specific moral foundation* that resonates more with conservatives. Instead of identifying **purity/sanctity** (e.g., keeping nature clean and uncontaminated), you mention “counter-arguments,” which isn’t a moral foundation and doesn’t answer what value should be emphasized. To improve, name the relevant moral value (purity/sanctity) and briefly connect it to why it fits conservative moral concerns.

Score: 1/10"
10/02/2026 12:36,10/02/2026 12:50,IP Address,100,823,TRUE,10/02/2026 12:50,R_8YVWGhAmRERFbih,anonymous,EN,1,P14,,,,,,,,,,"According to the Gateway Belief Model, the primary lever for increasing belief in human-caused climate change and support for public action is the perception that there is a strong scientific consensus that climate change is happening and is caused by human activities.","As of 2021, the actual scientific consensus on anthropogenic climate change is about 97–99% agreement among climate scientists, whereas the general public typically estimates the level of consensus to be much lower, often around 50–70%, substantially underestimating the true level of scientific agreement.","According to probability weighting research in decision-making, people do not perceive probabilities linearly and tend to psychologically compress probabilities that are close to certainty. As a result, a 97% consensus is often perceived as only marginally different from lower probabilities, because people underweight probabilities near 100%, making the consensus seem less certain and therefore less impactful than the objective probability suggests.","According to the Extended Parallel Process Model, when a message induces high perceived threat but low perceived efficacy, individuals engage in a maladaptive fear-control response rather than a danger-control response. In this situation, people focus on reducing their fear instead of addressing the threat itself, leading to responses such as denial of the problem, defensive avoidance, or rejection of the message.","Trending norms are often more effective than standard descriptive norms when a sustainable behavior is still performed by a minority because they highlight that the behavior is rapidly increasing and becoming more common, signaling a positive social trend people can join. In contrast, standard descriptive norms may unintentionally communicate that few people currently perform the behavior, which can discourage adoption. By emphasizing change and momentum, trending norms motivate individuals to align with an emerging social shift rather than remain with the current majority behavior.","   Based on Moral Foundations Theory, which specific moral value should be emphasized to effectively frame pro-environmental messages for a politically conservative audience?","According to the Gateway Belief Model, what specific perception acts as the primary lever to increase belief in human-caused climate change and support for public action?",The model posits that perceived scientific agreement (or perceived scientific consensus) is the key gateway belief that influences subsequent beliefs and support for action.,"The Gateway Belief Model proposes that changing a person's perception of the scientific consensus acts as a ""gateway"" to changing their personal beliefs about climate change, their worry, and ultimately their support for policy.","Your response matches the Gateway Belief Model’s central claim very closely. You correctly identify **perceived scientific consensus/agreement** as the main “lever” that leads to greater belief in human-caused climate change and increased support for public action, and you specify both that climate change is happening and that humans are causing it.

To improve slightly, you could use the model’s exact framing (“perceived scientific agreement/consensus”) and, if asked for more detail, note that this perception acts as a *gateway* influencing other beliefs (e.g., worry and policy support).  
Score: 10/10","Based on the lecture, contrast the actual level of scientific consensus on anthropogenic climate change (as of 2021) with the level estimated by the general public.","The actual scientific consensus is approximately 99%, whereas the general public (in the US and Europe) estimates the consensus to be much lower, roughly between 60% and 68%.","The lecturer cites Myers et al. (2021) showing 99% scientific agreement, and contrasts this with polls showing the public estimates expert consensus at roughly two-thirds, highlighting a ""consensus gap.""","Your response captures the key contrast well: you state that the scientific consensus is very high (close to ~99%) and that the public substantially underestimates it. The specific ranges you give for public estimates (50–70%) are a bit broader and slightly less precise than the lecture/model’s ~60–68%, but they still reflect the same “consensus gap” idea accurately. To improve, you could tighten the public estimate range to match the cited polling numbers and explicitly note the US/Europe context mentioned in the lecture.

Score: 9/10","According to the probability weighting function discussed in decision-making research, why might simply describing a ""97% consensus"" be psychologically less impactful than the objective probability suggests?","When probabilities are presented via description, people tend to underweight high probabilities, treating 97% as less certain than it objectively is compared to when they learn through experience.","The lecturer explains that based on Kahneman and Tversky's prospect theory (and subsequent work), high probabilities are underweighted in descriptive choices, whereas decisions from experience often reduce this underweighting.","You accurately captured the key idea: when probabilities are described (like “97% consensus”), people don’t treat them at face value and tend to underweight/psychologically compress very high probabilities, so 97% feels less like “near-certain” than it objectively is. Your explanation that values near 100% get compressed and seem only marginally different from somewhat lower probabilities matches the probability-weighting intuition well.

One small gap is that the model answer also contrasts *decisions from description* with *decisions from experience* (where this underweighting of high probabilities can be reduced). If you briefly noted that this effect is particularly tied to *described* probabilities, your answer would fully align.

Score: 9/10","According to the Extended Parallel Process Model, what specific maladaptive response is triggered when a climate message induces high threat but provides low efficacy?","If a message induces high threat without sufficient efficacy (the belief one can effectively respond), it triggers a fear control process (or defensive motivation), such as denial or avoidance.","The lecturer discusses Witte's model, explaining that without efficacy (self or response), fear leads to defensive mechanisms (maladaptive changes) rather than danger control (adaptive changes).","Your response captures the key idea of the Extended Parallel Process Model very well: high perceived threat combined with low perceived efficacy leads to **fear control** (a maladaptive/defensive response) rather than **danger control** (adaptive action). You also correctly explain what fear control means—managing the emotion of fear instead of the threat—and you give accurate examples (denial, avoidance, rejection).

To improve slightly, you could explicitly link this to “low efficacy” as lacking confidence in either **being able to do the response (self-efficacy)** or **believing the response will work (response efficacy)**, but your answer already implies this correctly.

Score: 10/10","Why are ""trending norms"" often more effective than standard descriptive norms for encouraging sustainable behaviors that are currently only performed by a minority?","Standard norms highlight that the majority do not engage in the behavior (negative social proof), whereas trending norms leverage preconformity by signaling that the behavior is increasing and becoming the future norm.","The lecturer cites Mortensen et al. and others to explain that when a behavior is low-prevalence, stating ""most people don't do X"" is unhelpful, but stating ""more people are starting to do X"" acts as a future norm.","Your response captures the key contrast very well: you explain that standard descriptive norms can backfire for low-prevalence behaviors by signaling “few people do this,” while trending norms work by emphasizing that the behavior is increasing and becoming more common. You also correctly connect this to motivation to join an emerging shift.

To improve, you could more explicitly name the mechanism from the model answer—**preconformity** (people conforming to what they expect will become normal)—and stress that trending norms point to the **future norm**, not just a “positive trend.”

Score: 9/10","Based on Moral Foundations Theory, which specific moral value should be emphasized to effectively frame pro-environmental messages for a politically conservative audience?","Messages should frame environmental protection in terms of purity and sanctity (e.g., keeping the planet clean/uncontaminated) rather than just harm/care, which appeals more to liberals.","The lecturer discusses Feinberg & Willer's research showing that reframing climate change from a ""harm"" issue to a ""purity/sanctity"" issue reduces the gap in pro-environmental attitudes between liberals and conservatives.","Your response doesn’t actually answer the question—it just repeats the question prompt. The key idea needed is that, for conservatives, pro-environmental messages are more effective when framed around the moral foundation of **purity/sanctity** (e.g., keeping the environment clean and uncontaminated), rather than primarily around **harm/care**.

To improve, state the specific moral value (purity/sanctity) and briefly connect it to why it resonates more with conservative audiences.

Score: 0/10"
10/02/2026 12:36,10/02/2026 12:51,IP Address,100,865,TRUE,10/02/2026 12:51,R_8MKfhXiO7LwsJA9,anonymous,EN,1,P29,,,,,,,,,,idk how it affects us personally and the kind of personal responsibilty we hve to change it as a collective,approximately 70% for scientific vs around 50 for general public?,"97% consensus is not very specific, who is the consensus is it only climate scientists and is it every single climate scientist in the world, it does not specify so someone may be sceptical. Also you would want to hear other opinions not just climate scientists but like other groups such as republicans for example if you want to grab the attentions of other people",Maybe hopelessness or lack of care if they believe nothing can be done so they don't bother trying to help or change their behaviours to become sustainable,trending norms are more effective because they are behaviours that are not yet incorporated by the majority. It seems new and interesting and if a minority is doing it it captures the attention of others to follow because it is trending and growing?,Maybe more scientific or idk,"According to the Gateway Belief Model, what specific perception acts as the primary lever to increase belief in human-caused climate change and support for public action?",The model posits that perceived scientific agreement (or perceived scientific consensus) is the key gateway belief that influences subsequent beliefs and support for action.,"The Gateway Belief Model proposes that changing a person's perception of the scientific consensus acts as a ""gateway"" to changing their personal beliefs about climate change, their worry, and ultimately their support for policy.","Your response focuses on personal impact and collective responsibility, which are related to climate action in general, but it doesn’t identify the Gateway Belief Model’s *specific* “primary lever.” The key idea you needed was that **perceived scientific agreement/consensus** is what shifts people’s beliefs and support for action in the model.

To improve, explicitly mention that the model says changing people’s **perception of how much scientists agree** on human-caused climate change is the main driver that then influences personal belief, concern, and policy support.

Score: 2/10","Based on the lecture, contrast the actual level of scientific consensus on anthropogenic climate change (as of 2021) with the level estimated by the general public.","The actual scientific consensus is approximately 99%, whereas the general public (in the US and Europe) estimates the consensus to be much lower, roughly between 60% and 68%.","The lecturer cites Myers et al. (2021) showing 99% scientific agreement, and contrasts this with polls showing the public estimates expert consensus at roughly two-thirds, highlighting a ""consensus gap.""","Your answer shows you understood the *direction* of the contrast (the public underestimates scientific agreement), which is an important core idea. However, the specific levels are substantially off: the lecture’s point was that the scientific consensus is extremely high (~99%), while public estimates are around two-thirds (~60–68%), not ~50%. Try to remember that the “consensus gap” is driven mainly by the scientific number being near-unanimous, not around 70%.

Score: 4/10","According to the probability weighting function discussed in decision-making research, why might simply describing a ""97% consensus"" be psychologically less impactful than the objective probability suggests?","When probabilities are presented via description, people tend to underweight high probabilities, treating 97% as less certain than it objectively is compared to when they learn through experience.","The lecturer explains that based on Kahneman and Tversky's prospect theory (and subsequent work), high probabilities are underweighted in descriptive choices, whereas decisions from experience often reduce this underweighting.","Your response focuses on *ambiguity and trust* in the source of the “97% consensus” (who is included, whether it’s global, and whether other groups should be consulted). Those points could affect persuasion in real-world communication, but they don’t address the key concept from the model answer: a **probability weighting effect** where people **underweight high probabilities when they are described**, making 97% feel less than “almost certain.”

To improve, connect your skepticism point to the psychological mechanism: explain that even when the 97% is clear and credible, people may still *mentally discount* it because described near-certainties are not felt as near-certainties (especially compared with learning from experience).  
Score: 3/10","According to the Extended Parallel Process Model, what specific maladaptive response is triggered when a climate message induces high threat but provides low efficacy?","If a message induces high threat without sufficient efficacy (the belief one can effectively respond), it triggers a fear control process (or defensive motivation), such as denial or avoidance.","The lecturer discusses Witte's model, explaining that without efficacy (self or response), fear leads to defensive mechanisms (maladaptive changes) rather than danger control (adaptive changes).","Your answer captures the core idea that **low efficacy** (believing nothing can be done) can lead to a **maladaptive reaction** where people disengage instead of taking action. That aligns with the EPPM’s prediction that high threat + low efficacy leads to a **fear-control/defensive** response.

To improve, you should name or more clearly describe the specific EPPM mechanism (e.g., **fear control**, **defensive motivation**) and give examples like **denial, avoidance, or message rejection**, which are the model’s typical maladaptive responses. “Hopelessness” can be part of why this happens, but the model emphasizes defensive coping behaviors.

Score: 7/10","Why are ""trending norms"" often more effective than standard descriptive norms for encouraging sustainable behaviors that are currently only performed by a minority?","Standard norms highlight that the majority do not engage in the behavior (negative social proof), whereas trending norms leverage preconformity by signaling that the behavior is increasing and becoming the future norm.","The lecturer cites Mortensen et al. and others to explain that when a behavior is low-prevalence, stating ""most people don't do X"" is unhelpful, but stating ""more people are starting to do X"" acts as a future norm.","You capture part of the idea that “trending” signals a behavior is growing and can draw people in, which aligns with the notion that it can motivate others to follow. However, you don’t clearly explain the key contrast: standard descriptive norms can backfire for low-prevalence behaviors because they communicate that *most people aren’t doing it* (negative social proof), while trending norms work by emphasizing that the behavior is *increasing* and may become the future norm (preconformity). Try explicitly stating that difference and why the “majority isn’t doing it” message can reduce motivation.

Score: 6/10","Based on Moral Foundations Theory, which specific moral value should be emphasized to effectively frame pro-environmental messages for a politically conservative audience?","Messages should frame environmental protection in terms of purity and sanctity (e.g., keeping the planet clean/uncontaminated) rather than just harm/care, which appeals more to liberals.","The lecturer discusses Feinberg & Willer's research showing that reframing climate change from a ""harm"" issue to a ""purity/sanctity"" issue reduces the gap in pro-environmental attitudes between liberals and conservatives.","Your response (“Maybe more scientific or idk”) doesn’t address the key idea from Moral Foundations Theory. The question is asking which *moral value* (foundation) to emphasize for conservatives, and the expected answer is **purity/sanctity** (keeping the environment clean/untainted), not a general appeal to science.

To improve, name the specific moral foundation and briefly connect it to why it fits conservative moral concerns better than harm/care framing.

Score: 1/10"
10/02/2026 12:37,10/02/2026 12:54,IP Address,100,1017,TRUE,10/02/2026 12:54,R_8iwgcHlnSpxo9Fi,anonymous,EN,1,P35,,,,,,,,,,Perceived scientific agreement,~97-99% scientific consensus vs ~67/68% general public,"People are sensitive to the reliability of the source of information about the consensus - factors such as intention, prestige (who the people that agree are), etc. matter.","When there is a perceived threat (susceptibility, severity) but low efficacy (not much we can do), this triggers a Fear Control Process - threat appraisal","Collective outcome efficacy - higher collective goal proximity, results in higher collective action intention","purity/sanctity (often characterised by disgust); authority, respect, ingroup, loyalty","According to the Gateway Belief Model, what specific perception acts as the primary lever to increase belief in human-caused climate change and support for public action?",The model posits that perceived scientific agreement (or perceived scientific consensus) is the key gateway belief that influences subsequent beliefs and support for action.,"The Gateway Belief Model proposes that changing a person's perception of the scientific consensus acts as a ""gateway"" to changing their personal beliefs about climate change, their worry, and ultimately their support for policy.","Your answer matches the Gateway Belief Model’s central “lever” exactly: the key perception is **perceived scientific agreement/consensus**. This clearly identifies the primary gateway belief the model highlights as driving increased belief in human-caused climate change and support for action.

Score: 10/10","Based on the lecture, contrast the actual level of scientific consensus on anthropogenic climate change (as of 2021) with the level estimated by the general public.","The actual scientific consensus is approximately 99%, whereas the general public (in the US and Europe) estimates the consensus to be much lower, roughly between 60% and 68%.","The lecturer cites Myers et al. (2021) showing 99% scientific agreement, and contrasts this with polls showing the public estimates expert consensus at roughly two-thirds, highlighting a ""consensus gap.""","Your response accurately captures the key contrast: scientists overwhelmingly agree (high 90s, essentially ~99%), while the general public estimates the consensus much lower (around two-thirds, ~67–68%). Including a range for the scientific consensus (97–99%) is close enough to the lecture’s cited ~99% and doesn’t change the main point about the “consensus gap.” To improve, you could explicitly note that this public estimate comes from US/Europe polling to match the lecture framing.

Score: 10/10","According to the probability weighting function discussed in decision-making research, why might simply describing a ""97% consensus"" be psychologically less impactful than the objective probability suggests?","When probabilities are presented via description, people tend to underweight high probabilities, treating 97% as less certain than it objectively is compared to when they learn through experience.","The lecturer explains that based on Kahneman and Tversky's prospect theory (and subsequent work), high probabilities are underweighted in descriptive choices, whereas decisions from experience often reduce this underweighting.","Your response focuses on *source credibility* (who is saying it, their intentions, prestige), which can affect persuasion, but it doesn’t address the key mechanism in the model answer: **probability weighting in described choices**, where people tend to **underweight high probabilities** like 97% and thus feel less “certainty” than the number objectively implies. In other words, you’re explaining *why the message might be doubted*, not why **97% itself is psychologically transformed into a lower effective probability** when described.

To improve, connect your point to the idea that when probabilities are described, people don’t treat 97% as near-certain; they perceive it as less than it is due to underweighting of high probabilities (especially compared to learning from experience).

Score: 3/10","According to the Extended Parallel Process Model, what specific maladaptive response is triggered when a climate message induces high threat but provides low efficacy?","If a message induces high threat without sufficient efficacy (the belief one can effectively respond), it triggers a fear control process (or defensive motivation), such as denial or avoidance.","The lecturer discusses Witte's model, explaining that without efficacy (self or response), fear leads to defensive mechanisms (maladaptive changes) rather than danger control (adaptive changes).","Your answer captures the core idea: high perceived threat combined with low efficacy leads to a **fear control process** rather than adaptive action. You also correctly link this to threat appraisal (severity/susceptibility) and low efficacy.

To improve, be more explicit about the **maladaptive/defensive outcomes** of fear control (e.g., **denial, avoidance, message rejection**). As written, you name the process but don’t clearly state the specific defensive response it produces.

Score: 8/10","Why are ""trending norms"" often more effective than standard descriptive norms for encouraging sustainable behaviors that are currently only performed by a minority?","Standard norms highlight that the majority do not engage in the behavior (negative social proof), whereas trending norms leverage preconformity by signaling that the behavior is increasing and becoming the future norm.","The lecturer cites Mortensen et al. and others to explain that when a behavior is low-prevalence, stating ""most people don't do X"" is unhelpful, but stating ""more people are starting to do X"" acts as a future norm.","Your response focuses on *collective outcome efficacy* (believing group action will work) and *goal proximity* (feeling closer to a collective goal), which can relate to motivating collective action in general. However, it does not address the key mechanism in the model answer: that **standard descriptive norms can backfire when a behavior is rare** (they highlight that most people *aren’t* doing it), while **trending norms work by emphasizing an upward trend/future norm (“more people are starting to do it”)**, leveraging preconformity.

To improve, explicitly contrast *standard descriptive norms* vs *trending norms* and explain why highlighting an *increase over time* is persuasive even when current adoption is low.

Score: 2/10","Based on Moral Foundations Theory, which specific moral value should be emphasized to effectively frame pro-environmental messages for a politically conservative audience?","Messages should frame environmental protection in terms of purity and sanctity (e.g., keeping the planet clean/uncontaminated) rather than just harm/care, which appeals more to liberals.","The lecturer discusses Feinberg & Willer's research showing that reframing climate change from a ""harm"" issue to a ""purity/sanctity"" issue reduces the gap in pro-environmental attitudes between liberals and conservatives.","Your answer includes the key foundation the question is asking for: **purity/sanctity**, which is the specific moral value shown to make pro-environmental framing more persuasive to conservatives in the cited research. Mentioning that it’s linked to **disgust** also fits Moral Foundations Theory.

However, you added **authority/respect** and **ingroup/loyalty**, which are conservative-leaning foundations but are not the specific one emphasized in the model answer for environmental messaging. To be fully accurate, you should focus on purity/sanctity as the primary framing (e.g., “keeping the planet clean/untainted”) rather than listing multiple foundations.

Score: 8/10"
10/02/2026 12:37,10/02/2026 12:54,IP Address,100,1057,TRUE,10/02/2026 12:54,R_2QVAGnvzRaWFo4k,anonymous,EN,1,P12,,,,,,,,,,Percieved scientific agreement,65% of the general public in comparison to the 94% of scientific researchers,The Gateway Belief Model posits that when the general public  are exposed to messages about scientific agreement they  are influenced by their own beliefs and worries which may reduce the impact perceived by an object probability,Defensiveness - the person denies the threat and avoids thinking about it to manage anxiety,"trending norms provide a reference point to guide people behaviour. If other people are doing it we, people are more likely to follow",Authority,"According to the Gateway Belief Model, what specific perception acts as the primary lever to increase belief in human-caused climate change and support for public action?",The model posits that perceived scientific agreement (or perceived scientific consensus) is the key gateway belief that influences subsequent beliefs and support for action.,"The Gateway Belief Model proposes that changing a person's perception of the scientific consensus acts as a ""gateway"" to changing their personal beliefs about climate change, their worry, and ultimately their support for policy.","Your answer matches the core idea in the Gateway Belief Model: the key “lever” is people’s **perception that scientists agree** (perceived scientific agreement/consensus) that climate change is human-caused. The spelling error doesn’t affect the meaning. To be even stronger, you could explicitly say “perceived scientific consensus *on human-caused climate change*.”

Score: 10/10","Based on the lecture, contrast the actual level of scientific consensus on anthropogenic climate change (as of 2021) with the level estimated by the general public.","The actual scientific consensus is approximately 99%, whereas the general public (in the US and Europe) estimates the consensus to be much lower, roughly between 60% and 68%.","The lecturer cites Myers et al. (2021) showing 99% scientific agreement, and contrasts this with polls showing the public estimates expert consensus at roughly two-thirds, highlighting a ""consensus gap.""","You correctly captured the main contrast: the public underestimates expert agreement, and you gave a plausible public estimate (~65%) close to the lecture’s “about two-thirds.” However, the key lecture point is that the scientific consensus is *very* high—about **99%** (Myers et al., 2021)—so stating **94%** significantly understates it and weakens the “consensus gap” idea. Try to use the lecture’s cited figure for scientists and note that the public estimate is much lower (around 60–68%).

Score: 7/10","According to the probability weighting function discussed in decision-making research, why might simply describing a ""97% consensus"" be psychologically less impactful than the objective probability suggests?","When probabilities are presented via description, people tend to underweight high probabilities, treating 97% as less certain than it objectively is compared to when they learn through experience.","The lecturer explains that based on Kahneman and Tversky's prospect theory (and subsequent work), high probabilities are underweighted in descriptive choices, whereas decisions from experience often reduce this underweighting.","Your response shows some awareness that people’s prior beliefs and emotions can dampen the impact of a “97% consensus” message, but it doesn’t capture the key mechanism the question is asking about. The model answer is specifically about *probability weighting in decisions from description*: people tend to **underweight high probabilities** like 97% when they’re merely described, making them feel less than “almost certain.” To improve, explicitly connect the reduced impact to this psychological underweighting of high probabilities (rather than focusing on the Gateway Belief Model).

Score: 3/10","According to the Extended Parallel Process Model, what specific maladaptive response is triggered when a climate message induces high threat but provides low efficacy?","If a message induces high threat without sufficient efficacy (the belief one can effectively respond), it triggers a fear control process (or defensive motivation), such as denial or avoidance.","The lecturer discusses Witte's model, explaining that without efficacy (self or response), fear leads to defensive mechanisms (maladaptive changes) rather than danger control (adaptive changes).","Your answer captures the key idea very well: when a message feels highly threatening but people don’t feel capable of responding effectively (low efficacy), they shift into a maladaptive, “fear control” style response. By describing denial and avoidance to manage anxiety, you’re matching the defensive mechanisms the model predicts.

To improve slightly, you could explicitly name this as the **fear control process** (as opposed to danger control) and mention that the trigger is specifically **low efficacy**.

Score: 9/10","Why are ""trending norms"" often more effective than standard descriptive norms for encouraging sustainable behaviors that are currently only performed by a minority?","Standard norms highlight that the majority do not engage in the behavior (negative social proof), whereas trending norms leverage preconformity by signaling that the behavior is increasing and becoming the future norm.","The lecturer cites Mortensen et al. and others to explain that when a behavior is low-prevalence, stating ""most people don't do X"" is unhelpful, but stating ""more people are starting to do X"" acts as a future norm.","Your response captures the general idea that people use others’ behavior as a guide (social influence), which is part of why norms can work.

However, you don’t explain the key distinction: with *standard descriptive norms* for minority behaviors, saying “most people aren’t doing it” can backfire by highlighting low participation (negative social proof), whereas *trending norms* work by emphasizing that the behavior is *increasing* and becoming the future norm (“preconformity”). Adding that “more and more people are starting to do X” would align your answer with the model.

Score: 4/10","Based on Moral Foundations Theory, which specific moral value should be emphasized to effectively frame pro-environmental messages for a politically conservative audience?","Messages should frame environmental protection in terms of purity and sanctity (e.g., keeping the planet clean/uncontaminated) rather than just harm/care, which appeals more to liberals.","The lecturer discusses Feinberg & Willer's research showing that reframing climate change from a ""harm"" issue to a ""purity/sanctity"" issue reduces the gap in pro-environmental attitudes between liberals and conservatives.","The key moral foundation emphasized in the model answer is **purity/sanctity** (keeping the environment clean and uncontaminated), because that framing tends to resonate more with politically conservative audiences in the cited research. You chose **authority**, which is a conservative-leaning moral foundation in Moral Foundations Theory, but it isn’t the specific one highlighted as most effective for pro-environmental framing in this context.

To improve, focus on matching the particular moral value the research found worked best (purity/sanctity) and connect it explicitly to environmental “cleanliness” or “contamination” rather than obedience/respect for leaders.

Score: 2/10"
10/02/2026 12:37,10/02/2026 12:54,IP Address,100,1042,TRUE,10/02/2026 12:54,R_8yoRmBUhO3UnSOR,anonymous,EN,1,P25,,,,,,,,,,percieveing a strong scientific consensus on climate change ,the actual level of scientific consensus on anthropogenic climate change with the level estimated by the general public is that the lcimate is warming and human activies are the primary cause (~97%) but the public underestimate this occurence and argue whether t us even the case the humans are causing the climate change (about two thirds agree),because people underweigh high probaibilities so 97% doesn;t feel psychologically close to certiantiy cuz there is the remianing 3% that they may focus on,loss of trust and motivation,because people are swayed by conformity and want to do what everyone else is doing,e,"According to the Gateway Belief Model, what specific perception acts as the primary lever to increase belief in human-caused climate change and support for public action?",The model posits that perceived scientific agreement (or perceived scientific consensus) is the key gateway belief that influences subsequent beliefs and support for action.,"The Gateway Belief Model proposes that changing a person's perception of the scientific consensus acts as a ""gateway"" to changing their personal beliefs about climate change, their worry, and ultimately their support for policy.","Your response correctly identifies the key “gateway” perception in the Gateway Belief Model: that there is a strong scientific consensus/agreement about human-caused climate change. This matches the model answer and captures the primary lever the model emphasizes for increasing belief and support for action. To be even more precise, you could explicitly connect it to “human-caused” climate change, but your wording strongly implies that.  

Score: 10/10","Based on the lecture, contrast the actual level of scientific consensus on anthropogenic climate change (as of 2021) with the level estimated by the general public.","The actual scientific consensus is approximately 99%, whereas the general public (in the US and Europe) estimates the consensus to be much lower, roughly between 60% and 68%.","The lecturer cites Myers et al. (2021) showing 99% scientific agreement, and contrasts this with polls showing the public estimates expert consensus at roughly two-thirds, highlighting a ""consensus gap.""","You correctly contrasted that scientists overwhelmingly agree humans are causing climate change, while the general public underestimates that level of agreement. However, your “~97%” figure is lower than what the lecture/model answer emphasizes for 2021 (about **99%**), and your public estimate is a bit vague—you should more clearly state that the public tends to place it around **60–68% (about two-thirds)** rather than framing it mainly as “arguing whether it’s even the case.” Tightening the numbers and explicitly naming the “consensus gap” idea would make this stronger.

Score: 8/10","According to the probability weighting function discussed in decision-making research, why might simply describing a ""97% consensus"" be psychologically less impactful than the objective probability suggests?","When probabilities are presented via description, people tend to underweight high probabilities, treating 97% as less certain than it objectively is compared to when they learn through experience.","The lecturer explains that based on Kahneman and Tversky's prospect theory (and subsequent work), high probabilities are underweighted in descriptive choices, whereas decisions from experience often reduce this underweighting.","You captured the key idea correctly: when a probability like 97% is described, people often *underweight* it, so it doesn’t feel as close to certainty as it objectively is, and they may focus on the remaining 3%. That matches the psychological point about probability weighting in descriptions. To improve, you could briefly connect this to the “described vs experienced” distinction mentioned in the model answer (i.e., that this underweighting is especially a feature of described probabilities).  

Score: 8/10","According to the Extended Parallel Process Model, what specific maladaptive response is triggered when a climate message induces high threat but provides low efficacy?","If a message induces high threat without sufficient efficacy (the belief one can effectively respond), it triggers a fear control process (or defensive motivation), such as denial or avoidance.","The lecturer discusses Witte's model, explaining that without efficacy (self or response), fear leads to defensive mechanisms (maladaptive changes) rather than danger control (adaptive changes).","Your answer gestures toward a negative, maladaptive reaction (“loss of motivation”), which loosely fits the idea that people may disengage when they feel threatened and powerless. However, it doesn’t name the specific EPPM mechanism: **fear control/defensive motivation**, typically expressed as **denial, avoidance, reactance, or message minimization**. “Loss of trust” can happen, but it isn’t the core maladaptive response the model highlights for high threat + low efficacy.

Score: 3/10","Why are ""trending norms"" often more effective than standard descriptive norms for encouraging sustainable behaviors that are currently only performed by a minority?","Standard norms highlight that the majority do not engage in the behavior (negative social proof), whereas trending norms leverage preconformity by signaling that the behavior is increasing and becoming the future norm.","The lecturer cites Mortensen et al. and others to explain that when a behavior is low-prevalence, stating ""most people don't do X"" is unhelpful, but stating ""more people are starting to do X"" acts as a future norm.","Your answer correctly identifies the general mechanism of **conformity/social influence**—people tend to follow what they think others are doing. However, it misses the key distinction: **standard descriptive norms can backfire** for minority behaviors by emphasizing that *most people aren’t doing it*, while **trending norms work by highlighting growth over time** (“more people are starting to do it”), which creates a sense of an emerging future norm (preconformity).

To improve, explicitly mention why standard norms are ineffective in low-prevalence cases and how “trending” messages avoid that by focusing on increasing adoption.

Score: 4/10","Based on Moral Foundations Theory, which specific moral value should be emphasized to effectively frame pro-environmental messages for a politically conservative audience?","Messages should frame environmental protection in terms of purity and sanctity (e.g., keeping the planet clean/uncontaminated) rather than just harm/care, which appeals more to liberals.","The lecturer discusses Feinberg & Willer's research showing that reframing climate change from a ""harm"" issue to a ""purity/sanctity"" issue reduces the gap in pro-environmental attitudes between liberals and conservatives.","The question asks you to identify a specific moral foundation (purity/sanctity) that is especially effective for framing pro-environmental messages to conservatives. Your response (“e”) doesn’t provide any identifiable moral value or explanation, so it doesn’t demonstrate understanding of the key concept.

To improve, name the moral foundation explicitly (e.g., “purity/sanctity”) and connect it to the idea of keeping the environment clean or uncontaminated when addressing conservative audiences.

Score: 0/10"
10/02/2026 12:38,10/02/2026 12:57,IP Address,100,1149,TRUE,10/02/2026 12:57,R_8DHAOMsxyKOsbMh,anonymous,EN,1,P02,,,,,,,,,,"The gateway belief model states that changes in perceived public consensus influenced how scienfitic arguments are understood and agreed upon, this therefore effects the belief or lack thereof in human caused climate change and subsequent support for public action. ",The scientific consensus is significantly higher than the general public consensus.,"This is because it can cause skepticism in the percentage shown, as it is the numbers that matter and not the proportions and there can be biases underlying this statement. Addtionally when it comes to decision making people tend to underweight large probalilites and over weigh small probabilities. And decision making it also rooted in expirience which when we experience outcomes we see different weighing functions. Therefore it would be more effective to say that 3% of scientists believe humans are NOT causing global warming. And commucation is important where we can make people expirience what a 97% consensus is.",low efficacy decreases hope and increases fear which therefore decreases activism intentions. If messages include high threat this also increases fear and defensive motication and maladaptive changes ,"Trending norms are more effective because people will associate the quantity of people performing a certain action with effectiveness and correctness. If less people are doing something, especially regarding sustainable behaviors if will be perceived as correct and unsustainable actions can be deemed uncessecary if they are only being performed by a minority. Therefor showing how trending norms are more effective in influencing public opinion and subsequent action.  ",For more politically conservative audiences climate change issues can be framed into moral foundations of purity and sanctity and this appeals to more conservative ideals.,"According to the Gateway Belief Model, what specific perception acts as the primary lever to increase belief in human-caused climate change and support for public action?",The model posits that perceived scientific agreement (or perceived scientific consensus) is the key gateway belief that influences subsequent beliefs and support for action.,"The Gateway Belief Model proposes that changing a person's perception of the scientific consensus acts as a ""gateway"" to changing their personal beliefs about climate change, their worry, and ultimately their support for policy.","Your answer captures the central mechanism of the Gateway Belief Model: that shifting a person’s perception of “consensus” can lead to greater belief in human-caused climate change and more support for action. You also correctly describe it as a lever that affects later beliefs and policy support.

The main issue is that you say **“perceived public consensus”** rather than **perceived scientific consensus/agreement**, which is the specific “gateway” perception the model emphasizes. Clarifying that it’s the *scientific* consensus (what climate scientists agree on) would make your response fully aligned with the model.

Score: 8/10","Based on the lecture, contrast the actual level of scientific consensus on anthropogenic climate change (as of 2021) with the level estimated by the general public.","The actual scientific consensus is approximately 99%, whereas the general public (in the US and Europe) estimates the consensus to be much lower, roughly between 60% and 68%.","The lecturer cites Myers et al. (2021) showing 99% scientific agreement, and contrasts this with polls showing the public estimates expert consensus at roughly two-thirds, highlighting a ""consensus gap.""","Your response captures the general direction correctly: scientists agree much more strongly than the public thinks. However, it’s too vague and doesn’t actually *contrast* the two levels in a concrete way—there are no approximate numbers (about 99% vs about 60–68%) or mention of the “consensus gap” idea emphasized in the lecture. Adding those estimates would make your answer much more complete and accurate.

Score: 4/10","According to the probability weighting function discussed in decision-making research, why might simply describing a ""97% consensus"" be psychologically less impactful than the objective probability suggests?","When probabilities are presented via description, people tend to underweight high probabilities, treating 97% as less certain than it objectively is compared to when they learn through experience.","The lecturer explains that based on Kahneman and Tversky's prospect theory (and subsequent work), high probabilities are underweighted in descriptive choices, whereas decisions from experience often reduce this underweighting.","You identify the key idea from the probability weighting function: when probabilities are described, people often *underweight high probabilities* (so 97% doesn’t feel as close to “certain” as it objectively is). You also correctly note the broader prospect theory pattern (overweighting small probabilities), and you gesture toward the description-vs-experience distinction, which is relevant.

However, parts of your explanation are muddled or not well-supported (e.g., “numbers not proportions,” “skepticism in the percentage”) and you don’t clearly connect *why* “97% consensus” specifically gets psychologically discounted due to underweighting of high probabilities in description-based choices. Your suggestion to reframe as “3% disagree” could help rhetorically, but it isn’t the core psychological mechanism asked for.

Score: 7/10","According to the Extended Parallel Process Model, what specific maladaptive response is triggered when a climate message induces high threat but provides low efficacy?","If a message induces high threat without sufficient efficacy (the belief one can effectively respond), it triggers a fear control process (or defensive motivation), such as denial or avoidance.","The lecturer discusses Witte's model, explaining that without efficacy (self or response), fear leads to defensive mechanisms (maladaptive changes) rather than danger control (adaptive changes).","Your response captures the central idea that **high threat + low efficacy leads to fear and defensive/maladaptive reactions** (fear control/defensive motivation), which aligns well with the Extended Parallel Process Model. You also correctly connect this to reduced constructive action (e.g., lower activism intentions), which is a plausible consequence.

To improve, be more **specific and direct** about the *named* maladaptive outcome in EPPM: it triggers **fear control (defensive motivation)** leading to behaviors like **denial, avoidance, or message rejection**. Mentioning one or two concrete examples (denial/avoidance) would make your answer match the model answer more closely.

Score: 8/10","Why are ""trending norms"" often more effective than standard descriptive norms for encouraging sustainable behaviors that are currently only performed by a minority?","Standard norms highlight that the majority do not engage in the behavior (negative social proof), whereas trending norms leverage preconformity by signaling that the behavior is increasing and becoming the future norm.","The lecturer cites Mortensen et al. and others to explain that when a behavior is low-prevalence, stating ""most people don't do X"" is unhelpful, but stating ""more people are starting to do X"" acts as a future norm.","Your response shows you understand a key idea of **social proof**: people often judge what’s “right” or “effective” by what many others are doing, so norms can influence behavior. You also imply that when only a minority does a sustainable behavior, it won’t feel like the “correct” choice to others.

However, you don’t clearly capture the model answer’s central distinction: **standard descriptive norms can backfire** in low-prevalence cases because they emphasize that “most people *don’t* do it,” while **trending norms work by highlighting change over time** (“more and more people are starting to do it”), which creates a sense of a **future norm / preconformity** (people conforming early to what seems to be becoming common). Your wording is also confusing in places (it sounds like you say “if less people are doing something… it will be perceived as correct,” which contradicts your earlier point).

Score: 5/10","Based on Moral Foundations Theory, which specific moral value should be emphasized to effectively frame pro-environmental messages for a politically conservative audience?","Messages should frame environmental protection in terms of purity and sanctity (e.g., keeping the planet clean/uncontaminated) rather than just harm/care, which appeals more to liberals.","The lecturer discusses Feinberg & Willer's research showing that reframing climate change from a ""harm"" issue to a ""purity/sanctity"" issue reduces the gap in pro-environmental attitudes between liberals and conservatives.","Your response captures the key idea accurately: for conservative audiences, pro-environmental messaging is more effective when framed around the moral foundation of **purity/sanctity**. You also correctly connect this foundation to conservative moral concerns. To improve, you could be a bit more specific that the message should emphasize *keeping the environment clean/uncontaminated* (and optionally contrast it with the harm/care framing that works better for liberals).

Score: 9/10"
10/02/2026 18:06,10/02/2026 18:14,IP Address,100,474,TRUE,10/02/2026 18:14,R_2nefmy43nF0Iren,anonymous,EN,1,P03,,,,,,,,,,No,The actual level of scientific that should be 1990% and the knuckle estimate estimated by the general public of the scientific consensus is 70%,"Because descriptive statistics that are high are perceived as and people, especially when it doesn’t come from direct experience",Fear comtrol process or avoidance,Because they think that it’s how people are going to perform so they don’t want to be a part of,For conservatives it should be purified or sanctity contrasting to harms or care for liberals,"According to the Gateway Belief Model, what specific perception acts as the primary lever to increase belief in human-caused climate change and support for public action?",The model posits that perceived scientific agreement (or perceived scientific consensus) is the key gateway belief that influences subsequent beliefs and support for action.,"The Gateway Belief Model proposes that changing a person's perception of the scientific consensus acts as a ""gateway"" to changing their personal beliefs about climate change, their worry, and ultimately their support for policy.","Your response (“No”) does not address the question or identify the key perception in the Gateway Belief Model. The question is asking for a specific lever—*perceived scientific agreement/consensus*—and your answer doesn’t provide any related concept or explanation. Try to name the perception explicitly and connect it to how it influences beliefs and support for action.

Score: 0/10","Based on the lecture, contrast the actual level of scientific consensus on anthropogenic climate change (as of 2021) with the level estimated by the general public.","The actual scientific consensus is approximately 99%, whereas the general public (in the US and Europe) estimates the consensus to be much lower, roughly between 60% and 68%.","The lecturer cites Myers et al. (2021) showing 99% scientific agreement, and contrasts this with polls showing the public estimates expert consensus at roughly two-thirds, highlighting a ""consensus gap.""","You’re trying to contrast the real scientific consensus with what the public thinks, and you correctly include that the public estimate is around **70%**, which is close to the lecture’s ~60–68% range.

However, your statement that the actual scientific consensus is **“1990%”** is not meaningful and does not match the key lecture point (it should be about **~99%** agreement). Fixing that number and clearly stating the “consensus gap” idea would make your answer accurate.

Score: 3/10","According to the probability weighting function discussed in decision-making research, why might simply describing a ""97% consensus"" be psychologically less impactful than the objective probability suggests?","When probabilities are presented via description, people tend to underweight high probabilities, treating 97% as less certain than it objectively is compared to when they learn through experience.","The lecturer explains that based on Kahneman and Tversky's prospect theory (and subsequent work), high probabilities are underweighted in descriptive choices, whereas decisions from experience often reduce this underweighting.","Your response gestures toward the right idea by mentioning that high descriptive statistics may be “perceived” differently and that lack of direct experience matters. However, it’s incomplete and unclear: you don’t explicitly state the key mechanism that people *underweight* high probabilities when they’re described (so 97% feels less than “almost certain”), and the sentence is cut off, making your point hard to interpret. Try to clearly contrast “described” probabilities vs “learned from experience” and explain that description leads people to treat 97% as less compelling than it objectively is.

Score: 4/10","According to the Extended Parallel Process Model, what specific maladaptive response is triggered when a climate message induces high threat but provides low efficacy?","If a message induces high threat without sufficient efficacy (the belief one can effectively respond), it triggers a fear control process (or defensive motivation), such as denial or avoidance.","The lecturer discusses Witte's model, explaining that without efficacy (self or response), fear leads to defensive mechanisms (maladaptive changes) rather than danger control (adaptive changes).","Your answer captures the main idea: in the EPPM, **high threat + low efficacy** leads to a **fear control process**, which is a maladaptive/defensive response, and you correctly give **avoidance** as an example.  

To improve, you could be a bit clearer that this is specifically a *defensive* reaction (e.g., denial, message minimization) rather than adaptive “danger control,” and fix the minor spelling/clarity (“fear control”).  

Score: 9/10","Why are ""trending norms"" often more effective than standard descriptive norms for encouraging sustainable behaviors that are currently only performed by a minority?","Standard norms highlight that the majority do not engage in the behavior (negative social proof), whereas trending norms leverage preconformity by signaling that the behavior is increasing and becoming the future norm.","The lecturer cites Mortensen et al. and others to explain that when a behavior is low-prevalence, stating ""most people don't do X"" is unhelpful, but stating ""more people are starting to do X"" acts as a future norm.","Your answer gestures at the key idea that people are influenced by what they believe others will do in the future (not wanting to be left out), which is part of why trending norms can work.

However, it’s too vague and doesn’t clearly explain the main contrast: standard descriptive norms can backfire for minority behaviors by emphasizing that “most people don’t do it,” while trending norms work by highlighting that the behavior is increasing and may become the new normal (“future norm”/preconformity). Try explicitly mentioning both pieces (the problem with standard norms and the advantage of trending norms).  

Score: 4/10","Based on Moral Foundations Theory, which specific moral value should be emphasized to effectively frame pro-environmental messages for a politically conservative audience?","Messages should frame environmental protection in terms of purity and sanctity (e.g., keeping the planet clean/uncontaminated) rather than just harm/care, which appeals more to liberals.","The lecturer discusses Feinberg & Willer's research showing that reframing climate change from a ""harm"" issue to a ""purity/sanctity"" issue reduces the gap in pro-environmental attitudes between liberals and conservatives.","Your response captures the key idea correctly: for a politically conservative audience, pro-environmental messages should be framed around the **purity/sanctity** moral foundation rather than **harm/care**, which tends to resonate more with liberals. You could improve slightly by making the connection to *environmental protection* explicit (e.g., “keeping the planet clean/untainted”) and stating more clearly that this framing is used to increase conservative support.  

Score: 9/10"
10/02/2026 12:36,10/02/2026 23:22,IP Address,100,38781,TRUE,10/02/2026 23:22,R_8IoxLLJPoHZokSQ,anonymous,EN,1,P08,,,,,,,,,,Perceived scientific agreement acts as the primary lever,"Most (97% of) climate scientists believe in anthropogenic climate change while the general public believes less in it. This is particularly seen in the political divide, for example conservative individuals will be less likely to believe in it compared to their liberal counterparts","It is less impactful than the objective probability because people are particularly sensitive to how reliable the source of information is regarding the consensus. For example, who is saying it and where does the data come from",Defensive motivation and fear control process,Trending norms are more effective than standard descriptive norms because people want to conform to what others are already doing. ,"in group loyalty, and authority/respect","According to the Gateway Belief Model, what specific perception acts as the primary lever to increase belief in human-caused climate change and support for public action?",The model posits that perceived scientific agreement (or perceived scientific consensus) is the key gateway belief that influences subsequent beliefs and support for action.,"The Gateway Belief Model proposes that changing a person's perception of the scientific consensus acts as a ""gateway"" to changing their personal beliefs about climate change, their worry, and ultimately their support for policy.","Your response accurately identifies the key “gateway” perception in the Gateway Belief Model: perceived scientific agreement/consensus. This directly matches the model answer and captures the specific lever the model emphasizes. To make it even stronger, you could add that this perception then shifts personal belief and support for public action, but the core concept is correct.

Score: 10/10","Based on the lecture, contrast the actual level of scientific consensus on anthropogenic climate change (as of 2021) with the level estimated by the general public.","The actual scientific consensus is approximately 99%, whereas the general public (in the US and Europe) estimates the consensus to be much lower, roughly between 60% and 68%.","The lecturer cites Myers et al. (2021) showing 99% scientific agreement, and contrasts this with polls showing the public estimates expert consensus at roughly two-thirds, highlighting a ""consensus gap.""","You correctly identify that there is strong scientific agreement on human-caused climate change and that the general public is less convinced, which captures the main “consensus gap” idea. However, you give the scientific consensus as 97% instead of the lecture’s ~99% (as of 2021), and you don’t include the key detail that the public tends to *estimate* expert consensus at around ~60–68% (roughly two-thirds). Bringing in political divide is relevant context, but it doesn’t replace the needed numerical comparison.

Score: 7/10","According to the probability weighting function discussed in decision-making research, why might simply describing a ""97% consensus"" be psychologically less impactful than the objective probability suggests?","When probabilities are presented via description, people tend to underweight high probabilities, treating 97% as less certain than it objectively is compared to when they learn through experience.","The lecturer explains that based on Kahneman and Tversky's prospect theory (and subsequent work), high probabilities are underweighted in descriptive choices, whereas decisions from experience often reduce this underweighting.","Your answer focuses on *source credibility* (who says it, where the data comes from). That’s a reasonable factor in persuasion, but it’s not the key mechanism asked about here. The model answer is about the **probability weighting function**: when probabilities are **described**, people often **underweight high probabilities**, so “97%” can *feel* less certain/compelling than it objectively is (especially compared with learning from experience).

To improve, connect your explanation to **how people mentally transform/weight probabilities** (e.g., treating 97% as not “near-certain”) rather than focusing mainly on trust in the source.

Score: 3/10","According to the Extended Parallel Process Model, what specific maladaptive response is triggered when a climate message induces high threat but provides low efficacy?","If a message induces high threat without sufficient efficacy (the belief one can effectively respond), it triggers a fear control process (or defensive motivation), such as denial or avoidance.","The lecturer discusses Witte's model, explaining that without efficacy (self or response), fear leads to defensive mechanisms (maladaptive changes) rather than danger control (adaptive changes).","Your answer correctly identifies the key maladaptive pathway in the Extended Parallel Process Model: when threat is high and efficacy is low, people shift into a **fear control/defensive motivation** mode rather than taking constructive action. 

To make it even stronger, you could add an example of the *specific maladaptive responses* that can result (e.g., **denial, avoidance, message rejection**), since the question asks for what response is triggered.

Score: 8/10","Why are ""trending norms"" often more effective than standard descriptive norms for encouraging sustainable behaviors that are currently only performed by a minority?","Standard norms highlight that the majority do not engage in the behavior (negative social proof), whereas trending norms leverage preconformity by signaling that the behavior is increasing and becoming the future norm.","The lecturer cites Mortensen et al. and others to explain that when a behavior is low-prevalence, stating ""most people don't do X"" is unhelpful, but stating ""more people are starting to do X"" acts as a future norm.","Your answer captures the general idea that social influence and conformity matter, which is part of why norms can change behavior. However, you miss the key distinction: standard descriptive norms can *backfire* for minority behaviors by emphasizing that most people **aren’t** doing it (negative social proof), while trending norms work by highlighting that the behavior is **increasing** and may become the future norm (preconformity). To improve, explicitly mention the “increasing trend/future norm” aspect and why “most people don’t do it” is ineffective.

Score: 4/10","Based on Moral Foundations Theory, which specific moral value should be emphasized to effectively frame pro-environmental messages for a politically conservative audience?","Messages should frame environmental protection in terms of purity and sanctity (e.g., keeping the planet clean/uncontaminated) rather than just harm/care, which appeals more to liberals.","The lecturer discusses Feinberg & Willer's research showing that reframing climate change from a ""harm"" issue to a ""purity/sanctity"" issue reduces the gap in pro-environmental attitudes between liberals and conservatives.","Your response shows that you understand conservatives are often more persuaded by “binding” moral foundations (like loyalty and authority) than by harm/care alone, which is a reasonable general idea within Moral Foundations Theory. However, it misses the specific foundation highlighted in the lecture/research for environmental messaging to conservatives: **purity/sanctity** (framing the environment as clean vs. contaminated). To improve, name **purity/sanctity** explicitly and connect it to environmental protection framing.

Score: 4/10"
10/02/2026 12:37,10/02/2026 12:50,IP Address,72,792,FALSE,17/02/2026 12:50,R_8f1MEulv4OyuKmP,anonymous,EN,0.800000012,P05,"I confirm that I understand that by ticking/initialling each box below I am consenting to this element of the study. I understand that it will be assumed that unticked/initialled boxes means that I DO NOT consent to that part of the study. I understand that by not giving consent for any one element that I may be deemed ineligible for the study.,I have read the information sheet and understand I can email the researchers with any questions.,I understand that my personal information (e.g., my age, gender, and information about my language background) will be used for the purposes of this study, which have been explained to me.,I consent to the processing of my personal information for the purposes of this study, and I understand that any such information will be treated as strictly confidential and handled in accordance with the provisions of the Data Protection Act 2018.,I understand that the information I provide may be published as a report and I will be sent a copy if I wish. Confidentiality and anonymity will be maintained, and it will not be possible to identify me in any publications.,I understand that my anonymised research data may be shared in accordance with open science guidelines (no one will be able to identify me if these data are shared).,I understand that I am free to withdraw from the study without penalty if I so wish.,I am over the age of 18.,I consent to take part in this study.",23,Other,English Urdu,6,5,6,4,5,extreme weather events,"the actual level of scientific consensus is much higher than the level estimated by the general public. the general public underestimates the impacts that climate change can have on various ecosystems and humans as well (in terms of rising sea levels resulting in flooding and displacement, etc).",,,,saving humans,"According to the Gateway Belief Model, what specific perception acts as the primary lever to increase belief in human-caused climate change and support for public action?",The model posits that perceived scientific agreement (or perceived scientific consensus) is the key gateway belief that influences subsequent beliefs and support for action.,"The Gateway Belief Model proposes that changing a person's perception of the scientific consensus acts as a ""gateway"" to changing their personal beliefs about climate change, their worry, and ultimately their support for policy.","The Gateway Belief Model’s main “lever” is *perceived scientific agreement/consensus* among scientists. Your answer (“extreme weather events”) can influence people’s beliefs, but it is not the specific perception the model identifies as the gateway mechanism driving increased belief in human-caused climate change and support for action.

Score: 1/10","Based on the lecture, contrast the actual level of scientific consensus on anthropogenic climate change (as of 2021) with the level estimated by the general public.","The actual scientific consensus is approximately 99%, whereas the general public (in the US and Europe) estimates the consensus to be much lower, roughly between 60% and 68%.","The lecturer cites Myers et al. (2021) showing 99% scientific agreement, and contrasts this with polls showing the public estimates expert consensus at roughly two-thirds, highlighting a ""consensus gap.""","Your response correctly captures the main contrast that scientists agree at a much higher level than the public thinks, which is the core idea of the “consensus gap.” However, you don’t include the key quantitative comparison from the lecture (about ~99% scientific consensus vs public estimates around ~60–68%), and you shift to discussing underestimated *impacts* rather than underestimated *scientific agreement*, which makes your answer less precise.

Score: 6/10","According to the probability weighting function discussed in decision-making research, why might simply describing a ""97% consensus"" be psychologically less impactful than the objective probability suggests?","When probabilities are presented via description, people tend to underweight high probabilities, treating 97% as less certain than it objectively is compared to when they learn through experience.","The lecturer explains that based on Kahneman and Tversky's prospect theory (and subsequent work), high probabilities are underweighted in descriptive choices, whereas decisions from experience often reduce this underweighting.",,"According to the Extended Parallel Process Model, what specific maladaptive response is triggered when a climate message induces high threat but provides low efficacy?","If a message induces high threat without sufficient efficacy (the belief one can effectively respond), it triggers a fear control process (or defensive motivation), such as denial or avoidance.","The lecturer discusses Witte's model, explaining that without efficacy (self or response), fear leads to defensive mechanisms (maladaptive changes) rather than danger control (adaptive changes).",,"Why are ""trending norms"" often more effective than standard descriptive norms for encouraging sustainable behaviors that are currently only performed by a minority?","Standard norms highlight that the majority do not engage in the behavior (negative social proof), whereas trending norms leverage preconformity by signaling that the behavior is increasing and becoming the future norm.","The lecturer cites Mortensen et al. and others to explain that when a behavior is low-prevalence, stating ""most people don't do X"" is unhelpful, but stating ""more people are starting to do X"" acts as a future norm.",,"Based on Moral Foundations Theory, which specific moral value should be emphasized to effectively frame pro-environmental messages for a politically conservative audience?","Messages should frame environmental protection in terms of purity and sanctity (e.g., keeping the planet clean/uncontaminated) rather than just harm/care, which appeals more to liberals.","The lecturer discusses Feinberg & Willer's research showing that reframing climate change from a ""harm"" issue to a ""purity/sanctity"" issue reduces the gap in pro-environmental attitudes between liberals and conservatives.","Your response (“saving humans”) points to the **harm/care** foundation (preventing harm to people), which is a valid moral concern but **not** the one Moral Foundations Theory research suggests is most effective for **politically conservative** audiences in environmental messaging. The key idea is that conservatives tend to respond better when environmental protection is framed around **purity/sanctity** (cleanliness, contamination, sacredness of nature) rather than primarily human harm.

To improve, explicitly mention **purity/sanctity** or describe environmental issues in terms of **keeping the world/nature clean and uncontaminated**.

Score: 2/10"
10/02/2026 12:37,10/02/2026 15:57,IP Address,96,11994,FALSE,17/02/2026 15:57,R_2P7dcRumtj6pRD2,anonymous,EN,1,P04,,,,,,,,,,perceived scientific agreement,actual level of consensus is around 97% while estimated by public is around 60-70%,"people understand percentages like the consensus more when experiencing the actual number, for example pressing through 100 researchers 97 are green 3 are red to significy sceptisicm is more effective and increases valence ",Low  engagement of climate action,"trending norms is boosted by the action and belief that ""everyone is doing the same thing"" it is more effective as people tend to want to act the same as others to increase sense of belonging","purity/sanctity, authroity and loyalty ","According to the Gateway Belief Model, what specific perception acts as the primary lever to increase belief in human-caused climate change and support for public action?",The model posits that perceived scientific agreement (or perceived scientific consensus) is the key gateway belief that influences subsequent beliefs and support for action.,"The Gateway Belief Model proposes that changing a person's perception of the scientific consensus acts as a ""gateway"" to changing their personal beliefs about climate change, their worry, and ultimately their support for policy.","Your answer matches the key “gateway” perception named in the Gateway Belief Model: the perception that scientists agree (scientific consensus) that climate change is human-caused. This is exactly the primary lever the model highlights for increasing belief and support for action.

Score: 10/10","Based on the lecture, contrast the actual level of scientific consensus on anthropogenic climate change (as of 2021) with the level estimated by the general public.","The actual scientific consensus is approximately 99%, whereas the general public (in the US and Europe) estimates the consensus to be much lower, roughly between 60% and 68%.","The lecturer cites Myers et al. (2021) showing 99% scientific agreement, and contrasts this with polls showing the public estimates expert consensus at roughly two-thirds, highlighting a ""consensus gap.""","You captured the main contrast correctly: scientists overwhelmingly agree humans are causing climate change, while the public estimates that agreement to be much lower (around two-thirds). Your public estimate range matches the lecture/model answer well, but your “actual” consensus figure is a bit low compared with the 2021 value emphasized in the lecture (about 99%). Tightening that number and noting the idea of a “consensus gap” would make your answer fully aligned.

Score: 8/10","According to the probability weighting function discussed in decision-making research, why might simply describing a ""97% consensus"" be psychologically less impactful than the objective probability suggests?","When probabilities are presented via description, people tend to underweight high probabilities, treating 97% as less certain than it objectively is compared to when they learn through experience.","The lecturer explains that based on Kahneman and Tversky's prospect theory (and subsequent work), high probabilities are underweighted in descriptive choices, whereas decisions from experience often reduce this underweighting.","Your response picks up an important idea: that *how* probability information is presented (a verbal “97% consensus” vs. a more concrete/experiential format like seeing 97 out of 100) can change how persuasive or impactful it feels. The example you give (“97 are green, 3 are red”) fits the notion that experience/frequency formats can make the probability feel more compelling.

What’s missing is the key mechanism from the model answer: in decisions from *description*, people often **underweight high probabilities**, so “97%” can feel less near-certain than it objectively is. Try to explicitly state that people psychologically treat 97% as less than 0.97 when it’s described, and that experiential/frequency learning can reduce that underweighting.

Score: 7/10","According to the Extended Parallel Process Model, what specific maladaptive response is triggered when a climate message induces high threat but provides low efficacy?","If a message induces high threat without sufficient efficacy (the belief one can effectively respond), it triggers a fear control process (or defensive motivation), such as denial or avoidance.","The lecturer discusses Witte's model, explaining that without efficacy (self or response), fear leads to defensive mechanisms (maladaptive changes) rather than danger control (adaptive changes).","Your answer points in the right direction in that it suggests people won’t take constructive climate action when efficacy is low. However, it doesn’t identify the *specific maladaptive process* the EPPM predicts under **high threat + low efficacy**: a **fear control/defensive response** such as **denial, avoidance, or dismissing the message**. To improve, name one of these defensive reactions rather than just low engagement.

Score: 4/10","Why are ""trending norms"" often more effective than standard descriptive norms for encouraging sustainable behaviors that are currently only performed by a minority?","Standard norms highlight that the majority do not engage in the behavior (negative social proof), whereas trending norms leverage preconformity by signaling that the behavior is increasing and becoming the future norm.","The lecturer cites Mortensen et al. and others to explain that when a behavior is low-prevalence, stating ""most people don't do X"" is unhelpful, but stating ""more people are starting to do X"" acts as a future norm.","Your response captures the general idea that social influence and a desire to fit in can motivate behavior change, which is part of why norms work.

However, you miss the key distinction in the model answer: *standard descriptive norms can backfire* for minority behaviors because they highlight that “most people don’t do it,” while *trending norms* work by emphasizing that the behavior is **increasing** and will likely become the future norm (preconformity). Also, saying “everyone is doing it” doesn’t fit the “minority behavior” setup—trending norms are specifically useful when not everyone is doing it yet.

Score: 5/10","Based on Moral Foundations Theory, which specific moral value should be emphasized to effectively frame pro-environmental messages for a politically conservative audience?","Messages should frame environmental protection in terms of purity and sanctity (e.g., keeping the planet clean/uncontaminated) rather than just harm/care, which appeals more to liberals.","The lecturer discusses Feinberg & Willer's research showing that reframing climate change from a ""harm"" issue to a ""purity/sanctity"" issue reduces the gap in pro-environmental attitudes between liberals and conservatives.","Your answer includes **purity/sanctity**, which is the key moral foundation highlighted by Moral Foundations Theory research for effectively framing pro-environmental messages to conservatives. However, adding **authority** and **loyalty** makes your response less precise, because the question asks which *specific* moral value should be emphasized, and the model answer focuses on purity/sanctity as the main effective reframing (as opposed to harm/care).

To improve, you should clearly identify **purity/sanctity as the primary foundation** and, if you mention others, explain why they would help and whether evidence supports them in this context.

Score: 8/10"
10/02/2026 17:46,10/02/2026 18:00,IP Address,80,789,FALSE,17/02/2026 18:00,R_8UfQqirY7EXFie5,anonymous,EN,1,P03,,,,,,,,,,,75%,Because we underweigh high probabilities that are close to a hundred,Autonomy,,We,"According to the Gateway Belief Model, what specific perception acts as the primary lever to increase belief in human-caused climate change and support for public action?",The model posits that perceived scientific agreement (or perceived scientific consensus) is the key gateway belief that influences subsequent beliefs and support for action.,"The Gateway Belief Model proposes that changing a person's perception of the scientific consensus acts as a ""gateway"" to changing their personal beliefs about climate change, their worry, and ultimately their support for policy.",,"Based on the lecture, contrast the actual level of scientific consensus on anthropogenic climate change (as of 2021) with the level estimated by the general public.","The actual scientific consensus is approximately 99%, whereas the general public (in the US and Europe) estimates the consensus to be much lower, roughly between 60% and 68%.","The lecturer cites Myers et al. (2021) showing 99% scientific agreement, and contrasts this with polls showing the public estimates expert consensus at roughly two-thirds, highlighting a ""consensus gap.""","Your response gives a single percentage (75%) but the question asks you to **contrast two levels**: (1) the **actual scientific consensus** (about **99%**) and (2) the **public’s estimate** (about **60–68%**). By providing only one number, you don’t show the key idea of the **gap** between expert agreement and public perception, and the number you gave doesn’t match either figure from the lecture.

Score: 2/10","According to the probability weighting function discussed in decision-making research, why might simply describing a ""97% consensus"" be psychologically less impactful than the objective probability suggests?","When probabilities are presented via description, people tend to underweight high probabilities, treating 97% as less certain than it objectively is compared to when they learn through experience.","The lecturer explains that based on Kahneman and Tversky's prospect theory (and subsequent work), high probabilities are underweighted in descriptive choices, whereas decisions from experience often reduce this underweighting.","You captured the central idea: people tend to **underweight very high probabilities**, so “97%” can feel less convincing than it should objectively.

To improve, you could add that this effect is especially noted when probabilities are given by **description** (like “97% consensus”), and briefly contrast it with learning from **experience**, which can change or reduce this underweighting.

Score: 8/10","According to the Extended Parallel Process Model, what specific maladaptive response is triggered when a climate message induces high threat but provides low efficacy?","If a message induces high threat without sufficient efficacy (the belief one can effectively respond), it triggers a fear control process (or defensive motivation), such as denial or avoidance.","The lecturer discusses Witte's model, explaining that without efficacy (self or response), fear leads to defensive mechanisms (maladaptive changes) rather than danger control (adaptive changes).","Your response (“Autonomy”) does not match what the Extended Parallel Process Model predicts in this situation. In EPPM, **high threat + low efficacy** leads to **fear control/defensive (maladaptive) responses** like **denial, avoidance, or message rejection**, not autonomy. To improve, name the **fear control process** and give an example of a defensive reaction.

Score: 0/10","Why are ""trending norms"" often more effective than standard descriptive norms for encouraging sustainable behaviors that are currently only performed by a minority?","Standard norms highlight that the majority do not engage in the behavior (negative social proof), whereas trending norms leverage preconformity by signaling that the behavior is increasing and becoming the future norm.","The lecturer cites Mortensen et al. and others to explain that when a behavior is low-prevalence, stating ""most people don't do X"" is unhelpful, but stating ""more people are starting to do X"" acts as a future norm.",,"Based on Moral Foundations Theory, which specific moral value should be emphasized to effectively frame pro-environmental messages for a politically conservative audience?","Messages should frame environmental protection in terms of purity and sanctity (e.g., keeping the planet clean/uncontaminated) rather than just harm/care, which appeals more to liberals.","The lecturer discusses Feinberg & Willer's research showing that reframing climate change from a ""harm"" issue to a ""purity/sanctity"" issue reduces the gap in pro-environmental attitudes between liberals and conservatives.","Your response (“We”) doesn’t provide any relevant information about Moral Foundations Theory or which moral value (purity/sanctity) should be emphasized to appeal to conservatives. It looks incomplete, so I can’t tell whether you understand the concept. Try answering by naming the specific moral foundation and briefly explaining how it reframes environmental protection for a conservative audience.

Score: 0/10"
