StartDate,EndDate,Status,Progress,Duration (in seconds),Finished,RecordedDate,ResponseId,DistributionChannel,UserLanguage,Q_RecaptchaScore,candidate_number,consent_form,age,gender,language,SAQ01,SAQ02,SAQ03,SAQ04,SAQ05,SAQ06,enjoyment_1,test_anxiety_1_1,test_anxiety_2_1,ai_1_1,ai_2_1,ai_open,Q01,MA01,R01,F01,Q02,MA02,R02,F02,Q03,MA03,R03,F03,Q04,MA04,R04,F04,Q05,MA05,R05,F05,Q06,MA06,R06,F06
Start Date,End Date,Response Type,Progress,Duration (in seconds),Finished,Recorded Date,Response ID,Distribution Channel,User Language,Q_RecaptchaScore,What is your Candidate Number?,"CONSENT FORM FOR ADULTS IN ONLINE RESEARCH STUDIES

Please complete this form after you have read the Information Sheet.



If you have any questions arising from the Information Sheet, please contact the researcher before you decide whether to participate.",What is your age?,What is your gender?,What is your first language?,[Field-Q01],[Field-Q02],[Field-Q03],[Field-Q04],[Field-Q05],[Field-Q06],How enjoyable did you find the artificial intelligence (AI)-generated practice quizzes?,How anxious do you feel about the graded class quiz next week?,How anxious do you feel about the final exam for this course?,To what extent do you agree or disagree with educators using artificial intelligence (AI)-generated content in the classroom?,How useful do you think artificial intelligence (AI)-generated practice quizzes are for your learning?,Do you have any comments on the practice quizzes or the use of artificial intelligence (AI) to generate them?,Q01,MA01,R01,F01,Q02,MA02,R02,F02,Q03,MA03,R03,F03,Q04,MA04,R04,F04,Q05,MA05,R05,F05,Q06,MA06,R06,F06
"{""ImportId"":""startDate"",""timeZone"":""Europe/London""}","{""ImportId"":""endDate"",""timeZone"":""Europe/London""}","{""ImportId"":""status""}","{""ImportId"":""progress""}","{""ImportId"":""duration""}","{""ImportId"":""finished""}","{""ImportId"":""recordedDate"",""timeZone"":""Europe/London""}","{""ImportId"":""_recordId""}","{""ImportId"":""distributionChannel""}","{""ImportId"":""userLanguage""}","{""ImportId"":""Q_RecaptchaScore""}","{""ImportId"":""QID4_TEXT""}","{""ImportId"":""QID3""}","{""ImportId"":""QID5_TEXT""}","{""ImportId"":""QID6""}","{""ImportId"":""QID7_TEXT""}","{""ImportId"":""QID25_TEXT""}","{""ImportId"":""QID26_TEXT""}","{""ImportId"":""QID27_TEXT""}","{""ImportId"":""QID28_TEXT""}","{""ImportId"":""QID29_TEXT""}","{""ImportId"":""QID30_TEXT""}","{""ImportId"":""QID1219726347_1""}","{""ImportId"":""QID1219726348_1""}","{""ImportId"":""QID1219726349_1""}","{""ImportId"":""QID1219726350_1""}","{""ImportId"":""QID1219726351_1""}","{""ImportId"":""QID43_TEXT""}","{""ImportId"":""Q01""}","{""ImportId"":""MA01""}","{""ImportId"":""R01""}","{""ImportId"":""F01""}","{""ImportId"":""Q02""}","{""ImportId"":""MA02""}","{""ImportId"":""R02""}","{""ImportId"":""F02""}","{""ImportId"":""Q03""}","{""ImportId"":""MA03""}","{""ImportId"":""R03""}","{""ImportId"":""F03""}","{""ImportId"":""Q04""}","{""ImportId"":""MA04""}","{""ImportId"":""R04""}","{""ImportId"":""F04""}","{""ImportId"":""Q05""}","{""ImportId"":""MA05""}","{""ImportId"":""R05""}","{""ImportId"":""F05""}","{""ImportId"":""Q06""}","{""ImportId"":""MA06""}","{""ImportId"":""R06""}","{""ImportId"":""F06""}"
17/03/2026 12:50,17/03/2026 12:58,IP Address,100,499,TRUE,17/03/2026 12:58,R_2YkLzzMIeHLBHvt,anonymous,EN,1,P14,,,,,"According to conventional wisdom, people must first be convinced that climate change is real, serious, and human-caused before they will change their behavior. This assumption holds that accurate knowledge and belief are necessary prerequisites for behavioral change.","The topic is the broad subject field (e.g., climate misinformation), while the area of investigation is the specific mechanism, relationship, or aspect you're examining within it (e.g., how conversion narratives exploit source credibility). A strong research question names the topic to establish context, then narrows to the investigable claim or phenomenon you'll analyze.","Cross-sectional surveys measure both behavior and attitudes at a single time point, making it impossible to establish temporal precedence—you cannot determine whether the behavior caused the attitude change, the attitude caused the behavior, or whether both were influenced by a third variable. Without measuring variables at different time points, the direction of causality remains ambiguous.","The two-wave longitudinal design establishes temporal precedence by measuring variables at two time points, allowing researchers to determine whether narrative transportation at Time 1 predicts attitude change at Time 2, rather than just observing correlations at a single moment. This overcomes cross-sectional research's primary limitation: the inability to establish causal direction or rule out reverse causation.","The experimental methodology reverses conventional wisdom by manipulating behavior first (e.g., having participants sign a Greenpeace petition or engage in activism) and then measuring subsequent attitude change, rather than trying to change attitudes first to produce behavior. This tests whether committing to pro-environmental action can cause people to develop stronger climate beliefs, inverting the typical assumption that belief change must precede behavioral change.","They are investigating behavior-to-attitude causality—whether engaging in the behavior (community gardening) causes changes in attitudes or concerns (climate beliefs). This reverses the conventional wisdom that attitudes must change before behavior, instead examining whether behavior change can precede and drive attitude change.",2,7,7,3,2,Sometimes the answer it gives back is inaccurate ,"According to conventional wisdom, what is the prerequisite for changing people's behaviour regarding climate change?",Conventional wisdom suggests that changing how people think about climate change is the prerequisite for changing their actual behaviour.,"This question assesses the ""Remember"" level of Bloom's taxonomy. It requires learners to recall the implicit, standard assumption in most climate psychology research before the lecturer introduces the alternative ""action-centric"" approach.","Your response captures the core idea of the model answer: conventional wisdom assumes people’s behaviour will change only after their thinking/beliefs about climate change change first. You add helpful detail by specifying what kinds of beliefs (real, serious, human-caused) and linking this to knowledge/accuracy, which fits the “change minds before actions” assumption.

To improve, you could align even more closely with the model answer by explicitly phrasing it as “changing how people think about climate change” (not only convincing skeptics), since the conventional view is broader than just establishing belief in reality/causes.

Score: 9/10","How does a successful research question differentiate between the ""topic"" and the ""area of investigation""?","The topic is the specific subject being investigated, whereas the area of investigation is what the researcher ultimately aims to understand about that subject.","This question targets the ""Understand"" level. It requires learners to explain the relationship and difference between two foundational terms needed to formulate strong research questions.","Your response captures the distinction very well. You correctly describe the **topic** as the subject area and the **area of investigation** as the more focused aspect/relationship within that subject that the researcher wants to understand, which aligns with the model’s idea of “what you ultimately aim to understand.” Your added point about how a strong research question moves from context to a focused, investigable phenomenon is accurate and strengthens the explanation.

To improve slightly, you could mirror the model answer’s framing a bit more explicitly by emphasizing that the area of investigation is the **purpose/understanding sought** about the topic (not just the narrowed subpart), but your meaning already strongly implies this.

Score: 10/10",Why is a cross-sectional survey methodology limited when attempting to establish a causal relationship between pro-environmental behaviour and attitude?,"A cross-sectional survey measures variables at a single point in time, which can identify correlations but cannot establish whether behaviour causes an attitude or vice versa.","This question targets the ""Analyze"" level. Learners must break down the characteristics of cross-sectional research to explain why it falls short of proving causality, drawing on the lecturer's critique of the provided literature.","You accurately captured the key limitation: cross-sectional surveys collect data at one point in time, so they can show associations but cannot determine the direction of influence between pro-environmental behaviour and attitudes. You also strengthened your answer by explicitly naming the lack of temporal precedence and mentioning the possibility of third variables (confounding), which further explains why causality can’t be established.

To improve slightly, you could explicitly connect this to the idea that cross-sectional designs are correlational by nature (not experimental/longitudinal), but your explanation already implies that clearly.  
Score: 10/10","In the two-wave longitudinal transport study, how does the methodology overcome the primary limitation of cross-sectional research?","By measuring attitudes and behaviours at two distinct time points, the study tests bidirectional relationships to determine if initial behaviour predicts future attitudes or vice versa.","This question assesses the ""Apply"" and ""Analyze"" levels. It requires learners to contrast longitudinal methodology against cross-sectional limitations and explain how measuring variables over time helps approximate causation.","Your response captures the key methodological advantage very well. You correctly explain that using two time points helps establish temporal precedence and addresses the cross-sectional limitation of not being able to determine directionality (including the possibility of reverse causation). One small improvement would be to explicitly note the *bidirectional* testing idea (i.e., checking whether early attitudes could also predict later behavior), but your explanation already aligns closely with the model answer’s intent.

Score: 9/10","Based on the experimental study involving Greenpeace, how does the methodology reverse the ""conventional wisdom"" of climate psychology research?","Instead of testing if attitudes predict actions, the experiment manipulates behaviour by giving participants the opportunity to donate, then measures how this action impacts their subsequent attitudes.","This question targets the ""Analyze"" level. It requires learners to interpret the methodology of a specific experiment and contrast its sequence of variables against the traditional ""thinking leads to action"" paradigm.","Your response captures the key reversal very well: you clearly explain that the study intervenes on behavior first and then observes effects on attitudes, instead of the traditional approach where attitudes are treated as the cause of behavior. You also correctly frame the logic as testing whether taking a pro-environmental action can strengthen beliefs/attitudes afterward.

One minor improvement: the model answer’s specific example is donating, whereas you mention signing a petition/activism; that’s still conceptually aligned, but tying your example more directly to “donation opportunity” would make it even tighter.

Score: 9/10","If a researcher studies how engaging in community gardening affects participants' climate concerns, what direction of causality are they investigating?","The researcher is investigating the action-centric direction of causality, testing how taking an action impacts the subsequent development of mental constructs like beliefs and feelings.","This question targets the ""Apply"" level. Learners must apply the lecture's theoretical frameworks to a hypothetical scenario, identifying that measuring the impact of an action on a mental construct aligns with the action-centric research model.","Your response matches the model answer very closely. You correctly identify the direction as **behavior/action → attitude/mental construct**, explaining that doing community gardening (an action) is being tested for its effect on climate concerns (a belief/feeling). You also add a helpful clarification that this reverses the more common “attitudes → behavior” assumption, which shows strong understanding of the causal framing.

To improve slightly, you could echo the model answer’s phrasing “action-centric” (or explicitly say “action-to-mental-construct”) to align terminology, but your concept is already clear and accurate.

Score: 10/10"
17/03/2026 12:50,17/03/2026 12:59,IP Address,100,534,TRUE,17/03/2026 12:59,R_22KYvlwwUUqpfyl,anonymous,EN,1,P23,,,,,"giving information to people, people being aware and understanding of the issue, and finally speaking to their emotions ; this should lead to change in behaviour",idk,it is limited because the results will be correlational and not cuasation,"there are two key points of research being done, therefore we get a better overview of the participanr ","it focuses on how behaviour drives action, rather than how action influences behaviour. ",i,3,5,6,5,5,"not much apart from that I usually prefer the the non-AI, summative ones. The questions usually make more sense ","According to conventional wisdom, what is the prerequisite for changing people's behaviour regarding climate change?",Conventional wisdom suggests that changing how people think about climate change is the prerequisite for changing their actual behaviour.,"This question assesses the ""Remember"" level of Bloom's taxonomy. It requires learners to recall the implicit, standard assumption in most climate psychology research before the lecturer introduces the alternative ""action-centric"" approach.","Your response captures much of the conventional sequence: you emphasize informing people, increasing awareness/understanding, and shifting emotions as steps that should then lead to behaviour change. That aligns with the model answer’s core idea that *changing people’s thinking/attitudes* (often through information and persuasion) is seen as the prerequisite for changing behaviour.

To improve, you could state the prerequisite more directly and succinctly (e.g., “first change beliefs/attitudes about climate change, then behaviour follows”), since the question asks specifically for the conventional “prerequisite,” not a multi-step strategy.

Score: 8/10","How does a successful research question differentiate between the ""topic"" and the ""area of investigation""?","The topic is the specific subject being investigated, whereas the area of investigation is what the researcher ultimately aims to understand about that subject.","This question targets the ""Understand"" level. It requires learners to explain the relationship and difference between two foundational terms needed to formulate strong research questions.","Your response (“idk”) doesn’t provide any explanation of the difference between a *topic* and an *area of investigation*, so it doesn’t show understanding of the key idea the question is asking about. To improve, you should define both terms and clearly contrast them (e.g., topic = what you’re studying; area of investigation = what you want to find out about it).  

Score: 0/10",Why is a cross-sectional survey methodology limited when attempting to establish a causal relationship between pro-environmental behaviour and attitude?,"A cross-sectional survey measures variables at a single point in time, which can identify correlations but cannot establish whether behaviour causes an attitude or vice versa.","This question targets the ""Analyze"" level. Learners must break down the characteristics of cross-sectional research to explain why it falls short of proving causality, drawing on the lecturer's critique of the provided literature.","Your response captures the main limitation correctly: cross-sectional surveys typically show correlation, not causation. To be closer to the full model answer, you could add *why* causation can’t be inferred—because the data are collected at a single time point, so you can’t determine which comes first (attitude → behaviour or behaviour → attitude).

Score: 7/10","In the two-wave longitudinal transport study, how does the methodology overcome the primary limitation of cross-sectional research?","By measuring attitudes and behaviours at two distinct time points, the study tests bidirectional relationships to determine if initial behaviour predicts future attitudes or vice versa.","This question assesses the ""Apply"" and ""Analyze"" levels. It requires learners to contrast longitudinal methodology against cross-sectional limitations and explain how measuring variables over time helps approximate causation.","Your response shows you understand that having two waves (two points of data collection) can give a “better overview” than a single snapshot. However, it doesn’t explain the main methodological advantage: measuring the same variables at two different times to examine directionality (whether earlier behaviour predicts later attitudes or earlier attitudes predict later behaviour), which addresses the causality/temporal-order limitation of cross-sectional studies.

Try to explicitly mention “over time,” “temporal order,” and testing which variable comes first (bidirectional relationships).

Score: 3/10","Based on the experimental study involving Greenpeace, how does the methodology reverse the ""conventional wisdom"" of climate psychology research?","Instead of testing if attitudes predict actions, the experiment manipulates behaviour by giving participants the opportunity to donate, then measures how this action impacts their subsequent attitudes.","This question targets the ""Analyze"" level. It requires learners to interpret the methodology of a specific experiment and contrast its sequence of variables against the traditional ""thinking leads to action"" paradigm.","Your response shows you recognize that the study flips the usual direction (it’s about behavior first rather than attitudes first), which is an important part of the “reverse conventional wisdom” idea. However, you mix up the relationship in your wording: you say “behaviour drives action” and “action influences behaviour,” but the key contrast is **behavior (donating opportunity) influencing later attitudes**, not behavior vs. action. Clarify that the experiment **manipulates behavior first (donation) and then measures changes in attitudes afterward**.

Score: 4/10","If a researcher studies how engaging in community gardening affects participants' climate concerns, what direction of causality are they investigating?","The researcher is investigating the action-centric direction of causality, testing how taking an action impacts the subsequent development of mental constructs like beliefs and feelings.","This question targets the ""Apply"" level. Learners must apply the lecture's theoretical frameworks to a hypothetical scenario, identifying that measuring the impact of an action on a mental construct aligns with the action-centric research model.","Your response (“i”) doesn’t address the question or indicate any understanding of the causal direction being studied. The question is asking you to identify that the researcher is testing whether an **action/behavior (community gardening)** influences a **mental construct (climate concerns)**, which is the **action-centric direction of causality**. Try writing a complete sentence naming that direction and briefly stating “behavior → concerns/beliefs.”

Score: 0/10"
17/03/2026 12:50,17/03/2026 13:00,IP Address,100,591,TRUE,17/03/2026 13:00,R_8xMigyV3b11m1Ag,anonymous,EN,1,P17,,,,,"people's beliefs, attitudes, and knowledge regarding climate change","The topic should be as specific as possible, while the area of investigation could be broad","Only an experiment can establish a solid causal relationship, a survey cannot","if it is longitudinal, it can measure variables at multiple time points, thus establishing a solid causal relationship with clear identification of the direction of the relationship",It tests whether actions drive people's attitudes change,whether actions drive attitudes,4,7,7,4,4,,"According to conventional wisdom, what is the prerequisite for changing people's behaviour regarding climate change?",Conventional wisdom suggests that changing how people think about climate change is the prerequisite for changing their actual behaviour.,"This question assesses the ""Remember"" level of Bloom's taxonomy. It requires learners to recall the implicit, standard assumption in most climate psychology research before the lecturer introduces the alternative ""action-centric"" approach.","Your response captures the core idea of the conventional view: that shifting people’s internal mindset (what they know, believe, and feel about climate change) is necessary before their behaviour will change. Including “beliefs” and “attitudes” aligns well with “how people think,” and “knowledge” fits the typical assumption in climate communication.

To improve, you could make the causal link more explicit by stating that changing these beliefs/attitudes/knowledge is *the prerequisite* for changing behaviour, not just related factors.

Score: 9/10","How does a successful research question differentiate between the ""topic"" and the ""area of investigation""?","The topic is the specific subject being investigated, whereas the area of investigation is what the researcher ultimately aims to understand about that subject.","This question targets the ""Understand"" level. It requires learners to explain the relationship and difference between two foundational terms needed to formulate strong research questions.","Your response shows you understand that “topic” and “area of investigation” differ in scope (topic = narrower, area = broader), which is part of the distinction.

However, the key idea missing is that the *area of investigation* isn’t just “broad”—it’s the specific *angle/purpose* or what you’re trying to find out or understand about the topic (the guiding focus of the research). You could improve by explicitly stating that the area of investigation describes the researcher’s intended understanding/question about the topic, not only its breadth.

Score: 6/10",Why is a cross-sectional survey methodology limited when attempting to establish a causal relationship between pro-environmental behaviour and attitude?,"A cross-sectional survey measures variables at a single point in time, which can identify correlations but cannot establish whether behaviour causes an attitude or vice versa.","This question targets the ""Analyze"" level. Learners must break down the characteristics of cross-sectional research to explain why it falls short of proving causality, drawing on the lecturer's critique of the provided literature.","Your response captures the main idea that surveys (including cross-sectional ones) are weak for establishing causality, which aligns with the model answer’s point that they can’t prove cause-and-effect. However, you don’t explain *why* cross-sectional surveys are limited—specifically that they measure attitude and behaviour at only one time point, so you can’t determine the direction of the relationship (whether attitude influences behaviour or behaviour influences attitude), and they mainly show correlation.

Score: 6/10","In the two-wave longitudinal transport study, how does the methodology overcome the primary limitation of cross-sectional research?","By measuring attitudes and behaviours at two distinct time points, the study tests bidirectional relationships to determine if initial behaviour predicts future attitudes or vice versa.","This question assesses the ""Apply"" and ""Analyze"" levels. It requires learners to contrast longitudinal methodology against cross-sectional limitations and explain how measuring variables over time helps approximate causation.","Your response captures the main advantage of a two-wave longitudinal design over cross-sectional research: measuring variables at more than one time point helps clarify the *direction* of the relationship. You could improve by being more specific that the study measures *both attitudes and behaviours* at two time points to test *bidirectional effects* (whether earlier attitudes predict later behaviour and/or earlier behaviour predicts later attitudes), and by softening “solid causal relationship” since two waves support temporal ordering but don’t fully prove causation.

Score: 8/10","Based on the experimental study involving Greenpeace, how does the methodology reverse the ""conventional wisdom"" of climate psychology research?","Instead of testing if attitudes predict actions, the experiment manipulates behaviour by giving participants the opportunity to donate, then measures how this action impacts their subsequent attitudes.","This question targets the ""Analyze"" level. It requires learners to interpret the methodology of a specific experiment and contrast its sequence of variables against the traditional ""thinking leads to action"" paradigm.","Your response captures the core reversal: the study looks at whether taking an action can lead to a change in attitudes, rather than the usual assumption that attitudes lead to action.  

To improve, be more specific about *how* the experiment does this: it **manipulates behavior first** (e.g., giving people a chance to donate) and then **measures subsequent attitudes**, rather than just generally “testing” the idea.  

Score: 7/10","If a researcher studies how engaging in community gardening affects participants' climate concerns, what direction of causality are they investigating?","The researcher is investigating the action-centric direction of causality, testing how taking an action impacts the subsequent development of mental constructs like beliefs and feelings.","This question targets the ""Apply"" level. Learners must apply the lecture's theoretical frameworks to a hypothetical scenario, identifying that measuring the impact of an action on a mental construct aligns with the action-centric research model.","Your response captures the core causal direction correctly: you identify that the researcher is testing whether **behavior/action (community gardening)** influences **attitudes/mental states (climate concerns)**. That aligns well with the action → mental constructs (“action-centric”) framing. To be even stronger, you could explicitly mention that the outcome is a *mental construct* like beliefs/feelings/concerns, not just “attitudes” broadly.

Score: 8/10"
17/03/2026 12:50,17/03/2026 13:00,IP Address,100,599,TRUE,17/03/2026 13:00,R_8pJBRDdEBTHK6SB,anonymous,EN,1,P31,,,,,you must change their values in order to change their behavior,"a topic is broader and the research question must select a specific problem/question within that topic. For example, in the topic of using public transport as a proenvironmental behavior, biking to work could be the area of investigation","because there isn't a totally controlled manipulation at time one and time 2 for one consistent group. Thus without this clean treatment and time b measurement, can't conclude causal relationship, ","measurements at different point in time which can help draw connections between whether there is a relationship between thoughts and actions across time points. So while you wouldn't be able to draw conclusions at time 1, measuring at time 2, 3, etc can help identify patterns",seeing if donating to greenpeace (action) changes values rather than only checking if values dictate donations,they are investigating how behaviors affect thoughts which is contrary to the conventional wisdom of looking at how thoughts affect behaviors,5,3,5,5,6,"I think that using AI to generate practice quizzes and feedback is one of the best uses of AI. I've been using this as a study tool for at least a year. I think that making this software available for us to practice at home with the same/similar quizzes rather than just in class can help us study for the biweekly graded quizzes. Because we only take the practice quizzes in class, it makes it easier to not activate our deep thinking between classes which is a missed opportunity. Overall, I think it's smart to use AI in this way. It's like a personalized tutor and can assist us learning the information rather than only telling us the information.","According to conventional wisdom, what is the prerequisite for changing people's behaviour regarding climate change?",Conventional wisdom suggests that changing how people think about climate change is the prerequisite for changing their actual behaviour.,"This question assesses the ""Remember"" level of Bloom's taxonomy. It requires learners to recall the implicit, standard assumption in most climate psychology research before the lecturer introduces the alternative ""action-centric"" approach.","Your answer is partly on the right track because “changing values” can be one way of changing how people think, which conventional wisdom often assumes will lead to behavior change. However, the model answer is broader: it emphasizes changing people’s thinking/attitudes/beliefs about climate change in general, not specifically their values. To improve, mention that the prerequisite is changing how they *think about climate change* (e.g., beliefs, concern, attitudes), rather than narrowing it to values alone.

Score: 6/10","How does a successful research question differentiate between the ""topic"" and the ""area of investigation""?","The topic is the specific subject being investigated, whereas the area of investigation is what the researcher ultimately aims to understand about that subject.","This question targets the ""Understand"" level. It requires learners to explain the relationship and difference between two foundational terms needed to formulate strong research questions.","Your response shows you understand that a research question narrows from something broad to something more specific, which is an important part of forming a good research question. However, you’ve flipped the model’s distinction: in the model, the **topic** is the specific subject (e.g., public transport), while the **area of investigation** is the particular aspect you want to understand about it (e.g., what influences its use, its environmental impact, barriers, etc.). Also, in your example, “biking to work” doesn’t fit as an area of investigation *about public transport*—it’s more like a different (though related) topic/behavior.

Score: 6/10",Why is a cross-sectional survey methodology limited when attempting to establish a causal relationship between pro-environmental behaviour and attitude?,"A cross-sectional survey measures variables at a single point in time, which can identify correlations but cannot establish whether behaviour causes an attitude or vice versa.","This question targets the ""Analyze"" level. Learners must break down the characteristics of cross-sectional research to explain why it falls short of proving causality, drawing on the lecturer's critique of the provided literature.","Your answer shows you understand an important limitation: without measuring the same group across time (and/or manipulating variables), it’s hard to make causal claims. You also correctly point to the lack of control/manipulation, which is relevant to causality in general.

However, you don’t clearly state the key point specific to *cross-sectional* surveys: they measure both attitude and behaviour at a single time point, so you can’t determine the direction of the relationship (whether attitude leads to behaviour or behaviour shapes attitude). Mentioning “time 1 and time 2” implies longitudinal/experimental designs but doesn’t explicitly connect to the “single point in time” issue and directionality.

Score: 7/10","In the two-wave longitudinal transport study, how does the methodology overcome the primary limitation of cross-sectional research?","By measuring attitudes and behaviours at two distinct time points, the study tests bidirectional relationships to determine if initial behaviour predicts future attitudes or vice versa.","This question assesses the ""Apply"" and ""Analyze"" levels. It requires learners to contrast longitudinal methodology against cross-sectional limitations and explain how measuring variables over time helps approximate causation.","Your response correctly identifies the key advantage of a longitudinal (two-wave) design: taking measurements at different times helps you see how variables relate across time and identify patterns that a single cross-sectional snapshot can’t show.  

To match the model answer more closely, you should explicitly mention *directionality/bidirectional testing*—i.e., checking whether earlier behaviour predicts later attitudes and/or whether earlier attitudes predict later behaviour (which helps address the causality limitation of cross-sectional research). Also, this study is specifically “two-wave,” so mentioning time 1 and time 2 (rather than 2, 3, etc.) would be more precise.

Score: 7/10","Based on the experimental study involving Greenpeace, how does the methodology reverse the ""conventional wisdom"" of climate psychology research?","Instead of testing if attitudes predict actions, the experiment manipulates behaviour by giving participants the opportunity to donate, then measures how this action impacts their subsequent attitudes.","This question targets the ""Analyze"" level. It requires learners to interpret the methodology of a specific experiment and contrast its sequence of variables against the traditional ""thinking leads to action"" paradigm.","Your response captures the key reversal clearly: the study looks at whether an action (donating to Greenpeace) can change people’s values/attitudes, rather than only assuming values/attitudes drive the action. To improve, you could be a bit more explicit that the experiment *manipulates behavior first* (by giving the opportunity to donate) and then measures attitudes afterward.

Score: 9/10","If a researcher studies how engaging in community gardening affects participants' climate concerns, what direction of causality are they investigating?","The researcher is investigating the action-centric direction of causality, testing how taking an action impacts the subsequent development of mental constructs like beliefs and feelings.","This question targets the ""Apply"" level. Learners must apply the lecture's theoretical frameworks to a hypothetical scenario, identifying that measuring the impact of an action on a mental construct aligns with the action-centric research model.","Your response captures the core causal direction correctly: you identify that the researcher is testing whether an action/behavior (community gardening) influences mental states (climate concerns), which matches the action-centric direction of causality. You also correctly contrast this with the more common assumption that thoughts drive behaviors. To improve, you could name it explicitly as “action-centric causality” and tie “climate concerns” to beliefs/feelings/attitudes more directly.  

Score: 9/10"
17/03/2026 12:52,17/03/2026 13:00,IP Address,100,483,TRUE,17/03/2026 13:00,R_2oVgMidiqCz6I8N,anonymous,EN,1,P16,,,,,Conventional wisdom says that change in attitudes drives people's behaviour regarding climate change,"topic is the general field, area of investigation is a lot more specific",because it does not allow showing of directionality,it tracks participants over time,"The study measured peoples attitudes towards greenpeace before an after making a donation to them, which showed the reverse of conventional wisdom, which would have said that attitudes towards greenpeace drove donation behaviour, not the other way round","action as the IV, behaviour as the DV",6,2,6,7,7,I feel like they were very generously marked - more transparency about how they were being marked would have been nice,"According to conventional wisdom, what is the prerequisite for changing people's behaviour regarding climate change?",Conventional wisdom suggests that changing how people think about climate change is the prerequisite for changing their actual behaviour.,"This question assesses the ""Remember"" level of Bloom's taxonomy. It requires learners to recall the implicit, standard assumption in most climate psychology research before the lecturer introduces the alternative ""action-centric"" approach.","Your response captures the core idea of the model answer: that “conventional wisdom” assumes you must first change people’s internal mindset (attitudes/thinking) in order to change their climate-related behaviour. Using “attitudes” instead of “how people think” is a close match and acceptable. To be even more precise, you could explicitly state that this change in thinking is viewed as a *prerequisite* (i.e., it must come first) for behaviour change.

Score: 9/10","How does a successful research question differentiate between the ""topic"" and the ""area of investigation""?","The topic is the specific subject being investigated, whereas the area of investigation is what the researcher ultimately aims to understand about that subject.","This question targets the ""Understand"" level. It requires learners to explain the relationship and difference between two foundational terms needed to formulate strong research questions.","Your response correctly recognizes that the two terms differ in specificity, but you’ve reversed the model’s distinction. In the model answer, the **topic** is the specific subject (what you’re studying), while the **area of investigation** is the broader purpose or angle—what you want to find out or understand about that subject. Try rephrasing to show that the area of investigation is the “what do I want to learn about this topic?” part.

Score: 4/10",Why is a cross-sectional survey methodology limited when attempting to establish a causal relationship between pro-environmental behaviour and attitude?,"A cross-sectional survey measures variables at a single point in time, which can identify correlations but cannot establish whether behaviour causes an attitude or vice versa.","This question targets the ""Analyze"" level. Learners must break down the characteristics of cross-sectional research to explain why it falls short of proving causality, drawing on the lecturer's critique of the provided literature.","Your response captures an important key limitation: cross-sectional surveys don’t establish **directionality** (i.e., whether attitude leads to behaviour or behaviour leads to attitude). However, it would be stronger if you also mentioned *why*—that the data are collected at **one point in time**, so you can only detect **associations/correlations**, not causation.

Score: 7/10","In the two-wave longitudinal transport study, how does the methodology overcome the primary limitation of cross-sectional research?","By measuring attitudes and behaviours at two distinct time points, the study tests bidirectional relationships to determine if initial behaviour predicts future attitudes or vice versa.","This question assesses the ""Apply"" and ""Analyze"" levels. It requires learners to contrast longitudinal methodology against cross-sectional limitations and explain how measuring variables over time helps approximate causation.","Your response shows the main idea that a longitudinal (two-wave) design follows the same people across time, which is the key way it improves on a cross-sectional “one-time snapshot.”

To match the full model answer, you should also explain *why* this matters: measuring both attitudes and behaviours at two time points lets researchers test directionality (e.g., whether earlier behaviour predicts later attitudes or earlier attitudes predict later behaviour), which addresses the main causal-limitation of cross-sectional studies.

Score: 6/10","Based on the experimental study involving Greenpeace, how does the methodology reverse the ""conventional wisdom"" of climate psychology research?","Instead of testing if attitudes predict actions, the experiment manipulates behaviour by giving participants the opportunity to donate, then measures how this action impacts their subsequent attitudes.","This question targets the ""Analyze"" level. It requires learners to interpret the methodology of a specific experiment and contrast its sequence of variables against the traditional ""thinking leads to action"" paradigm.","You captured the key reversal correctly: conventional research often assumes attitudes drive behavior, but this study puts behavior first (donation opportunity) and then examines how that action changes attitudes. You also correctly described the before/after attitude measurement around the donation.

To improve, be a bit clearer that the “manipulation” is giving participants the chance to donate (i.e., behavior is the independent variable), rather than just “making a donation,” and that the key point is testing behavior → attitudes rather than attitudes → behavior.

Score: 9/10","If a researcher studies how engaging in community gardening affects participants' climate concerns, what direction of causality are they investigating?","The researcher is investigating the action-centric direction of causality, testing how taking an action impacts the subsequent development of mental constructs like beliefs and feelings.","This question targets the ""Apply"" level. Learners must apply the lecture's theoretical frameworks to a hypothetical scenario, identifying that measuring the impact of an action on a mental construct aligns with the action-centric research model.","Your answer shows you recognize the key structural idea: **action/behavior is the independent variable (cause)** and the outcome is something that changes as a result. That matches the “action → mental construct” direction the question is asking about.

However, you labeled the DV as **“behaviour”**, but in the scenario the dependent variable is **participants’ climate concerns** (a belief/attitude/feeling), not another behavior. Be explicit that the study tests whether **doing community gardening (action)** affects **climate concern (mental construct)**.

Score: 6/10"
17/03/2026 12:50,17/03/2026 13:01,IP Address,100,677,TRUE,17/03/2026 13:01,R_2htZXxzMDkIxdlY,anonymous,EN,1,P11,,,,,"it must feel, concrete, doable and meaningful ",the topic is the broad aspect and the area of investigation is the actual concrete thing they are going to test and manipulate ,cross sectional only tests at one single time point so we cannot establish if anything changes and how pro-envionrmnetal actionc change the behaviour ,the longitudional method shows how peoples behaviours change over time so we get a better measure of peoples intentions ,it looks at flipping the arrow for how actions change our beliefs comapred to how our beliefs change our actions,they are assessing a longitudional direction as they are looking at the change in climate concerns over time,5,5,6,5,6,,"According to conventional wisdom, what is the prerequisite for changing people's behaviour regarding climate change?",Conventional wisdom suggests that changing how people think about climate change is the prerequisite for changing their actual behaviour.,"This question assesses the ""Remember"" level of Bloom's taxonomy. It requires learners to recall the implicit, standard assumption in most climate psychology research before the lecturer introduces the alternative ""action-centric"" approach.","Your response focuses on what makes a climate action message effective (that it feels concrete, doable, and meaningful), which is a reasonable idea, but it doesn’t match the specific “conventional wisdom” the question is asking for. The model answer is about a common assumption: that you must first change people’s thinking/attitudes about climate change before their behaviour will change. To improve, explicitly state that conventional wisdom says changing minds (beliefs, awareness, attitudes) is the prerequisite to changing behaviour.

Score: 3/10","How does a successful research question differentiate between the ""topic"" and the ""area of investigation""?","The topic is the specific subject being investigated, whereas the area of investigation is what the researcher ultimately aims to understand about that subject.","This question targets the ""Understand"" level. It requires learners to explain the relationship and difference between two foundational terms needed to formulate strong research questions.","Your response shows you understand that the two terms are different, but you’ve mostly flipped the relationship compared with the model answer. In the model, the **topic** is the specific subject (what you’re studying), while the **area of investigation** is the aspect/angle you want to understand about that subject (what you want to find out). Also, saying you will “test and manipulate” suggests an experiment, but an area of investigation can be about understanding relationships or explanations without manipulation.

Score: 4/10",Why is a cross-sectional survey methodology limited when attempting to establish a causal relationship between pro-environmental behaviour and attitude?,"A cross-sectional survey measures variables at a single point in time, which can identify correlations but cannot establish whether behaviour causes an attitude or vice versa.","This question targets the ""Analyze"" level. Learners must break down the characteristics of cross-sectional research to explain why it falls short of proving causality, drawing on the lecturer's critique of the provided literature.","Your answer correctly identifies the key limitation: cross-sectional studies measure at only one point in time, so they can’t track change over time. However, you don’t clearly state the main causal problem emphasized in the model answer: cross-sectional surveys can show association/correlation but can’t determine directionality (whether attitudes cause behaviour or behaviour causes attitudes), or rule out alternative explanations.

Feedback: You’re right that one-time measurement prevents observing changes over time. To strengthen your answer, explicitly mention that cross-sectional designs can’t establish cause-and-effect because they can’t show which variable comes first (attitude vs. behaviour) and they mainly identify correlations.

Score: 7/10","In the two-wave longitudinal transport study, how does the methodology overcome the primary limitation of cross-sectional research?","By measuring attitudes and behaviours at two distinct time points, the study tests bidirectional relationships to determine if initial behaviour predicts future attitudes or vice versa.","This question assesses the ""Apply"" and ""Analyze"" levels. It requires learners to contrast longitudinal methodology against cross-sectional limitations and explain how measuring variables over time helps approximate causation.","Your answer correctly recognizes the key advantage of a longitudinal (two-wave) design: it tracks the same people over time rather than giving just a single snapshot. However, it doesn’t capture the main point the question is asking for—how two time points allow the researchers to test directionality (whether earlier attitudes predict later behavior *or* earlier behavior predicts later attitudes), which addresses the cross-sectional problem of not being able to infer temporal order.

Score: 5/10","Based on the experimental study involving Greenpeace, how does the methodology reverse the ""conventional wisdom"" of climate psychology research?","Instead of testing if attitudes predict actions, the experiment manipulates behaviour by giving participants the opportunity to donate, then measures how this action impacts their subsequent attitudes.","This question targets the ""Analyze"" level. It requires learners to interpret the methodology of a specific experiment and contrast its sequence of variables against the traditional ""thinking leads to action"" paradigm.","Your response captures the main idea well: you clearly note that the study “flips the arrow” from beliefs → actions to actions → beliefs, which is the core reversal of conventional climate psychology.

To improve, you could be a bit more specific about *how* the experiment does this—by manipulating behavior first (e.g., giving a chance to donate) and then measuring changes in later attitudes, rather than just describing the general direction.

Score: 8/10","If a researcher studies how engaging in community gardening affects participants' climate concerns, what direction of causality are they investigating?","The researcher is investigating the action-centric direction of causality, testing how taking an action impacts the subsequent development of mental constructs like beliefs and feelings.","This question targets the ""Apply"" level. Learners must apply the lecture's theoretical frameworks to a hypothetical scenario, identifying that measuring the impact of an action on a mental construct aligns with the action-centric research model.","Your answer correctly notices that the researcher is looking at **change over time**, which is often true in studies of how an activity might influence attitudes. However, the question is specifically asking about the **direction of causality**: whether **the action (community gardening)** is treated as the cause and **climate concerns (a mental construct/attitude)** as the outcome. Calling it “longitudinal” describes a **study design**, not the causal direction being tested.

Score: 4/10"
17/03/2026 12:50,17/03/2026 13:02,IP Address,100,721,TRUE,17/03/2026 13:02,R_2CIT2zfHxGSfzcd,anonymous,EN,1,P15,,,,,seeing a noticeable and personal difference,idk,individual difference factors means there are confounding variables and a direct cause and effect relationship cannot be established,"Accounts for individual differences that come with cross-sectional research, looking at the same people across time controls for that",idk,The cause of community gardening on particuipants climate corncerns,6,3,4,3,6,bad for the environment - seems a bit ironic,"According to conventional wisdom, what is the prerequisite for changing people's behaviour regarding climate change?",Conventional wisdom suggests that changing how people think about climate change is the prerequisite for changing their actual behaviour.,"This question assesses the ""Remember"" level of Bloom's taxonomy. It requires learners to recall the implicit, standard assumption in most climate psychology research before the lecturer introduces the alternative ""action-centric"" approach.","Your answer points to an idea often discussed in climate communication (that people act when they notice personal, tangible impacts), but it doesn’t match the “conventional wisdom” the question is asking about. The key prerequisite in the model answer is a change in people’s thinking/attitudes/beliefs about climate change, not necessarily experiencing a personal difference.

To improve, focus on the common assumption that changing minds (awareness, beliefs, concern) comes first and then behaviour follows.

Score: 2/10","How does a successful research question differentiate between the ""topic"" and the ""area of investigation""?","The topic is the specific subject being investigated, whereas the area of investigation is what the researcher ultimately aims to understand about that subject.","This question targets the ""Understand"" level. It requires learners to explain the relationship and difference between two foundational terms needed to formulate strong research questions.","Your response (“idk”) doesn’t explain the difference between the *topic* and the *area of investigation*, so it doesn’t show understanding of the key idea. To improve, you should state that the **topic** is the subject you’re studying, and the **area of investigation** is the specific aspect or goal—what you want to find out about that subject.

Score: 0/10",Why is a cross-sectional survey methodology limited when attempting to establish a causal relationship between pro-environmental behaviour and attitude?,"A cross-sectional survey measures variables at a single point in time, which can identify correlations but cannot establish whether behaviour causes an attitude or vice versa.","This question targets the ""Analyze"" level. Learners must break down the characteristics of cross-sectional research to explain why it falls short of proving causality, drawing on the lecturer's critique of the provided literature.","Your answer shows you understand a key limitation for causality: cross-sectional surveys can’t rule out confounding variables, so you can’t confidently claim a direct cause-and-effect link. However, you didn’t mention the central issue in the model answer that cross-sectional data are collected at one time point, so they can’t establish **directionality/temporal order** (whether attitude leads to behaviour or behaviour leads to attitude).

To improve, explicitly state that because measurements are taken at a single time, you can only find associations and can’t determine which variable comes first.

Score: 6/10","In the two-wave longitudinal transport study, how does the methodology overcome the primary limitation of cross-sectional research?","By measuring attitudes and behaviours at two distinct time points, the study tests bidirectional relationships to determine if initial behaviour predicts future attitudes or vice versa.","This question assesses the ""Apply"" and ""Analyze"" levels. It requires learners to contrast longitudinal methodology against cross-sectional limitations and explain how measuring variables over time helps approximate causation.","Your answer captures an important advantage of longitudinal designs: following the same people over time reduces the impact of between-person (individual) differences that can distort cross-sectional comparisons. However, it misses the key point in the model answer about *temporal ordering*—measuring attitudes and behaviors at two time points so the study can test whether earlier behavior predicts later attitudes (and/or the reverse), which helps address the “can’t infer direction/causation” limitation of cross-sectional research.

Score: 6/10","Based on the experimental study involving Greenpeace, how does the methodology reverse the ""conventional wisdom"" of climate psychology research?","Instead of testing if attitudes predict actions, the experiment manipulates behaviour by giving participants the opportunity to donate, then measures how this action impacts their subsequent attitudes.","This question targets the ""Analyze"" level. It requires learners to interpret the methodology of a specific experiment and contrast its sequence of variables against the traditional ""thinking leads to action"" paradigm.","Your response (“idk”) doesn’t address the question or describe how the study’s method reverses the usual approach in climate psychology research. The key idea you needed was that the experiment **changes/elicits behavior first (e.g., donating) and then measures attitudes afterward**, rather than measuring attitudes first to predict behavior. Try restating the method in that “action → attitude” order and contrasting it with the conventional “attitude → action” assumption.

Score: 0/10","If a researcher studies how engaging in community gardening affects participants' climate concerns, what direction of causality are they investigating?","The researcher is investigating the action-centric direction of causality, testing how taking an action impacts the subsequent development of mental constructs like beliefs and feelings.","This question targets the ""Apply"" level. Learners must apply the lecture's theoretical frameworks to a hypothetical scenario, identifying that measuring the impact of an action on a mental construct aligns with the action-centric research model.","Your response identifies the correct causal direction: you’re saying community gardening (the action/behavior) is the cause and climate concerns (a mental construct/attitude) is the effect. That matches the model’s “action-centric” direction of causality. To improve, explicitly name it as the action-centric direction and make the cause→effect relationship clearer in a complete sentence.

Score: 8/10"
17/03/2026 12:50,17/03/2026 13:03,IP Address,100,764,TRUE,17/03/2026 13:03,R_8DUSy69kiYVkpK6,anonymous,EN,1,P12,,,,,changing their beliefs,"It specifies the exact question and area of investigation within the broader topic, showing how it is relevant to the broader topic and how it links to other elements of the topic","cross-section methods can only reflect correlations, not causation",it overcomes correlation limitation of cross-sectional research and ensures causational relationship,"Conventional wisdom relies on first changing people's attitudes in order to change behaviour and action. however, the greenpeace study shows that through altering people's behaviours first you then enable a more efficient change in attitude",action-focussed causality,5,3,5,6,7,the format and detail of lecture notes varied a lot between lectures and lecturers making it challenging sometimes to know what to expect from the quiz and the level of revision necessary - so a bit more clarity regarding how and to what extent to prepare would be beneficial,"According to conventional wisdom, what is the prerequisite for changing people's behaviour regarding climate change?",Conventional wisdom suggests that changing how people think about climate change is the prerequisite for changing their actual behaviour.,"This question assesses the ""Remember"" level of Bloom's taxonomy. It requires learners to recall the implicit, standard assumption in most climate psychology research before the lecturer introduces the alternative ""action-centric"" approach.","Your answer (“changing their beliefs”) captures the core idea of the conventional wisdom: that you need to change people’s minds (their beliefs/thinking about climate change) first in order to change their behaviour. To make it even stronger, you could explicitly connect beliefs to behaviour change (i.e., that belief change is seen as the prerequisite for behaviour change).

Score: 8/10","How does a successful research question differentiate between the ""topic"" and the ""area of investigation""?","The topic is the specific subject being investigated, whereas the area of investigation is what the researcher ultimately aims to understand about that subject.","This question targets the ""Understand"" level. It requires learners to explain the relationship and difference between two foundational terms needed to formulate strong research questions.","Your response shows you understand that a research question narrows down from a broader topic to something more focused, and you correctly point out that it identifies a specific question within a broader topic.

However, you don’t clearly distinguish the two terms the way the model answer does: the *topic* as the subject itself versus the *area of investigation* as what you’re trying to find out/understand about that subject. Bringing in “relevance” and “links to other elements” isn’t wrong, but it doesn’t directly explain the difference between these two concepts.

Score: 7/10",Why is a cross-sectional survey methodology limited when attempting to establish a causal relationship between pro-environmental behaviour and attitude?,"A cross-sectional survey measures variables at a single point in time, which can identify correlations but cannot establish whether behaviour causes an attitude or vice versa.","This question targets the ""Analyze"" level. Learners must break down the characteristics of cross-sectional research to explain why it falls short of proving causality, drawing on the lecturer's critique of the provided literature.","Your answer captures the core limitation: cross-sectional surveys can show associations (correlations) but don’t allow you to conclude causation. To make it stronger, you could add the key reason *why* causation can’t be inferred—because the data are collected at one point in time, so you can’t determine the direction of effect (whether attitudes lead to behaviour or behaviour shapes attitudes).  

Score: 8/10","In the two-wave longitudinal transport study, how does the methodology overcome the primary limitation of cross-sectional research?","By measuring attitudes and behaviours at two distinct time points, the study tests bidirectional relationships to determine if initial behaviour predicts future attitudes or vice versa.","This question assesses the ""Apply"" and ""Analyze"" levels. It requires learners to contrast longitudinal methodology against cross-sectional limitations and explain how measuring variables over time helps approximate causation.","Your response correctly identifies the main limitation of cross-sectional research: it can show correlation but not causation. However, you don’t explain *how* the two-wave longitudinal design addresses this—specifically, by measuring both attitudes and behaviours at two time points and testing the direction of influence (whether earlier behaviour predicts later attitudes, or earlier attitudes predict later behaviour).

To improve, mention the idea of **temporal order** and **bidirectional testing across waves** as the key methodological advantage over a one-time cross-sectional snapshot.  
Score: 6/10","Based on the experimental study involving Greenpeace, how does the methodology reverse the ""conventional wisdom"" of climate psychology research?","Instead of testing if attitudes predict actions, the experiment manipulates behaviour by giving participants the opportunity to donate, then measures how this action impacts their subsequent attitudes.","This question targets the ""Analyze"" level. It requires learners to interpret the methodology of a specific experiment and contrast its sequence of variables against the traditional ""thinking leads to action"" paradigm.","Your response captures the main reversal correctly: instead of assuming attitudes must change first to drive behavior, you explain that the Greenpeace study changes behavior first and then attitudes follow. That aligns with the core methodological point (action → attitude rather than attitude → action).

To improve, be a bit more specific about *how* behavior is manipulated in the study (e.g., giving participants a donation opportunity) and that the key is the **sequence**: the experiment measures subsequent attitudes *after* the behavior occurs.  
Score: 8/10","If a researcher studies how engaging in community gardening affects participants' climate concerns, what direction of causality are they investigating?","The researcher is investigating the action-centric direction of causality, testing how taking an action impacts the subsequent development of mental constructs like beliefs and feelings.","This question targets the ""Apply"" level. Learners must apply the lecture's theoretical frameworks to a hypothetical scenario, identifying that measuring the impact of an action on a mental construct aligns with the action-centric research model.","Your answer correctly identifies the **general direction**: the researcher is looking at how an **action/behavior (community gardening)** influences a **mental construct (climate concerns)**, which matches the action-centric/action-focused causality described in the model answer.

To improve, you could be a bit more explicit by stating **“from action to beliefs/concerns”** (i.e., the behavior causes changes in climate concerns), rather than only naming the category.

Score: 8/10"
17/03/2026 12:50,17/03/2026 13:06,IP Address,100,903,TRUE,17/03/2026 13:06,R_2QDwW9OLdPTDEQh,anonymous,EN,1,P02,,,,,"According to conventional wisdom we hypothesize that people struggle to act on climate change due to psychological distance, which places climate change as a future or inurgent issue. Therefore we must demonstrate to people that effects are happening currently and have the potential to effect them directly in order to observe a change in attiture ","The topic refers to the the over arching theme of a research question which considers a whole system including its inputs, outputs, transfers, etc. Ignoring these makes for an incomplete research question, yet in science often there are limitation which do not allow for entire systems to be addressed succesfully, therefor an area of investigation identifies a subsection of a system that will be investigated. Identifying both is important but making a clear area of investigation within a topic ensures that certain elements arent ignored. ",It is limited because it cannot establish behaviour and attitute over time. Often shifts in peoples behaviours occur due to expeireiences or a gain in knowledge that shifts attitutes. Therefore if we cannot see these shifts it makes it difficukt to decide causal mechanisms ,"Overcomes the limitation of time, cross sectional studies report outcomes at a specific point in time which brings in certain degrees of bia which can be overcome by two wave longitudinal studies which rely in the accumulation on data over a period of time recognizing potential shifts in mentality and answers that might associated with time related elements.",The study looks at different parts of the research ,They are investigating how engaging in climate beneficitting actions will effect peoples direct views on climate change. So if particing will make people more likely to care or care less about the environment ,7,1,1,5,3,"I think that they are slighty helpful in the moment, but I also think that they base the answers very directly on the model answer provided, therefore even slight changes in wording can appear as an 8/10 for example, event though most ideas were present in the answer. This would be avoided by getting human feedback. Additonally while AI can explain certain things, it is not the same.","According to conventional wisdom, what is the prerequisite for changing people's behaviour regarding climate change?",Conventional wisdom suggests that changing how people think about climate change is the prerequisite for changing their actual behaviour.,"This question assesses the ""Remember"" level of Bloom's taxonomy. It requires learners to recall the implicit, standard assumption in most climate psychology research before the lecturer introduces the alternative ""action-centric"" approach.","Your response shows you understand a common *barrier* discussed in climate psychology (psychological distance) and you imply that making climate change feel more immediate could shift people’s attitudes. However, it doesn’t clearly capture the specific “conventional wisdom” the question is asking for: that the prerequisite for changing behaviour is **changing how people think (beliefs/attitudes) first**, and *then* behaviour follows. You focused on *one explanation for why people don’t act* rather than stating the broader assumption about attitude/belief change as the necessary first step.

Score: 6/10","How does a successful research question differentiate between the ""topic"" and the ""area of investigation""?","The topic is the specific subject being investigated, whereas the area of investigation is what the researcher ultimately aims to understand about that subject.","This question targets the ""Understand"" level. It requires learners to explain the relationship and difference between two foundational terms needed to formulate strong research questions.","Your response shows you understand that **“topic” is broader** and that an **“area of investigation” narrows/focuses** what you will study, which aligns with the core distinction.

However, you shift the meaning by describing the topic as a **whole system with inputs/outputs/transfers**, which is not necessary and can be misleading. More importantly, the model answer emphasizes that the **area of investigation is what you ultimately aim to understand about the topic** (the specific aspect/angle or purpose), not just a smaller “subsection” because of practical limitations.

Score: 7/10",Why is a cross-sectional survey methodology limited when attempting to establish a causal relationship between pro-environmental behaviour and attitude?,"A cross-sectional survey measures variables at a single point in time, which can identify correlations but cannot establish whether behaviour causes an attitude or vice versa.","This question targets the ""Analyze"" level. Learners must break down the characteristics of cross-sectional research to explain why it falls short of proving causality, drawing on the lecturer's critique of the provided literature.","Your answer captures the main limitation well: a cross-sectional survey is a “snapshot,” so it doesn’t track changes over time, which makes it hard to infer causal mechanisms. You also add a relevant point that attitudes and behaviours can shift due to experiences/knowledge, which supports why timing matters.

To match the model answer more closely, you should explicitly state the key causal problem: with one-time data you can’t determine the direction of the relationship (whether attitudes lead to behaviour or behaviour shapes attitudes), only an association/correlation.  

Score: 8/10","In the two-wave longitudinal transport study, how does the methodology overcome the primary limitation of cross-sectional research?","By measuring attitudes and behaviours at two distinct time points, the study tests bidirectional relationships to determine if initial behaviour predicts future attitudes or vice versa.","This question assesses the ""Apply"" and ""Analyze"" levels. It requires learners to contrast longitudinal methodology against cross-sectional limitations and explain how measuring variables over time helps approximate causation.","Your response correctly identifies the main cross-sectional limitation: measuring everything at only one point in time, which makes it hard to account for changes over time. You also correctly note that a two-wave longitudinal design can capture shifts in attitudes/answers across time.

To match the key concept in the model answer more closely, you needed to explicitly explain *how* two time points help test directionality (e.g., whether earlier behaviour predicts later attitudes or earlier attitudes predict later behaviour). Mentioning “bias” is a bit vague here; the central issue is temporal order and examining bidirectional relationships.

Score: 7/10","Based on the experimental study involving Greenpeace, how does the methodology reverse the ""conventional wisdom"" of climate psychology research?","Instead of testing if attitudes predict actions, the experiment manipulates behaviour by giving participants the opportunity to donate, then measures how this action impacts their subsequent attitudes.","This question targets the ""Analyze"" level. It requires learners to interpret the methodology of a specific experiment and contrast its sequence of variables against the traditional ""thinking leads to action"" paradigm.","Your response is very vague and doesn’t describe what the study actually did. The key point was that the experiment **started by changing/observing behavior (donation opportunity)** and then **measured how that behavior affected later attitudes**, which is the reverse of the usual “attitudes → actions” approach. Try to state that reversed sequence clearly and mention the donation manipulation specifically.

Score: 1/10","If a researcher studies how engaging in community gardening affects participants' climate concerns, what direction of causality are they investigating?","The researcher is investigating the action-centric direction of causality, testing how taking an action impacts the subsequent development of mental constructs like beliefs and feelings.","This question targets the ""Apply"" level. Learners must apply the lecture's theoretical frameworks to a hypothetical scenario, identifying that measuring the impact of an action on a mental construct aligns with the action-centric research model.","Your response captures the main causal direction correctly: you describe researchers looking at whether *doing an action* (community gardening/climate-benefitting behavior) changes people’s *views/concerns* about climate change. That matches the “action → mental constructs” idea in the model answer.

To improve, name the causal direction more explicitly (e.g., “action-centric direction of causality”) and connect “views” to the specific mental construct in the prompt (“climate concerns,” which can include worries/feelings as well as beliefs).

Score: 8/10"
17/03/2026 12:50,17/03/2026 13:06,IP Address,100,959,TRUE,17/03/2026 13:06,R_8fdSjSlGKfGZBMa,anonymous,EN,1,P06,,,,,"Changing their behaviours and beliefs first, by providing information and awareness first","A good research question separates the topic, which is the thing you’re studying, from the area of investigation, which is what you want to find out about it.","As it only measures behaviours and attidues at one point in time, so it can show a releationship but can not determine which one causes the other","It overcomes this by measuring behaviour and attitudes at two different time points, which allows researchers to see how changes in one affect the other over time and better assess the direction of the relationship.","It measures attitudes first, then observes behaviour (donating), then measures attitudes again to see if behaviours change them. Tests whether behaviours influence attitudes, rather than assuming attitudes lead to behaviour","They are investigating whether behaviour influences attitudes, specifically how taking part in community gardening affects climate concern.",4,7,7,5,6,"I suppose as AI increases in accuracy the content and feedback of these quizzes will become more accurate. However, a couple of model answers had slightly different content than what I had originally thought was right by what we were taught.","According to conventional wisdom, what is the prerequisite for changing people's behaviour regarding climate change?",Conventional wisdom suggests that changing how people think about climate change is the prerequisite for changing their actual behaviour.,"This question assesses the ""Remember"" level of Bloom's taxonomy. It requires learners to recall the implicit, standard assumption in most climate psychology research before the lecturer introduces the alternative ""action-centric"" approach.","Your answer partly matches the conventional view by emphasizing “providing information and awareness,” which aligns with the idea that people need to change their thinking/understanding first. However, you also say “changing their behaviours and beliefs first,” which is unclear and partly contradicts the conventional wisdom (it’s specifically *changing beliefs/thinking* as the prerequisite, not behavior). Be more direct: state that the usual assumption is that shifting attitudes/beliefs/knowledge comes first, and behavior change follows.

Score: 6/10","How does a successful research question differentiate between the ""topic"" and the ""area of investigation""?","The topic is the specific subject being investigated, whereas the area of investigation is what the researcher ultimately aims to understand about that subject.","This question targets the ""Understand"" level. It requires learners to explain the relationship and difference between two foundational terms needed to formulate strong research questions.","Your response accurately captures the key distinction: the **topic** is the subject you’re studying, and the **area of investigation** is the aspect you want to understand or learn about that subject. This matches the model answer closely in both meaning and clarity. To make it even stronger, you could add that the area of investigation reflects the researcher’s *ultimate aim* or focus (e.g., causes, impacts, relationships) about the topic.

Score: 10/10",Why is a cross-sectional survey methodology limited when attempting to establish a causal relationship between pro-environmental behaviour and attitude?,"A cross-sectional survey measures variables at a single point in time, which can identify correlations but cannot establish whether behaviour causes an attitude or vice versa.","This question targets the ""Analyze"" level. Learners must break down the characteristics of cross-sectional research to explain why it falls short of proving causality, drawing on the lecturer's critique of the provided literature.","Your response captures the key limitation well: cross-sectional surveys collect data at a single time point, so they can show an association but can’t establish directionality (whether attitude causes behaviour or behaviour causes attitude).  

To improve, you could also explicitly mention “causality” and note that because there’s no time order (no temporal sequence), causal conclusions aren’t possible.  

Score: 9/10","In the two-wave longitudinal transport study, how does the methodology overcome the primary limitation of cross-sectional research?","By measuring attitudes and behaviours at two distinct time points, the study tests bidirectional relationships to determine if initial behaviour predicts future attitudes or vice versa.","This question assesses the ""Apply"" and ""Analyze"" levels. It requires learners to contrast longitudinal methodology against cross-sectional limitations and explain how measuring variables over time helps approximate causation.","Your response captures the key methodological point: using two time points lets researchers examine how attitudes and behaviours relate over time rather than relying on a single snapshot. You also correctly highlight that this helps assess the direction of the relationship, which addresses the main limitation of cross-sectional studies. To be even closer to the model answer, you could explicitly mention testing *bidirectional* effects (behaviour → later attitudes and attitudes → later behaviour), not just “changes” generally.

Score: 9/10","Based on the experimental study involving Greenpeace, how does the methodology reverse the ""conventional wisdom"" of climate psychology research?","Instead of testing if attitudes predict actions, the experiment manipulates behaviour by giving participants the opportunity to donate, then measures how this action impacts their subsequent attitudes.","This question targets the ""Analyze"" level. It requires learners to interpret the methodology of a specific experiment and contrast its sequence of variables against the traditional ""thinking leads to action"" paradigm.","Your response captures the key reversal correctly: you explain that the study is testing whether **behaviour (donating)** can shape **attitudes**, instead of the conventional approach where attitudes are treated as the cause of behaviour. You also correctly note the use of pre- and post-attitude measures to detect attitude change.

One important fix: the model answer emphasizes that the experiment **manipulates behaviour by giving participants an opportunity to donate** (i.e., behaviour comes before the key attitude outcome), whereas you describe measuring attitudes first and then observing donating—your sequence is a bit off and could imply a more observational setup. Clarify that the “treatment” is the donation opportunity/behaviour manipulation and that attitudes are the outcome measured afterward.

Score: 8/10","If a researcher studies how engaging in community gardening affects participants' climate concerns, what direction of causality are they investigating?","The researcher is investigating the action-centric direction of causality, testing how taking an action impacts the subsequent development of mental constructs like beliefs and feelings.","This question targets the ""Apply"" level. Learners must apply the lecture's theoretical frameworks to a hypothetical scenario, identifying that measuring the impact of an action on a mental construct aligns with the action-centric research model.","Your response captures the core causal direction correctly: you identify that the researcher is testing whether an action/behaviour (community gardening) leads to a change in a mental construct/attitude (climate concern). That matches the “action → attitudes/beliefs/feelings” idea in the model answer. To be even stronger, you could explicitly label it as the “action-centric” direction of causality, but your explanation already conveys that meaning.

Score: 9/10"
17/03/2026 12:50,17/03/2026 13:08,IP Address,100,1104,TRUE,17/03/2026 13:08,R_8Gd0ncNMrtVs1Hm,anonymous,EN,1,P18,"I confirm that I understand that by ticking/initialling each box below I am consenting to this element of the study. I understand that it will be assumed that unticked/initialled boxes means that I DO NOT consent to that part of the study. I understand that by not giving consent for any one element that I may be deemed ineligible for the study.,I have read the information sheet and understand I can email the researchers with any questions.,I understand that my personal information (e.g., my age, gender, and information about my language background) will be used for the purposes of this study, which have been explained to me.,I consent to the processing of my personal information for the purposes of this study, and I understand that any such information will be treated as strictly confidential and handled in accordance with the provisions of the Data Protection Act 2018.,I understand that the information I provide may be published as a report and I will be sent a copy if I wish. Confidentiality and anonymity will be maintained, and it will not be possible to identify me in any publications.,I understand that my anonymised research data may be shared in accordance with open science guidelines (no one will be able to identify me if these data are shared).,I understand that I am free to withdraw from the study without penalty if I so wish.,I am over the age of 18.,I consent to take part in this study.",20,Female,French,"According to conventional wisdom, the prerequisite for changing people's behaviour about climate change is that information, awareness or understanding, and emotions (e.g. anger, fear, hope, etc.) will lead to action or a change in behaviours","The topic is the main overarching theme of the research, while the area of investigation is a specific angle the research is taking ","A cross-sectional survey methodology is limited because there are many factors that do not allow us to infer causality. For example, there may be generational differences","Longitudinal studies happen over time with the same people, so you can determine what the differences are over time while keeping other factors stable.",It reverses the conventional wisdom of climate psychology research because it promotes the idea that actions can change beliefs ,They are investigating whether action affects beliefs ,7,7,6,5,6,"The practice quizzes were very useful, but I wish we could have the questions and answers at the end for studying purposes","According to conventional wisdom, what is the prerequisite for changing people's behaviour regarding climate change?",Conventional wisdom suggests that changing how people think about climate change is the prerequisite for changing their actual behaviour.,"This question assesses the ""Remember"" level of Bloom's taxonomy. It requires learners to recall the implicit, standard assumption in most climate psychology research before the lecturer introduces the alternative ""action-centric"" approach.","Your answer captures the main idea that conventional wisdom assumes *internal change* (more information/awareness/understanding and emotional engagement) comes first and then leads to *behaviour change*. That aligns well with the model answer’s point that people’s thinking (and related attitudes/emotions) must shift before their actions will.

To be even closer to the model answer, you could state more directly that the prerequisite is specifically **changing how people think about climate change** (with emotions/information as possible parts of that), rather than listing multiple factors as separate prerequisites.  
Score: 8/10","How does a successful research question differentiate between the ""topic"" and the ""area of investigation""?","The topic is the specific subject being investigated, whereas the area of investigation is what the researcher ultimately aims to understand about that subject.","This question targets the ""Understand"" level. It requires learners to explain the relationship and difference between two foundational terms needed to formulate strong research questions.","Your response captures the key distinction well: you identify the **topic** as the broad theme and the **area of investigation** as the more focused direction/angle within that theme. This matches the model answer’s idea that the area of investigation is what you’re trying to find out or understand about the topic. To improve, you could make it even clearer that the area of investigation is the **specific aspect/question or understanding** the researcher aims to develop about the topic, not just an “angle.”

Score: 8/10",Why is a cross-sectional survey methodology limited when attempting to establish a causal relationship between pro-environmental behaviour and attitude?,"A cross-sectional survey measures variables at a single point in time, which can identify correlations but cannot establish whether behaviour causes an attitude or vice versa.","This question targets the ""Analyze"" level. Learners must break down the characteristics of cross-sectional research to explain why it falls short of proving causality, drawing on the lecturer's critique of the provided literature.","Your answer shows some awareness that cross-sectional surveys are weak for drawing causal conclusions, which is a key idea. However, it doesn’t explain the main reason: cross-sectional data are collected at one point in time, so you can’t establish the direction of effects (whether attitude leads to behaviour or behaviour leads to attitude), and you also can’t rule out third variables.

The “generational differences” example is more about possible confounding variables, which is relevant, but you needed to connect it explicitly to the lack of time order/temporal precedence and directionality.

Score: 4/10","In the two-wave longitudinal transport study, how does the methodology overcome the primary limitation of cross-sectional research?","By measuring attitudes and behaviours at two distinct time points, the study tests bidirectional relationships to determine if initial behaviour predicts future attitudes or vice versa.","This question assesses the ""Apply"" and ""Analyze"" levels. It requires learners to contrast longitudinal methodology against cross-sectional limitations and explain how measuring variables over time helps approximate causation.","Your response correctly identifies the core advantage of a longitudinal design: measuring the same participants over time lets you observe change rather than just a single snapshot. That addresses the main cross-sectional limitation (no time order), but you don’t clearly mention the key methodological point from the model answer: using two waves to test directionality/bidirectional effects (whether earlier attitudes predict later behavior or earlier behavior predicts later attitudes). Also, “keeping other factors stable” is a bit too strong—longitudinal studies reduce some confounds but don’t automatically control all other factors.

Score: 7/10","Based on the experimental study involving Greenpeace, how does the methodology reverse the ""conventional wisdom"" of climate psychology research?","Instead of testing if attitudes predict actions, the experiment manipulates behaviour by giving participants the opportunity to donate, then measures how this action impacts their subsequent attitudes.","This question targets the ""Analyze"" level. It requires learners to interpret the methodology of a specific experiment and contrast its sequence of variables against the traditional ""thinking leads to action"" paradigm.","Your response captures the core reversal correctly: you recognize that the study flips the usual “beliefs/attitudes → actions” direction and instead emphasizes “actions → beliefs/attitudes.”

To improve, add the key methodological detail: the experiment *manipulates behavior first* (e.g., giving participants a chance to donate) and then *measures subsequent attitudes* to test how the action affects attitudes, rather than just making a general claim about actions changing beliefs.

Score: 7/10","If a researcher studies how engaging in community gardening affects participants' climate concerns, what direction of causality are they investigating?","The researcher is investigating the action-centric direction of causality, testing how taking an action impacts the subsequent development of mental constructs like beliefs and feelings.","This question targets the ""Apply"" level. Learners must apply the lecture's theoretical frameworks to a hypothetical scenario, identifying that measuring the impact of an action on a mental construct aligns with the action-centric research model.","Your response captures the core causal direction correctly: the researcher is looking at whether taking an action (community gardening) influences a mental construct (climate concerns/beliefs). That matches the “action → beliefs/feelings” direction described in the model answer. To improve, you could name it explicitly as the **action-centric direction of causality** and mention that the outcome is specifically **climate concerns** (a type of belief/attitude/feeling).

Score: 9/10"
17/03/2026 13:54,17/03/2026 14:08,IP Address,100,857,TRUE,17/03/2026 14:08,R_21v0qp1hMxTjoyl,anonymous,EN,0.899999976,P03,,,,,Beliefs,Area of investigation fall under the topic,Cause we can’t be sure if the attitude came before the behaviour or vice versa as every thing like all the data is collected at one time point only,"Limited impact of cross-section, focused on the transport variable.",If they get people to do actions but actions drive belief change meaning that they think they care about climate change and they do actually change their behaviour as a result of that,initial behaviour predicts future attitudes,2,6,7,2,4,,"According to conventional wisdom, what is the prerequisite for changing people's behaviour regarding climate change?",Conventional wisdom suggests that changing how people think about climate change is the prerequisite for changing their actual behaviour.,"This question assesses the ""Remember"" level of Bloom's taxonomy. It requires learners to recall the implicit, standard assumption in most climate psychology research before the lecturer introduces the alternative ""action-centric"" approach.","Your answer (“Beliefs”) captures a core part of the model idea: conventional wisdom says people’s behaviour changes after their beliefs/thinking about climate change changes. However, it’s a bit too vague on its own—you could be clearer that it’s specifically changing how people *think* (beliefs/attitudes/understanding) about climate change as the prerequisite for changing behaviour.

Score: 6/10","How does a successful research question differentiate between the ""topic"" and the ""area of investigation""?","The topic is the specific subject being investigated, whereas the area of investigation is what the researcher ultimately aims to understand about that subject.","This question targets the ""Understand"" level. It requires learners to explain the relationship and difference between two foundational terms needed to formulate strong research questions.","Your response suggests a relationship between the two terms, but it doesn’t clearly explain the key difference the question is asking for. A successful research question distinguishes **the topic** (the subject) from the **area of investigation** (the specific aspect, angle, or what you want to find out/understand about that subject). Try rewriting your answer to show that the area of investigation is the *focus within* the topic rather than simply “under” it.

Score: 3/10",Why is a cross-sectional survey methodology limited when attempting to establish a causal relationship between pro-environmental behaviour and attitude?,"A cross-sectional survey measures variables at a single point in time, which can identify correlations but cannot establish whether behaviour causes an attitude or vice versa.","This question targets the ""Analyze"" level. Learners must break down the characteristics of cross-sectional research to explain why it falls short of proving causality, drawing on the lecturer's critique of the provided literature.","Your response captures the main limitation accurately: because cross-sectional surveys collect everything at one time point, you can’t tell which came first (attitude or behaviour), so you can’t establish directionality and therefore can’t make a causal claim. 

To improve, you could explicitly mention that this design can show correlations/associations but not causation, and briefly note that other factors (confounders) could explain the relationship.

Score: 9/10","In the two-wave longitudinal transport study, how does the methodology overcome the primary limitation of cross-sectional research?","By measuring attitudes and behaviours at two distinct time points, the study tests bidirectional relationships to determine if initial behaviour predicts future attitudes or vice versa.","This question assesses the ""Apply"" and ""Analyze"" levels. It requires learners to contrast longitudinal methodology against cross-sectional limitations and explain how measuring variables over time helps approximate causation.","Your response doesn’t explain the key methodological advantage of a two-wave longitudinal design over a cross-sectional design. The main limitation of cross-sectional research is that it measures everything at one time point, so you can’t tell what comes first (direction of effects) or test whether behaviour predicts later attitudes or attitudes predict later behaviour. To improve, explicitly mention measuring the same variables at two different times and using that timing to examine direction/bidirectionality.

Score: 1/10","Based on the experimental study involving Greenpeace, how does the methodology reverse the ""conventional wisdom"" of climate psychology research?","Instead of testing if attitudes predict actions, the experiment manipulates behaviour by giving participants the opportunity to donate, then measures how this action impacts their subsequent attitudes.","This question targets the ""Analyze"" level. It requires learners to interpret the methodology of a specific experiment and contrast its sequence of variables against the traditional ""thinking leads to action"" paradigm.","Your response captures the core “reversal” idea: you emphasize that doing an action first can drive changes in beliefs/attitudes afterward, which contrasts with the usual assumption that attitudes come first and cause action.  

To improve, be clearer about the specific methodological sequence in the Greenpeace experiment: participants are first given an opportunity to donate (a manipulated behavior), and then researchers measure their later attitudes—rather than starting by measuring attitudes to predict later behavior. Also, avoid mixing in “then they change their behaviour as a result of that,” since the key point is action → attitude in this design.

Score: 7/10","If a researcher studies how engaging in community gardening affects participants' climate concerns, what direction of causality are they investigating?","The researcher is investigating the action-centric direction of causality, testing how taking an action impacts the subsequent development of mental constructs like beliefs and feelings.","This question targets the ""Apply"" level. Learners must apply the lecture's theoretical frameworks to a hypothetical scenario, identifying that measuring the impact of an action on a mental construct aligns with the action-centric research model.","Your response captures the core causal direction correctly: the researcher is testing whether doing something first (community gardening) influences a later mental state (climate concerns/attitudes). That matches the “action → attitudes/beliefs” idea in the model answer. To improve, you could explicitly link it to the “action-centric” direction of causality and mention the specific variables (gardening behavior affecting climate concerns).  

Score: 8/10"
17/03/2026 15:22,17/03/2026 15:29,IP Address,100,433,TRUE,17/03/2026 15:29,R_8CUwUCMAHrr1OD2,anonymous,EN,1,P10,,,,,"According to conventional wisdom, the prerequisite is changing people’s attitudes or beliefs first. In other words, increasing awareness and concern about climate change is assumed to lead to behavioural change.","A successful research question distinguishes the topic (the general subject, e.g., climate change) from the area of investigation (the specific aspect being studied, e.g., how community gardening influences climate concern). In other words, the topic is broad, while the area of investigation is a focused, testable relationship within that topic.","A cross-sectional survey measures variables at a single point in time, so it cannot establish temporal order (i.e., whether behaviour causes attitudes or vice versa). As a result, it cannot rule out reverse causality or third variables, limiting causal inference.","It measures the same participants at two time points, establishing temporal order between behaviour and attitudes. This allows researchers to test whether earlier behaviour predicts later attitudes (or vice versa), overcoming the causal ambiguity of cross-sectional designs.","The Greenpeace experiment reverses conventional wisdom by manipulating behaviour first rather than attitudes. Instead of trying to change beliefs to influence behaviour, participants are prompted to engage in pro-environmental actions, and the study then measures whether this leads to increased climate concern.","They are investigating a behavior → attitude/belief direction of causality. That is, whether engaging in community gardening (behavior) influences climate concern (attitude).",5,5,7,5,6,"No, i think it's nice.","According to conventional wisdom, what is the prerequisite for changing people's behaviour regarding climate change?",Conventional wisdom suggests that changing how people think about climate change is the prerequisite for changing their actual behaviour.,"This question assesses the ""Remember"" level of Bloom's taxonomy. It requires learners to recall the implicit, standard assumption in most climate psychology research before the lecturer introduces the alternative ""action-centric"" approach.","Your response matches the conventional-wisdom idea that people need to **change their thinking first** (attitudes/beliefs, awareness, concern) before their **behaviour changes**, which is exactly what the model answer is getting at. The only minor improvement would be to explicitly connect this to “how people think about climate change” as the general prerequisite, rather than focusing mainly on awareness/concern (which are examples of that thinking shift).

Score: 9/10","How does a successful research question differentiate between the ""topic"" and the ""area of investigation""?","The topic is the specific subject being investigated, whereas the area of investigation is what the researcher ultimately aims to understand about that subject.","This question targets the ""Understand"" level. It requires learners to explain the relationship and difference between two foundational terms needed to formulate strong research questions.","Your response clearly captures the distinction and relationship between the two terms. You correctly describe the **topic** as the broader subject area and the **area of investigation** as the narrower, specific angle/aspect within that topic, and your example helps show how a research question becomes focused and researchable. 

One small improvement would be to tie the “area of investigation” even more explicitly to the model answer’s idea of what you “ultimately aim to understand” (the purpose/understanding sought), not only that it’s specific or testable.

Score: 9/10",Why is a cross-sectional survey methodology limited when attempting to establish a causal relationship between pro-environmental behaviour and attitude?,"A cross-sectional survey measures variables at a single point in time, which can identify correlations but cannot establish whether behaviour causes an attitude or vice versa.","This question targets the ""Analyze"" level. Learners must break down the characteristics of cross-sectional research to explain why it falls short of proving causality, drawing on the lecturer's critique of the provided literature.","Your response captures the key limitation of cross-sectional surveys very well: because data are collected at one time point, you can’t determine temporal order, so you can’t tell whether pro-environmental behaviour influences attitudes or attitudes influence behaviour. You also add an important extra point (third-variable/confounding explanations), which strengthens the causal inference critique beyond the model answer.

Score: 10/10","In the two-wave longitudinal transport study, how does the methodology overcome the primary limitation of cross-sectional research?","By measuring attitudes and behaviours at two distinct time points, the study tests bidirectional relationships to determine if initial behaviour predicts future attitudes or vice versa.","This question assesses the ""Apply"" and ""Analyze"" levels. It requires learners to contrast longitudinal methodology against cross-sectional limitations and explain how measuring variables over time helps approximate causation.","Your response captures the key idea very well: you explain that measuring the same people at two time points establishes temporal order and helps address the causal ambiguity of cross-sectional research. You also correctly mention testing directionality (behaviour → attitudes or attitudes → behaviour), which is central to the model answer. To be even more complete, you could explicitly note that this design enables testing *bidirectional* relationships (though you imply it).  

Score: 10/10","Based on the experimental study involving Greenpeace, how does the methodology reverse the ""conventional wisdom"" of climate psychology research?","Instead of testing if attitudes predict actions, the experiment manipulates behaviour by giving participants the opportunity to donate, then measures how this action impacts their subsequent attitudes.","This question targets the ""Analyze"" level. It requires learners to interpret the methodology of a specific experiment and contrast its sequence of variables against the traditional ""thinking leads to action"" paradigm.","Your response captures the key reversal clearly: the study changes or prompts *behavior first* (a pro-environmental act) and then examines how that behavior affects *later attitudes*. You also correctly contrast this with the traditional approach of trying to shift beliefs/attitudes in order to change behavior.  

To improve, you could be slightly more specific that the manipulation involved an opportunity to donate (a concrete behavioral measure) and that the key point is flipping the usual “attitudes → actions” direction to “actions → attitudes,” not just generally “behavior first.”  

Score: 9/10","If a researcher studies how engaging in community gardening affects participants' climate concerns, what direction of causality are they investigating?","The researcher is investigating the action-centric direction of causality, testing how taking an action impacts the subsequent development of mental constructs like beliefs and feelings.","This question targets the ""Apply"" level. Learners must apply the lecture's theoretical frameworks to a hypothetical scenario, identifying that measuring the impact of an action on a mental construct aligns with the action-centric research model.","Your response correctly identifies the direction of causality as **behavior/action → attitude/belief**, matching the model’s “action-centric” idea: taking an action (community gardening) and examining its effect on a mental construct (climate concern). You also clearly map each variable to its role (behavior vs. attitude), which shows solid understanding. To be even closer to the model answer, you could explicitly note that this is the *action-centric research model* (or that it examines how actions shape subsequent beliefs/feelings).  

Score: 10/10"
17/03/2026 17:23,17/03/2026 17:36,IP Address,100,774,TRUE,17/03/2026 17:36,R_5r2QvNWX5MYsLts,anonymous,EN,1,P26,,,,,"According to conventional wisdom, it first requires changing people's attiutudes and concerns concerning climate change and then seeing what behaviour follows ","The topic needs to be very specific, regarding the area of study while the area of investigation also needs to be very specific but focusing on what you want to find out about the topic.","Because it does not establish causality, only correlation. ","Because it observes behaviour and attitudes at two points in time. Capturing the difference from wave 1 to wave 2, after behaviour has inlfluenced attitudes. ","It uses an action-centric approach, flipping the direction of the conventional wisdom and measures how action and behaviour can then go and influence attitudes and concerns about climate change. ",Community building actions in an action centric way. Seeing how taking action and actual behaviour effects particpants attitudes and concerns. ,6,5,7,5,7,"Really appreaciate introducing these quizzes! They keep me up to date with content, but it might be better to make the practice quizzes more cumaltive (questions from the first classes as well) rather than just the summative quizzes being more cumalative because I was not prepared. ","According to conventional wisdom, what is the prerequisite for changing people's behaviour regarding climate change?",Conventional wisdom suggests that changing how people think about climate change is the prerequisite for changing their actual behaviour.,"This question assesses the ""Remember"" level of Bloom's taxonomy. It requires learners to recall the implicit, standard assumption in most climate psychology research before the lecturer introduces the alternative ""action-centric"" approach.","Your response captures the key idea well: conventional wisdom assumes you must first change people’s internal mindset (attitudes/concerns) about climate change before their behaviour will change. That matches the model answer’s “change how people think” prerequisite. To improve, you could state this more directly as “changing how people think/believe” rather than implying behaviour will just “follow,” and you don’t need the extra step—just the prerequisite is enough.

Score: 8/10","How does a successful research question differentiate between the ""topic"" and the ""area of investigation""?","The topic is the specific subject being investigated, whereas the area of investigation is what the researcher ultimately aims to understand about that subject.","This question targets the ""Understand"" level. It requires learners to explain the relationship and difference between two foundational terms needed to formulate strong research questions.","Your response captures the main distinction: the **topic** is the subject/area you’re studying, and the **area of investigation** is the specific aspect or question you want to find out about that topic. You correctly emphasize that both should be specific, and you point out that the area of investigation is about what you want to discover.

To improve, make the contrast a bit clearer by stating that the area of investigation is **the purpose/angle of understanding** (what you ultimately aim to understand), not just “also specific.”  

Score: 8/10",Why is a cross-sectional survey methodology limited when attempting to establish a causal relationship between pro-environmental behaviour and attitude?,"A cross-sectional survey measures variables at a single point in time, which can identify correlations but cannot establish whether behaviour causes an attitude or vice versa.","This question targets the ""Analyze"" level. Learners must break down the characteristics of cross-sectional research to explain why it falls short of proving causality, drawing on the lecturer's critique of the provided literature.","Your response captures the central limitation: cross-sectional surveys can show correlation but not causation. However, it’s a bit too general—you could improve it by explicitly stating the key reason: the data are collected at only one point in time, so you can’t determine the direction of influence (whether attitude leads to behaviour or behaviour shapes attitude), nor establish temporal order.

Score: 7/10","In the two-wave longitudinal transport study, how does the methodology overcome the primary limitation of cross-sectional research?","By measuring attitudes and behaviours at two distinct time points, the study tests bidirectional relationships to determine if initial behaviour predicts future attitudes or vice versa.","This question assesses the ""Apply"" and ""Analyze"" levels. It requires learners to contrast longitudinal methodology against cross-sectional limitations and explain how measuring variables over time helps approximate causation.","Your response captures the core idea that a two-wave longitudinal design measures attitudes and behaviours at two time points, which helps address the “single snapshot” limitation of cross-sectional studies. However, you frame it mostly as behaviour influencing attitudes, and you don’t clearly mention the key advantage highlighted in the model answer: testing *directionality/bidirectional relationships* (whether attitudes predict later behaviour and/or behaviour predicts later attitudes).

To improve, explicitly state that measuring both variables at both waves allows the study to examine which comes first over time, strengthening causal inference compared with cross-sectional data.

Score: 7/10","Based on the experimental study involving Greenpeace, how does the methodology reverse the ""conventional wisdom"" of climate psychology research?","Instead of testing if attitudes predict actions, the experiment manipulates behaviour by giving participants the opportunity to donate, then measures how this action impacts their subsequent attitudes.","This question targets the ""Analyze"" level. It requires learners to interpret the methodology of a specific experiment and contrast its sequence of variables against the traditional ""thinking leads to action"" paradigm.","Your response captures the central reversal clearly: you explain that the study starts with action/behaviour and then examines how that influences later attitudes/concerns, which is the key contrast with the usual “attitudes → actions” approach. To make it even stronger, you could explicitly mention that the experiment *manipulates behaviour* by giving participants a concrete opportunity to donate (rather than just observing behaviour) and then measures subsequent attitudes.

Score: 9/10","If a researcher studies how engaging in community gardening affects participants' climate concerns, what direction of causality are they investigating?","The researcher is investigating the action-centric direction of causality, testing how taking an action impacts the subsequent development of mental constructs like beliefs and feelings.","This question targets the ""Apply"" level. Learners must apply the lecture's theoretical frameworks to a hypothetical scenario, identifying that measuring the impact of an action on a mental construct aligns with the action-centric research model.","You correctly identify the **action-centric** direction of causality and explain that the researcher is looking at how **taking action/behavior** (community gardening) affects **attitudes/concerns** (a mental construct). That matches the core idea in the model answer.

To improve, be a bit clearer that the causality runs specifically from **action → mental constructs (beliefs/feelings/concerns)**, and fix minor wording (e.g., “affects participants’ attitudes”).  

Score: 9/10"
17/03/2026 20:51,17/03/2026 22:41,IP Address,100,6626,TRUE,17/03/2026 22:41,R_8J1KJ8z6K1mBHxP,anonymous,EN,1,P25,,,,,"Conventional wisdom assumes that **you must first change people’s attitudes before you can change their behaviour**. In other words, it treats behaviour as the downstream consequence of getting people to *believe*, *care*, or *feel differently* about climate change.","A strong research question makes a clear distinction between the broad topic and the specific area of investigation by narrowing the focus from a general subject to a precise, researchable problem.","A cross‑sectional survey can tell you **that attitudes and behaviours are associated**, but it cannot tell you **which one causes the other**. Because all data are collected at a single point in time, you can’t determine whether attitudes lead to behaviour, behaviour shapes attitudes, or whether a third variable (like social norms or education) drives both, which makes causal inference impossible.","It overcomes the limitation by measuring the same people at two points in time, which makes it possible to see which variable changes first. This establishes temporal order, allowing stronger causal inference than a single‑time‑point cross‑sectional design.","The study flips the usual script by starting with massive, real‑world, cross‑cultural experiments rather than small, theory‑driven lab studies, letting global data—not prior assumptions—determine what actually works. It also tests many interventions head‑to‑head simultaneously, reversing the conventional approach of refining a single favored message and instead revealing which psychological strategies hold up across diverse contexts.","They are investigating the direction where behaviour influences attitudes. In this case, engaging in community gardening is treated as the cause and increased climate concern as the effect.",4,6,7,4,4,,"According to conventional wisdom, what is the prerequisite for changing people's behaviour regarding climate change?",Conventional wisdom suggests that changing how people think about climate change is the prerequisite for changing their actual behaviour.,"This question assesses the ""Remember"" level of Bloom's taxonomy. It requires learners to recall the implicit, standard assumption in most climate psychology research before the lecturer introduces the alternative ""action-centric"" approach.","Your response matches the model answer very well. You correctly identify the conventional assumption that changing behaviour requires first changing internal factors like attitudes/beliefs/feelings about climate change, and you clearly describe the “downstream consequence” idea, which is exactly the key concept being tested.

To improve even further, you could mirror the model wording slightly by explicitly saying “changing how people *think*” (cognition) is the prerequisite, but your attitude/belief framing already captures that meaning.

Score: 10/10","How does a successful research question differentiate between the ""topic"" and the ""area of investigation""?","The topic is the specific subject being investigated, whereas the area of investigation is what the researcher ultimately aims to understand about that subject.","This question targets the ""Understand"" level. It requires learners to explain the relationship and difference between two foundational terms needed to formulate strong research questions.","Your response captures the key distinction well: you describe the topic as broad and the area of investigation as the narrowed, more specific focus that becomes researchable. This aligns with the idea that the “area of investigation” is about what you’re trying to find out/understand about the topic, though you could make that “aim to understand” piece a bit more explicit rather than framing it mainly as a “problem.”  

Score: 8/10",Why is a cross-sectional survey methodology limited when attempting to establish a causal relationship between pro-environmental behaviour and attitude?,"A cross-sectional survey measures variables at a single point in time, which can identify correlations but cannot establish whether behaviour causes an attitude or vice versa.","This question targets the ""Analyze"" level. Learners must break down the characteristics of cross-sectional research to explain why it falls short of proving causality, drawing on the lecturer's critique of the provided literature.","Your response captures the key limitation of cross-sectional surveys very well: because measures are taken at one time point, you can identify an association but not the direction of influence (attitude → behaviour vs behaviour → attitude). You also add a valid extra point about third-variable (confounding) explanations, which further strengthens why causality can’t be inferred from this design.  

Score: 10/10","In the two-wave longitudinal transport study, how does the methodology overcome the primary limitation of cross-sectional research?","By measuring attitudes and behaviours at two distinct time points, the study tests bidirectional relationships to determine if initial behaviour predicts future attitudes or vice versa.","This question assesses the ""Apply"" and ""Analyze"" levels. It requires learners to contrast longitudinal methodology against cross-sectional limitations and explain how measuring variables over time helps approximate causation.","Your response captures the central advantage of the two-wave longitudinal design over a cross-sectional one: measuring the same people over time allows you to establish temporal order (what comes first), which supports stronger causal inference than a single snapshot.

To match the model answer even more closely, you could explicitly mention that the study can test *both directions* of influence (whether earlier attitudes predict later behavior and whether earlier behavior predicts later attitudes), not just which “changes first” in general.

Score: 9/10","Based on the experimental study involving Greenpeace, how does the methodology reverse the ""conventional wisdom"" of climate psychology research?","Instead of testing if attitudes predict actions, the experiment manipulates behaviour by giving participants the opportunity to donate, then measures how this action impacts their subsequent attitudes.","This question targets the ""Analyze"" level. It requires learners to interpret the methodology of a specific experiment and contrast its sequence of variables against the traditional ""thinking leads to action"" paradigm.","Your response correctly recognizes that the study challenges “conventional wisdom” and emphasizes real-world experimentation and comparing interventions across contexts. However, it misses the central methodological reversal highlighted in the model answer: the key flip is the *causal order*—the experiment prompts an action first (e.g., a donation opportunity) and then measures how that behavior changes later attitudes, rather than testing whether attitudes predict behavior. To improve, explicitly describe that “behavior → attitudes” sequence and connect it to the traditional “attitudes → behavior” approach.

Score: 6/10","If a researcher studies how engaging in community gardening affects participants' climate concerns, what direction of causality are they investigating?","The researcher is investigating the action-centric direction of causality, testing how taking an action impacts the subsequent development of mental constructs like beliefs and feelings.","This question targets the ""Apply"" level. Learners must apply the lecture's theoretical frameworks to a hypothetical scenario, identifying that measuring the impact of an action on a mental construct aligns with the action-centric research model.","Your response captures the key idea correctly: you identified that the researcher is testing **behavior/action (community gardening)** as the cause and **attitudes/concerns (climate concern)** as the effect. That matches the model answer’s “action-centric” direction of causality (action → mental constructs like beliefs/feelings). To improve, you could explicitly name it as the **action-centric** model (or “behavior-to-attitude” direction) and note that climate concern is a mental construct.  

Score: 9/10"
17/03/2026 12:52,17/03/2026 12:52,IP Address,27,31,FALSE,24/03/2026 12:53,R_8cthSMujRUfLB7j,anonymous,EN,1,P24,,,,,,,,,,,,,,,,,"According to conventional wisdom, what is the prerequisite for changing people's behaviour regarding climate change?",Conventional wisdom suggests that changing how people think about climate change is the prerequisite for changing their actual behaviour.,"This question assesses the ""Remember"" level of Bloom's taxonomy. It requires learners to recall the implicit, standard assumption in most climate psychology research before the lecturer introduces the alternative ""action-centric"" approach.",,"How does a successful research question differentiate between the ""topic"" and the ""area of investigation""?","The topic is the specific subject being investigated, whereas the area of investigation is what the researcher ultimately aims to understand about that subject.","This question targets the ""Understand"" level. It requires learners to explain the relationship and difference between two foundational terms needed to formulate strong research questions.",,Why is a cross-sectional survey methodology limited when attempting to establish a causal relationship between pro-environmental behaviour and attitude?,"A cross-sectional survey measures variables at a single point in time, which can identify correlations but cannot establish whether behaviour causes an attitude or vice versa.","This question targets the ""Analyze"" level. Learners must break down the characteristics of cross-sectional research to explain why it falls short of proving causality, drawing on the lecturer's critique of the provided literature.",,"In the two-wave longitudinal transport study, how does the methodology overcome the primary limitation of cross-sectional research?","By measuring attitudes and behaviours at two distinct time points, the study tests bidirectional relationships to determine if initial behaviour predicts future attitudes or vice versa.","This question assesses the ""Apply"" and ""Analyze"" levels. It requires learners to contrast longitudinal methodology against cross-sectional limitations and explain how measuring variables over time helps approximate causation.",,"Based on the experimental study involving Greenpeace, how does the methodology reverse the ""conventional wisdom"" of climate psychology research?","Instead of testing if attitudes predict actions, the experiment manipulates behaviour by giving participants the opportunity to donate, then measures how this action impacts their subsequent attitudes.","This question targets the ""Analyze"" level. It requires learners to interpret the methodology of a specific experiment and contrast its sequence of variables against the traditional ""thinking leads to action"" paradigm.",,"If a researcher studies how engaging in community gardening affects participants' climate concerns, what direction of causality are they investigating?","The researcher is investigating the action-centric direction of causality, testing how taking an action impacts the subsequent development of mental constructs like beliefs and feelings.","This question targets the ""Apply"" level. Learners must apply the lecture's theoretical frameworks to a hypothetical scenario, identifying that measuring the impact of an action on a mental construct aligns with the action-centric research model.",
17/03/2026 12:50,17/03/2026 12:53,IP Address,42,205,FALSE,24/03/2026 12:53,R_8umxqGWWOlvt0nn,anonymous,EN,0.699999988,P01,"I confirm that I understand that by ticking/initialling each box below I am consenting to this element of the study. I understand that it will be assumed that unticked/initialled boxes means that I DO NOT consent to that part of the study. I understand that by not giving consent for any one element that I may be deemed ineligible for the study.,I have read the information sheet and understand I can email the researchers with any questions.,I understand that my personal information (e.g., my age, gender, and information about my language background) will be used for the purposes of this study, which have been explained to me.,I consent to the processing of my personal information for the purposes of this study, and I understand that any such information will be treated as strictly confidential and handled in accordance with the provisions of the Data Protection Act 2018.,I understand that the information I provide may be published as a report and I will be sent a copy if I wish. Confidentiality and anonymity will be maintained, and it will not be possible to identify me in any publications.,I understand that my anonymised research data may be shared in accordance with open science guidelines (no one will be able to identify me if these data are shared).,I understand that I am free to withdraw from the study without penalty if I so wish.,I am over the age of 18.,I consent to take part in this study.",20,Female,English ,,,,There would naturally be a lot of variation on who uses public transport so it could be more generalisable ,,forward?,,,,,,,"According to conventional wisdom, what is the prerequisite for changing people's behaviour regarding climate change?",Conventional wisdom suggests that changing how people think about climate change is the prerequisite for changing their actual behaviour.,"This question assesses the ""Remember"" level of Bloom's taxonomy. It requires learners to recall the implicit, standard assumption in most climate psychology research before the lecturer introduces the alternative ""action-centric"" approach.",,"How does a successful research question differentiate between the ""topic"" and the ""area of investigation""?","The topic is the specific subject being investigated, whereas the area of investigation is what the researcher ultimately aims to understand about that subject.","This question targets the ""Understand"" level. It requires learners to explain the relationship and difference between two foundational terms needed to formulate strong research questions.",,Why is a cross-sectional survey methodology limited when attempting to establish a causal relationship between pro-environmental behaviour and attitude?,"A cross-sectional survey measures variables at a single point in time, which can identify correlations but cannot establish whether behaviour causes an attitude or vice versa.","This question targets the ""Analyze"" level. Learners must break down the characteristics of cross-sectional research to explain why it falls short of proving causality, drawing on the lecturer's critique of the provided literature.",,"In the two-wave longitudinal transport study, how does the methodology overcome the primary limitation of cross-sectional research?","By measuring attitudes and behaviours at two distinct time points, the study tests bidirectional relationships to determine if initial behaviour predicts future attitudes or vice versa.","This question assesses the ""Apply"" and ""Analyze"" levels. It requires learners to contrast longitudinal methodology against cross-sectional limitations and explain how measuring variables over time helps approximate causation.","Your response focuses on **generalizability** (how well findings apply to a broader population), but the question is asking about the main limitation of **cross-sectional** research: that it measures everything at one time point, so it can’t establish **temporal order** or test whether attitudes influence behavior or behavior influences attitudes.

A stronger answer would explain that a **two-wave longitudinal design** measures the same variables at two points in time, allowing the researchers to examine **directionality over time** (e.g., whether earlier behavior predicts later attitudes, and/or earlier attitudes predict later behavior).

Score: 2/10","Based on the experimental study involving Greenpeace, how does the methodology reverse the ""conventional wisdom"" of climate psychology research?","Instead of testing if attitudes predict actions, the experiment manipulates behaviour by giving participants the opportunity to donate, then measures how this action impacts their subsequent attitudes.","This question targets the ""Analyze"" level. It requires learners to interpret the methodology of a specific experiment and contrast its sequence of variables against the traditional ""thinking leads to action"" paradigm.",,"If a researcher studies how engaging in community gardening affects participants' climate concerns, what direction of causality are they investigating?","The researcher is investigating the action-centric direction of causality, testing how taking an action impacts the subsequent development of mental constructs like beliefs and feelings.","This question targets the ""Apply"" level. Learners must apply the lecture's theoretical frameworks to a hypothetical scenario, identifying that measuring the impact of an action on a mental construct aligns with the action-centric research model.","Your answer “forward?” hints that you think there’s a directional relationship, but it doesn’t clearly identify *which* direction of causality is being studied. The question is specifically about **action → mental construct** (engaging in gardening affecting climate concerns), which is called the **action-centric direction of causality** in the model answer. Try naming that direction explicitly and describing it as “behavior/action influencing beliefs/concerns.”

Score: 2/10"
17/03/2026 12:50,17/03/2026 13:03,IP Address,96,769,FALSE,24/03/2026 13:03,R_25hSRXpuoknGzTj,anonymous,EN,1,P28,,,,,"According to conventional wisdom, the prerequisite for changing people's behavior regarding climate change is changing their attitudes, in order to change their behavior as well.","A successful research question differentiate between the ""topic"" and the ""area of investigation"" by focusing on a specific, singular topic that the research question aims to answer, and the area of investigation focusing on the field that the topic/question would be under. ","A cross-sectional survey methodology limited when trying to establish a casual relationship between pro-environmental behavior and attitude because it assumes that attitudes predict behaviors way better than they actually do. Moving from the conventional methodology allows us to study the impact of behaviors of attitudes, which seem to have a stronger correlation between them. ","The two-wave longitudinal transport study overcome the primary limitation of cross-sectional research by allowing the study of a variable at multiple points in time (in this case 2), which allow for the clearer study of directionality. ","Based on the study involving Greenpeace, the methodology reverse the ""conventional wisdom"" of climate change research as it suggested that when their attitudes regarding Greenpeace were rated, and then they were asked to donate, stronger attitudes did predict behavior best, but weaker attitudes changed after the behavior. This provides support to the reversal of conventional wisdom, as people changed their attitudes to best match their behaviors. ","In this case, the researcher is investigating the behavior to attitude causality. ",4,5,5,4,4,,"According to conventional wisdom, what is the prerequisite for changing people's behaviour regarding climate change?",Conventional wisdom suggests that changing how people think about climate change is the prerequisite for changing their actual behaviour.,"This question assesses the ""Remember"" level of Bloom's taxonomy. It requires learners to recall the implicit, standard assumption in most climate psychology research before the lecturer introduces the alternative ""action-centric"" approach.","Your answer matches the conventional “attitude-first” assumption: that you need to change people’s attitudes/thinking about climate change before their behaviour will change. This captures the key prerequisite idea accurately, though you could be slightly closer to the model wording by explicitly saying “how people think about climate change,” not just attitudes in general.  

Score: 9/10","How does a successful research question differentiate between the ""topic"" and the ""area of investigation""?","The topic is the specific subject being investigated, whereas the area of investigation is what the researcher ultimately aims to understand about that subject.","This question targets the ""Understand"" level. It requires learners to explain the relationship and difference between two foundational terms needed to formulate strong research questions.","Your response captures the basic distinction: you correctly describe the **topic** as the specific focus of the question, and you connect the **area of investigation** to a broader context (the field). However, compared with the model answer, your explanation misses the key idea that the **area of investigation is what you’re trying to find out/understand about the topic** (the “angle,” purpose, or aspect being examined), not just the general field it belongs to.

To improve, explicitly state what the research aims to understand about the topic (e.g., causes, effects, relationships, experiences) rather than only naming the broader discipline.

Score: 7/10",Why is a cross-sectional survey methodology limited when attempting to establish a causal relationship between pro-environmental behaviour and attitude?,"A cross-sectional survey measures variables at a single point in time, which can identify correlations but cannot establish whether behaviour causes an attitude or vice versa.","This question targets the ""Analyze"" level. Learners must break down the characteristics of cross-sectional research to explain why it falls short of proving causality, drawing on the lecturer's critique of the provided literature.","Your response shows some awareness that the attitude–behavior link can be misunderstood or over-assumed, but it doesn’t address the core methodological limitation of *cross-sectional* surveys. The key issue is that cross-sectional data are collected at one point in time, so you can’t determine directionality or temporal order (whether attitude leads to behavior or behavior leads to attitude), meaning you can find associations but not causation. To improve, explicitly mention the “single time point” nature and the inability to rule out reverse causation or establish what comes first.

Score: 3/10","In the two-wave longitudinal transport study, how does the methodology overcome the primary limitation of cross-sectional research?","By measuring attitudes and behaviours at two distinct time points, the study tests bidirectional relationships to determine if initial behaviour predicts future attitudes or vice versa.","This question assesses the ""Apply"" and ""Analyze"" levels. It requires learners to contrast longitudinal methodology against cross-sectional limitations and explain how measuring variables over time helps approximate causation.","Your response captures the central idea well: measuring the same variables at two time points helps address the key limitation of cross-sectional studies (they can’t show directionality over time). You correctly highlight that this design allows clearer examination of which variable comes first.

To make it even stronger, you could explicitly mention that the study can test *bidirectional* paths (e.g., whether earlier behaviour predicts later attitudes and/or earlier attitudes predict later behaviour), which is the specific advantage emphasized in the model answer.  
Score: 8/10","Based on the experimental study involving Greenpeace, how does the methodology reverse the ""conventional wisdom"" of climate psychology research?","Instead of testing if attitudes predict actions, the experiment manipulates behaviour by giving participants the opportunity to donate, then measures how this action impacts their subsequent attitudes.","This question targets the ""Analyze"" level. It requires learners to interpret the methodology of a specific experiment and contrast its sequence of variables against the traditional ""thinking leads to action"" paradigm.","You capture part of the key idea: you recognize that the study provides evidence that people may adjust their attitudes to align with what they did (attitudes changing after behavior), which matches the “action → attitude” logic.

However, your description of the *methodology* is somewhat mixed up. The reversal of conventional wisdom is mainly about the experimental sequence—researchers *manipulated behavior first* (gave an opportunity to donate) and then measured later attitudes, rather than starting by testing whether attitudes predict donating. Your response leans back toward the conventional approach (“stronger attitudes did predict behavior best”) and doesn’t clearly state that behavior was the manipulated/starting variable.

Score: 7/10","If a researcher studies how engaging in community gardening affects participants' climate concerns, what direction of causality are they investigating?","The researcher is investigating the action-centric direction of causality, testing how taking an action impacts the subsequent development of mental constructs like beliefs and feelings.","This question targets the ""Apply"" level. Learners must apply the lecture's theoretical frameworks to a hypothetical scenario, identifying that measuring the impact of an action on a mental construct aligns with the action-centric research model.","Your answer correctly identifies the key causal direction: the researcher is examining how a **behavior/action (community gardening)** influences an **attitude/mental construct (climate concerns)**. That matches the model’s “action-centric” framing (action → beliefs/feelings/concerns).

To make it even stronger, you could explicitly connect it to the lecture term “action-centric” or briefly restate the direction (engaging in gardening leads to changes in climate concern).

Score: 9/10"
17/03/2026 17:10,17/03/2026 17:10,IP Address,4,51,FALSE,24/03/2026 17:10,R_8YExrvpZl0OoMMh,anonymous,EN,1,P33,,,,,,,,,,,,,,,,,,,,,,,,,,,,,,,,,,,,,,,,
17/03/2026 17:29,17/03/2026 17:29,IP Address,27,14,FALSE,24/03/2026 17:29,R_2Lj23fRhkblFvJS,anonymous,EN,1,P27,,,,,,,,,,,,,,,,,"According to conventional wisdom, what is the prerequisite for changing people's behaviour regarding climate change?",Conventional wisdom suggests that changing how people think about climate change is the prerequisite for changing their actual behaviour.,"This question assesses the ""Remember"" level of Bloom's taxonomy. It requires learners to recall the implicit, standard assumption in most climate psychology research before the lecturer introduces the alternative ""action-centric"" approach.",,"How does a successful research question differentiate between the ""topic"" and the ""area of investigation""?","The topic is the specific subject being investigated, whereas the area of investigation is what the researcher ultimately aims to understand about that subject.","This question targets the ""Understand"" level. It requires learners to explain the relationship and difference between two foundational terms needed to formulate strong research questions.",,Why is a cross-sectional survey methodology limited when attempting to establish a causal relationship between pro-environmental behaviour and attitude?,"A cross-sectional survey measures variables at a single point in time, which can identify correlations but cannot establish whether behaviour causes an attitude or vice versa.","This question targets the ""Analyze"" level. Learners must break down the characteristics of cross-sectional research to explain why it falls short of proving causality, drawing on the lecturer's critique of the provided literature.",,"In the two-wave longitudinal transport study, how does the methodology overcome the primary limitation of cross-sectional research?","By measuring attitudes and behaviours at two distinct time points, the study tests bidirectional relationships to determine if initial behaviour predicts future attitudes or vice versa.","This question assesses the ""Apply"" and ""Analyze"" levels. It requires learners to contrast longitudinal methodology against cross-sectional limitations and explain how measuring variables over time helps approximate causation.",,"Based on the experimental study involving Greenpeace, how does the methodology reverse the ""conventional wisdom"" of climate psychology research?","Instead of testing if attitudes predict actions, the experiment manipulates behaviour by giving participants the opportunity to donate, then measures how this action impacts their subsequent attitudes.","This question targets the ""Analyze"" level. It requires learners to interpret the methodology of a specific experiment and contrast its sequence of variables against the traditional ""thinking leads to action"" paradigm.",,"If a researcher studies how engaging in community gardening affects participants' climate concerns, what direction of causality are they investigating?","The researcher is investigating the action-centric direction of causality, testing how taking an action impacts the subsequent development of mental constructs like beliefs and feelings.","This question targets the ""Apply"" level. Learners must apply the lecture's theoretical frameworks to a hypothetical scenario, identifying that measuring the impact of an action on a mental construct aligns with the action-centric research model.",
17/03/2026 19:24,17/03/2026 19:38,IP Address,73,825,FALSE,24/03/2026 19:38,R_8JRUiCR0HH0mZZZ,anonymous,EN,1,P21,,,,,a,through differentiate,high,a,a,a,,,,,,,"According to conventional wisdom, what is the prerequisite for changing people's behaviour regarding climate change?",Conventional wisdom suggests that changing how people think about climate change is the prerequisite for changing their actual behaviour.,"This question assesses the ""Remember"" level of Bloom's taxonomy. It requires learners to recall the implicit, standard assumption in most climate psychology research before the lecturer introduces the alternative ""action-centric"" approach.","Your response (“a”) doesn’t provide any meaningful information about the conventional wisdom described in the question. The expected idea was that people’s behaviour changes only after you first change their thinking/attitudes/beliefs about climate change.

To improve, answer in a short sentence stating that shifting minds (beliefs/attitudes/awareness) is seen as the prerequisite to shifting behaviour.

Score: 0/10","How does a successful research question differentiate between the ""topic"" and the ""area of investigation""?","The topic is the specific subject being investigated, whereas the area of investigation is what the researcher ultimately aims to understand about that subject.","This question targets the ""Understand"" level. It requires learners to explain the relationship and difference between two foundational terms needed to formulate strong research questions.","Your response (“through differentiate”) doesn’t explain what *topic* is or what *area of investigation* is, and it doesn’t describe how they are different. To improve, you need to state that the **topic** is the subject you’re studying, while the **area of investigation** is the specific aspect/question you want to understand about that subject.

Score: 0/10",Why is a cross-sectional survey methodology limited when attempting to establish a causal relationship between pro-environmental behaviour and attitude?,"A cross-sectional survey measures variables at a single point in time, which can identify correlations but cannot establish whether behaviour causes an attitude or vice versa.","This question targets the ""Analyze"" level. Learners must break down the characteristics of cross-sectional research to explain why it falls short of proving causality, drawing on the lecturer's critique of the provided literature.","Your response (“high”) doesn’t explain anything about *why* cross-sectional surveys are limited for causal inference. The key idea needed is that cross-sectional designs measure variables at one time point, so they can show correlation but not the direction of influence (whether attitudes cause behaviour or behaviour causes attitudes), nor rule out other explanations.

Score: 0/10","In the two-wave longitudinal transport study, how does the methodology overcome the primary limitation of cross-sectional research?","By measuring attitudes and behaviours at two distinct time points, the study tests bidirectional relationships to determine if initial behaviour predicts future attitudes or vice versa.","This question assesses the ""Apply"" and ""Analyze"" levels. It requires learners to contrast longitudinal methodology against cross-sectional limitations and explain how measuring variables over time helps approximate causation.","The response “a” does not address the question or mention any key ideas (measuring at two time points, tracking change over time, or testing directionality/bidirectional relationships). It therefore doesn’t show understanding of how a two-wave longitudinal design improves on cross-sectional research.

Score: 0/10","Based on the experimental study involving Greenpeace, how does the methodology reverse the ""conventional wisdom"" of climate psychology research?","Instead of testing if attitudes predict actions, the experiment manipulates behaviour by giving participants the opportunity to donate, then measures how this action impacts their subsequent attitudes.","This question targets the ""Analyze"" level. It requires learners to interpret the methodology of a specific experiment and contrast its sequence of variables against the traditional ""thinking leads to action"" paradigm.","Your response (“a”) does not address the question or describe the methodology of the Greenpeace experiment. The key idea needed was that the study **manipulated behavior first (donation opportunity)** and then **measured how that action affected later attitudes**, which reverses the usual “attitudes → actions” approach.  

Score: 0/10","If a researcher studies how engaging in community gardening affects participants' climate concerns, what direction of causality are they investigating?","The researcher is investigating the action-centric direction of causality, testing how taking an action impacts the subsequent development of mental constructs like beliefs and feelings.","This question targets the ""Apply"" level. Learners must apply the lecture's theoretical frameworks to a hypothetical scenario, identifying that measuring the impact of an action on a mental construct aligns with the action-centric research model.","The model answer says the researcher is testing an **action → mental construct** direction of causality (engaging in community gardening as the action affecting climate concerns as a belief/feeling). Your response (“a”) doesn’t identify any direction of causality and doesn’t show understanding of the scenario.

To improve, you should explicitly state that the study is examining whether **taking the action (community gardening)** causes changes in **participants’ climate concerns**.

Score: 0/10"
17/03/2026 21:59,17/03/2026 21:59,IP Address,27,12,FALSE,24/03/2026 21:59,R_2VL5ogaktmVuRYi,anonymous,EN,1,P27,,,,,,,,,,,,,,,,,"According to conventional wisdom, what is the prerequisite for changing people's behaviour regarding climate change?",Conventional wisdom suggests that changing how people think about climate change is the prerequisite for changing their actual behaviour.,"This question assesses the ""Remember"" level of Bloom's taxonomy. It requires learners to recall the implicit, standard assumption in most climate psychology research before the lecturer introduces the alternative ""action-centric"" approach.",,"How does a successful research question differentiate between the ""topic"" and the ""area of investigation""?","The topic is the specific subject being investigated, whereas the area of investigation is what the researcher ultimately aims to understand about that subject.","This question targets the ""Understand"" level. It requires learners to explain the relationship and difference between two foundational terms needed to formulate strong research questions.",,Why is a cross-sectional survey methodology limited when attempting to establish a causal relationship between pro-environmental behaviour and attitude?,"A cross-sectional survey measures variables at a single point in time, which can identify correlations but cannot establish whether behaviour causes an attitude or vice versa.","This question targets the ""Analyze"" level. Learners must break down the characteristics of cross-sectional research to explain why it falls short of proving causality, drawing on the lecturer's critique of the provided literature.",,"In the two-wave longitudinal transport study, how does the methodology overcome the primary limitation of cross-sectional research?","By measuring attitudes and behaviours at two distinct time points, the study tests bidirectional relationships to determine if initial behaviour predicts future attitudes or vice versa.","This question assesses the ""Apply"" and ""Analyze"" levels. It requires learners to contrast longitudinal methodology against cross-sectional limitations and explain how measuring variables over time helps approximate causation.",,"Based on the experimental study involving Greenpeace, how does the methodology reverse the ""conventional wisdom"" of climate psychology research?","Instead of testing if attitudes predict actions, the experiment manipulates behaviour by giving participants the opportunity to donate, then measures how this action impacts their subsequent attitudes.","This question targets the ""Analyze"" level. It requires learners to interpret the methodology of a specific experiment and contrast its sequence of variables against the traditional ""thinking leads to action"" paradigm.",,"If a researcher studies how engaging in community gardening affects participants' climate concerns, what direction of causality are they investigating?","The researcher is investigating the action-centric direction of causality, testing how taking an action impacts the subsequent development of mental constructs like beliefs and feelings.","This question targets the ""Apply"" level. Learners must apply the lecture's theoretical frameworks to a hypothetical scenario, identifying that measuring the impact of an action on a mental construct aligns with the action-centric research model.",
17/03/2026 21:55,17/03/2026 22:07,IP Address,96,704,FALSE,24/03/2026 22:07,R_8ePumwKfuhrBgoD,anonymous,EN,1,P35,,,,,"Must increase people's awareness, give them information, or evoke emotions (fear, hope)","Topic is broad, area is specific.",Does not enable a bi-directional relationship to be tested. ,"It follows the same people over time, allows change to be measured. Cross-sectional only provides a snapshot.","For people with strong, favourable attitudes, their donation behaviour did not change attitudes; for people with weak attitudes, donating money resulted in attitude change ",action-centric,3,7,7,5,5,,"According to conventional wisdom, what is the prerequisite for changing people's behaviour regarding climate change?",Conventional wisdom suggests that changing how people think about climate change is the prerequisite for changing their actual behaviour.,"This question assesses the ""Remember"" level of Bloom's taxonomy. It requires learners to recall the implicit, standard assumption in most climate psychology research before the lecturer introduces the alternative ""action-centric"" approach.","Your response captures the core conventional-wisdom idea that to change climate-related behaviour, you first need to change something “in the head” (e.g., awareness, information, emotions). That aligns well with the model answer’s point about changing how people think, though you didn’t explicitly state the link as “change thinking first, then behaviour,” and emotions are a related but slightly broader addition.

To improve, make the causal prerequisite clearer: conventional wisdom assumes behaviour change follows from changing beliefs/attitudes/understanding about climate change. You could say “inform/raise awareness to shift attitudes, which then leads to behaviour change.”

Score: 8/10","How does a successful research question differentiate between the ""topic"" and the ""area of investigation""?","The topic is the specific subject being investigated, whereas the area of investigation is what the researcher ultimately aims to understand about that subject.","This question targets the ""Understand"" level. It requires learners to explain the relationship and difference between two foundational terms needed to formulate strong research questions.","Your response shows you understand that there’s a distinction in scope, but you’ve reversed the model’s emphasis. In the model answer, the **topic** is the specific subject (what you’re studying), while the **area of investigation** is the angle/purpose—what you’re trying to find out or understand about that subject. To improve, explain that the area of investigation is the *aspect/question/understanding sought*, not just “more specific.”

Score: 4/10",Why is a cross-sectional survey methodology limited when attempting to establish a causal relationship between pro-environmental behaviour and attitude?,"A cross-sectional survey measures variables at a single point in time, which can identify correlations but cannot establish whether behaviour causes an attitude or vice versa.","This question targets the ""Analyze"" level. Learners must break down the characteristics of cross-sectional research to explain why it falls short of proving causality, drawing on the lecturer's critique of the provided literature.","Your response touches on the idea that the direction of the relationship matters, which is part of why cross-sectional surveys can’t support causal claims. However, it’s unclear and somewhat inaccurate: cross-sectional designs can’t establish *directionality/temporal order* (which variable comes first), but saying it “does not enable a bi-directional relationship to be tested” doesn’t clearly explain the core limitation (single time point → correlation only → cannot tell whether behaviour causes attitude or vice versa). To improve, explicitly mention that measuring both at one time prevents determining which causes which and only allows associations.

Score: 4/10","In the two-wave longitudinal transport study, how does the methodology overcome the primary limitation of cross-sectional research?","By measuring attitudes and behaviours at two distinct time points, the study tests bidirectional relationships to determine if initial behaviour predicts future attitudes or vice versa.","This question assesses the ""Apply"" and ""Analyze"" levels. It requires learners to contrast longitudinal methodology against cross-sectional limitations and explain how measuring variables over time helps approximate causation.","Your response correctly identifies the main advantage of a longitudinal (two-wave) design over a cross-sectional “snapshot”: following the same people over time lets researchers observe change.

To better match the model answer, you should also mention *what* the two waves enable analytically—testing temporal order/bidirectional effects (e.g., whether earlier behaviour predicts later attitudes or whether earlier attitudes predict later behaviour), which helps address the causality limitation of cross-sectional studies.

Score: 7/10","Based on the experimental study involving Greenpeace, how does the methodology reverse the ""conventional wisdom"" of climate psychology research?","Instead of testing if attitudes predict actions, the experiment manipulates behaviour by giving participants the opportunity to donate, then measures how this action impacts their subsequent attitudes.","This question targets the ""Analyze"" level. It requires learners to interpret the methodology of a specific experiment and contrast its sequence of variables against the traditional ""thinking leads to action"" paradigm.","Your response shows you understand an important *finding* from the study (that behavior can shift attitudes more for people with weaker initial attitudes). However, it doesn’t directly address the question about the *methodology* reversing conventional climate psychology research. The key methodological reversal is the order/causal direction: the experiment *manipulates behavior first* (opportunity to donate) and then *measures subsequent attitudes*, rather than testing whether attitudes predict later actions.

To improve, explicitly state that the study changes behavior first and then observes attitude change, contrasting this with the usual “attitudes → behavior” approach.

Score: 6/10","If a researcher studies how engaging in community gardening affects participants' climate concerns, what direction of causality are they investigating?","The researcher is investigating the action-centric direction of causality, testing how taking an action impacts the subsequent development of mental constructs like beliefs and feelings.","This question targets the ""Apply"" level. Learners must apply the lecture's theoretical frameworks to a hypothetical scenario, identifying that measuring the impact of an action on a mental construct aligns with the action-centric research model.","Your answer (“action-centric”) correctly identifies the direction of causality being studied: the effect of an action/behavior (community gardening) on a mental construct (climate concerns). To make it stronger, you could briefly clarify the direction (action → beliefs/feelings/concerns) rather than only naming the label.

Score: 9/10"
