StartDate,EndDate,Status,Progress,Duration (in seconds),Finished,RecordedDate,ResponseId,DistributionChannel,UserLanguage,Q_RecaptchaScore,consent_form,candidate_number,age,gender,language,prior_knowledge_1,test_anxiety_1_1,test_anxiety_2_1,ai_1_1,ai_2_1,SAQ01,SAQ02,SAQ03,Q01,MA01,R01,Q02,MA02,R02,Q03,MA03,R03,F01,F02,F03
Start Date,End Date,Response Type,Progress,Duration (in seconds),Finished,Recorded Date,Response ID,Distribution Channel,User Language,Q_RecaptchaScore,"CONSENT FORM FOR ADULTS IN ONLINE RESEARCH STUDIES

Please complete this form after you have read the Information Sheet.



If you have any questions arising from the Information Sheet, please contact the researcher before you decide whether to participate.",What is your Candidate Number?,What is your age?,What is your gender?,What is your first language?,How would you rate your prior knowledge of the topics covered in this course?,How anxious do you feel about the graded class quiz next week?,How anxious do you feel about the final exam for this course?,To what extent do you agree or disagree with educators using artificial intelligence (AI)-generated content in the classroom?,How useful do you think artificial intelligence (AI)-generated practice quizzes are for your learning?,[Field-Q01],[Field-Q02],[Field-Q03],Q01,MA01,R01,Q02,MA02,R02,Q03,MA03,R03,F01,F02,F03
"{""ImportId"":""startDate"",""timeZone"":""America/Denver""}","{""ImportId"":""endDate"",""timeZone"":""America/Denver""}","{""ImportId"":""status""}","{""ImportId"":""progress""}","{""ImportId"":""duration""}","{""ImportId"":""finished""}","{""ImportId"":""recordedDate"",""timeZone"":""America/Denver""}","{""ImportId"":""_recordId""}","{""ImportId"":""distributionChannel""}","{""ImportId"":""userLanguage""}","{""ImportId"":""Q_RecaptchaScore""}","{""ImportId"":""QID1219288617""}","{""ImportId"":""QID1219288624_TEXT""}","{""ImportId"":""QID1219288612_TEXT""}","{""ImportId"":""QID1219288613""}","{""ImportId"":""QID1219288614_TEXT""}","{""ImportId"":""QID1219288618_1""}","{""ImportId"":""QID1219288619_1""}","{""ImportId"":""QID1219288620_1""}","{""ImportId"":""QID1219288621_1""}","{""ImportId"":""QID1219288622_1""}","{""ImportId"":""QID2_TEXT""}","{""ImportId"":""QID3_TEXT""}","{""ImportId"":""QID4_TEXT""}","{""ImportId"":""Q01""}","{""ImportId"":""MA01""}","{""ImportId"":""R01""}","{""ImportId"":""Q02""}","{""ImportId"":""MA02""}","{""ImportId"":""R02""}","{""ImportId"":""Q03""}","{""ImportId"":""MA03""}","{""ImportId"":""R03""}","{""ImportId"":""F01""}","{""ImportId"":""F02""}","{""ImportId"":""F03""}"
2026-01-13 06:08:28,2026-01-13 06:14:41,IP Address,100,372,True,2026-01-13 06:14:41,R_8bTRKxzqJpbVp7G,anonymous,EN,1,"I confirm that I understand that by ticking/initialling each box below I am consenting to this element of the study. I understand that it will be assumed that unticked/initialled boxes means that I DO NOT consent to that part of the study. I understand that by not giving consent for any one element that I may be deemed ineligible for the study.,I have read the information sheet and understand I can email the researchers with any questions.,I understand that my personal information (e.g., my age, gender, and information about my language background) will be used for the purposes of this study, which have been explained to me.,I consent to the processing of my personal information for the purposes of this study, and I understand that any such information will be treated as strictly confidential and handled in accordance with the provisions of the Data Protection Act 2018.,I understand that the information I provide may be published as a report and I will be sent a copy if I wish. Confidentiality and anonymity will be maintained, and it will not be possible to identify me in any publications.,I understand that my anonymised research data may be shared in accordance with open science guidelines (no one will be able to identify me if these data are shared).,I understand that I am free to withdraw from the study without penalty if I so wish.,I am over the age of 18.,I consent to take part in this study.",P13,20,Male,English ,3,5,6,5,5,"Energy from the sun through infrared and thermal waves enter the atmosphere and are trapped by N2O, CO2 and water vapour amongst other greenhouse gases. These greenhouse gases prevent thermal energy from leaving the planet, causing temperatures to rise. ","The entire globe is warming, but land is warming faster than the ocean with the arctic warming 4 times more than the global mean. ","Because it demonstrates a possible causal relatiolnship, so you cant really argue with it",Explain the basic physical mechanism of the greenhouse effect regarding how the atmosphere interacts with incoming solar radiation versus outgoing thermal radiation.,"The atmosphere is largely transparent to incoming shortwave solar radiation, allowing it to reach the surface, but it absorbs outgoing longwave thermal radiation emitted by the Earth, trapping heat.",This question tests the learners understanding of the fundamental physics behind climate change. It requires explaining the concept of wavelength transmission and absorption.,"Describe the observed spatial pattern of global warming, specifically comparing the rates of warming between land and ocean, and between the Arctic and the rest of the globe.","Land areas are warming faster than oceans, and the Arctic is warming at approximately twice the rate of the global average (Arctic amplification).","This question requires the learner to analyze the specific patterns of warming presented in the observation maps, moving beyond just the global mean temperature to specific regional differences.",Explain why the near-linear relationship between cumulative CO2 emissions and global temperature rise is practically useful for international climate policy and agreements.,This linear relationship allows scientists and policymakers to calculate a specific carbon budget - the total amount of carbon that can be emitted to keep warming below a specific temperature threshold.,This question tests the application of the cumulative emissions concept. The learner must understand that the scientific correlation provides the mechanism for setting finite political targets (budgets).,"Your response captures the core greenhouse-effect idea that certain gases (like CO₂, N₂O, and water vapour) absorb Earth’s outgoing heat and reduce how much thermal energy escapes to space, which leads to warming.

The main issue is that you describe the incoming solar energy as “infrared and thermal waves.” Most incoming solar radiation is *shortwave* (visible and near-infrared), and the key contrast is that the atmosphere is relatively transparent to this shortwave radiation but absorbs *outgoing longwave* infrared emitted by Earth’s surface. Clarifying that wavelength distinction (shortwave in, longwave out) would make your explanation match the physical mechanism more accurately.

Score: 8/10","Your response correctly identifies the two key spatial patterns: (1) land warms faster than oceans, and (2) the Arctic warms faster than the global average. However, you overstate the Arctic amplification by saying “4 times” rather than approximately “twice,” which is a significant inaccuracy relative to the model answer.

To improve, keep the land–ocean comparison as you have it, but be more precise about the Arctic rate (about 2× the global average) unless you can justify a different number from the data shown.  
Score: 8/10","Your response shows you understand that the relationship is convincing evidence and can support arguments in policy discussions. However, it doesn’t explain the *practical policy use*: that near-linearity lets countries translate a temperature goal (like 1.5°C or 2°C) into a measurable *carbon budget* (a finite total amount of CO₂ that can still be emitted) and use that to set targets and track progress in agreements. To improve, explicitly mention how it helps set emission limits/budgets tied to temperature thresholds.

Score: 3/10"
2026-01-13 06:13:30,2026-01-13 06:16:26,IP Address,100,175,True,2026-01-13 06:16:26,R_8iril7fWKEVLXQj,anonymous,EN,1,"I confirm that I understand that by ticking/initialling each box below I am consenting to this element of the study. I understand that it will be assumed that unticked/initialled boxes means that I DO NOT consent to that part of the study. I understand that by not giving consent for any one element that I may be deemed ineligible for the study.,I have read the information sheet and understand I can email the researchers with any questions.,I understand that my personal information (e.g., my age, gender, and information about my language background) will be used for the purposes of this study, which have been explained to me.,I consent to the processing of my personal information for the purposes of this study, and I understand that any such information will be treated as strictly confidential and handled in accordance with the provisions of the Data Protection Act 2018.,I understand that the information I provide may be published as a report and I will be sent a copy if I wish. Confidentiality and anonymity will be maintained, and it will not be possible to identify me in any publications.,I understand that my anonymised research data may be shared in accordance with open science guidelines (no one will be able to identify me if these data are shared).,I understand that I am free to withdraw from the study without penalty if I so wish.,I am over the age of 18.,I consent to take part in this study.",P35,26,Female,English,4,1,1,2,2,"Greenhouse gasses trap thermal radiation but let incoming solar radiation through, affecting temperature","Land warms faster than the ocean, arctic warms faster than rest of globe",Follows that cutting CO2 emissions will reduce rising temperatures,Explain the basic physical mechanism of the greenhouse effect regarding how the atmosphere interacts with incoming solar radiation versus outgoing thermal radiation.,"The atmosphere is largely transparent to incoming shortwave solar radiation, allowing it to reach the surface, but it absorbs outgoing longwave thermal radiation emitted by the Earth, trapping heat.",This question tests the learners understanding of the fundamental physics behind climate change. It requires explaining the concept of wavelength transmission and absorption.,"Describe the observed spatial pattern of global warming, specifically comparing the rates of warming between land and ocean, and between the Arctic and the rest of the globe.","Land areas are warming faster than oceans, and the Arctic is warming at approximately twice the rate of the global average (Arctic amplification).","This question requires the learner to analyze the specific patterns of warming presented in the observation maps, moving beyond just the global mean temperature to specific regional differences.",Explain why the near-linear relationship between cumulative CO2 emissions and global temperature rise is practically useful for international climate policy and agreements.,This linear relationship allows scientists and policymakers to calculate a specific carbon budget - the total amount of carbon that can be emitted to keep warming below a specific temperature threshold.,This question tests the application of the cumulative emissions concept. The learner must understand that the scientific correlation provides the mechanism for setting finite political targets (budgets).,"Your response captures the central idea: greenhouse gases mostly allow incoming solar (shortwave) radiation to pass through but absorb (“trap”) Earth’s outgoing thermal (longwave) radiation, which warms the surface and lower atmosphere. 

To improve, you could be a bit more explicit about the *difference in wavelengths* (shortwave vs longwave) and clarify that it’s the atmosphere/greenhouse gases *absorbing and re-emitting* outgoing infrared that leads to warming, not just “trapping” in a vague sense.

Score: 8/10","Your response captures both key spatial patterns correctly: you state that land warms faster than the ocean and that the Arctic warms faster than the rest of the globe. To make it even stronger, you could add the key quantitative detail that the Arctic is warming at about twice the global average (often called “Arctic amplification”).  

Score: 9/10","Your response shows a basic idea that reducing CO₂ emissions helps limit temperature rise, which is generally true. However, it doesn’t explain what makes the *near-linear cumulative* relationship practically useful for policy—namely that it lets policymakers estimate a **carbon budget** (a finite total amount of CO₂ that can be emitted to stay below a chosen temperature limit) and set measurable targets in agreements.

To improve, mention that the relationship links **total cumulative emissions** to warming, enabling international agreements to translate temperature goals (like 1.5°C or 2°C) into specific remaining allowable emissions.  
Score: 3/10"
2026-01-13 06:08:46,2026-01-13 06:17:58,IP Address,100,551,True,2026-01-13 06:17:58,R_2Qqyu7LRi4AnltL,anonymous,EN,1,"I confirm that I understand that by ticking/initialling each box below I am consenting to this element of the study. I understand that it will be assumed that unticked/initialled boxes means that I DO NOT consent to that part of the study. I understand that by not giving consent for any one element that I may be deemed ineligible for the study.,I have read the information sheet and understand I can email the researchers with any questions.,I understand that my personal information (e.g., my age, gender, and information about my language background) will be used for the purposes of this study, which have been explained to me.,I consent to the processing of my personal information for the purposes of this study, and I understand that any such information will be treated as strictly confidential and handled in accordance with the provisions of the Data Protection Act 2018.,I understand that the information I provide may be published as a report and I will be sent a copy if I wish. Confidentiality and anonymity will be maintained, and it will not be possible to identify me in any publications.,I understand that my anonymised research data may be shared in accordance with open science guidelines (no one will be able to identify me if these data are shared).,I understand that I am free to withdraw from the study without penalty if I so wish.,I am over the age of 18.,I consent to take part in this study.",P11,21,Female,English,4,3,3,6,6,Greenhouse gases get trapped in the atmosphere due to infra-red radiation,"Global warming increases regional temperatures, precipitation and soil moisture. ",As they can address both challenges through the same policy and agreements ,Explain the basic physical mechanism of the greenhouse effect regarding how the atmosphere interacts with incoming solar radiation versus outgoing thermal radiation.,"The atmosphere is largely transparent to incoming shortwave solar radiation, allowing it to reach the surface, but it absorbs outgoing longwave thermal radiation emitted by the Earth, trapping heat.",This question tests the learners understanding of the fundamental physics behind climate change. It requires explaining the concept of wavelength transmission and absorption.,"Describe the observed spatial pattern of global warming, specifically comparing the rates of warming between land and ocean, and between the Arctic and the rest of the globe.","Land areas are warming faster than oceans, and the Arctic is warming at approximately twice the rate of the global average (Arctic amplification).","This question requires the learner to analyze the specific patterns of warming presented in the observation maps, moving beyond just the global mean temperature to specific regional differences.",Explain why the near-linear relationship between cumulative CO2 emissions and global temperature rise is practically useful for international climate policy and agreements.,This linear relationship allows scientists and policymakers to calculate a specific carbon budget - the total amount of carbon that can be emitted to keep warming below a specific temperature threshold.,This question tests the application of the cumulative emissions concept. The learner must understand that the scientific correlation provides the mechanism for setting finite political targets (budgets).,"Your answer mentions infrared (outgoing thermal) radiation and connects it to greenhouse gases, which is an important piece of the greenhouse effect. However, it’s unclear and partly inaccurate to say the gases “get trapped” (it’s heat/infrared energy that is absorbed and re-emitted, not the gases), and you don’t address the key contrast that the atmosphere mostly lets incoming shortwave sunlight pass through while interacting strongly with outgoing longwave radiation.

Score: 3/10","Your response mentions that global warming affects regional conditions (temperature, precipitation, soil moisture), which shows some awareness that climate change has regional impacts. However, it doesn’t describe the **observed spatial pattern** asked for—specifically that **land warms faster than oceans** and that the **Arctic warms about twice as fast as the global average**. To improve, directly compare warming rates between land vs. ocean and the Arctic vs. the rest of the globe.

Score: 2/10","Your response hints that the relationship is useful for shaping policy, but it doesn’t explain the *specific practical use* that makes it important for international agreements. The key idea is that a near-linear link lets countries estimate a **carbon budget** (a finite total amount of CO₂ that can be emitted) to stay below a chosen temperature limit, which then supports setting clear targets and tracking progress. Try to mention this “budget” idea and how it helps define measurable limits for agreements.

Score: 2/10"
2026-01-13 06:08:42,2026-01-13 06:19:11,IP Address,100,628,True,2026-01-13 06:19:11,R_8FwW09MzC5Zmd8E,anonymous,EN,0.8999999761581421,"I confirm that I understand that by ticking/initialling each box below I am consenting to this element of the study. I understand that it will be assumed that unticked/initialled boxes means that I DO NOT consent to that part of the study. I understand that by not giving consent for any one element that I may be deemed ineligible for the study.,I have read the information sheet and understand I can email the researchers with any questions.,I understand that my personal information (e.g., my age, gender, and information about my language background) will be used for the purposes of this study, which have been explained to me.,I consent to the processing of my personal information for the purposes of this study, and I understand that any such information will be treated as strictly confidential and handled in accordance with the provisions of the Data Protection Act 2018.,I understand that the information I provide may be published as a report and I will be sent a copy if I wish. Confidentiality and anonymity will be maintained, and it will not be possible to identify me in any publications.,I understand that my anonymised research data may be shared in accordance with open science guidelines (no one will be able to identify me if these data are shared).,I understand that I am free to withdraw from the study without penalty if I so wish.,I am over the age of 18.,I consent to take part in this study.",P03,20,Female,mandarin,3,4,5,5,5,"the majority of the solar radiation gets through the atomosphere. part of it was absorbed, parts reflected. as the atomosphere absord more heat","more in arctic cuz the earth is a ellipsoid, more in the ocean i guess?",cuz there's a clear correlational relationship so easier to make policies?,Explain the basic physical mechanism of the greenhouse effect regarding how the atmosphere interacts with incoming solar radiation versus outgoing thermal radiation.,"The atmosphere is largely transparent to incoming shortwave solar radiation, allowing it to reach the surface, but it absorbs outgoing longwave thermal radiation emitted by the Earth, trapping heat.",This question tests the learners understanding of the fundamental physics behind climate change. It requires explaining the concept of wavelength transmission and absorption.,"Describe the observed spatial pattern of global warming, specifically comparing the rates of warming between land and ocean, and between the Arctic and the rest of the globe.","Land areas are warming faster than oceans, and the Arctic is warming at approximately twice the rate of the global average (Arctic amplification).","This question requires the learner to analyze the specific patterns of warming presented in the observation maps, moving beyond just the global mean temperature to specific regional differences.",Explain why the near-linear relationship between cumulative CO2 emissions and global temperature rise is practically useful for international climate policy and agreements.,This linear relationship allows scientists and policymakers to calculate a specific carbon budget - the total amount of carbon that can be emitted to keep warming below a specific temperature threshold.,This question tests the application of the cumulative emissions concept. The learner must understand that the scientific correlation provides the mechanism for setting finite political targets (budgets).,"You correctly note that most incoming solar radiation passes through the atmosphere and that some is absorbed or reflected, which matches the “mostly transparent to sunlight” part of the greenhouse effect. However, your answer doesn’t clearly explain the key mechanism: greenhouse gases absorb *outgoing longwave (infrared) thermal radiation* from Earth’s surface, which reduces how much heat escapes to space and warms the surface/lower atmosphere. Try explicitly contrasting “shortwave in” versus “longwave out” and stating that the atmosphere is more absorbent to the outgoing infrared than the incoming sunlight.

Score: 5/10","Your response shows you’re trying to compare regions (you mention the Arctic), but the explanation is not correct and it misses the main observed pattern. The Arctic *is* warming faster, but not because Earth is an ellipsoid; it’s an observed climate pattern (Arctic amplification). Also, you said “more in the ocean,” but the key point is the opposite: **land warms faster than ocean**.

Score: 2/10","Your response correctly points out that having a clear relationship makes policy-making easier, which is part of the idea. However, it doesn’t explain the main practical use: that the near-linear link lets policymakers estimate a **carbon budget** (a specific total amount of CO₂ that can be emitted) to stay under a chosen temperature limit (e.g., 1.5°C or 2°C). Try to mention that this relationship translates temperature targets into concrete emissions limits for agreements.

Score: 4/10"
2026-01-13 06:08:27,2026-01-13 06:20:47,IP Address,100,740,True,2026-01-13 06:20:48,R_8JrYia9vcgEFBlL,anonymous,EN,1,"I confirm that I understand that by ticking/initialling each box below I am consenting to this element of the study. I understand that it will be assumed that unticked/initialled boxes means that I DO NOT consent to that part of the study. I understand that by not giving consent for any one element that I may be deemed ineligible for the study.,I have read the information sheet and understand I can email the researchers with any questions.,I understand that my personal information (e.g., my age, gender, and information about my language background) will be used for the purposes of this study, which have been explained to me.,I consent to the processing of my personal information for the purposes of this study, and I understand that any such information will be treated as strictly confidential and handled in accordance with the provisions of the Data Protection Act 2018.,I understand that the information I provide may be published as a report and I will be sent a copy if I wish. Confidentiality and anonymity will be maintained, and it will not be possible to identify me in any publications.,I understand that my anonymised research data may be shared in accordance with open science guidelines (no one will be able to identify me if these data are shared).,I understand that I am free to withdraw from the study without penalty if I so wish.,I am over the age of 18.,I consent to take part in this study.",P17,20,Female,English,5,3,5,4,7,"The sun transmits thermal radiation into the earths atmosphere, most of the light energy is relfected back but only 20% of the thermal energy is due to the presence of greenhouse gases","The land is heating up more than the ocean, and the Arctic is heating at a higher rate compared to the rest of the globe",It shows that increased CO2 emissions are highly likely to be causing increased global temperatures and therefore policy makers are more likely to agree to take steps to reduce CO2 emissions,Explain the basic physical mechanism of the greenhouse effect regarding how the atmosphere interacts with incoming solar radiation versus outgoing thermal radiation.,"The atmosphere is largely transparent to incoming shortwave solar radiation, allowing it to reach the surface, but it absorbs outgoing longwave thermal radiation emitted by the Earth, trapping heat.",This question tests the learners understanding of the fundamental physics behind climate change. It requires explaining the concept of wavelength transmission and absorption.,"Describe the observed spatial pattern of global warming, specifically comparing the rates of warming between land and ocean, and between the Arctic and the rest of the globe.","Land areas are warming faster than oceans, and the Arctic is warming at approximately twice the rate of the global average (Arctic amplification).","This question requires the learner to analyze the specific patterns of warming presented in the observation maps, moving beyond just the global mean temperature to specific regional differences.",Explain why the near-linear relationship between cumulative CO2 emissions and global temperature rise is practically useful for international climate policy and agreements.,This linear relationship allows scientists and policymakers to calculate a specific carbon budget - the total amount of carbon that can be emitted to keep warming below a specific temperature threshold.,This question tests the application of the cumulative emissions concept. The learner must understand that the scientific correlation provides the mechanism for setting finite political targets (budgets).,"Your response shows you’re thinking about energy coming from the Sun and the role of greenhouse gases, but it mixes up the key mechanisms. The greenhouse effect is mainly about the atmosphere letting most *incoming shortwave sunlight* through to the surface, while greenhouse gases absorb and re-emit the Earth’s *outgoing longwave (infrared/thermal) radiation*, which reduces how much heat escapes to space. Saying “most of the light energy is reflected back” and giving a specific “20%” figure doesn’t match the basic physics being asked and suggests confusion between reflection of sunlight and absorption of outgoing infrared.

Score: 3/10","Your response correctly identifies both key spatial patterns: (1) land warms faster than the ocean, and (2) the Arctic warms faster than the rest of the globe. The main missing detail is the approximate magnitude of Arctic amplification (about **twice** the global average), which the model answer explicitly includes.

Score: 8/10","Your response correctly connects higher CO₂ emissions with higher global temperatures, which is an important underlying idea and does relate to why policymakers might be motivated to act.

However, it misses the main “practical usefulness” highlighted in the model answer: the near-linear relationship lets countries estimate a **carbon budget** (a finite total amount of CO₂ that can be emitted) for staying under a chosen temperature limit, which is directly usable in international agreements and target-setting. To improve, explicitly mention how this relationship enables setting measurable budget-based targets (e.g., remaining allowable emissions for 1.5°C or 2°C).

Score: 5/10"
2026-01-13 06:08:24,2026-01-13 06:22:12,IP Address,100,827,True,2026-01-13 06:22:12,R_8zzFCHmCuaxpzia,anonymous,EN,1,"I confirm that I understand that by ticking/initialling each box below I am consenting to this element of the study. I understand that it will be assumed that unticked/initialled boxes means that I DO NOT consent to that part of the study. I understand that by not giving consent for any one element that I may be deemed ineligible for the study.,I have read the information sheet and understand I can email the researchers with any questions.,I understand that my personal information (e.g., my age, gender, and information about my language background) will be used for the purposes of this study, which have been explained to me.,I consent to the processing of my personal information for the purposes of this study, and I understand that any such information will be treated as strictly confidential and handled in accordance with the provisions of the Data Protection Act 2018.,I understand that the information I provide may be published as a report and I will be sent a copy if I wish. Confidentiality and anonymity will be maintained, and it will not be possible to identify me in any publications.,I understand that my anonymised research data may be shared in accordance with open science guidelines (no one will be able to identify me if these data are shared).,I understand that I am free to withdraw from the study without penalty if I so wish.,I am over the age of 18.,I consent to take part in this study.",P33,20,Male,English,3,5,4,2,6,"about 70% of incoming solar radiation reaches the earth and warms the lands and oceans. This warms the atmosphere. in the second half of this process, about 20% of the thermal energy from the sun that made it into the atmosphere then escapes back into space","The temperature increase is a big larger on land than on ocean. Generally, the entire globe is warming and there has been an increase of about 1.5 degrees C in the past three years. I'm not sure about more specifics","the near linear relationship provides a very clear and understandable relationship between cumulative CO2 emissions and global temperatures which makes it clear that the effect of increasing emissions is also increased temperature. Furthermore, this is practically useful for international climate policy and agreements, because it gives policymakers a clear point of focus in which if we make legislation that lowers co2 emission, then we can also prevent temperature rises",Explain the basic physical mechanism of the greenhouse effect regarding how the atmosphere interacts with incoming solar radiation versus outgoing thermal radiation.,"The atmosphere is largely transparent to incoming shortwave solar radiation, allowing it to reach the surface, but it absorbs outgoing longwave thermal radiation emitted by the Earth, trapping heat.",This question tests the learners understanding of the fundamental physics behind climate change. It requires explaining the concept of wavelength transmission and absorption.,"Describe the observed spatial pattern of global warming, specifically comparing the rates of warming between land and ocean, and between the Arctic and the rest of the globe.","Land areas are warming faster than oceans, and the Arctic is warming at approximately twice the rate of the global average (Arctic amplification).","This question requires the learner to analyze the specific patterns of warming presented in the observation maps, moving beyond just the global mean temperature to specific regional differences.",Explain why the near-linear relationship between cumulative CO2 emissions and global temperature rise is practically useful for international climate policy and agreements.,This linear relationship allows scientists and policymakers to calculate a specific carbon budget - the total amount of carbon that can be emitted to keep warming below a specific temperature threshold.,This question tests the application of the cumulative emissions concept. The learner must understand that the scientific correlation provides the mechanism for setting finite political targets (budgets).,"Your answer shows you understand that incoming solar energy reaches Earth’s surface and causes warming. However, you don’t clearly describe the key greenhouse mechanism: that the atmosphere is mostly transparent to **incoming shortwave** sunlight but **absorbs outgoing longwave (infrared)** radiation emitted by the warmed surface, which reduces how much heat escapes directly to space. Also, describing “thermal energy from the sun that made it into the atmosphere” is misleading—what matters is Earth re-emitting energy as infrared after it absorbs sunlight.

Score: 4/10","You correctly identified one key part of the pattern: land is warming faster than the oceans. However, you didn’t address the other essential comparison in the question—Arctic warming versus the rest of the globe (Arctic amplification, roughly ~2× the global average). Also, the claim of “about 1.5°C in the past three years” is not supported by the model answer and is likely inaccurate in this context; the question is about spatial patterns, not a short recent time trend.

Score: 4/10","Your response correctly explains the basic idea that more cumulative CO₂ emissions lead to more warming, and you clearly connect this to why policymakers should focus on reducing emissions.

However, you don’t include the key policy tool the relationship enables: calculating a **carbon budget** (a finite total amount of CO₂ that can be emitted) tied to a specific temperature limit (e.g., 1.5°C or 2°C). To match the model answer more closely, you should mention that the near-linear relationship allows international agreements to set **quantified remaining emissions limits** and track progress against them.

Score: 7/10"
2026-01-13 06:09:03,2026-01-13 06:22:18,IP Address,100,794,True,2026-01-13 06:22:18,R_2plpU7QfaE0okjC,anonymous,EN,1,"I confirm that I understand that by ticking/initialling each box below I am consenting to this element of the study. I understand that it will be assumed that unticked/initialled boxes means that I DO NOT consent to that part of the study. I understand that by not giving consent for any one element that I may be deemed ineligible for the study.,I have read the information sheet and understand I can email the researchers with any questions.,I understand that my personal information (e.g., my age, gender, and information about my language background) will be used for the purposes of this study, which have been explained to me.,I consent to the processing of my personal information for the purposes of this study, and I understand that any such information will be treated as strictly confidential and handled in accordance with the provisions of the Data Protection Act 2018.,I understand that the information I provide may be published as a report and I will be sent a copy if I wish. Confidentiality and anonymity will be maintained, and it will not be possible to identify me in any publications.,I understand that my anonymised research data may be shared in accordance with open science guidelines (no one will be able to identify me if these data are shared).,I understand that I am free to withdraw from the study without penalty if I so wish.,I am over the age of 18.,I consent to take part in this study.",P29,21,Female,Mandarin,2,3,5,4,3,"The particles that causes the greenhouse effect is able to let solar radiation through but it is unable to let thermal radiation caused bypass through, this is because the difference in their wavelengths which prevents thermal radiation from passing through the particles that make up the greenhouse. ","The temperature change in arctic regions is the highest compared to land and the ocean, and the temperature change of land is higher than ocean. The precipitation is higher in the equator region of the globe regardless of land and ocean, but the precipitation is significantly lower between South America and Africa. ",Because it proves that CO2 emission causes warming. ,Explain the basic physical mechanism of the greenhouse effect regarding how the atmosphere interacts with incoming solar radiation versus outgoing thermal radiation.,"The atmosphere is largely transparent to incoming shortwave solar radiation, allowing it to reach the surface, but it absorbs outgoing longwave thermal radiation emitted by the Earth, trapping heat.",This question tests the learners understanding of the fundamental physics behind climate change. It requires explaining the concept of wavelength transmission and absorption.,"Describe the observed spatial pattern of global warming, specifically comparing the rates of warming between land and ocean, and between the Arctic and the rest of the globe.","Land areas are warming faster than oceans, and the Arctic is warming at approximately twice the rate of the global average (Arctic amplification).","This question requires the learner to analyze the specific patterns of warming presented in the observation maps, moving beyond just the global mean temperature to specific regional differences.",Explain why the near-linear relationship between cumulative CO2 emissions and global temperature rise is practically useful for international climate policy and agreements.,This linear relationship allows scientists and policymakers to calculate a specific carbon budget - the total amount of carbon that can be emitted to keep warming below a specific temperature threshold.,This question tests the application of the cumulative emissions concept. The learner must understand that the scientific correlation provides the mechanism for setting finite political targets (budgets).,"Your response captures the central mechanism correctly: you explain that incoming solar radiation can pass through the atmosphere/greenhouse gases, while outgoing thermal (infrared/longwave) radiation is blocked, and you link this to the difference in wavelengths. That’s the key physics the question is asking for.

To improve, be a bit more precise: greenhouse gases don’t just “not let it pass”—they **absorb** outgoing longwave radiation and then **re-emit** it in all directions, which reduces heat loss to space (that’s what “trapping” means). Also, it’s better to refer to **greenhouse gases in the atmosphere** rather than “particles that make up the greenhouse.”

Score: 8/10","You correctly identified the two key spatial patterns asked about: land warms faster than the ocean, and the Arctic shows the greatest warming. However, you didn’t clearly state the *comparison in rate* for the Arctic (about twice the global average), and the precipitation discussion is off-topic for this question and distracts from your answer.

Score: 7/10","Your response identifies an important point—that CO₂ emissions are linked to warming—but it doesn’t address what makes the *near-linear cumulative* relationship *practically useful* for policy. The key idea is that policymakers can use this relationship to estimate a **carbon budget** (a finite remaining amount of emissions) to stay below a chosen temperature limit, which helps set targets and structure international agreements.  

Score: 3/10"
2026-01-13 06:08:34,2026-01-13 06:22:19,IP Address,100,825,True,2026-01-13 06:22:20,R_8PG2dw7GJttd0j1,anonymous,EN,0.8999999761581421,"I confirm that I understand that by ticking/initialling each box below I am consenting to this element of the study. I understand that it will be assumed that unticked/initialled boxes means that I DO NOT consent to that part of the study. I understand that by not giving consent for any one element that I may be deemed ineligible for the study.,I have read the information sheet and understand I can email the researchers with any questions.,I understand that my personal information (e.g., my age, gender, and information about my language background) will be used for the purposes of this study, which have been explained to me.,I consent to the processing of my personal information for the purposes of this study, and I understand that any such information will be treated as strictly confidential and handled in accordance with the provisions of the Data Protection Act 2018.,I understand that the information I provide may be published as a report and I will be sent a copy if I wish. Confidentiality and anonymity will be maintained, and it will not be possible to identify me in any publications.,I understand that my anonymised research data may be shared in accordance with open science guidelines (no one will be able to identify me if these data are shared).,I understand that I am free to withdraw from the study without penalty if I so wish.,I am over the age of 18.,I consent to take part in this study.",P30,20,Female,English,5,5,6,1,4,"The greenhouse effect is when gases allow for solar radiation to pass through the atmosphere, but don't allow for thermal radiation to escape","The observed spatial pattern of global warming is that there are extremes in temperature levels, along with soil and precipitation levels. The ocean is warming faster than the land, and the Arctic is also warming faster than the rest of the globe.","When we know how CO2 impacts global temperature, we can decide what global temperature rise we want to aim for and then find the equivalent co2 emissions. We can then use these emissions limits to create climate policy and goals. ",Explain the basic physical mechanism of the greenhouse effect regarding how the atmosphere interacts with incoming solar radiation versus outgoing thermal radiation.,"The atmosphere is largely transparent to incoming shortwave solar radiation, allowing it to reach the surface, but it absorbs outgoing longwave thermal radiation emitted by the Earth, trapping heat.",This question tests the learners understanding of the fundamental physics behind climate change. It requires explaining the concept of wavelength transmission and absorption.,"Describe the observed spatial pattern of global warming, specifically comparing the rates of warming between land and ocean, and between the Arctic and the rest of the globe.","Land areas are warming faster than oceans, and the Arctic is warming at approximately twice the rate of the global average (Arctic amplification).","This question requires the learner to analyze the specific patterns of warming presented in the observation maps, moving beyond just the global mean temperature to specific regional differences.",Explain why the near-linear relationship between cumulative CO2 emissions and global temperature rise is practically useful for international climate policy and agreements.,This linear relationship allows scientists and policymakers to calculate a specific carbon budget - the total amount of carbon that can be emitted to keep warming below a specific temperature threshold.,This question tests the application of the cumulative emissions concept. The learner must understand that the scientific correlation provides the mechanism for setting finite political targets (budgets).,"Your response captures the core idea correctly: the atmosphere lets most incoming sunlight through to the surface but prevents some outgoing heat (thermal/infrared radiation) from escaping, which leads to warming.

To improve, you could be a bit more precise by noting the difference in wavelengths (shortwave vs longwave) and that greenhouse gases *absorb and re-emit* outgoing longwave radiation rather than completely “not allowing it to escape.”

Score: 8/10","Your response correctly identifies one key spatial pattern: **the Arctic is warming faster than the rest of the globe**, which matches the idea of Arctic amplification (though you didn’t mention it’s about **twice** the global average).

However, you **reverse the land–ocean comparison**. The observed pattern is that **land warms faster than oceans**, not the other way around. Also, mentioning “soil and precipitation levels” doesn’t address the question, which specifically asks about **warming rates** over land vs ocean and Arctic vs global.

Score: 5/10","Your response captures the main practical use: because warming scales roughly with cumulative CO₂, policymakers can work backwards from a chosen temperature limit to an allowable amount of total emissions, and then use that limit to set policy targets.

To improve, you could be a bit more explicit that this is a *finite cumulative “carbon budget”* (total emissions over time, not just annual limits) and that this makes international agreements easier to structure around a shared global budget and national allocations.

Score: 9/10"
2026-01-13 06:08:32,2026-01-13 06:22:47,IP Address,100,854,True,2026-01-13 06:22:47,R_8mD95t3C5itmMfN,anonymous,EN,1,"I confirm that I understand that by ticking/initialling each box below I am consenting to this element of the study. I understand that it will be assumed that unticked/initialled boxes means that I DO NOT consent to that part of the study. I understand that by not giving consent for any one element that I may be deemed ineligible for the study.,I have read the information sheet and understand I can email the researchers with any questions.,I understand that my personal information (e.g., my age, gender, and information about my language background) will be used for the purposes of this study, which have been explained to me.,I consent to the processing of my personal information for the purposes of this study, and I understand that any such information will be treated as strictly confidential and handled in accordance with the provisions of the Data Protection Act 2018.,I understand that the information I provide may be published as a report and I will be sent a copy if I wish. Confidentiality and anonymity will be maintained, and it will not be possible to identify me in any publications.,I understand that my anonymised research data may be shared in accordance with open science guidelines (no one will be able to identify me if these data are shared).,I understand that I am free to withdraw from the study without penalty if I so wish.,I am over the age of 18.,I consent to take part in this study.",P20,20,Female,English,3,3,4,2,3,"Greenhouse gases prevents some thermal radiation from exiting the atmosphere, trapping heat within the atmosphere. They allow solar radiation to enter the atmosphere ","Higher rates of warming in the ocean compared to land, found that there is an average of 30 days increase per year on land where temperatures across the globe are over 35 degrees celsius. Arctic ice is melting releasing more Co2 into the atmosphere.",I dont know,Explain the basic physical mechanism of the greenhouse effect regarding how the atmosphere interacts with incoming solar radiation versus outgoing thermal radiation.,"The atmosphere is largely transparent to incoming shortwave solar radiation, allowing it to reach the surface, but it absorbs outgoing longwave thermal radiation emitted by the Earth, trapping heat.",This question tests the learners understanding of the fundamental physics behind climate change. It requires explaining the concept of wavelength transmission and absorption.,"Describe the observed spatial pattern of global warming, specifically comparing the rates of warming between land and ocean, and between the Arctic and the rest of the globe.","Land areas are warming faster than oceans, and the Arctic is warming at approximately twice the rate of the global average (Arctic amplification).","This question requires the learner to analyze the specific patterns of warming presented in the observation maps, moving beyond just the global mean temperature to specific regional differences.",Explain why the near-linear relationship between cumulative CO2 emissions and global temperature rise is practically useful for international climate policy and agreements.,This linear relationship allows scientists and policymakers to calculate a specific carbon budget - the total amount of carbon that can be emitted to keep warming below a specific temperature threshold.,This question tests the application of the cumulative emissions concept. The learner must understand that the scientific correlation provides the mechanism for setting finite political targets (budgets).,"Your response captures the core idea of the greenhouse effect: greenhouse gases let most incoming solar (shortwave) radiation in, but block some outgoing Earth (longwave/thermal) radiation, which leads to warming. You could improve it by being a bit more explicit that the atmosphere is *mostly transparent* to shortwave sunlight and that greenhouse gases *absorb and re-emit* longwave radiation rather than simply “preventing” it from exiting.  

Score: 8/10","Your response includes some climate-related ideas, but it doesn’t match the key observed spatial patterns asked for. You state that the ocean is warming faster than land, which is the opposite of the observed pattern (land warms faster than oceans). You also don’t clearly state that the Arctic is warming about twice as fast as the global average; instead, you mention ice melt and CO₂ release, which is more about causes/feedbacks than the specific comparative warming rates.

To improve, focus on the two required comparisons: **land vs. ocean (land faster)** and **Arctic vs. global average (Arctic ~2× faster, Arctic amplification)**, rather than heat-threshold days or CO₂ release.

Score: 2/10","Your response (“I dont know”) doesn’t include any explanation of the near-linear relationship or how it helps climate policy. The key idea you needed was that it lets policymakers estimate a *carbon budget*—a total allowable amount of CO₂ emissions to stay below a chosen warming limit (like 1.5°C or 2°C). Try to connect the science (cumulative emissions link to warming) to a practical policy tool (setting emissions limits/targets in agreements).

Score: 0/10"
2026-01-13 06:14:35,2026-01-13 06:22:52,IP Address,100,497,True,2026-01-13 06:22:52,R_82xbAldXZLrh5Yf,anonymous,EN,1,"I confirm that I understand that by ticking/initialling each box below I am consenting to this element of the study. I understand that it will be assumed that unticked/initialled boxes means that I DO NOT consent to that part of the study. I understand that by not giving consent for any one element that I may be deemed ineligible for the study.,I have read the information sheet and understand I can email the researchers with any questions.,I understand that my personal information (e.g., my age, gender, and information about my language background) will be used for the purposes of this study, which have been explained to me.,I consent to the processing of my personal information for the purposes of this study, and I understand that any such information will be treated as strictly confidential and handled in accordance with the provisions of the Data Protection Act 2018.,I understand that the information I provide may be published as a report and I will be sent a copy if I wish. Confidentiality and anonymity will be maintained, and it will not be possible to identify me in any publications.,I understand that my anonymised research data may be shared in accordance with open science guidelines (no one will be able to identify me if these data are shared).,I understand that I am free to withdraw from the study without penalty if I so wish.,I am over the age of 18.,I consent to take part in this study.",P32,24,Male,English,1,7,7,5,5,The greenhouse effect arises because the Earth’s atmosphere interacts differently with incoming solar radiation and outgoing thermal (infra-red) radiation.,"Land areas are warming faster than oceans because land has a lower heat capacity, while oceans absorb and redistribute heat through mixing, slowing surface temperature rise. The Arctic is warming much faster than the rest of the globe due to Arctic amplification, driven by feedbacks such as melting ice reducing surface albedo and increasing heat absorption.","The near-linear relationship means that total warming depends on **cumulative CO₂ emissions**, making it possible to define a **finite carbon budget** for limiting temperature rise. This is practically useful for international climate policy because it allows clear, quantifiable emissions targets and enables countries to assess how current and future emissions affect the likelihood of meeting temperature goals such as 1.5 °C or 2 °C.",Explain the basic physical mechanism of the greenhouse effect regarding how the atmosphere interacts with incoming solar radiation versus outgoing thermal radiation.,"The atmosphere is largely transparent to incoming shortwave solar radiation, allowing it to reach the surface, but it absorbs outgoing longwave thermal radiation emitted by the Earth, trapping heat.",This question tests the learners understanding of the fundamental physics behind climate change. It requires explaining the concept of wavelength transmission and absorption.,"Describe the observed spatial pattern of global warming, specifically comparing the rates of warming between land and ocean, and between the Arctic and the rest of the globe.","Land areas are warming faster than oceans, and the Arctic is warming at approximately twice the rate of the global average (Arctic amplification).","This question requires the learner to analyze the specific patterns of warming presented in the observation maps, moving beyond just the global mean temperature to specific regional differences.",Explain why the near-linear relationship between cumulative CO2 emissions and global temperature rise is practically useful for international climate policy and agreements.,This linear relationship allows scientists and policymakers to calculate a specific carbon budget - the total amount of carbon that can be emitted to keep warming below a specific temperature threshold.,This question tests the application of the cumulative emissions concept. The learner must understand that the scientific correlation provides the mechanism for setting finite political targets (budgets).,"Your response identifies the key idea that the atmosphere behaves differently for incoming solar radiation versus outgoing infrared radiation, which is a good start.

However, you don’t explain *how* it differs: that the atmosphere is mostly transparent to incoming shortwave sunlight (so it reaches the surface) but absorbs outgoing longwave infrared radiation, which reduces heat loss to space and leads to warming. Adding those details would make your explanation complete.

Score: 4/10","You accurately captured both key spatial patterns: (1) land warms faster than oceans, and (2) the Arctic warms faster than the global average (Arctic amplification). You also added solid physical explanations (heat capacity, ocean mixing, ice–albedo feedback), which are consistent with the observed pattern.

One small improvement would be to state the *relative magnitude* more explicitly: the model answer notes the Arctic is warming at about **twice** the global average. Otherwise, your response is complete and correct.

Score: 9/10","You accurately capture the key idea: because warming scales roughly with **cumulative CO₂**, policymakers can set a **carbon budget** tied to a temperature limit. You also add a useful policy implication—this makes targets clearer and helps countries judge whether their planned emissions are compatible with goals like **1.5°C/2°C**. To strengthen it further, you could briefly mention how this supports negotiations by enabling **fair allocation/sharing** of the remaining budget across countries, but that’s an extension beyond the core model point.

Score: 10/10"
2026-01-13 06:08:36,2026-01-13 06:22:57,IP Address,100,860,True,2026-01-13 06:22:57,R_2oYEnOIhqOmWNHj,anonymous,EN,1,"I confirm that I understand that by ticking/initialling each box below I am consenting to this element of the study. I understand that it will be assumed that unticked/initialled boxes means that I DO NOT consent to that part of the study. I understand that by not giving consent for any one element that I may be deemed ineligible for the study.,I have read the information sheet and understand I can email the researchers with any questions.,I understand that my personal information (e.g., my age, gender, and information about my language background) will be used for the purposes of this study, which have been explained to me.,I consent to the processing of my personal information for the purposes of this study, and I understand that any such information will be treated as strictly confidential and handled in accordance with the provisions of the Data Protection Act 2018.,I understand that the information I provide may be published as a report and I will be sent a copy if I wish. Confidentiality and anonymity will be maintained, and it will not be possible to identify me in any publications.,I understand that my anonymised research data may be shared in accordance with open science guidelines (no one will be able to identify me if these data are shared).,I understand that I am free to withdraw from the study without penalty if I so wish.,I am over the age of 18.,I consent to take part in this study.",P27,22,Female,English,5,4,5,5,5,"incoming radiation is through the sun and outgoing is absorbed by the atmosphere through water vapour, carbon dioxide",the land warms more than the ocean and the arctic will warm more than the rest of the globe,As the rise of CO2 emissions contributes towards the increase of global temperature so it is important to look at both while coming to agreements ,Explain the basic physical mechanism of the greenhouse effect regarding how the atmosphere interacts with incoming solar radiation versus outgoing thermal radiation.,"The atmosphere is largely transparent to incoming shortwave solar radiation, allowing it to reach the surface, but it absorbs outgoing longwave thermal radiation emitted by the Earth, trapping heat.",This question tests the learners understanding of the fundamental physics behind climate change. It requires explaining the concept of wavelength transmission and absorption.,"Describe the observed spatial pattern of global warming, specifically comparing the rates of warming between land and ocean, and between the Arctic and the rest of the globe.","Land areas are warming faster than oceans, and the Arctic is warming at approximately twice the rate of the global average (Arctic amplification).","This question requires the learner to analyze the specific patterns of warming presented in the observation maps, moving beyond just the global mean temperature to specific regional differences.",Explain why the near-linear relationship between cumulative CO2 emissions and global temperature rise is practically useful for international climate policy and agreements.,This linear relationship allows scientists and policymakers to calculate a specific carbon budget - the total amount of carbon that can be emitted to keep warming below a specific temperature threshold.,This question tests the application of the cumulative emissions concept. The learner must understand that the scientific correlation provides the mechanism for setting finite political targets (budgets).,"Your response shows you understand that the atmosphere absorbs **outgoing** radiation and that **greenhouse gases** like water vapour and carbon dioxide are involved. That’s an important part of the mechanism.

To improve, you should clearly state the contrast that **incoming solar radiation (shortwave) mostly passes through the atmosphere to the surface**, while **outgoing thermal radiation (longwave) is absorbed** (and then re-emitted) by the atmosphere, which leads to warming. Also, “incoming is through the sun” is too vague—you need to mention the different wavelengths and relative transparency.

Score: 6/10","Your response correctly identifies both key spatial patterns: land warms faster than ocean, and the Arctic warms faster than the rest of the globe. To make it even stronger, you could be more specific by noting that the Arctic is warming about twice as fast as the global average (often called Arctic amplification), and emphasize “rate” (faster) rather than just “more.”  

Score: 8/10","Your response shows you understand the basic idea that higher CO₂ emissions are linked to higher global temperatures, and that this matters for climate agreements. However, you don’t explain the *practical use* of the near-linear relationship: that it lets policymakers translate a temperature target (like 1.5°C or 2°C) into a *specific cumulative emissions limit* (a “carbon budget”) that can be used to set concrete, trackable targets.

To improve, explicitly mention that this relationship helps countries agree on how much total CO₂ can still be emitted globally (and potentially how to share that budget).  
Score: 4/10"
2026-01-13 06:08:35,2026-01-13 06:23:09,IP Address,100,873,True,2026-01-13 06:23:09,R_11HOKewL49uSsGc,anonymous,EN,1,"I confirm that I understand that by ticking/initialling each box below I am consenting to this element of the study. I understand that it will be assumed that unticked/initialled boxes means that I DO NOT consent to that part of the study. I understand that by not giving consent for any one element that I may be deemed ineligible for the study.,I have read the information sheet and understand I can email the researchers with any questions.,I understand that my personal information (e.g., my age, gender, and information about my language background) will be used for the purposes of this study, which have been explained to me.,I consent to the processing of my personal information for the purposes of this study, and I understand that any such information will be treated as strictly confidential and handled in accordance with the provisions of the Data Protection Act 2018.,I understand that the information I provide may be published as a report and I will be sent a copy if I wish. Confidentiality and anonymity will be maintained, and it will not be possible to identify me in any publications.,I understand that my anonymised research data may be shared in accordance with open science guidelines (no one will be able to identify me if these data are shared).,I understand that I am free to withdraw from the study without penalty if I so wish.,I am over the age of 18.,I consent to take part in this study.",P07,20,Female,English,2,6,6,2,4,The Atmosphere is transparent to incoming shortwave solar radiation but it absorbs outgoing long wave thermal radiation emitted by the earth which traps heat. ,"Animals in the arctic are dying as their homes are melting but this does not have an effect on many humans. The warming in the rest of the globe is more impactful, and there are more extreme climate situations which affect food scarcity and mental health. ",The near linear relationship between cumulative CO2 emissions and global temperature rise is practically useful because international climate policy can focus on reducing CO2 emissions in order to stop the global temperature rise. This known relationship allows for a point to go from to make a change.,Explain the basic physical mechanism of the greenhouse effect regarding how the atmosphere interacts with incoming solar radiation versus outgoing thermal radiation.,"The atmosphere is largely transparent to incoming shortwave solar radiation, allowing it to reach the surface, but it absorbs outgoing longwave thermal radiation emitted by the Earth, trapping heat.",This question tests the learners understanding of the fundamental physics behind climate change. It requires explaining the concept of wavelength transmission and absorption.,"Describe the observed spatial pattern of global warming, specifically comparing the rates of warming between land and ocean, and between the Arctic and the rest of the globe.","Land areas are warming faster than oceans, and the Arctic is warming at approximately twice the rate of the global average (Arctic amplification).","This question requires the learner to analyze the specific patterns of warming presented in the observation maps, moving beyond just the global mean temperature to specific regional differences.",Explain why the near-linear relationship between cumulative CO2 emissions and global temperature rise is practically useful for international climate policy and agreements.,This linear relationship allows scientists and policymakers to calculate a specific carbon budget - the total amount of carbon that can be emitted to keep warming below a specific temperature threshold.,This question tests the application of the cumulative emissions concept. The learner must understand that the scientific correlation provides the mechanism for setting finite political targets (budgets).,"Your response matches the model answer very closely. You correctly distinguish between the atmosphere being mostly transparent to incoming shortwave solar radiation and absorbing outgoing longwave (infrared) thermal radiation from Earth, leading to heat being trapped.

To improve slightly, you could add a brief note that this absorbed energy is re-emitted in all directions (including back toward the surface), which is the key “warming” mechanism, but what you wrote already captures the essential idea.

Score: 10/10","Your response discusses some impacts of warming (melting habitats in the Arctic, extreme climate effects elsewhere), but it doesn’t describe the **observed spatial pattern** the question asks for. In particular, you didn’t compare **warming rates over land vs. ocean**, and you didn’t state that the **Arctic is warming much faster than the global average (about twice as fast)**.

To improve, focus on the temperature pattern itself: mention that **land warms faster than the ocean**, and the **Arctic warms about 2× the global average** (Arctic amplification), rather than mainly describing consequences.  
Score: 2/10","Your response shows the basic idea that because CO₂ emissions drive temperature rise, climate policy should aim to reduce emissions to limit warming. That’s a relevant connection and indicates you understand the relationship is useful for guiding action.

However, you don’t clearly state the main practical policy use: that the near-linear relationship lets policymakers estimate a **carbon budget** (a finite total amount of CO₂ that can still be emitted) to stay below a chosen temperature limit (e.g., 1.5°C or 2°C). Phrases like “a point to go from” are vague—be more specific about using the relationship to set measurable targets and limits.

Score: 6/10"
2026-01-13 06:09:18,2026-01-13 06:23:15,IP Address,100,837,True,2026-01-13 06:23:16,R_8Nz5WusS1ms60im,anonymous,EN,1,"I confirm that I understand that by ticking/initialling each box below I am consenting to this element of the study. I understand that it will be assumed that unticked/initialled boxes means that I DO NOT consent to that part of the study. I understand that by not giving consent for any one element that I may be deemed ineligible for the study.,I have read the information sheet and understand I can email the researchers with any questions.,I understand that my personal information (e.g., my age, gender, and information about my language background) will be used for the purposes of this study, which have been explained to me.,I consent to the processing of my personal information for the purposes of this study, and I understand that any such information will be treated as strictly confidential and handled in accordance with the provisions of the Data Protection Act 2018.,I understand that the information I provide may be published as a report and I will be sent a copy if I wish. Confidentiality and anonymity will be maintained, and it will not be possible to identify me in any publications.,I understand that my anonymised research data may be shared in accordance with open science guidelines (no one will be able to identify me if these data are shared).,I understand that I am free to withdraw from the study without penalty if I so wish.,I am over the age of 18.,I consent to take part in this study.",P01,20,Female,Chinese,4,6,5,6,6,"Carbon dioxide acts as a greenhouse gas by absorbing outgoing infrared radiation emitted by the earth's surface, thereby reducing heat loss to space. while incoming solar radiation largely passes through the atmosphere, outgoing thermal radiation is absorbed by greenhouse gases, particularly water vapor and CO2","Land areas warm faster than the oceans. On average, land has warmed roughly about 1.5× (often quoted ~1.5–2×) more than the global mean ocean warming.Arctic vs rest of globe: The Arctic is warming much faster than the global average (“Arctic amplification”)—typically around ~2×, and in recent decades often closer to ~3–4× the global mean rate depending on the period and metric.","the near-linear relationship makes global climate policy quantifiable, comparable, and enforceable—temperature goals become emissions budgets that can be negotiated, allocated, and monitored.",Explain the basic physical mechanism of the greenhouse effect regarding how the atmosphere interacts with incoming solar radiation versus outgoing thermal radiation.,"The atmosphere is largely transparent to incoming shortwave solar radiation, allowing it to reach the surface, but it absorbs outgoing longwave thermal radiation emitted by the Earth, trapping heat.",This question tests the learners understanding of the fundamental physics behind climate change. It requires explaining the concept of wavelength transmission and absorption.,"Describe the observed spatial pattern of global warming, specifically comparing the rates of warming between land and ocean, and between the Arctic and the rest of the globe.","Land areas are warming faster than oceans, and the Arctic is warming at approximately twice the rate of the global average (Arctic amplification).","This question requires the learner to analyze the specific patterns of warming presented in the observation maps, moving beyond just the global mean temperature to specific regional differences.",Explain why the near-linear relationship between cumulative CO2 emissions and global temperature rise is practically useful for international climate policy and agreements.,This linear relationship allows scientists and policymakers to calculate a specific carbon budget - the total amount of carbon that can be emitted to keep warming below a specific temperature threshold.,This question tests the application of the cumulative emissions concept. The learner must understand that the scientific correlation provides the mechanism for setting finite political targets (budgets).,"Your response captures the core mechanism very well: you explain that most incoming shortwave solar radiation passes through the atmosphere to the surface, while outgoing longwave/infrared thermal radiation is absorbed by greenhouse gases, reducing heat loss to space. You also correctly identify CO₂ and water vapor as key absorbers of outgoing infrared radiation.

To improve slightly, you could explicitly connect the absorption to re-emission of infrared radiation in all directions (including back toward the surface), which is part of why the surface and lower atmosphere warm.

Score: 9/10","You correctly identify both key spatial patterns: (1) land warms faster than oceans, and (2) the Arctic warms faster than the global average (Arctic amplification). Your added quantitative context is generally reasonable and shows deeper understanding, though the question/model answer specifically emphasizes “approximately twice” for the Arctic, so mentioning 3–4× could be seen as going beyond what was asked unless you clearly tie it back to the typical ~2× statement.

Score: 9/10","Your response captures the key practical usefulness very well: you clearly explain that the near-linear link lets temperature targets be translated into emissions (carbon) budgets, which then supports negotiation, allocation, and monitoring in international agreements. That aligns closely with the model answer’s idea of calculating a finite carbon budget to stay below a chosen warming threshold. To improve slightly, you could explicitly mention “cumulative” CO₂ emissions and that the budget is the *total* allowable emissions for a given temperature limit.  

Score: 9/10"
2026-01-13 06:08:53,2026-01-13 06:23:50,IP Address,100,897,True,2026-01-13 06:23:50,R_2xhfFMZIDyDsR6V,anonymous,EN,1,"I confirm that I understand that by ticking/initialling each box below I am consenting to this element of the study. I understand that it will be assumed that unticked/initialled boxes means that I DO NOT consent to that part of the study. I understand that by not giving consent for any one element that I may be deemed ineligible for the study.,I have read the information sheet and understand I can email the researchers with any questions.,I understand that my personal information (e.g., my age, gender, and information about my language background) will be used for the purposes of this study, which have been explained to me.,I consent to the processing of my personal information for the purposes of this study, and I understand that any such information will be treated as strictly confidential and handled in accordance with the provisions of the Data Protection Act 2018.,I understand that the information I provide may be published as a report and I will be sent a copy if I wish. Confidentiality and anonymity will be maintained, and it will not be possible to identify me in any publications.,I understand that my anonymised research data may be shared in accordance with open science guidelines (no one will be able to identify me if these data are shared).,I understand that I am free to withdraw from the study without penalty if I so wish.,I am over the age of 18.,I consent to take part in this study.",P14,21,Female,english ,6,1,1,5,4,"effect occurs because atmosphere is transparent to incoming shortwave solar radiation, allowing it to reach and warm earth surface. The surface then emits energy and longwave infrared radiation. Greenhouse gases absrob outgoing longwave radiation and re-emit it in all directions. This reduced heat loss to space and increase surface and atmospheric temperatures",spation pattern of global warming in terms of temperature follows a uniform pattern where most places expirience warming although may be a different rates depending on the relative geographical distribution. Yet not all places feel the effects of these changes equally. Increased ocean temperatures are more severe than land changes where a 2 degree increase is considered a marine heatwave. ,Its useful because using research and data we can use this linear relationship as evidence for attributing CO2 emissions as a reason for warming temperatures. With backed research and evidence of this international climate policy can include regulations around emissions to help reduce the amount.,Explain the basic physical mechanism of the greenhouse effect regarding how the atmosphere interacts with incoming solar radiation versus outgoing thermal radiation.,"The atmosphere is largely transparent to incoming shortwave solar radiation, allowing it to reach the surface, but it absorbs outgoing longwave thermal radiation emitted by the Earth, trapping heat.",This question tests the learners understanding of the fundamental physics behind climate change. It requires explaining the concept of wavelength transmission and absorption.,"Describe the observed spatial pattern of global warming, specifically comparing the rates of warming between land and ocean, and between the Arctic and the rest of the globe.","Land areas are warming faster than oceans, and the Arctic is warming at approximately twice the rate of the global average (Arctic amplification).","This question requires the learner to analyze the specific patterns of warming presented in the observation maps, moving beyond just the global mean temperature to specific regional differences.",Explain why the near-linear relationship between cumulative CO2 emissions and global temperature rise is practically useful for international climate policy and agreements.,This linear relationship allows scientists and policymakers to calculate a specific carbon budget - the total amount of carbon that can be emitted to keep warming below a specific temperature threshold.,This question tests the application of the cumulative emissions concept. The learner must understand that the scientific correlation provides the mechanism for setting finite political targets (budgets).,"Your response captures the essential mechanism very well: you correctly distinguish between the atmosphere being mostly transparent to incoming shortwave solar radiation and absorbing (via greenhouse gases) the outgoing longwave/infrared radiation from Earth’s surface. You also add an accurate detail—re-emission in all directions—which helps explain why this reduces net heat loss to space and warms the surface/atmosphere. Minor improvements: you could mention that it’s *greenhouse gases* (not the whole atmosphere) doing most of the longwave absorption, and tighten the wording a bit, but conceptually you’re spot on.

Score: 10/10","Your response recognizes that warming is not identical everywhere and that places can warm at different rates, which is a good starting point for describing spatial patterns. However, you miss (and partly reverse) two key observed patterns the question is asking for: **land warms faster than ocean**, and **the Arctic warms much faster than the global average (about ~2×),** which you did not mention. Also, defining marine heatwaves doesn’t answer the comparative “rates of warming” pattern requested.

Score: 3/10","Your response correctly recognizes that the near-linear relationship provides strong evidence linking CO₂ emissions to warming, and that this evidence can motivate international regulations to reduce emissions. However, it misses the main “practical use” emphasized in the model answer: policymakers can translate a temperature goal (e.g., 1.5°C or 2°C) into a concrete **carbon budget**—a finite total amount of CO₂ that can still be emitted—which is especially useful for setting targets and negotiating agreements.

To improve, explicitly mention that this relationship lets countries set and share an allowable remaining emissions total aligned with a temperature limit, rather than only arguing that emissions cause warming.

Score: 6/10"
2026-01-13 06:08:32,2026-01-13 06:24:00,IP Address,100,928,True,2026-01-13 06:24:01,R_2zZtupuscdMT5sd,anonymous,EN,1,"I confirm that I understand that by ticking/initialling each box below I am consenting to this element of the study. I understand that it will be assumed that unticked/initialled boxes means that I DO NOT consent to that part of the study. I understand that by not giving consent for any one element that I may be deemed ineligible for the study.,I have read the information sheet and understand I can email the researchers with any questions.,I understand that my personal information (e.g., my age, gender, and information about my language background) will be used for the purposes of this study, which have been explained to me.,I consent to the processing of my personal information for the purposes of this study, and I understand that any such information will be treated as strictly confidential and handled in accordance with the provisions of the Data Protection Act 2018.,I understand that the information I provide may be published as a report and I will be sent a copy if I wish. Confidentiality and anonymity will be maintained, and it will not be possible to identify me in any publications.,I understand that my anonymised research data may be shared in accordance with open science guidelines (no one will be able to identify me if these data are shared).,I understand that I am free to withdraw from the study without penalty if I so wish.,I am over the age of 18.,I consent to take part in this study.",P34,20,Female,Spanish,3,7,6,5,3,"The basic physical mechanism of the greenhouse effect is when outgoing thermal radiation reflects back to the earth, making the surface global temperature higher. In comparison, incoming solar radiation affects the temperature more, since the ozone layer of Earth is breaking down, allowing for this incoming solar radiation to influence the temperature more on earth. ","The observed spatial pattenr of global warming is that because water vapour is rising, there will be more rain in some places while also getting drier. The arctic is warming up faster than other areas of the world, ",Near-linear relationship between cumulative CO2 emissions and global temperature is useful for international climate policy and agreements because it allows for politicians and economists to calculate a target budget and costs associated with agreements. ,Explain the basic physical mechanism of the greenhouse effect regarding how the atmosphere interacts with incoming solar radiation versus outgoing thermal radiation.,"The atmosphere is largely transparent to incoming shortwave solar radiation, allowing it to reach the surface, but it absorbs outgoing longwave thermal radiation emitted by the Earth, trapping heat.",This question tests the learners understanding of the fundamental physics behind climate change. It requires explaining the concept of wavelength transmission and absorption.,"Describe the observed spatial pattern of global warming, specifically comparing the rates of warming between land and ocean, and between the Arctic and the rest of the globe.","Land areas are warming faster than oceans, and the Arctic is warming at approximately twice the rate of the global average (Arctic amplification).","This question requires the learner to analyze the specific patterns of warming presented in the observation maps, moving beyond just the global mean temperature to specific regional differences.",Explain why the near-linear relationship between cumulative CO2 emissions and global temperature rise is practically useful for international climate policy and agreements.,This linear relationship allows scientists and policymakers to calculate a specific carbon budget - the total amount of carbon that can be emitted to keep warming below a specific temperature threshold.,This question tests the application of the cumulative emissions concept. The learner must understand that the scientific correlation provides the mechanism for setting finite political targets (budgets).,"Your response shows the general idea that the greenhouse effect involves outgoing heat being kept in the Earth system, which is a key part of the concept. However, you describe it mainly as “reflection back to Earth,” whereas the core mechanism is **absorption and re-emission of outgoing longwave (infrared) radiation by greenhouse gases**, not simple reflection.

You also bring in **ozone layer breakdown** and suggest incoming solar radiation becomes more important because of it; this is mostly unrelated to the basic greenhouse mechanism (ozone depletion is primarily about UV radiation and is not the main driver of the greenhouse effect). To improve, focus on the contrast: the atmosphere is relatively transparent to **incoming shortwave sunlight** but absorbs much of the **outgoing longwave thermal radiation**, which warms the lower atmosphere and surface.

Score: 4/10","You correctly noted one key part of the spatial pattern: the Arctic is warming faster than many other regions (this reflects Arctic amplification). However, you didn’t address the other required comparison—land warming faster than oceans—and you didn’t clearly state the “about twice the global average” idea. Also, the comments about water vapour, rain, and dryness describe precipitation changes rather than the spatial pattern of *warming rates* asked in the question.

Score: 5/10","Your response captures the main practical use: the near-linear link lets decision-makers calculate a carbon budget (a target amount of allowable emissions). You also appropriately connect this to policy planning by mentioning costs, though you don’t clearly state the key purpose of the budget—keeping warming below a specific temperature threshold (e.g., 1.5°C or 2°C). To improve, explicitly mention that the relationship enables setting emissions limits tied to temperature goals, which is what makes it so useful in international agreements.

Score: 8/10"
2026-01-13 06:10:12,2026-01-13 06:25:54,IP Address,100,941,True,2026-01-13 06:25:54,R_2xyjnkinsW0X0WT,anonymous,EN,1,"I confirm that I understand that by ticking/initialling each box below I am consenting to this element of the study. I understand that it will be assumed that unticked/initialled boxes means that I DO NOT consent to that part of the study. I understand that by not giving consent for any one element that I may be deemed ineligible for the study.,I have read the information sheet and understand I can email the researchers with any questions.,I understand that my personal information (e.g., my age, gender, and information about my language background) will be used for the purposes of this study, which have been explained to me.,I consent to the processing of my personal information for the purposes of this study, and I understand that any such information will be treated as strictly confidential and handled in accordance with the provisions of the Data Protection Act 2018.,I understand that the information I provide may be published as a report and I will be sent a copy if I wish. Confidentiality and anonymity will be maintained, and it will not be possible to identify me in any publications.,I understand that my anonymised research data may be shared in accordance with open science guidelines (no one will be able to identify me if these data are shared).,I understand that I am free to withdraw from the study without penalty if I so wish.,I am over the age of 18.,I consent to take part in this study.",P21,21,Female,chinese,2,4,5,5,6,"incoming from sun get through atmosphere, outgoing radiation is absorb by water, co2 and n2o","global temperature and sea level has risen 20cm, global surface temperature has risen, precipitation also change larger.",co2 is causes of global warm and rise in temperature,Explain the basic physical mechanism of the greenhouse effect regarding how the atmosphere interacts with incoming solar radiation versus outgoing thermal radiation.,"The atmosphere is largely transparent to incoming shortwave solar radiation, allowing it to reach the surface, but it absorbs outgoing longwave thermal radiation emitted by the Earth, trapping heat.",This question tests the learners understanding of the fundamental physics behind climate change. It requires explaining the concept of wavelength transmission and absorption.,"Describe the observed spatial pattern of global warming, specifically comparing the rates of warming between land and ocean, and between the Arctic and the rest of the globe.","Land areas are warming faster than oceans, and the Arctic is warming at approximately twice the rate of the global average (Arctic amplification).","This question requires the learner to analyze the specific patterns of warming presented in the observation maps, moving beyond just the global mean temperature to specific regional differences.",Explain why the near-linear relationship between cumulative CO2 emissions and global temperature rise is practically useful for international climate policy and agreements.,This linear relationship allows scientists and policymakers to calculate a specific carbon budget - the total amount of carbon that can be emitted to keep warming below a specific temperature threshold.,This question tests the application of the cumulative emissions concept. The learner must understand that the scientific correlation provides the mechanism for setting finite political targets (budgets).,"Your response captures the core idea that most incoming sunlight passes through the atmosphere and that outgoing radiation is absorbed by greenhouse gases. Naming water vapor, CO₂, and N₂O is accurate and shows you know which gases are involved.

To improve, be clearer that the key difference is **shortwave (solar) vs longwave (infrared/thermal)** radiation, and that absorbing outgoing longwave radiation leads to heat being retained (often described as “trapping” or re-radiating heat back downward). Also, it helps to mention the atmosphere is **mostly transparent** to incoming solar radiation rather than completely.

Score: 8/10","Your response mentions that global surface temperature has risen and that other climate indicators (sea level and precipitation) have changed, which shows you understand that climate change is happening. However, the question asked specifically about the *spatial pattern* of warming—comparing **land vs. ocean warming rates** and **Arctic vs. global average warming rates**—and you didn’t address those comparisons (land warming faster than ocean, and Arctic warming about twice as fast as the global average).

Score: 2/10","Your response correctly identifies that CO₂ contributes to global warming and rising temperatures, which is a relevant starting point. However, it doesn’t address the key idea in the question: that the *near-linear* link makes it practical to set a *carbon budget* (a total allowable amount of emissions) to meet agreed temperature limits in international policy. To improve, explain that because warming scales roughly with total cumulative CO₂, countries can negotiate targets based on a remaining emissions budget to stay under thresholds like 1.5°C or 2°C.

Score: 2/10"
2026-01-13 06:09:09,2026-01-13 06:25:59,IP Address,100,1009,True,2026-01-13 06:26:00,R_2V1kb0HHsVxaGqI,anonymous,EN,1,"I confirm that I understand that by ticking/initialling each box below I am consenting to this element of the study. I understand that it will be assumed that unticked/initialled boxes means that I DO NOT consent to that part of the study. I understand that by not giving consent for any one element that I may be deemed ineligible for the study.,I have read the information sheet and understand I can email the researchers with any questions.,I understand that my personal information (e.g., my age, gender, and information about my language background) will be used for the purposes of this study, which have been explained to me.,I consent to the processing of my personal information for the purposes of this study, and I understand that any such information will be treated as strictly confidential and handled in accordance with the provisions of the Data Protection Act 2018.,I understand that the information I provide may be published as a report and I will be sent a copy if I wish. Confidentiality and anonymity will be maintained, and it will not be possible to identify me in any publications.,I understand that my anonymised research data may be shared in accordance with open science guidelines (no one will be able to identify me if these data are shared).,I understand that I am free to withdraw from the study without penalty if I so wish.,I am over the age of 18.,I consent to take part in this study.",P12,21,Female,Cantonese,4,5,6,7,7,"solar radiation coming in is absobed by greenhouse gases such as water vapoud H2o, carbon dioxide, and methane. This absoroption warms the atmosphere and outgroing thermal radiation is released back into the atmosphere","the rates of warming is significantly higher at the edges of the globe such as the artic, whilst land areas which are close to the ocean are also more vulnerable to increase in temperature as an impact of global warming","It demonstractes practical action that can be taken, policies and agreements can all align to take action against decreasing emissions as it is a direct contributer to temperature rise. It outlines more practical action that countries can take and agreements such as net-zero can be utilised. ",Explain the basic physical mechanism of the greenhouse effect regarding how the atmosphere interacts with incoming solar radiation versus outgoing thermal radiation.,"The atmosphere is largely transparent to incoming shortwave solar radiation, allowing it to reach the surface, but it absorbs outgoing longwave thermal radiation emitted by the Earth, trapping heat.",This question tests the learners understanding of the fundamental physics behind climate change. It requires explaining the concept of wavelength transmission and absorption.,"Describe the observed spatial pattern of global warming, specifically comparing the rates of warming between land and ocean, and between the Arctic and the rest of the globe.","Land areas are warming faster than oceans, and the Arctic is warming at approximately twice the rate of the global average (Arctic amplification).","This question requires the learner to analyze the specific patterns of warming presented in the observation maps, moving beyond just the global mean temperature to specific regional differences.",Explain why the near-linear relationship between cumulative CO2 emissions and global temperature rise is practically useful for international climate policy and agreements.,This linear relationship allows scientists and policymakers to calculate a specific carbon budget - the total amount of carbon that can be emitted to keep warming below a specific temperature threshold.,This question tests the application of the cumulative emissions concept. The learner must understand that the scientific correlation provides the mechanism for setting finite political targets (budgets).,"Your response correctly identifies key greenhouse gases (water vapor, CO₂, methane) and links absorption to warming, which shows you understand that the atmosphere interacts with radiation and that this affects temperature.

However, you mix up the main wavelength story: in the basic greenhouse effect, most incoming solar radiation (shortwave) passes through the atmosphere and warms the surface, while greenhouse gases mainly absorb the outgoing Earth radiation (longwave/infrared) and then re-emit it (some back downward), which reduces heat loss to space. You should also be clearer that the “trapping” happens because outgoing thermal radiation is absorbed and re-radiated, not primarily because incoming solar is absorbed.

Score: 6/10","You correctly point out that the Arctic (“edges of the globe”) is warming more quickly, which matches an important part of the expected pattern. However, you don’t clearly state the key comparison that **land warms faster than the ocean overall**; saying land near the ocean is “more vulnerable” is different from the observed land–ocean warming-rate contrast. It would also help to be more specific that the **Arctic warms about twice the global average**, not just “significantly higher.”

Score: 6/10","Your response correctly links CO₂ emissions to temperature rise and notes that this connection helps countries align policies (like net-zero) to reduce emissions. That shows you understand the relationship is actionable and policy-relevant.

However, you don’t clearly state the main practical use highlighted in the model answer: that the near-linear relationship lets policymakers estimate a *carbon budget* (a finite total amount of CO₂ that can still be emitted to stay under a chosen temperature limit). Adding that idea—calculating an allowable cumulative emissions limit tied to targets like 1.5°C or 2°C—would make your answer much stronger.

Score: 6/10"
2026-01-13 06:08:25,2026-01-13 06:26:01,IP Address,100,1055,True,2026-01-13 06:26:01,R_2smoB8Q5cubqJ9N,anonymous,EN,1,"I confirm that I understand that by ticking/initialling each box below I am consenting to this element of the study. I understand that it will be assumed that unticked/initialled boxes means that I DO NOT consent to that part of the study. I understand that by not giving consent for any one element that I may be deemed ineligible for the study.,I have read the information sheet and understand I can email the researchers with any questions.,I understand that my personal information (e.g., my age, gender, and information about my language background) will be used for the purposes of this study, which have been explained to me.,I consent to the processing of my personal information for the purposes of this study, and I understand that any such information will be treated as strictly confidential and handled in accordance with the provisions of the Data Protection Act 2018.,I understand that the information I provide may be published as a report and I will be sent a copy if I wish. Confidentiality and anonymity will be maintained, and it will not be possible to identify me in any publications.,I understand that my anonymised research data may be shared in accordance with open science guidelines (no one will be able to identify me if these data are shared).,I understand that I am free to withdraw from the study without penalty if I so wish.,I am over the age of 18.,I consent to take part in this study.",P04,22,Female,Portuguese,2,5,7,3,5,"Incoming energy from the sun mainly gets through the atmosphere, recognised as visible light. Greenhouse gases allow visible radiation through unimpeded, but block thermal radiation, which gives the atmosphere a temperature, resulting in a temperature rise.","For every degree of global warming, the land is warming more than the ocean, and the Arctic is warming more than the rest of the globe.","The near-linear relationship means that the higher the CO2 emissions, the higher the temperature. In contrast, this also means that if we stop emitting CO2, the global temperatures should also decrease. This suggests there is a solution for this problem, which could be informative for international climate policy and agreements.",Explain the basic physical mechanism of the greenhouse effect regarding how the atmosphere interacts with incoming solar radiation versus outgoing thermal radiation.,"The atmosphere is largely transparent to incoming shortwave solar radiation, allowing it to reach the surface, but it absorbs outgoing longwave thermal radiation emitted by the Earth, trapping heat.",This question tests the learners understanding of the fundamental physics behind climate change. It requires explaining the concept of wavelength transmission and absorption.,"Describe the observed spatial pattern of global warming, specifically comparing the rates of warming between land and ocean, and between the Arctic and the rest of the globe.","Land areas are warming faster than oceans, and the Arctic is warming at approximately twice the rate of the global average (Arctic amplification).","This question requires the learner to analyze the specific patterns of warming presented in the observation maps, moving beyond just the global mean temperature to specific regional differences.",Explain why the near-linear relationship between cumulative CO2 emissions and global temperature rise is practically useful for international climate policy and agreements.,This linear relationship allows scientists and policymakers to calculate a specific carbon budget - the total amount of carbon that can be emitted to keep warming below a specific temperature threshold.,This question tests the application of the cumulative emissions concept. The learner must understand that the scientific correlation provides the mechanism for setting finite political targets (budgets).,"Your response captures the core mechanism well: you correctly distinguish between incoming solar radiation (mostly visible/shortwave) that largely passes through the atmosphere and outgoing Earth radiation (thermal/longwave) that greenhouse gases absorb, leading to warming.

A couple refinements would make it more accurate: greenhouse gases don’t simply “block” outgoing thermal radiation—they absorb and then re-emit it in all directions, which reduces how efficiently heat escapes to space. Also, the warming is best described as warming of the surface–atmosphere system rather than just “giving the atmosphere a temperature” (the atmosphere already has one).

Score: 8/10","You correctly identify both key spatial patterns: land warms faster than the ocean, and the Arctic warms faster than the rest of the globe. The only minor gap is that you don’t state the approximate magnitude that the model answer highlights (the Arctic warming at about twice the global average), and “for every degree” is a bit vague without that comparison.  

Score: 8/10","Your answer correctly identifies the basic idea that more cumulative CO₂ leads to more warming, which is the core relationship behind the policy relevance. However, you miss the main “practical use” for international agreements: using that near-linear link to estimate a **carbon budget** (a finite total amount of CO₂ the world can emit) to stay below a chosen temperature limit (e.g., 1.5°C or 2°C). Also, the claim that if we stop emitting CO₂ then temperatures “should decrease” is not generally correct—temperatures tend to **stabilize** rather than quickly fall, because CO₂ remains in the atmosphere for a long time.

Score: 5/10"
2026-01-13 06:09:03,2026-01-13 06:29:30,IP Address,100,1227,True,2026-01-13 06:29:30,R_8pmPHevJ6y39TCk,anonymous,EN,1,"I confirm that I understand that by ticking/initialling each box below I am consenting to this element of the study. I understand that it will be assumed that unticked/initialled boxes means that I DO NOT consent to that part of the study. I understand that by not giving consent for any one element that I may be deemed ineligible for the study.,I have read the information sheet and understand I can email the researchers with any questions.,I understand that my personal information (e.g., my age, gender, and information about my language background) will be used for the purposes of this study, which have been explained to me.,I consent to the processing of my personal information for the purposes of this study, and I understand that any such information will be treated as strictly confidential and handled in accordance with the provisions of the Data Protection Act 2018.,I understand that the information I provide may be published as a report and I will be sent a copy if I wish. Confidentiality and anonymity will be maintained, and it will not be possible to identify me in any publications.,I understand that my anonymised research data may be shared in accordance with open science guidelines (no one will be able to identify me if these data are shared).,I understand that I am free to withdraw from the study without penalty if I so wish.,I am over the age of 18.,I consent to take part in this study.",P19,20,Female,English ,1,7,7,6,6,"The basic physical mechanism of the greenhouse effect regarding how the atmosphere interacts with incoming solar radiation versus outgoing thermal radiation is based on the atmosphere letting most shortwave solar radiation through to warm earth, while CO2 absorbs the long wave infrared radiation emitted by the Earth when its warmed.","The observed spatial pattern of global warming, specifically the comparison between the rates of warming between land and ocean, and between the Arctic is based on emphasizing the already there extreme temperatures and rates of precipitation. In places where there is already heavy rainfall that is exacerbated and in places where there is dry areas, that dryness is exacerbated too based on the evaporation. Arctic and Antarctica warm more than the tropics. ",The UNFCCC comprises international governments to come together to create a consensus to create climate policies for uses like CO2 emissions and global temperature rise. ,Explain the basic physical mechanism of the greenhouse effect regarding how the atmosphere interacts with incoming solar radiation versus outgoing thermal radiation.,"The atmosphere is largely transparent to incoming shortwave solar radiation, allowing it to reach the surface, but it absorbs outgoing longwave thermal radiation emitted by the Earth, trapping heat.",This question tests the learners understanding of the fundamental physics behind climate change. It requires explaining the concept of wavelength transmission and absorption.,"Describe the observed spatial pattern of global warming, specifically comparing the rates of warming between land and ocean, and between the Arctic and the rest of the globe.","Land areas are warming faster than oceans, and the Arctic is warming at approximately twice the rate of the global average (Arctic amplification).","This question requires the learner to analyze the specific patterns of warming presented in the observation maps, moving beyond just the global mean temperature to specific regional differences.",Explain why the near-linear relationship between cumulative CO2 emissions and global temperature rise is practically useful for international climate policy and agreements.,This linear relationship allows scientists and policymakers to calculate a specific carbon budget - the total amount of carbon that can be emitted to keep warming below a specific temperature threshold.,This question tests the application of the cumulative emissions concept. The learner must understand that the scientific correlation provides the mechanism for setting finite political targets (budgets).,"Your response captures the core mechanism well: you clearly state that most incoming shortwave solar radiation passes through the atmosphere to warm the surface, and that CO₂ absorbs the outgoing longwave (infrared) radiation emitted by the warmed Earth.

To improve, you could mention that it’s not only CO₂ (other greenhouse gases like water vapor and methane also absorb longwave radiation) and that this absorption/re-emission reduces how easily heat escapes to space (“trapping” heat). Overall, your explanation matches the model answer closely.

Score: 9/10","Your response shows some awareness that warming is not uniform (you note the poles warming more than the tropics), but it mostly shifts to precipitation and wet/dry extremes rather than answering the specific warming-rate comparisons asked. You did not clearly state the key pattern that **land warms faster than ocean**, and your polar statement is imprecise: the model focuses on **the Arctic warming about twice the global average**, while Antarctica does not generally show the same strong, consistent amplification as the Arctic. Focus your answer on the relative warming rates (land vs. ocean, Arctic vs. global average) rather than rainfall/evaporation impacts.

Score: 4/10","Your response mentions that the UNFCCC brings governments together to build consensus on climate policy, which is broadly relevant context for international agreements. However, it doesn’t explain *why the near-linear cumulative CO₂–temperature relationship is practically useful*: the key idea is that it lets policymakers estimate a **carbon budget** (a finite total amount of CO₂ that can be emitted) to stay under a chosen temperature limit. To improve, explicitly connect the linear relationship to setting measurable emissions limits/targets tied to temperature thresholds.

Score: 2/10"
2026-01-13 06:27:11,2026-01-13 06:33:25,IP Address,100,374,True,2026-01-13 06:33:26,R_8VQIYWdTKlPMUad,anonymous,EN,1,"I confirm that I understand that by ticking/initialling each box below I am consenting to this element of the study. I understand that it will be assumed that unticked/initialled boxes means that I DO NOT consent to that part of the study. I understand that by not giving consent for any one element that I may be deemed ineligible for the study.,I have read the information sheet and understand I can email the researchers with any questions.,I understand that my personal information (e.g., my age, gender, and information about my language background) will be used for the purposes of this study, which have been explained to me.,I consent to the processing of my personal information for the purposes of this study, and I understand that any such information will be treated as strictly confidential and handled in accordance with the provisions of the Data Protection Act 2018.,I understand that the information I provide may be published as a report and I will be sent a copy if I wish. Confidentiality and anonymity will be maintained, and it will not be possible to identify me in any publications.,I understand that my anonymised research data may be shared in accordance with open science guidelines (no one will be able to identify me if these data are shared).,I understand that I am free to withdraw from the study without penalty if I so wish.,I am over the age of 18.,I consent to take part in this study.",P06,20,Female,ENGLISH,3,5,5,1,2,"incoming solar radiation comes to the earth and is absorbed by the oceans and plants and gets reflected out as thermal energy, but some gets trapped by greenhouse gases in the atmosphere which makes the earth warmer","countries most affected by global warming are near the equator, although polar ice caps are melting and coral reefs are bleaching ",each country can try and reduce their CO2 emissions to try and mitigate climate change,Explain the basic physical mechanism of the greenhouse effect regarding how the atmosphere interacts with incoming solar radiation versus outgoing thermal radiation.,"The atmosphere is largely transparent to incoming shortwave solar radiation, allowing it to reach the surface, but it absorbs outgoing longwave thermal radiation emitted by the Earth, trapping heat.",This question tests the learners understanding of the fundamental physics behind climate change. It requires explaining the concept of wavelength transmission and absorption.,"Describe the observed spatial pattern of global warming, specifically comparing the rates of warming between land and ocean, and between the Arctic and the rest of the globe.","Land areas are warming faster than oceans, and the Arctic is warming at approximately twice the rate of the global average (Arctic amplification).","This question requires the learner to analyze the specific patterns of warming presented in the observation maps, moving beyond just the global mean temperature to specific regional differences.",Explain why the near-linear relationship between cumulative CO2 emissions and global temperature rise is practically useful for international climate policy and agreements.,This linear relationship allows scientists and policymakers to calculate a specific carbon budget - the total amount of carbon that can be emitted to keep warming below a specific temperature threshold.,This question tests the application of the cumulative emissions concept. The learner must understand that the scientific correlation provides the mechanism for setting finite political targets (budgets).,"Your response captures the core idea that sunlight reaches the surface, the surface then emits energy as thermal (heat) radiation, and greenhouse gases trap some of that outgoing heat, warming Earth.

To improve, be clearer about the key contrast: the atmosphere is mostly transparent to incoming **shortwave** solar radiation but absorbs outgoing **longwave** infrared (thermal) radiation. Also, not all incoming solar radiation is absorbed by oceans/plants (some is reflected), and “reflected out as thermal energy” is better described as the surface **re-emitting** energy as infrared after warming.

Score: 8/10","Your response mentions real impacts of warming (polar ice melt and coral bleaching), but it doesn’t describe the *spatial pattern of warming rates* the question asks for. In particular, you don’t compare warming over **land vs. ocean**, and you suggest the strongest effects are near the **equator**, whereas the key observed pattern is that the **Arctic warms much faster than the global average**.

Score: 2/10","Your response shows a general awareness that reducing CO₂ emissions helps mitigate climate change, which is relevant to climate policy. However, it doesn’t address the key reason the *near-linear cumulative emissions–temperature* relationship is useful: it lets policymakers translate a temperature goal (like 1.5°C or 2°C) into a measurable **carbon budget** (a total allowable amount of CO₂ emissions), which can then be divided into national targets and tracked.

To improve, explain that because warming scales with *total cumulative* CO₂, agreements can set a finite remaining carbon budget and allocate it across countries.

Score: 3/10"
2026-01-13 10:14:24,2026-01-13 10:38:09,IP Address,100,1424,True,2026-01-13 10:38:10,R_225OtVIK4asBDSe,anonymous,EN,1,"I confirm that I understand that by ticking/initialling each box below I am consenting to this element of the study. I understand that it will be assumed that unticked/initialled boxes means that I DO NOT consent to that part of the study. I understand that by not giving consent for any one element that I may be deemed ineligible for the study.,I have read the information sheet and understand I can email the researchers with any questions.,I understand that my personal information (e.g., my age, gender, and information about my language background) will be used for the purposes of this study, which have been explained to me.,I consent to the processing of my personal information for the purposes of this study, and I understand that any such information will be treated as strictly confidential and handled in accordance with the provisions of the Data Protection Act 2018.,I understand that the information I provide may be published as a report and I will be sent a copy if I wish. Confidentiality and anonymity will be maintained, and it will not be possible to identify me in any publications.,I understand that my anonymised research data may be shared in accordance with open science guidelines (no one will be able to identify me if these data are shared).,I understand that I am free to withdraw from the study without penalty if I so wish.,I am over the age of 18.,I consent to take part in this study.",P21,21,Female,chinese,2,5,5,5,5,"incoming energy from the sun to solar radiation and outgoing thermal energy is absorb by atmosphere  by water, co2 and n2o",land warmer than ovean in global warm. Arctic sea level decrease, it can calculate the co2 budget,Explain the basic physical mechanism of the greenhouse effect regarding how the atmosphere interacts with incoming solar radiation versus outgoing thermal radiation.,"The atmosphere is largely transparent to incoming shortwave solar radiation, allowing it to reach the surface, but it absorbs outgoing longwave thermal radiation emitted by the Earth, trapping heat.",This question tests the learners understanding of the fundamental physics behind climate change. It requires explaining the concept of wavelength transmission and absorption.,"Describe the observed spatial pattern of global warming, specifically comparing the rates of warming between land and ocean, and between the Arctic and the rest of the globe.","Land areas are warming faster than oceans, and the Arctic is warming at approximately twice the rate of the global average (Arctic amplification).","This question requires the learner to analyze the specific patterns of warming presented in the observation maps, moving beyond just the global mean temperature to specific regional differences.",Explain why the near-linear relationship between cumulative CO2 emissions and global temperature rise is practically useful for international climate policy and agreements.,This linear relationship allows scientists and policymakers to calculate a specific carbon budget - the total amount of carbon that can be emitted to keep warming below a specific temperature threshold.,This question tests the application of the cumulative emissions concept. The learner must understand that the scientific correlation provides the mechanism for setting finite political targets (budgets).,"You identify an important part of the mechanism: that the atmosphere (especially greenhouse gases like water vapor, CO₂, and N₂O) absorbs outgoing thermal energy. That said, your answer doesn’t clearly state the key contrast that the atmosphere is *mostly transparent to incoming shortwave solar radiation* but *absorbs outgoing longwave (infrared) radiation*, which is central to explaining why heat is “trapped.”

To improve, explicitly mention “shortwave in passes through” versus “longwave out is absorbed (and re-emitted),” and note that not all incoming solar radiation is absorbed by the atmosphere.

Score: 6/10","Your response correctly notes the key land–ocean contrast: you recognize that land is warming more than the ocean (though it’s phrased a bit unclearly). However, you did not describe the Arctic warming faster than the rest of the globe; instead you mentioned “Arctic sea level decrease,” which is not the same as the Arctic warming rate and doesn’t address Arctic amplification (about ~2× the global average). To improve, explicitly compare Arctic warming to the global average and keep the focus on temperature patterns rather than sea level.

Score: 4/10","Your response identifies the central practical use: the near-linear relationship lets policymakers calculate a CO₂ (carbon) budget. That’s the key idea, but you didn’t explain what the budget is used for—namely, setting limits to keep warming below an agreed temperature target, which is why it’s valuable for international agreements.

Score: 6/10"
2026-01-13 10:09:04,2026-01-13 10:40:20,IP Address,100,1875,True,2026-01-13 10:40:21,R_2LzH1JuCCdQyy5D,anonymous,EN,1,"I confirm that I understand that by ticking/initialling each box below I am consenting to this element of the study. I understand that it will be assumed that unticked/initialled boxes means that I DO NOT consent to that part of the study. I understand that by not giving consent for any one element that I may be deemed ineligible for the study.,I have read the information sheet and understand I can email the researchers with any questions.,I understand that my personal information (e.g., my age, gender, and information about my language background) will be used for the purposes of this study, which have been explained to me.,I consent to the processing of my personal information for the purposes of this study, and I understand that any such information will be treated as strictly confidential and handled in accordance with the provisions of the Data Protection Act 2018.,I understand that the information I provide may be published as a report and I will be sent a copy if I wish. Confidentiality and anonymity will be maintained, and it will not be possible to identify me in any publications.,I understand that my anonymised research data may be shared in accordance with open science guidelines (no one will be able to identify me if these data are shared).,I understand that I am free to withdraw from the study without penalty if I so wish.,I am over the age of 18.,I consent to take part in this study.",P36,20,Female,Montenegrin,4,6,6,5,5,"There is visible light/energy (from the sun) which gets through the atmosphere without being impeded. As well as this, outgoing thermal energy (around 30% of it) is absorbed by the atmosphere (gases such as water vapour, carbon dioxide, methane and n2o (nitrous oxide)), which is radiated back into space. ","those countries that cause the problems associated with climate change are not the ones suffering the most from it. models show that countries that already live in wet areas, are going to face more extreme weather ,where precipitation will become heavier. Same thing goes for those living in drier areas (will become more dry; more evaporation than precipitation).  ","It is useful because we are able to know which aspect we should try to reduce (set to zero) in order to set the emissions to zero. the potential options are population, gdp per capita, energy intensity, and carbon intensity. For instance, we know that for energy intensity, we can try to set it to zero through using energy that isnt based on fossil fuels.  ",Explain the basic physical mechanism of the greenhouse effect regarding how the atmosphere interacts with incoming solar radiation versus outgoing thermal radiation.,"The atmosphere is largely transparent to incoming shortwave solar radiation, allowing it to reach the surface, but it absorbs outgoing longwave thermal radiation emitted by the Earth, trapping heat.",This question tests the learners understanding of the fundamental physics behind climate change. It requires explaining the concept of wavelength transmission and absorption.,"Describe the observed spatial pattern of global warming, specifically comparing the rates of warming between land and ocean, and between the Arctic and the rest of the globe.","Land areas are warming faster than oceans, and the Arctic is warming at approximately twice the rate of the global average (Arctic amplification).","This question requires the learner to analyze the specific patterns of warming presented in the observation maps, moving beyond just the global mean temperature to specific regional differences.",Explain why the near-linear relationship between cumulative CO2 emissions and global temperature rise is practically useful for international climate policy and agreements.,This linear relationship allows scientists and policymakers to calculate a specific carbon budget - the total amount of carbon that can be emitted to keep warming below a specific temperature threshold.,This question tests the application of the cumulative emissions concept. The learner must understand that the scientific correlation provides the mechanism for setting finite political targets (budgets).,"You correctly identify the key wavelength idea: most incoming solar/visible radiation passes through the atmosphere, while some outgoing thermal (longwave) radiation is absorbed by greenhouse gases (water vapour, CO₂, methane, N₂O). Naming the main greenhouse gases is a strength.

However, your explanation misses the “trapping” mechanism: after absorbing longwave radiation, the atmosphere re-emits it in all directions, including back toward the surface, which reduces heat loss and warms the surface/lower atmosphere. Also, the “around 30%” figure is not clearly correct in this context (30% is often associated with reflected sunlight/albedo), so it could confuse the distinction between shortwave reflection and longwave absorption.

Score: 7/10","Your response focuses on **who emits vs. who suffers** and on **changes in precipitation patterns (wet-get-wetter, dry-get-drier)**. Those are climate impacts, but they **don’t answer the question being asked**, which is specifically about the **spatial pattern of warming rates**: **land warming faster than ocean**, and the **Arctic warming about twice as fast as the global average**.

To improve, directly compare **warming over land vs. ocean** and **Arctic vs. the rest of the world**, using clear rate language (e.g., “faster than,” “about double”).

Score: 1/10","Your response shows you understand that policy needs to target emissions drivers (like energy and carbon intensity), which is relevant to climate mitigation strategy. However, it doesn’t answer the key point of the question: the *near-linear cumulative CO₂–temperature* relationship is useful because it lets policymakers translate a temperature goal (e.g., 1.5°C or 2°C) into a *finite carbon budget* (a total allowable amount of cumulative emissions), which can then be allocated across countries and time in international agreements.

To improve, explicitly connect the linear relationship to being able to “count” total emissions toward a remaining budget and use that to set and track targets in treaties (not just identify which factor to reduce).  
Score: 4/10"
2026-01-13 06:09:54,2026-01-13 13:22:02,IP Address,100,25927,True,2026-01-13 13:22:02,R_2iqBY86Kynh8ryf,anonymous,EN,1,"I confirm that I understand that by ticking/initialling each box below I am consenting to this element of the study. I understand that it will be assumed that unticked/initialled boxes means that I DO NOT consent to that part of the study. I understand that by not giving consent for any one element that I may be deemed ineligible for the study.,I have read the information sheet and understand I can email the researchers with any questions.,I understand that my personal information (e.g., my age, gender, and information about my language background) will be used for the purposes of this study, which have been explained to me.,I consent to the processing of my personal information for the purposes of this study, and I understand that any such information will be treated as strictly confidential and handled in accordance with the provisions of the Data Protection Act 2018.,I understand that the information I provide may be published as a report and I will be sent a copy if I wish. Confidentiality and anonymity will be maintained, and it will not be possible to identify me in any publications.,I understand that my anonymised research data may be shared in accordance with open science guidelines (no one will be able to identify me if these data are shared).,I understand that I am free to withdraw from the study without penalty if I so wish.,I am over the age of 18.,I consent to take part in this study.",P24,20,Female,cantonese and korean,2,5,5,4,3,"The greenhouse effect occurs because Earth’s atmosphere allows most shortwave solar radiation to reach the surface but absorbs and re-emits a lot of the longwave infrared radiation emitted by the surface, reducing heat loss to space and raising the planet’s temperature.","land areas warm quicker than the oceans, and the arctic warm quicker than the rest of the globe","The near-linear relationship between cumulative CO₂ emissions and global temperature rise means that each additional ton of CO₂ causes roughly the same amount of warming, regardless of when it is emitted. This allows policymakers to frame climate goals in terms of a finite global carbon budget consistent with a chosen temperature limit (such as 1.5 °C or 2 °C), making targets clearer and more transparent. As a result, international agreements can focus on total allowable emissions and long-term net-zero goals, enabling fairer burden-sharing and easier tracking of progress across countries.",Explain the basic physical mechanism of the greenhouse effect regarding how the atmosphere interacts with incoming solar radiation versus outgoing thermal radiation.,"The atmosphere is largely transparent to incoming shortwave solar radiation, allowing it to reach the surface, but it absorbs outgoing longwave thermal radiation emitted by the Earth, trapping heat.",This question tests the learners understanding of the fundamental physics behind climate change. It requires explaining the concept of wavelength transmission and absorption.,"Describe the observed spatial pattern of global warming, specifically comparing the rates of warming between land and ocean, and between the Arctic and the rest of the globe.","Land areas are warming faster than oceans, and the Arctic is warming at approximately twice the rate of the global average (Arctic amplification).","This question requires the learner to analyze the specific patterns of warming presented in the observation maps, moving beyond just the global mean temperature to specific regional differences.",Explain why the near-linear relationship between cumulative CO2 emissions and global temperature rise is practically useful for international climate policy and agreements.,This linear relationship allows scientists and policymakers to calculate a specific carbon budget - the total amount of carbon that can be emitted to keep warming below a specific temperature threshold.,This question tests the application of the cumulative emissions concept. The learner must understand that the scientific correlation provides the mechanism for setting finite political targets (budgets).,"Your response captures the essential mechanism very well: you clearly distinguish between incoming shortwave solar radiation (mostly transmitted through the atmosphere) and outgoing longwave/infrared radiation (absorbed by the atmosphere). You also add an accurate detail—re-emission of infrared—which helps explain how heat loss to space is reduced and temperatures rise. To be even more complete, you could briefly mention that this absorption is due to greenhouse gases specifically, but your explanation already matches the model concept.

Score: 10/10","Your response captures the two main spatial patterns correctly: land warms faster than ocean, and the Arctic warms faster than the rest of the globe. To match the model answer more closely, you could add that the Arctic is warming at about **twice** the global average (often called **Arctic amplification**) and be a bit more precise in wording (e.g., “warms faster” rather than “quicker”).  

Score: 8/10","Your response captures the key idea very well: because warming scales roughly linearly with cumulative CO₂, policymakers can translate temperature targets into a **finite carbon budget**. You also correctly explain the practical policy benefits—clearer targets, transparency, tracking progress, and linking this to net-zero and burden-sharing—which go beyond the model answer but are consistent with it.

To improve slightly, you could explicitly emphasize that this relationship supports **international agreement design** by enabling quantifiable limits (budgets) that can be allocated or compared across countries, directly tying science to policy thresholds.

Score: 10/10"
2026-01-13 06:09:02,2026-01-13 06:11:15,IP Address,63,133,False,2026-01-20 06:11:15,R_2bxmYdKUEfoSTfz,anonymous,EN,1,"I confirm that I understand that by ticking/initialling each box below I am consenting to this element of the study. I understand that it will be assumed that unticked/initialled boxes means that I DO NOT consent to that part of the study. I understand that by not giving consent for any one element that I may be deemed ineligible for the study.,I have read the information sheet and understand I can email the researchers with any questions.,I understand that my personal information (e.g., my age, gender, and information about my language background) will be used for the purposes of this study, which have been explained to me.,I consent to the processing of my personal information for the purposes of this study, and I understand that any such information will be treated as strictly confidential and handled in accordance with the provisions of the Data Protection Act 2018.,I understand that the information I provide may be published as a report and I will be sent a copy if I wish. Confidentiality and anonymity will be maintained, and it will not be possible to identify me in any publications.,I understand that my anonymised research data may be shared in accordance with open science guidelines (no one will be able to identify me if these data are shared).,I understand that I am free to withdraw from the study without penalty if I so wish.,I am over the age of 18.,I consent to take part in this study.",P35,26,Female,English,5,4,4,2,2,,,,Explain the basic physical mechanism of the greenhouse effect regarding how the atmosphere interacts with incoming solar radiation versus outgoing thermal radiation.,"The atmosphere is largely transparent to incoming shortwave solar radiation, allowing it to reach the surface, but it absorbs outgoing longwave thermal radiation emitted by the Earth, trapping heat.",This question tests the learners understanding of the fundamental physics behind climate change. It requires explaining the concept of wavelength transmission and absorption.,"Describe the observed spatial pattern of global warming, specifically comparing the rates of warming between land and ocean, and between the Arctic and the rest of the globe.","Land areas are warming faster than oceans, and the Arctic is warming at approximately twice the rate of the global average (Arctic amplification).","This question requires the learner to analyze the specific patterns of warming presented in the observation maps, moving beyond just the global mean temperature to specific regional differences.",Explain why the near-linear relationship between cumulative CO2 emissions and global temperature rise is practically useful for international climate policy and agreements.,This linear relationship allows scientists and policymakers to calculate a specific carbon budget - the total amount of carbon that can be emitted to keep warming below a specific temperature threshold.,This question tests the application of the cumulative emissions concept. The learner must understand that the scientific correlation provides the mechanism for setting finite political targets (budgets).,,,
2026-01-13 06:16:26,2026-01-13 06:18:33,IP Address,63,127,False,2026-01-20 06:18:34,R_2M1LIABKZxOMIxz,anonymous,EN,0.8999999761581421,"I confirm that I understand that by ticking/initialling each box below I am consenting to this element of the study. I understand that it will be assumed that unticked/initialled boxes means that I DO NOT consent to that part of the study. I understand that by not giving consent for any one element that I may be deemed ineligible for the study.,I have read the information sheet and understand I can email the researchers with any questions.,I understand that my personal information (e.g., my age, gender, and information about my language background) will be used for the purposes of this study, which have been explained to me.,I consent to the processing of my personal information for the purposes of this study, and I understand that any such information will be treated as strictly confidential and handled in accordance with the provisions of the Data Protection Act 2018.,I understand that the information I provide may be published as a report and I will be sent a copy if I wish. Confidentiality and anonymity will be maintained, and it will not be possible to identify me in any publications.,I understand that my anonymised research data may be shared in accordance with open science guidelines (no one will be able to identify me if these data are shared).,I understand that I am free to withdraw from the study without penalty if I so wish.,I am over the age of 18.,I consent to take part in this study.",P06,20,Female,english,3,5,5,1,2,,,,Explain the basic physical mechanism of the greenhouse effect regarding how the atmosphere interacts with incoming solar radiation versus outgoing thermal radiation.,"The atmosphere is largely transparent to incoming shortwave solar radiation, allowing it to reach the surface, but it absorbs outgoing longwave thermal radiation emitted by the Earth, trapping heat.",This question tests the learners understanding of the fundamental physics behind climate change. It requires explaining the concept of wavelength transmission and absorption.,"Describe the observed spatial pattern of global warming, specifically comparing the rates of warming between land and ocean, and between the Arctic and the rest of the globe.","Land areas are warming faster than oceans, and the Arctic is warming at approximately twice the rate of the global average (Arctic amplification).","This question requires the learner to analyze the specific patterns of warming presented in the observation maps, moving beyond just the global mean temperature to specific regional differences.",Explain why the near-linear relationship between cumulative CO2 emissions and global temperature rise is practically useful for international climate policy and agreements.,This linear relationship allows scientists and policymakers to calculate a specific carbon budget - the total amount of carbon that can be emitted to keep warming below a specific temperature threshold.,This question tests the application of the cumulative emissions concept. The learner must understand that the scientific correlation provides the mechanism for setting finite political targets (budgets).,,,
2026-01-13 06:08:54,2026-01-13 06:20:15,IP Address,63,680,False,2026-01-20 06:20:23,R_8a76zIEslIyjIYh,anonymous,EN,1,"I confirm that I understand that by ticking/initialling each box below I am consenting to this element of the study. I understand that it will be assumed that unticked/initialled boxes means that I DO NOT consent to that part of the study. I understand that by not giving consent for any one element that I may be deemed ineligible for the study.,I have read the information sheet and understand I can email the researchers with any questions.,I understand that my personal information (e.g., my age, gender, and information about my language background) will be used for the purposes of this study, which have been explained to me.,I consent to the processing of my personal information for the purposes of this study, and I understand that any such information will be treated as strictly confidential and handled in accordance with the provisions of the Data Protection Act 2018.,I understand that the information I provide may be published as a report and I will be sent a copy if I wish. Confidentiality and anonymity will be maintained, and it will not be possible to identify me in any publications.,I understand that my anonymised research data may be shared in accordance with open science guidelines (no one will be able to identify me if these data are shared).,I understand that I am free to withdraw from the study without penalty if I so wish.,I am over the age of 18.,I consent to take part in this study.",P16,20,Female,French,2,7,7,4,5,,,,Explain the basic physical mechanism of the greenhouse effect regarding how the atmosphere interacts with incoming solar radiation versus outgoing thermal radiation.,"The atmosphere is largely transparent to incoming shortwave solar radiation, allowing it to reach the surface, but it absorbs outgoing longwave thermal radiation emitted by the Earth, trapping heat.",This question tests the learners understanding of the fundamental physics behind climate change. It requires explaining the concept of wavelength transmission and absorption.,"Describe the observed spatial pattern of global warming, specifically comparing the rates of warming between land and ocean, and between the Arctic and the rest of the globe.","Land areas are warming faster than oceans, and the Arctic is warming at approximately twice the rate of the global average (Arctic amplification).","This question requires the learner to analyze the specific patterns of warming presented in the observation maps, moving beyond just the global mean temperature to specific regional differences.",Explain why the near-linear relationship between cumulative CO2 emissions and global temperature rise is practically useful for international climate policy and agreements.,This linear relationship allows scientists and policymakers to calculate a specific carbon budget - the total amount of carbon that can be emitted to keep warming below a specific temperature threshold.,This question tests the application of the cumulative emissions concept. The learner must understand that the scientific correlation provides the mechanism for setting finite political targets (budgets).,,,
2026-01-13 06:19:35,2026-01-13 06:26:38,IP Address,95,422,False,2026-01-20 06:26:40,R_8js7zcNB1lZAQNj,anonymous,EN,0.8999999761581421,"I confirm that I understand that by ticking/initialling each box below I am consenting to this element of the study. I understand that it will be assumed that unticked/initialled boxes means that I DO NOT consent to that part of the study. I understand that by not giving consent for any one element that I may be deemed ineligible for the study.,I have read the information sheet and understand I can email the researchers with any questions.,I understand that my personal information (e.g., my age, gender, and information about my language background) will be used for the purposes of this study, which have been explained to me.,I consent to the processing of my personal information for the purposes of this study, and I understand that any such information will be treated as strictly confidential and handled in accordance with the provisions of the Data Protection Act 2018.,I understand that the information I provide may be published as a report and I will be sent a copy if I wish. Confidentiality and anonymity will be maintained, and it will not be possible to identify me in any publications.,I understand that my anonymised research data may be shared in accordance with open science guidelines (no one will be able to identify me if these data are shared).,I understand that I am free to withdraw from the study without penalty if I so wish.,I am over the age of 18.,I consent to take part in this study.",P03,20,Female,mandarin,3,3,6,5,6,"  most incoming shortwave from the sun gets through, but after reflection on earth surface it becomes longwave which is absorbed by atomosphere","land more, arctice twice",carbon budget,Explain the basic physical mechanism of the greenhouse effect regarding how the atmosphere interacts with incoming solar radiation versus outgoing thermal radiation.,"The atmosphere is largely transparent to incoming shortwave solar radiation, allowing it to reach the surface, but it absorbs outgoing longwave thermal radiation emitted by the Earth, trapping heat.",This question tests the learners understanding of the fundamental physics behind climate change. It requires explaining the concept of wavelength transmission and absorption.,"Describe the observed spatial pattern of global warming, specifically comparing the rates of warming between land and ocean, and between the Arctic and the rest of the globe.","Land areas are warming faster than oceans, and the Arctic is warming at approximately twice the rate of the global average (Arctic amplification).","This question requires the learner to analyze the specific patterns of warming presented in the observation maps, moving beyond just the global mean temperature to specific regional differences.",Explain why the near-linear relationship between cumulative CO2 emissions and global temperature rise is practically useful for international climate policy and agreements.,This linear relationship allows scientists and policymakers to calculate a specific carbon budget - the total amount of carbon that can be emitted to keep warming below a specific temperature threshold.,This question tests the application of the cumulative emissions concept. The learner must understand that the scientific correlation provides the mechanism for setting finite political targets (budgets).,"Your response captures the core idea that **shortwave solar radiation mostly passes through the atmosphere** and that **longwave (infrared) radiation is absorbed by the atmosphere**, which is central to the greenhouse effect.

A key fix: it’s not mainly that sunlight is “reflected” and *then* becomes longwave—rather, the surface **absorbs** much of the sunlight, warms up, and then **re-emits** energy as longwave thermal radiation. Also, mentioning that this absorption helps “trap heat” (reduces heat escaping to space) would make it more complete.

Score: 8/10","Your response captures the two key spatial contrasts: you correctly indicate that land is warming more than the ocean, and that the Arctic is warming about twice as fast as the global average. To improve, make the comparison explicit (land *faster than oceans*) and state “Arctic warming is ~2× the global average” more clearly, using complete words/phrases.

Score: 8/10","Your response (“carbon budget”) identifies the central concept that makes the near-linear CO₂–temperature relationship useful for policy: it enables setting a finite emissions limit tied to a temperature goal. However, you don’t explain *why* that concept is useful—namely that the relationship lets policymakers *calculate* how much CO₂ can still be emitted to stay below a chosen warming threshold, which supports international targets and agreements.

Score: 3/10"
2026-01-13 06:08:44,2026-01-13 06:42:42,IP Address,89,2038,False,2026-01-20 06:42:46,R_2RqEaoQ3H1xpwMQ,anonymous,EN,1,"I confirm that I understand that by ticking/initialling each box below I am consenting to this element of the study. I understand that it will be assumed that unticked/initialled boxes means that I DO NOT consent to that part of the study. I understand that by not giving consent for any one element that I may be deemed ineligible for the study.,I have read the information sheet and understand I can email the researchers with any questions.,I understand that my personal information (e.g., my age, gender, and information about my language background) will be used for the purposes of this study, which have been explained to me.,I consent to the processing of my personal information for the purposes of this study, and I understand that any such information will be treated as strictly confidential and handled in accordance with the provisions of the Data Protection Act 2018.,I understand that the information I provide may be published as a report and I will be sent a copy if I wish. Confidentiality and anonymity will be maintained, and it will not be possible to identify me in any publications.,I understand that my anonymised research data may be shared in accordance with open science guidelines (no one will be able to identify me if these data are shared).,I understand that I am free to withdraw from the study without penalty if I so wish.,I am over the age of 18.,I consent to take part in this study.",P28,22,Female,English ,4,5,5,6,5,"solar radioton is abosred by thermal insnt contributing to the temperature rise. also if there is a rise due to something, the land may absorb it but these surfaces still emit the radtion as thermal radiation","There is a global mean although there is differneces in areas. The artic is wamring significantly compared to other areas, often between 4-4.5 time more. When the tempertaure on the land increases and the ocean doesnt, this is where the temperature rise comes from",It is helpful as it shows how much the global mean can change. This enables different locations can plan accordingly to what adaptions may be required and what may have changed to cause these different things. ,Explain the basic physical mechanism of the greenhouse effect regarding how the atmosphere interacts with incoming solar radiation versus outgoing thermal radiation.,"The atmosphere is largely transparent to incoming shortwave solar radiation, allowing it to reach the surface, but it absorbs outgoing longwave thermal radiation emitted by the Earth, trapping heat.",This question tests the learners understanding of the fundamental physics behind climate change. It requires explaining the concept of wavelength transmission and absorption.,"Describe the observed spatial pattern of global warming, specifically comparing the rates of warming between land and ocean, and between the Arctic and the rest of the globe.","Land areas are warming faster than oceans, and the Arctic is warming at approximately twice the rate of the global average (Arctic amplification).","This question requires the learner to analyze the specific patterns of warming presented in the observation maps, moving beyond just the global mean temperature to specific regional differences.",Explain why the near-linear relationship between cumulative CO2 emissions and global temperature rise is practically useful for international climate policy and agreements.,This linear relationship allows scientists and policymakers to calculate a specific carbon budget - the total amount of carbon that can be emitted to keep warming below a specific temperature threshold.,This question tests the application of the cumulative emissions concept. The learner must understand that the scientific correlation provides the mechanism for setting finite political targets (budgets).,"Your response shows some awareness that absorbed solar energy can lead to warming and that the surface re-emits energy as thermal (infrared) radiation. However, you don’t clearly state the key greenhouse mechanism: that the atmosphere is mostly transparent to incoming shortwave sunlight but absorbs (and re-emits) outgoing longwave thermal radiation, which reduces heat loss to space. Also, the first sentence is unclear and seems to suggest solar radiation is absorbed by “thermal” rather than mostly passing through the atmosphere to the surface.

Score: 4/10","You correctly identified that warming isn’t uniform and that the Arctic is warming much more than other regions (that’s the right overall idea). However, you overstated the Arctic difference: the expected pattern is roughly *about twice* the global average, not 4–4.5 times. You also didn’t clearly state the key land–ocean comparison (that *land warms faster than oceans*); instead, you implied the ocean doesn’t warm, which is incorrect—oceans do warm, just more slowly.

Score: 6/10","Your response shows a general idea that the relationship can inform planning, but it focuses mostly on adaptation (“different locations can plan accordingly”) rather than the key policy use: setting **mitigation targets** based on a **carbon budget**.

To better match the model answer, you needed to explain that because temperature rise is roughly proportional to cumulative CO₂ emissions, policymakers can estimate a **remaining allowable amount of CO₂** to stay under a chosen warming limit (e.g., 1.5°C or 2°C), which supports international agreements, targets, and emission pathways.

Score: 4/10"
2026-01-13 10:10:38,2026-01-13 10:11:12,IP Address,11,33,False,2026-01-20 10:11:13,R_8dH9HrHC8JLBZkX,anonymous,EN,1,"I confirm that I understand that by ticking/initialling each box below I am consenting to this element of the study. I understand that it will be assumed that unticked/initialled boxes means that I DO NOT consent to that part of the study. I understand that by not giving consent for any one element that I may be deemed ineligible for the study.,I have read the information sheet and understand I can email the researchers with any questions.,I understand that my personal information (e.g., my age, gender, and information about my language background) will be used for the purposes of this study, which have been explained to me.,I consent to the processing of my personal information for the purposes of this study, and I understand that any such information will be treated as strictly confidential and handled in accordance with the provisions of the Data Protection Act 2018.,I understand that the information I provide may be published as a report and I will be sent a copy if I wish. Confidentiality and anonymity will be maintained, and it will not be possible to identify me in any publications.,I understand that my anonymised research data may be shared in accordance with open science guidelines (no one will be able to identify me if these data are shared).,I understand that I am free to withdraw from the study without penalty if I so wish.,I am over the age of 18.,I consent to take part in this study.",,,,,,,,,,,,,Explain the basic physical mechanism of the greenhouse effect regarding how the atmosphere interacts with incoming solar radiation versus outgoing thermal radiation.,"The atmosphere is largely transparent to incoming shortwave solar radiation, allowing it to reach the surface, but it absorbs outgoing longwave thermal radiation emitted by the Earth, trapping heat.",This question tests the learners understanding of the fundamental physics behind climate change. It requires explaining the concept of wavelength transmission and absorption.,"Describe the observed spatial pattern of global warming, specifically comparing the rates of warming between land and ocean, and between the Arctic and the rest of the globe.","Land areas are warming faster than oceans, and the Arctic is warming at approximately twice the rate of the global average (Arctic amplification).","This question requires the learner to analyze the specific patterns of warming presented in the observation maps, moving beyond just the global mean temperature to specific regional differences.",Explain why the near-linear relationship between cumulative CO2 emissions and global temperature rise is practically useful for international climate policy and agreements.,This linear relationship allows scientists and policymakers to calculate a specific carbon budget - the total amount of carbon that can be emitted to keep warming below a specific temperature threshold.,This question tests the application of the cumulative emissions concept. The learner must understand that the scientific correlation provides the mechanism for setting finite political targets (budgets).,,,
2026-01-13 06:09:14,2026-01-13 10:40:44,IP Address,95,16290,False,2026-01-20 10:40:50,R_2cU1B2zzqB4hU5y,anonymous,EN,1,"I confirm that I understand that by ticking/initialling each box below I am consenting to this element of the study. I understand that it will be assumed that unticked/initialled boxes means that I DO NOT consent to that part of the study. I understand that by not giving consent for any one element that I may be deemed ineligible for the study.,I have read the information sheet and understand I can email the researchers with any questions.,I understand that my personal information (e.g., my age, gender, and information about my language background) will be used for the purposes of this study, which have been explained to me.,I consent to the processing of my personal information for the purposes of this study, and I understand that any such information will be treated as strictly confidential and handled in accordance with the provisions of the Data Protection Act 2018.,I understand that the information I provide may be published as a report and I will be sent a copy if I wish. Confidentiality and anonymity will be maintained, and it will not be possible to identify me in any publications.,I understand that my anonymised research data may be shared in accordance with open science guidelines (no one will be able to identify me if these data are shared).,I understand that I am free to withdraw from the study without penalty if I so wish.,I am over the age of 18.,I consent to take part in this study.",P36,20,Female,Montenegrin,4,5,6,5,5,visible light (from sun) gets through atmosphere without being impeded; outgoing thermal energy absorbed by atmosphere and (around 30%) radiated back into space ,"Land areas are warming faster than oceans, and the Arctic is warming at approximately twice the rate of the global average (Arctic amplification).",idk,Explain the basic physical mechanism of the greenhouse effect regarding how the atmosphere interacts with incoming solar radiation versus outgoing thermal radiation.,"The atmosphere is largely transparent to incoming shortwave solar radiation, allowing it to reach the surface, but it absorbs outgoing longwave thermal radiation emitted by the Earth, trapping heat.",This question tests the learners understanding of the fundamental physics behind climate change. It requires explaining the concept of wavelength transmission and absorption.,"Describe the observed spatial pattern of global warming, specifically comparing the rates of warming between land and ocean, and between the Arctic and the rest of the globe.","Land areas are warming faster than oceans, and the Arctic is warming at approximately twice the rate of the global average (Arctic amplification).","This question requires the learner to analyze the specific patterns of warming presented in the observation maps, moving beyond just the global mean temperature to specific regional differences.",Explain why the near-linear relationship between cumulative CO2 emissions and global temperature rise is practically useful for international climate policy and agreements.,This linear relationship allows scientists and policymakers to calculate a specific carbon budget - the total amount of carbon that can be emitted to keep warming below a specific temperature threshold.,This question tests the application of the cumulative emissions concept. The learner must understand that the scientific correlation provides the mechanism for setting finite political targets (budgets).,"Your response captures the core mechanism: you correctly say that incoming visible/shortwave sunlight mostly passes through the atmosphere, while outgoing thermal (longwave) radiation is absorbed by the atmosphere. That’s the key contrast the question is asking for.

To improve, emphasize that greenhouse gases re-emit infrared in *all directions* (including back toward the surface), which is the “trapping”/warming part; and be careful with the “around 30% radiated back into space” detail, since the important idea is absorption and re-emission rather than a specific fraction.

Score: 8/10","Your response matches the model answer exactly: you correctly state that land warms faster than oceans and that the Arctic is warming at about twice the global average (Arctic amplification). This fully captures the key observed spatial pattern the question asks for.  

Score: 10/10","Your response (“idk”) doesn’t explain the relationship or why it matters for policy, so it doesn’t show understanding of the key idea: that a near-linear link lets policymakers set a clear carbon budget tied to temperature targets.

To improve, describe how cumulative emissions translate into a finite “allowed” amount of CO₂ (a carbon budget) and how that helps countries negotiate and track progress toward temperature limits.

Score: 0/10"
2026-01-13 11:46:43,2026-01-13 11:47:45,IP Address,11,62,False,2026-01-20 11:47:47,R_2LH7Pfn0IiqWbSd,anonymous,EN,1,"I confirm that I understand that by ticking/initialling each box below I am consenting to this element of the study. I understand that it will be assumed that unticked/initialled boxes means that I DO NOT consent to that part of the study. I understand that by not giving consent for any one element that I may be deemed ineligible for the study.,I have read the information sheet and understand I can email the researchers with any questions.,I understand that my personal information (e.g., my age, gender, and information about my language background) will be used for the purposes of this study, which have been explained to me.,I consent to the processing of my personal information for the purposes of this study, and I understand that any such information will be treated as strictly confidential and handled in accordance with the provisions of the Data Protection Act 2018.,I understand that the information I provide may be published as a report and I will be sent a copy if I wish. Confidentiality and anonymity will be maintained, and it will not be possible to identify me in any publications.,I understand that my anonymised research data may be shared in accordance with open science guidelines (no one will be able to identify me if these data are shared).,I understand that I am free to withdraw from the study without penalty if I so wish.,I am over the age of 18.,I consent to take part in this study.",,,,,,,,,,,,,Explain the basic physical mechanism of the greenhouse effect regarding how the atmosphere interacts with incoming solar radiation versus outgoing thermal radiation.,"The atmosphere is largely transparent to incoming shortwave solar radiation, allowing it to reach the surface, but it absorbs outgoing longwave thermal radiation emitted by the Earth, trapping heat.",This question tests the learners understanding of the fundamental physics behind climate change. It requires explaining the concept of wavelength transmission and absorption.,"Describe the observed spatial pattern of global warming, specifically comparing the rates of warming between land and ocean, and between the Arctic and the rest of the globe.","Land areas are warming faster than oceans, and the Arctic is warming at approximately twice the rate of the global average (Arctic amplification).","This question requires the learner to analyze the specific patterns of warming presented in the observation maps, moving beyond just the global mean temperature to specific regional differences.",Explain why the near-linear relationship between cumulative CO2 emissions and global temperature rise is practically useful for international climate policy and agreements.,This linear relationship allows scientists and policymakers to calculate a specific carbon budget - the total amount of carbon that can be emitted to keep warming below a specific temperature threshold.,This question tests the application of the cumulative emissions concept. The learner must understand that the scientific correlation provides the mechanism for setting finite political targets (budgets).,,,
2026-01-13 11:47:58,2026-01-13 11:58:10,IP Address,74,611,False,2026-01-20 11:58:13,R_8ku2K8K6eLx4sWa,anonymous,EN,0.8999999761581421,"I confirm that I understand that by ticking/initialling each box below I am consenting to this element of the study. I understand that it will be assumed that unticked/initialled boxes means that I DO NOT consent to that part of the study. I understand that by not giving consent for any one element that I may be deemed ineligible for the study.,I have read the information sheet and understand I can email the researchers with any questions.,I understand that my personal information (e.g., my age, gender, and information about my language background) will be used for the purposes of this study, which have been explained to me.,I consent to the processing of my personal information for the purposes of this study, and I understand that any such information will be treated as strictly confidential and handled in accordance with the provisions of the Data Protection Act 2018.,I understand that the information I provide may be published as a report and I will be sent a copy if I wish. Confidentiality and anonymity will be maintained, and it will not be possible to identify me in any publications.,I understand that my anonymised research data may be shared in accordance with open science guidelines (no one will be able to identify me if these data are shared).,I understand that I am free to withdraw from the study without penalty if I so wish.,I am over the age of 18.,I consent to take part in this study.",P22,20,Male,Mandarin Chinese,1,7,7,3,3,,,"Because CO2 emissions are one of the leading causes for global warming, and it emphasises the importance of achieving net-zero emissions, which is a goal that can be quantified and feasible.",Explain the basic physical mechanism of the greenhouse effect regarding how the atmosphere interacts with incoming solar radiation versus outgoing thermal radiation.,"The atmosphere is largely transparent to incoming shortwave solar radiation, allowing it to reach the surface, but it absorbs outgoing longwave thermal radiation emitted by the Earth, trapping heat.",This question tests the learners understanding of the fundamental physics behind climate change. It requires explaining the concept of wavelength transmission and absorption.,"Describe the observed spatial pattern of global warming, specifically comparing the rates of warming between land and ocean, and between the Arctic and the rest of the globe.","Land areas are warming faster than oceans, and the Arctic is warming at approximately twice the rate of the global average (Arctic amplification).","This question requires the learner to analyze the specific patterns of warming presented in the observation maps, moving beyond just the global mean temperature to specific regional differences.",Explain why the near-linear relationship between cumulative CO2 emissions and global temperature rise is practically useful for international climate policy and agreements.,This linear relationship allows scientists and policymakers to calculate a specific carbon budget - the total amount of carbon that can be emitted to keep warming below a specific temperature threshold.,This question tests the application of the cumulative emissions concept. The learner must understand that the scientific correlation provides the mechanism for setting finite political targets (budgets).,,,"Your response shows you understand that CO₂ emissions drive warming and that this connects to the policy goal of reaching net-zero, which is relevant to climate agreements. However, it doesn’t clearly state the *practical use* of the near-linear relationship: that it lets policymakers translate a temperature limit (e.g., 1.5°C or 2°C) into a *specific cumulative carbon budget* (a finite total amount of CO₂ that can still be emitted). To improve, explicitly mention that this relationship enables setting and tracking an emissions “budget” tied to agreed temperature thresholds, which is why it’s so useful for international targets.

Score: 6/10"
