StartDate,EndDate,Status,Progress,Duration (in seconds),Finished,RecordedDate,ResponseId,DistributionChannel,UserLanguage,Q_RecaptchaScore,part2_id,restudy_timer_First Click,restudy_timer_Last Click,restudy_timer_Page Submit,restudy_timer_Click Count,TeaQ01,TeaQ02,TeaQ03,TeaQ04,TeaQ05,TeaQ06,TeaQ07,TeaQ08,TeaQ09,TeaQ10,PROLIFIC_PID,Group,Tea_Q01,Tea_Q02,Tea_Q03,Tea_Q04,Tea_Q05,Tea_Q06,Tea_Q07,Tea_Q08,Tea_Q09,Tea_Q10,Tea_MA01,Tea_MA02,Tea_MA03,Tea_MA04,Tea_MA05,Tea_MA06,Tea_MA07,Tea_MA08,Tea_MA09,Tea_MA10,Tea_R01,Tea_R02,Tea_R03,Tea_R04,Tea_R05,Tea_R06,Tea_R07,Tea_R08,Tea_R09,Tea_R10,Tea_F01,Tea_F02,Tea_F03,Tea_F04,Tea_F05,Tea_F06,Tea_F07,Tea_F08,Tea_F09,Tea_F10,Video
Start Date,End Date,Response Type,Progress,Duration (in seconds),Finished,Recorded Date,Response ID,Distribution Channel,User Language,Q_RecaptchaScore,"What is your Prolific ID?

Please note that this response should auto-fill with the correct ID",Timing - First Click,Timing - Last Click,Timing - Page Submit,Timing - Click Count,[Field-Tea_Q01],[Field-Tea_Q02],[Field-Tea_Q03],[Field-Tea_Q04],[Field-Tea_Q05],[Field-Tea_Q06],[Field-Tea_Q07],[Field-Tea_Q08],[Field-Tea_Q09],[Field-Tea_Q10],PROLIFIC_PID,Group,Tea_Q01,Tea_Q02,Tea_Q03,Tea_Q04,Tea_Q05,Tea_Q06,Tea_Q07,Tea_Q08,Tea_Q09,Tea_Q10,Tea_MA01,Tea_MA02,Tea_MA03,Tea_MA04,Tea_MA05,Tea_MA06,Tea_MA07,Tea_MA08,Tea_MA09,Tea_MA10,Tea_R01,Tea_R02,Tea_R03,Tea_R04,Tea_R05,Tea_R06,Tea_R07,Tea_R08,Tea_R09,Tea_R10,Tea_F01,Tea_F02,Tea_F03,Tea_F04,Tea_F05,Tea_F06,Tea_F07,Tea_F08,Tea_F09,Tea_F10,Video
"{""ImportId"":""startDate"",""timeZone"":""America/Denver""}","{""ImportId"":""endDate"",""timeZone"":""America/Denver""}","{""ImportId"":""status""}","{""ImportId"":""progress""}","{""ImportId"":""duration""}","{""ImportId"":""finished""}","{""ImportId"":""recordedDate"",""timeZone"":""America/Denver""}","{""ImportId"":""_recordId""}","{""ImportId"":""distributionChannel""}","{""ImportId"":""userLanguage""}","{""ImportId"":""Q_RecaptchaScore""}","{""ImportId"":""QID1218945872_TEXT""}","{""ImportId"":""QID1218945885_FIRST_CLICK""}","{""ImportId"":""QID1218945885_LAST_CLICK""}","{""ImportId"":""QID1218945885_PAGE_SUBMIT""}","{""ImportId"":""QID1218945885_CLICK_COUNT""}","{""ImportId"":""QID265_TEXT""}","{""ImportId"":""QID266_TEXT""}","{""ImportId"":""QID267_TEXT""}","{""ImportId"":""QID268_TEXT""}","{""ImportId"":""QID269_TEXT""}","{""ImportId"":""QID270_TEXT""}","{""ImportId"":""QID271_TEXT""}","{""ImportId"":""QID272_TEXT""}","{""ImportId"":""QID273_TEXT""}","{""ImportId"":""QID274_TEXT""}","{""ImportId"":""PROLIFIC_PID""}","{""ImportId"":""Group""}","{""ImportId"":""Tea_Q01""}","{""ImportId"":""Tea_Q02""}","{""ImportId"":""Tea_Q03""}","{""ImportId"":""Tea_Q04""}","{""ImportId"":""Tea_Q05""}","{""ImportId"":""Tea_Q06""}","{""ImportId"":""Tea_Q07""}","{""ImportId"":""Tea_Q08""}","{""ImportId"":""Tea_Q09""}","{""ImportId"":""Tea_Q10""}","{""ImportId"":""Tea_MA01""}","{""ImportId"":""Tea_MA02""}","{""ImportId"":""Tea_MA03""}","{""ImportId"":""Tea_MA04""}","{""ImportId"":""Tea_MA05""}","{""ImportId"":""Tea_MA06""}","{""ImportId"":""Tea_MA07""}","{""ImportId"":""Tea_MA08""}","{""ImportId"":""Tea_MA09""}","{""ImportId"":""Tea_MA10""}","{""ImportId"":""Tea_R01""}","{""ImportId"":""Tea_R02""}","{""ImportId"":""Tea_R03""}","{""ImportId"":""Tea_R04""}","{""ImportId"":""Tea_R05""}","{""ImportId"":""Tea_R06""}","{""ImportId"":""Tea_R07""}","{""ImportId"":""Tea_R08""}","{""ImportId"":""Tea_R09""}","{""ImportId"":""Tea_R10""}","{""ImportId"":""Tea_F01""}","{""ImportId"":""Tea_F02""}","{""ImportId"":""Tea_F03""}","{""ImportId"":""Tea_F04""}","{""ImportId"":""Tea_F05""}","{""ImportId"":""Tea_F06""}","{""ImportId"":""Tea_F07""}","{""ImportId"":""Tea_F08""}","{""ImportId"":""Tea_F09""}","{""ImportId"":""Tea_F10""}","{""ImportId"":""Video""}"
27/11/2025 03:01,27/11/2025 03:07,0,100,316,1,27/11/2025 03:07,R_2NDfIzSepi7M2LY,anonymous,EN,1,681b781064a5701a5ceee3bc,0,0,288.365,0,,,,,,,,,,,681b781064a5701a5ceee3bc,Restudy,"According to legend, who was the mythical Chinese figure credited with discovering tea while searching the forest for edible grains and herbs?",Explain how tea was originally consumed in ancient China before it was primarily prepared as a drink.,Describe the change in tea preparation that occurred during the Tang Dynasty and led to the creation of matcha.,"What significant change to the standard form of tea occurred during China's Ming Dynasty, shifting away from the matcha-style preparation?","Besides tea, what were the other two essential Chinese export goods that gave the country significant economic power?","Explain the economic reason that prompted Great Britain to begin trading opium for Chinese tea, instead of its original payment method.","Following the First Opium War, what were two major concessions the defeated Qing Dynasty made to the British?",How did the British East India Company ultimately break China's long-held monopoly on tea cultivation?,What was the primary motivation for the development of the fast-sailing clipper ship in the 19th century?,What is tea's ranking as the most consumed beverage in the world today?,"The mythical figure credited with discovering tea is the divine farmer, Shennong.","Originally, tea was consumed as a food; it was either eaten as a vegetable or cooked with grain porridge.","The standard method became heating tea, packing it into portable cakes, grinding it into powder, and then mixing it with hot water to create a frothy beverage.","During the Ming Dynasty, the Chinese emperor shifted the standard from tea pressed into cakes to using loose-leaf tea.",The other two essential Chinese export goods that gave the country economic power were porcelain and silk.,"Britain initially paid for Chinese tea with silver, but this proved to be too expensive, so they switched to trading opium as a more sustainable alternative.",The Qing Dynasty ceded the port of Hong Kong to the British and was forced to resume trading on unfavorable terms.,"They commissioned botanist Robert Fortune to secretly smuggle tea trees and experienced tea workers out of China and into Darjeeling, India.","The clipper ship was developed due to intense competition between Western trading companies, who were racing to transport tea to Europe first to maximize profits.","Tea is the second most consumed beverage in the world, after water.",This is a direct recall of a key figure and the foundational legend mentioned at the start of the video.,"This question requires the learner to explain the initial state of tea consumption, demonstrating comprehension of its evolution from a food to a beverage.","This question asks for an explanation of a specific historical process mentioned in the video, testing the learner's understanding of how a particular type of tea was made.","This question checks for understanding of a key transition in tea's physical form and preparation method, which marked a major turning point in its history.",This question tests the recall of specific factual information about China's key exports during the period it held a monopoly on tea.,This question tests the learner's ability to analyze the cause (high cost of silver) for a significant effect (the switch to the opium trade).,This question requires the learner to recall and connect the outcome of a major conflict to its specific political and economic consequences for China.,This question requires the learner to analyze the specific actions (industrial espionage) taken by a key entity to overcome a major economic obstacle (China's monopoly).,This requires the learner to analyze the cause-and-effect relationship between economic competition in the tea trade and a specific technological innovation.,"This tests the recall of a concluding fact that puts the entire history of tea into a modern context, demonstrating the beverage's global significance.",,,,,,,,,,,Tea
27/11/2025 03:02,27/11/2025 03:07,0,100,307,1,27/11/2025 03:07,R_8PdBRZfi51TOgOp,anonymous,EN,1,5cc052c9a1e263001715594d,0,0,287.001,0,,,,,,,,,,,5cc052c9a1e263001715594d,Restudy,"According to legend, who was the mythical Chinese figure credited with discovering tea while searching the forest for edible grains and herbs?",Explain how tea was originally consumed in ancient China before it was primarily prepared as a drink.,Describe the change in tea preparation that occurred during the Tang Dynasty and led to the creation of matcha.,"What significant change to the standard form of tea occurred during China's Ming Dynasty, shifting away from the matcha-style preparation?","Besides tea, what were the other two essential Chinese export goods that gave the country significant economic power?","Explain the economic reason that prompted Great Britain to begin trading opium for Chinese tea, instead of its original payment method.","Following the First Opium War, what were two major concessions the defeated Qing Dynasty made to the British?",How did the British East India Company ultimately break China's long-held monopoly on tea cultivation?,What was the primary motivation for the development of the fast-sailing clipper ship in the 19th century?,What is tea's ranking as the most consumed beverage in the world today?,"The mythical figure credited with discovering tea is the divine farmer, Shennong.","Originally, tea was consumed as a food; it was either eaten as a vegetable or cooked with grain porridge.","The standard method became heating tea, packing it into portable cakes, grinding it into powder, and then mixing it with hot water to create a frothy beverage.","During the Ming Dynasty, the Chinese emperor shifted the standard from tea pressed into cakes to using loose-leaf tea.",The other two essential Chinese export goods that gave the country economic power were porcelain and silk.,"Britain initially paid for Chinese tea with silver, but this proved to be too expensive, so they switched to trading opium as a more sustainable alternative.",The Qing Dynasty ceded the port of Hong Kong to the British and was forced to resume trading on unfavorable terms.,"They commissioned botanist Robert Fortune to secretly smuggle tea trees and experienced tea workers out of China and into Darjeeling, India.","The clipper ship was developed due to intense competition between Western trading companies, who were racing to transport tea to Europe first to maximize profits.","Tea is the second most consumed beverage in the world, after water.",This is a direct recall of a key figure and the foundational legend mentioned at the start of the video.,"This question requires the learner to explain the initial state of tea consumption, demonstrating comprehension of its evolution from a food to a beverage.","This question asks for an explanation of a specific historical process mentioned in the video, testing the learner's understanding of how a particular type of tea was made.","This question checks for understanding of a key transition in tea's physical form and preparation method, which marked a major turning point in its history.",This question tests the recall of specific factual information about China's key exports during the period it held a monopoly on tea.,This question tests the learner's ability to analyze the cause (high cost of silver) for a significant effect (the switch to the opium trade).,This question requires the learner to recall and connect the outcome of a major conflict to its specific political and economic consequences for China.,This question requires the learner to analyze the specific actions (industrial espionage) taken by a key entity to overcome a major economic obstacle (China's monopoly).,This requires the learner to analyze the cause-and-effect relationship between economic competition in the tea trade and a specific technological innovation.,"This tests the recall of a concluding fact that puts the entire history of tea into a modern context, demonstrating the beverage's global significance.",,,,,,,,,,,Tea
27/11/2025 03:02,27/11/2025 03:07,0,100,310,1,27/11/2025 03:07,R_61cw8GjlAGlPddj,anonymous,EN,1,5d3821f0ddea5a0001757f93,0,0,287.152,0,,,,,,,,,,,5d3821f0ddea5a0001757f93,Restudy,"According to legend, who was the mythical Chinese figure credited with discovering tea while searching the forest for edible grains and herbs?",Explain how tea was originally consumed in ancient China before it was primarily prepared as a drink.,Describe the change in tea preparation that occurred during the Tang Dynasty and led to the creation of matcha.,"What significant change to the standard form of tea occurred during China's Ming Dynasty, shifting away from the matcha-style preparation?","Besides tea, what were the other two essential Chinese export goods that gave the country significant economic power?","Explain the economic reason that prompted Great Britain to begin trading opium for Chinese tea, instead of its original payment method.","Following the First Opium War, what were two major concessions the defeated Qing Dynasty made to the British?",How did the British East India Company ultimately break China's long-held monopoly on tea cultivation?,What was the primary motivation for the development of the fast-sailing clipper ship in the 19th century?,What is tea's ranking as the most consumed beverage in the world today?,"The mythical figure credited with discovering tea is the divine farmer, Shennong.","Originally, tea was consumed as a food; it was either eaten as a vegetable or cooked with grain porridge.","The standard method became heating tea, packing it into portable cakes, grinding it into powder, and then mixing it with hot water to create a frothy beverage.","During the Ming Dynasty, the Chinese emperor shifted the standard from tea pressed into cakes to using loose-leaf tea.",The other two essential Chinese export goods that gave the country economic power were porcelain and silk.,"Britain initially paid for Chinese tea with silver, but this proved to be too expensive, so they switched to trading opium as a more sustainable alternative.",The Qing Dynasty ceded the port of Hong Kong to the British and was forced to resume trading on unfavorable terms.,"They commissioned botanist Robert Fortune to secretly smuggle tea trees and experienced tea workers out of China and into Darjeeling, India.","The clipper ship was developed due to intense competition between Western trading companies, who were racing to transport tea to Europe first to maximize profits.","Tea is the second most consumed beverage in the world, after water.",This is a direct recall of a key figure and the foundational legend mentioned at the start of the video.,"This question requires the learner to explain the initial state of tea consumption, demonstrating comprehension of its evolution from a food to a beverage.","This question asks for an explanation of a specific historical process mentioned in the video, testing the learner's understanding of how a particular type of tea was made.","This question checks for understanding of a key transition in tea's physical form and preparation method, which marked a major turning point in its history.",This question tests the recall of specific factual information about China's key exports during the period it held a monopoly on tea.,This question tests the learner's ability to analyze the cause (high cost of silver) for a significant effect (the switch to the opium trade).,This question requires the learner to recall and connect the outcome of a major conflict to its specific political and economic consequences for China.,This question requires the learner to analyze the specific actions (industrial espionage) taken by a key entity to overcome a major economic obstacle (China's monopoly).,This requires the learner to analyze the cause-and-effect relationship between economic competition in the tea trade and a specific technological innovation.,"This tests the recall of a concluding fact that puts the entire history of tea into a modern context, demonstrating the beverage's global significance.",,,,,,,,,,,Tea
27/11/2025 03:03,27/11/2025 03:08,0,100,303,1,27/11/2025 03:08,R_8CBLhXCdxyL3Cz3,anonymous,EN,0.800000012,55d5b77ddb6a810006fa05d5,0,0,286.87,0,,,,,,,,,,,55d5b77ddb6a810006fa05d5,Restudy,"According to legend, who was the mythical Chinese figure credited with discovering tea while searching the forest for edible grains and herbs?",Explain how tea was originally consumed in ancient China before it was primarily prepared as a drink.,Describe the change in tea preparation that occurred during the Tang Dynasty and led to the creation of matcha.,"What significant change to the standard form of tea occurred during China's Ming Dynasty, shifting away from the matcha-style preparation?","Besides tea, what were the other two essential Chinese export goods that gave the country significant economic power?","Explain the economic reason that prompted Great Britain to begin trading opium for Chinese tea, instead of its original payment method.","Following the First Opium War, what were two major concessions the defeated Qing Dynasty made to the British?",How did the British East India Company ultimately break China's long-held monopoly on tea cultivation?,What was the primary motivation for the development of the fast-sailing clipper ship in the 19th century?,What is tea's ranking as the most consumed beverage in the world today?,"The mythical figure credited with discovering tea is the divine farmer, Shennong.","Originally, tea was consumed as a food; it was either eaten as a vegetable or cooked with grain porridge.","The standard method became heating tea, packing it into portable cakes, grinding it into powder, and then mixing it with hot water to create a frothy beverage.","During the Ming Dynasty, the Chinese emperor shifted the standard from tea pressed into cakes to using loose-leaf tea.",The other two essential Chinese export goods that gave the country economic power were porcelain and silk.,"Britain initially paid for Chinese tea with silver, but this proved to be too expensive, so they switched to trading opium as a more sustainable alternative.",The Qing Dynasty ceded the port of Hong Kong to the British and was forced to resume trading on unfavorable terms.,"They commissioned botanist Robert Fortune to secretly smuggle tea trees and experienced tea workers out of China and into Darjeeling, India.","The clipper ship was developed due to intense competition between Western trading companies, who were racing to transport tea to Europe first to maximize profits.","Tea is the second most consumed beverage in the world, after water.",This is a direct recall of a key figure and the foundational legend mentioned at the start of the video.,"This question requires the learner to explain the initial state of tea consumption, demonstrating comprehension of its evolution from a food to a beverage.","This question asks for an explanation of a specific historical process mentioned in the video, testing the learner's understanding of how a particular type of tea was made.","This question checks for understanding of a key transition in tea's physical form and preparation method, which marked a major turning point in its history.",This question tests the recall of specific factual information about China's key exports during the period it held a monopoly on tea.,This question tests the learner's ability to analyze the cause (high cost of silver) for a significant effect (the switch to the opium trade).,This question requires the learner to recall and connect the outcome of a major conflict to its specific political and economic consequences for China.,This question requires the learner to analyze the specific actions (industrial espionage) taken by a key entity to overcome a major economic obstacle (China's monopoly).,This requires the learner to analyze the cause-and-effect relationship between economic competition in the tea trade and a specific technological innovation.,"This tests the recall of a concluding fact that puts the entire history of tea into a modern context, demonstrating the beverage's global significance.",,,,,,,,,,,Tea
27/11/2025 03:02,27/11/2025 03:09,0,100,408,1,27/11/2025 03:09,R_2BbSa4G3eDMFucs,anonymous,EN,1,5efcb50255a06b097b8d5d29,7.263,283.1,289.273,2,,,,,,,,,,,5efcb50255a06b097b8d5d29,Restudy,"According to legend, who was the mythical Chinese figure credited with discovering tea while searching the forest for edible grains and herbs?",Explain how tea was originally consumed in ancient China before it was primarily prepared as a drink.,Describe the change in tea preparation that occurred during the Tang Dynasty and led to the creation of matcha.,"What significant change to the standard form of tea occurred during China's Ming Dynasty, shifting away from the matcha-style preparation?","Besides tea, what were the other two essential Chinese export goods that gave the country significant economic power?","Explain the economic reason that prompted Great Britain to begin trading opium for Chinese tea, instead of its original payment method.","Following the First Opium War, what were two major concessions the defeated Qing Dynasty made to the British?",How did the British East India Company ultimately break China's long-held monopoly on tea cultivation?,What was the primary motivation for the development of the fast-sailing clipper ship in the 19th century?,What is tea's ranking as the most consumed beverage in the world today?,"The mythical figure credited with discovering tea is the divine farmer, Shennong.","Originally, tea was consumed as a food; it was either eaten as a vegetable or cooked with grain porridge.","The standard method became heating tea, packing it into portable cakes, grinding it into powder, and then mixing it with hot water to create a frothy beverage.","During the Ming Dynasty, the Chinese emperor shifted the standard from tea pressed into cakes to using loose-leaf tea.",The other two essential Chinese export goods that gave the country economic power were porcelain and silk.,"Britain initially paid for Chinese tea with silver, but this proved to be too expensive, so they switched to trading opium as a more sustainable alternative.",The Qing Dynasty ceded the port of Hong Kong to the British and was forced to resume trading on unfavorable terms.,"They commissioned botanist Robert Fortune to secretly smuggle tea trees and experienced tea workers out of China and into Darjeeling, India.","The clipper ship was developed due to intense competition between Western trading companies, who were racing to transport tea to Europe first to maximize profits.","Tea is the second most consumed beverage in the world, after water.",This is a direct recall of a key figure and the foundational legend mentioned at the start of the video.,"This question requires the learner to explain the initial state of tea consumption, demonstrating comprehension of its evolution from a food to a beverage.","This question asks for an explanation of a specific historical process mentioned in the video, testing the learner's understanding of how a particular type of tea was made.","This question checks for understanding of a key transition in tea's physical form and preparation method, which marked a major turning point in its history.",This question tests the recall of specific factual information about China's key exports during the period it held a monopoly on tea.,This question tests the learner's ability to analyze the cause (high cost of silver) for a significant effect (the switch to the opium trade).,This question requires the learner to recall and connect the outcome of a major conflict to its specific political and economic consequences for China.,This question requires the learner to analyze the specific actions (industrial espionage) taken by a key entity to overcome a major economic obstacle (China's monopoly).,This requires the learner to analyze the cause-and-effect relationship between economic competition in the tea trade and a specific technological innovation.,"This tests the recall of a concluding fact that puts the entire history of tea into a modern context, demonstrating the beverage's global significance.",,,,,,,,,,,Tea
27/11/2025 03:02,27/11/2025 03:11,0,100,561,1,27/11/2025 03:11,R_2PREaYzZSNwyd46,anonymous,EN,0.899999976,5e203085ac30fa331b586690,0,0,545.423,0,,,,,,,,,,,5e203085ac30fa331b586690,Restudy,"According to legend, who was the mythical Chinese figure credited with discovering tea while searching the forest for edible grains and herbs?",Explain how tea was originally consumed in ancient China before it was primarily prepared as a drink.,Describe the change in tea preparation that occurred during the Tang Dynasty and led to the creation of matcha.,"What significant change to the standard form of tea occurred during China's Ming Dynasty, shifting away from the matcha-style preparation?","Besides tea, what were the other two essential Chinese export goods that gave the country significant economic power?","Explain the economic reason that prompted Great Britain to begin trading opium for Chinese tea, instead of its original payment method.","Following the First Opium War, what were two major concessions the defeated Qing Dynasty made to the British?",How did the British East India Company ultimately break China's long-held monopoly on tea cultivation?,What was the primary motivation for the development of the fast-sailing clipper ship in the 19th century?,What is tea's ranking as the most consumed beverage in the world today?,"The mythical figure credited with discovering tea is the divine farmer, Shennong.","Originally, tea was consumed as a food; it was either eaten as a vegetable or cooked with grain porridge.","The standard method became heating tea, packing it into portable cakes, grinding it into powder, and then mixing it with hot water to create a frothy beverage.","During the Ming Dynasty, the Chinese emperor shifted the standard from tea pressed into cakes to using loose-leaf tea.",The other two essential Chinese export goods that gave the country economic power were porcelain and silk.,"Britain initially paid for Chinese tea with silver, but this proved to be too expensive, so they switched to trading opium as a more sustainable alternative.",The Qing Dynasty ceded the port of Hong Kong to the British and was forced to resume trading on unfavorable terms.,"They commissioned botanist Robert Fortune to secretly smuggle tea trees and experienced tea workers out of China and into Darjeeling, India.","The clipper ship was developed due to intense competition between Western trading companies, who were racing to transport tea to Europe first to maximize profits.","Tea is the second most consumed beverage in the world, after water.",This is a direct recall of a key figure and the foundational legend mentioned at the start of the video.,"This question requires the learner to explain the initial state of tea consumption, demonstrating comprehension of its evolution from a food to a beverage.","This question asks for an explanation of a specific historical process mentioned in the video, testing the learner's understanding of how a particular type of tea was made.","This question checks for understanding of a key transition in tea's physical form and preparation method, which marked a major turning point in its history.",This question tests the recall of specific factual information about China's key exports during the period it held a monopoly on tea.,This question tests the learner's ability to analyze the cause (high cost of silver) for a significant effect (the switch to the opium trade).,This question requires the learner to recall and connect the outcome of a major conflict to its specific political and economic consequences for China.,This question requires the learner to analyze the specific actions (industrial espionage) taken by a key entity to overcome a major economic obstacle (China's monopoly).,This requires the learner to analyze the cause-and-effect relationship between economic competition in the tea trade and a specific technological innovation.,"This tests the recall of a concluding fact that puts the entire history of tea into a modern context, demonstrating the beverage's global significance.",,,,,,,,,,,Tea
27/11/2025 03:06,27/11/2025 03:12,0,100,370,1,27/11/2025 03:12,R_8B35a9HNDWtVlb4,anonymous,EN,0.100000001,6530316e660f5b8d9c11c00e,0,0,352.497,0,,,,,,,,,,,6530316e660f5b8d9c11c00e,Restudy,"According to legend, who was the mythical Chinese figure credited with discovering tea while searching the forest for edible grains and herbs?",Explain how tea was originally consumed in ancient China before it was primarily prepared as a drink.,Describe the change in tea preparation that occurred during the Tang Dynasty and led to the creation of matcha.,"What significant change to the standard form of tea occurred during China's Ming Dynasty, shifting away from the matcha-style preparation?","Besides tea, what were the other two essential Chinese export goods that gave the country significant economic power?","Explain the economic reason that prompted Great Britain to begin trading opium for Chinese tea, instead of its original payment method.","Following the First Opium War, what were two major concessions the defeated Qing Dynasty made to the British?",How did the British East India Company ultimately break China's long-held monopoly on tea cultivation?,What was the primary motivation for the development of the fast-sailing clipper ship in the 19th century?,What is tea's ranking as the most consumed beverage in the world today?,"The mythical figure credited with discovering tea is the divine farmer, Shennong.","Originally, tea was consumed as a food; it was either eaten as a vegetable or cooked with grain porridge.","The standard method became heating tea, packing it into portable cakes, grinding it into powder, and then mixing it with hot water to create a frothy beverage.","During the Ming Dynasty, the Chinese emperor shifted the standard from tea pressed into cakes to using loose-leaf tea.",The other two essential Chinese export goods that gave the country economic power were porcelain and silk.,"Britain initially paid for Chinese tea with silver, but this proved to be too expensive, so they switched to trading opium as a more sustainable alternative.",The Qing Dynasty ceded the port of Hong Kong to the British and was forced to resume trading on unfavorable terms.,"They commissioned botanist Robert Fortune to secretly smuggle tea trees and experienced tea workers out of China and into Darjeeling, India.","The clipper ship was developed due to intense competition between Western trading companies, who were racing to transport tea to Europe first to maximize profits.","Tea is the second most consumed beverage in the world, after water.",This is a direct recall of a key figure and the foundational legend mentioned at the start of the video.,"This question requires the learner to explain the initial state of tea consumption, demonstrating comprehension of its evolution from a food to a beverage.","This question asks for an explanation of a specific historical process mentioned in the video, testing the learner's understanding of how a particular type of tea was made.","This question checks for understanding of a key transition in tea's physical form and preparation method, which marked a major turning point in its history.",This question tests the recall of specific factual information about China's key exports during the period it held a monopoly on tea.,This question tests the learner's ability to analyze the cause (high cost of silver) for a significant effect (the switch to the opium trade).,This question requires the learner to recall and connect the outcome of a major conflict to its specific political and economic consequences for China.,This question requires the learner to analyze the specific actions (industrial espionage) taken by a key entity to overcome a major economic obstacle (China's monopoly).,This requires the learner to analyze the cause-and-effect relationship between economic competition in the tea trade and a specific technological innovation.,"This tests the recall of a concluding fact that puts the entire history of tea into a modern context, demonstrating the beverage's global significance.",,,,,,,,,,,Tea
27/11/2025 03:08,27/11/2025 03:13,0,100,325,1,27/11/2025 03:13,R_8rRQzb9lxEPFrz3,anonymous,EN,1,6440ec657d3df6f5223edc73,0,0,311.412,0,,,,,,,,,,,6440ec657d3df6f5223edc73,Restudy,"According to legend, who was the mythical Chinese figure credited with discovering tea while searching the forest for edible grains and herbs?",Explain how tea was originally consumed in ancient China before it was primarily prepared as a drink.,Describe the change in tea preparation that occurred during the Tang Dynasty and led to the creation of matcha.,"What significant change to the standard form of tea occurred during China's Ming Dynasty, shifting away from the matcha-style preparation?","Besides tea, what were the other two essential Chinese export goods that gave the country significant economic power?","Explain the economic reason that prompted Great Britain to begin trading opium for Chinese tea, instead of its original payment method.","Following the First Opium War, what were two major concessions the defeated Qing Dynasty made to the British?",How did the British East India Company ultimately break China's long-held monopoly on tea cultivation?,What was the primary motivation for the development of the fast-sailing clipper ship in the 19th century?,What is tea's ranking as the most consumed beverage in the world today?,"The mythical figure credited with discovering tea is the divine farmer, Shennong.","Originally, tea was consumed as a food; it was either eaten as a vegetable or cooked with grain porridge.","The standard method became heating tea, packing it into portable cakes, grinding it into powder, and then mixing it with hot water to create a frothy beverage.","During the Ming Dynasty, the Chinese emperor shifted the standard from tea pressed into cakes to using loose-leaf tea.",The other two essential Chinese export goods that gave the country economic power were porcelain and silk.,"Britain initially paid for Chinese tea with silver, but this proved to be too expensive, so they switched to trading opium as a more sustainable alternative.",The Qing Dynasty ceded the port of Hong Kong to the British and was forced to resume trading on unfavorable terms.,"They commissioned botanist Robert Fortune to secretly smuggle tea trees and experienced tea workers out of China and into Darjeeling, India.","The clipper ship was developed due to intense competition between Western trading companies, who were racing to transport tea to Europe first to maximize profits.","Tea is the second most consumed beverage in the world, after water.",This is a direct recall of a key figure and the foundational legend mentioned at the start of the video.,"This question requires the learner to explain the initial state of tea consumption, demonstrating comprehension of its evolution from a food to a beverage.","This question asks for an explanation of a specific historical process mentioned in the video, testing the learner's understanding of how a particular type of tea was made.","This question checks for understanding of a key transition in tea's physical form and preparation method, which marked a major turning point in its history.",This question tests the recall of specific factual information about China's key exports during the period it held a monopoly on tea.,This question tests the learner's ability to analyze the cause (high cost of silver) for a significant effect (the switch to the opium trade).,This question requires the learner to recall and connect the outcome of a major conflict to its specific political and economic consequences for China.,This question requires the learner to analyze the specific actions (industrial espionage) taken by a key entity to overcome a major economic obstacle (China's monopoly).,This requires the learner to analyze the cause-and-effect relationship between economic competition in the tea trade and a specific technological innovation.,"This tests the recall of a concluding fact that puts the entire history of tea into a modern context, demonstrating the beverage's global significance.",,,,,,,,,,,Tea
27/11/2025 03:08,27/11/2025 03:13,0,100,308,1,27/11/2025 03:13,R_25zk6n13a3xjaIq,anonymous,EN,1,653fed546a45118a32fe378e,0,0,285.922,0,,,,,,,,,,,653fed546a45118a32fe378e,Restudy,"According to legend, who was the mythical Chinese figure credited with discovering tea while searching the forest for edible grains and herbs?",Explain how tea was originally consumed in ancient China before it was primarily prepared as a drink.,Describe the change in tea preparation that occurred during the Tang Dynasty and led to the creation of matcha.,"What significant change to the standard form of tea occurred during China's Ming Dynasty, shifting away from the matcha-style preparation?","Besides tea, what were the other two essential Chinese export goods that gave the country significant economic power?","Explain the economic reason that prompted Great Britain to begin trading opium for Chinese tea, instead of its original payment method.","Following the First Opium War, what were two major concessions the defeated Qing Dynasty made to the British?",How did the British East India Company ultimately break China's long-held monopoly on tea cultivation?,What was the primary motivation for the development of the fast-sailing clipper ship in the 19th century?,What is tea's ranking as the most consumed beverage in the world today?,"The mythical figure credited with discovering tea is the divine farmer, Shennong.","Originally, tea was consumed as a food; it was either eaten as a vegetable or cooked with grain porridge.","The standard method became heating tea, packing it into portable cakes, grinding it into powder, and then mixing it with hot water to create a frothy beverage.","During the Ming Dynasty, the Chinese emperor shifted the standard from tea pressed into cakes to using loose-leaf tea.",The other two essential Chinese export goods that gave the country economic power were porcelain and silk.,"Britain initially paid for Chinese tea with silver, but this proved to be too expensive, so they switched to trading opium as a more sustainable alternative.",The Qing Dynasty ceded the port of Hong Kong to the British and was forced to resume trading on unfavorable terms.,"They commissioned botanist Robert Fortune to secretly smuggle tea trees and experienced tea workers out of China and into Darjeeling, India.","The clipper ship was developed due to intense competition between Western trading companies, who were racing to transport tea to Europe first to maximize profits.","Tea is the second most consumed beverage in the world, after water.",This is a direct recall of a key figure and the foundational legend mentioned at the start of the video.,"This question requires the learner to explain the initial state of tea consumption, demonstrating comprehension of its evolution from a food to a beverage.","This question asks for an explanation of a specific historical process mentioned in the video, testing the learner's understanding of how a particular type of tea was made.","This question checks for understanding of a key transition in tea's physical form and preparation method, which marked a major turning point in its history.",This question tests the recall of specific factual information about China's key exports during the period it held a monopoly on tea.,This question tests the learner's ability to analyze the cause (high cost of silver) for a significant effect (the switch to the opium trade).,This question requires the learner to recall and connect the outcome of a major conflict to its specific political and economic consequences for China.,This question requires the learner to analyze the specific actions (industrial espionage) taken by a key entity to overcome a major economic obstacle (China's monopoly).,This requires the learner to analyze the cause-and-effect relationship between economic competition in the tea trade and a specific technological innovation.,"This tests the recall of a concluding fact that puts the entire history of tea into a modern context, demonstrating the beverage's global significance.",,,,,,,,,,,Tea
27/11/2025 03:01,27/11/2025 03:16,0,100,926,1,27/11/2025 03:16,R_8EHJkB74CICSbMl,anonymous,EN,1,5ebc0abd2cc5f1054c82a0d7,,,,,i cant remember sorry,a biscuit like form or a think king of srew,it was like a dried clump that they shaved and mixed with water if i remember and later they used the leaves in water instead,using the dried leaves to form a brew,opium and silk,it was to have the chinese become dependant on opium,the freedom to export tea im not sure of the other reason,They had a man go undercover and steal the plant,so that they could get tea back to sell it quicker,the ranking is number 1 for most consumed beverage in the world,5ebc0abd2cc5f1054c82a0d7,SAQ,"According to legend, who was the mythical Chinese figure credited with discovering tea while searching the forest for edible grains and herbs?",Explain how tea was originally consumed in ancient China before it was primarily prepared as a drink.,Describe the change in tea preparation that occurred during the Tang Dynasty and led to the creation of matcha.,"What significant change to the standard form of tea occurred during China's Ming Dynasty, shifting away from the matcha-style preparation?","Besides tea, what were the other two essential Chinese export goods that gave the country significant economic power?","Explain the economic reason that prompted Great Britain to begin trading opium for Chinese tea, instead of its original payment method.","Following the First Opium War, what were two major concessions the defeated Qing Dynasty made to the British?",How did the British East India Company ultimately break China's long-held monopoly on tea cultivation?,What was the primary motivation for the development of the fast-sailing clipper ship in the 19th century?,What is tea's ranking as the most consumed beverage in the world today?,"The mythical figure credited with discovering tea is the divine farmer, Shennong.","Originally, tea was consumed as a food; it was either eaten as a vegetable or cooked with grain porridge.","The standard method became heating tea, packing it into portable cakes, grinding it into powder, and then mixing it with hot water to create a frothy beverage.","During the Ming Dynasty, the Chinese emperor shifted the standard from tea pressed into cakes to using loose-leaf tea.",The other two essential Chinese export goods that gave the country economic power were porcelain and silk.,"Britain initially paid for Chinese tea with silver, but this proved to be too expensive, so they switched to trading opium as a more sustainable alternative.",The Qing Dynasty ceded the port of Hong Kong to the British and was forced to resume trading on unfavorable terms.,"They commissioned botanist Robert Fortune to secretly smuggle tea trees and experienced tea workers out of China and into Darjeeling, India.","The clipper ship was developed due to intense competition between Western trading companies, who were racing to transport tea to Europe first to maximize profits.","Tea is the second most consumed beverage in the world, after water.",This is a direct recall of a key figure and the foundational legend mentioned at the start of the video.,"This question requires the learner to explain the initial state of tea consumption, demonstrating comprehension of its evolution from a food to a beverage.","This question asks for an explanation of a specific historical process mentioned in the video, testing the learner's understanding of how a particular type of tea was made.","This question checks for understanding of a key transition in tea's physical form and preparation method, which marked a major turning point in its history.",This question tests the recall of specific factual information about China's key exports during the period it held a monopoly on tea.,This question tests the learner's ability to analyze the cause (high cost of silver) for a significant effect (the switch to the opium trade).,This question requires the learner to recall and connect the outcome of a major conflict to its specific political and economic consequences for China.,This question requires the learner to analyze the specific actions (industrial espionage) taken by a key entity to overcome a major economic obstacle (China's monopoly).,This requires the learner to analyze the cause-and-effect relationship between economic competition in the tea trade and a specific technological innovation.,"This tests the recall of a concluding fact that puts the entire history of tea into a modern context, demonstrating the beverage's global significance.","The response doesn’t address the question or mention any key concepts, so it doesn’t demonstrate understanding of the legend. For next time, try recalling that the mythical figure is Shennong, the “divine farmer,” who discovered tea while tasting herbs. Reviewing key names and making a quick note during the video could help with recall.

Score: 0/10","The response shows a partial understanding by suggesting tea was consumed as a food, with “a thick kind of stew” roughly matching the idea of porridge. However, the “biscuit-like form” is not accurate for the earliest consumption, and the answer doesn’t clearly mention eating tea as a vegetable or cooking it with grains. For improvement, focus on stating that early tea was eaten as a vegetable or mixed into grain porridge, and clarify spelling for readability.

Score: 5/10","You correctly recognized that tea was compressed into cakes and then prepared by mixing with water. However, the key step leading to matcha was grinding those cakes into a fine powder and whisking it with hot water to make a frothy drink—shaving alone misses the powdered, whisked aspect. The note about later steeping loose leaves is extra and not part of the Tang-era change asked about.

Score: 6/10","Your answer captures the key change: moving to brewing with dried/loose leaves instead of powdered, whisked tea. To be even clearer, you could explicitly mention “loose-leaf tea” and note that this replaced compressed tea cakes. Adding that this shift became the new standard in the Ming era would further strengthen it.

Score: 9/10","Feedback: You correctly identified silk as one of the key Chinese exports. However, the other major export was porcelain, not opium—opium was largely imported into China by the British during the opium trade era. Review China’s primary exports alongside tea: silk and porcelain.

Score: 4/10","Your answer identifies a motive related to creating demand for opium, which shows awareness of the strategy behind the opium trade. However, it misses the key economic reason: Britain found paying for tea with silver too costly and unsustainable, so it turned to opium to reduce silver outflows and balance trade. To improve, mention the silver drain/trade imbalance and explain that opium was used as a cheaper medium to pay for tea.

Score: 2/10","You recognized that trade concessions were a major outcome, which is on the right track. However, the key points are that the Qing ceded Hong Kong to Britain and agreed to unequal trade terms (opening ports and allowing British trade on terms unfavorable to China). Next time, name both the territorial concession and the broader trade obligations.

Score: 3/10","Your answer correctly identifies the key idea of undercover industrial espionage to obtain tea plants from China. However, it’s missing important details: the agent was Robert Fortune, and he smuggled not only plants/seeds but also skilled tea workers and knowledge to India (especially Darjeeling) to establish cultivation. Including these specifics would make your response more complete.

Score: 6/10","Your answer correctly identifies the key idea that faster ships were meant to bring tea to market more quickly to sell it. To improve, note that the speed was driven by fierce competition among trading companies racing to be the first to Europe, which maximized profits. Mentioning the competitive “race” aspect would make your explanation more complete.

Score: 7/10","The response is incorrect. Tea is the second most consumed beverage in the world, after water. You provided a clear ranking, but review the concluding fact from the video to correct this detail.

Score: 1/10",Tea
27/11/2025 03:12,27/11/2025 03:17,0,100,313,1,27/11/2025 03:17,R_2MpMBGUClAsBJ6h,anonymous,EN,1,65a3f461bfa22dde98c10436,0,0,290.898,0,,,,,,,,,,,65a3f461bfa22dde98c10436,Restudy,"According to legend, who was the mythical Chinese figure credited with discovering tea while searching the forest for edible grains and herbs?",Explain how tea was originally consumed in ancient China before it was primarily prepared as a drink.,Describe the change in tea preparation that occurred during the Tang Dynasty and led to the creation of matcha.,"What significant change to the standard form of tea occurred during China's Ming Dynasty, shifting away from the matcha-style preparation?","Besides tea, what were the other two essential Chinese export goods that gave the country significant economic power?","Explain the economic reason that prompted Great Britain to begin trading opium for Chinese tea, instead of its original payment method.","Following the First Opium War, what were two major concessions the defeated Qing Dynasty made to the British?",How did the British East India Company ultimately break China's long-held monopoly on tea cultivation?,What was the primary motivation for the development of the fast-sailing clipper ship in the 19th century?,What is tea's ranking as the most consumed beverage in the world today?,"The mythical figure credited with discovering tea is the divine farmer, Shennong.","Originally, tea was consumed as a food; it was either eaten as a vegetable or cooked with grain porridge.","The standard method became heating tea, packing it into portable cakes, grinding it into powder, and then mixing it with hot water to create a frothy beverage.","During the Ming Dynasty, the Chinese emperor shifted the standard from tea pressed into cakes to using loose-leaf tea.",The other two essential Chinese export goods that gave the country economic power were porcelain and silk.,"Britain initially paid for Chinese tea with silver, but this proved to be too expensive, so they switched to trading opium as a more sustainable alternative.",The Qing Dynasty ceded the port of Hong Kong to the British and was forced to resume trading on unfavorable terms.,"They commissioned botanist Robert Fortune to secretly smuggle tea trees and experienced tea workers out of China and into Darjeeling, India.","The clipper ship was developed due to intense competition between Western trading companies, who were racing to transport tea to Europe first to maximize profits.","Tea is the second most consumed beverage in the world, after water.",This is a direct recall of a key figure and the foundational legend mentioned at the start of the video.,"This question requires the learner to explain the initial state of tea consumption, demonstrating comprehension of its evolution from a food to a beverage.","This question asks for an explanation of a specific historical process mentioned in the video, testing the learner's understanding of how a particular type of tea was made.","This question checks for understanding of a key transition in tea's physical form and preparation method, which marked a major turning point in its history.",This question tests the recall of specific factual information about China's key exports during the period it held a monopoly on tea.,This question tests the learner's ability to analyze the cause (high cost of silver) for a significant effect (the switch to the opium trade).,This question requires the learner to recall and connect the outcome of a major conflict to its specific political and economic consequences for China.,This question requires the learner to analyze the specific actions (industrial espionage) taken by a key entity to overcome a major economic obstacle (China's monopoly).,This requires the learner to analyze the cause-and-effect relationship between economic competition in the tea trade and a specific technological innovation.,"This tests the recall of a concluding fact that puts the entire history of tea into a modern context, demonstrating the beverage's global significance.",,,,,,,,,,,Tea
27/11/2025 03:12,27/11/2025 03:17,0,100,301,1,27/11/2025 03:17,R_2B35DW1ppqHDCKk,anonymous,EN,1,654e37a130d94b47675dcebe,0,0,290.19,0,,,,,,,,,,,654e37a130d94b47675dcebe,Restudy,"According to legend, who was the mythical Chinese figure credited with discovering tea while searching the forest for edible grains and herbs?",Explain how tea was originally consumed in ancient China before it was primarily prepared as a drink.,Describe the change in tea preparation that occurred during the Tang Dynasty and led to the creation of matcha.,"What significant change to the standard form of tea occurred during China's Ming Dynasty, shifting away from the matcha-style preparation?","Besides tea, what were the other two essential Chinese export goods that gave the country significant economic power?","Explain the economic reason that prompted Great Britain to begin trading opium for Chinese tea, instead of its original payment method.","Following the First Opium War, what were two major concessions the defeated Qing Dynasty made to the British?",How did the British East India Company ultimately break China's long-held monopoly on tea cultivation?,What was the primary motivation for the development of the fast-sailing clipper ship in the 19th century?,What is tea's ranking as the most consumed beverage in the world today?,"The mythical figure credited with discovering tea is the divine farmer, Shennong.","Originally, tea was consumed as a food; it was either eaten as a vegetable or cooked with grain porridge.","The standard method became heating tea, packing it into portable cakes, grinding it into powder, and then mixing it with hot water to create a frothy beverage.","During the Ming Dynasty, the Chinese emperor shifted the standard from tea pressed into cakes to using loose-leaf tea.",The other two essential Chinese export goods that gave the country economic power were porcelain and silk.,"Britain initially paid for Chinese tea with silver, but this proved to be too expensive, so they switched to trading opium as a more sustainable alternative.",The Qing Dynasty ceded the port of Hong Kong to the British and was forced to resume trading on unfavorable terms.,"They commissioned botanist Robert Fortune to secretly smuggle tea trees and experienced tea workers out of China and into Darjeeling, India.","The clipper ship was developed due to intense competition between Western trading companies, who were racing to transport tea to Europe first to maximize profits.","Tea is the second most consumed beverage in the world, after water.",This is a direct recall of a key figure and the foundational legend mentioned at the start of the video.,"This question requires the learner to explain the initial state of tea consumption, demonstrating comprehension of its evolution from a food to a beverage.","This question asks for an explanation of a specific historical process mentioned in the video, testing the learner's understanding of how a particular type of tea was made.","This question checks for understanding of a key transition in tea's physical form and preparation method, which marked a major turning point in its history.",This question tests the recall of specific factual information about China's key exports during the period it held a monopoly on tea.,This question tests the learner's ability to analyze the cause (high cost of silver) for a significant effect (the switch to the opium trade).,This question requires the learner to recall and connect the outcome of a major conflict to its specific political and economic consequences for China.,This question requires the learner to analyze the specific actions (industrial espionage) taken by a key entity to overcome a major economic obstacle (China's monopoly).,This requires the learner to analyze the cause-and-effect relationship between economic competition in the tea trade and a specific technological innovation.,"This tests the recall of a concluding fact that puts the entire history of tea into a modern context, demonstrating the beverage's global significance.",,,,,,,,,,,Tea
27/11/2025 03:07,27/11/2025 03:17,0,100,633,1,27/11/2025 03:17,R_8jlXcCwu84Ij9ac,anonymous,EN,1,5afbf02302b1b5000103e313,,,,,it was a god or demigod,it was eaten as a vegetable,it was a move away from eating tea as a vegetable and instead drying and powdering it to use as a drink,tea leaves were made into dried disks so they could be easily carried and rehydrated with hot water later,Rice and porcelain,so that the chinese people would become addicted to opium and need to buy more of it,"the british having control of hong kong
allowing trade of opium into china",they managed to steal some tea plants by sending someone who disguised themselves as a chinese person and stole several varieties of tea by subterfuge. they took it to darjeeling in india where it was first cultivated,"so that companies could get their cargo of tea to britain quicker than others, to make more profit","the second most popular, after water",5afbf02302b1b5000103e313,SAQ,"According to legend, who was the mythical Chinese figure credited with discovering tea while searching the forest for edible grains and herbs?",Explain how tea was originally consumed in ancient China before it was primarily prepared as a drink.,Describe the change in tea preparation that occurred during the Tang Dynasty and led to the creation of matcha.,"What significant change to the standard form of tea occurred during China's Ming Dynasty, shifting away from the matcha-style preparation?","Besides tea, what were the other two essential Chinese export goods that gave the country significant economic power?","Explain the economic reason that prompted Great Britain to begin trading opium for Chinese tea, instead of its original payment method.","Following the First Opium War, what were two major concessions the defeated Qing Dynasty made to the British?",How did the British East India Company ultimately break China's long-held monopoly on tea cultivation?,What was the primary motivation for the development of the fast-sailing clipper ship in the 19th century?,What is tea's ranking as the most consumed beverage in the world today?,"The mythical figure credited with discovering tea is the divine farmer, Shennong.","Originally, tea was consumed as a food; it was either eaten as a vegetable or cooked with grain porridge.","The standard method became heating tea, packing it into portable cakes, grinding it into powder, and then mixing it with hot water to create a frothy beverage.","During the Ming Dynasty, the Chinese emperor shifted the standard from tea pressed into cakes to using loose-leaf tea.",The other two essential Chinese export goods that gave the country economic power were porcelain and silk.,"Britain initially paid for Chinese tea with silver, but this proved to be too expensive, so they switched to trading opium as a more sustainable alternative.",The Qing Dynasty ceded the port of Hong Kong to the British and was forced to resume trading on unfavorable terms.,"They commissioned botanist Robert Fortune to secretly smuggle tea trees and experienced tea workers out of China and into Darjeeling, India.","The clipper ship was developed due to intense competition between Western trading companies, who were racing to transport tea to Europe first to maximize profits.","Tea is the second most consumed beverage in the world, after water.",This is a direct recall of a key figure and the foundational legend mentioned at the start of the video.,"This question requires the learner to explain the initial state of tea consumption, demonstrating comprehension of its evolution from a food to a beverage.","This question asks for an explanation of a specific historical process mentioned in the video, testing the learner's understanding of how a particular type of tea was made.","This question checks for understanding of a key transition in tea's physical form and preparation method, which marked a major turning point in its history.",This question tests the recall of specific factual information about China's key exports during the period it held a monopoly on tea.,This question tests the learner's ability to analyze the cause (high cost of silver) for a significant effect (the switch to the opium trade).,This question requires the learner to recall and connect the outcome of a major conflict to its specific political and economic consequences for China.,This question requires the learner to analyze the specific actions (industrial espionage) taken by a key entity to overcome a major economic obstacle (China's monopoly).,This requires the learner to analyze the cause-and-effect relationship between economic competition in the tea trade and a specific technological innovation.,"This tests the recall of a concluding fact that puts the entire history of tea into a modern context, demonstrating the beverage's global significance.","Your answer recognizes that the figure was mythical/divine, which aligns with the legend. However, the question expects the specific name: Shennong, the “divine farmer” in Chinese lore. Next time, include the exact figure to fully address the prompt.

Score: 3/10","Your answer correctly identifies that tea was originally eaten as a vegetable, showing you understand it began as a food rather than a drink. To be more complete, you should also mention that tea was cooked with grain porridge as another early form of consumption. Including both ways would fully answer the question. 
Score: 7/10","The response captures the main shift: moving from consuming tea as a food to preparing it as a powdered drink, which aligns with the origins of matcha. However, it misses important details from the Tang method, such as steaming/heating the tea, pressing it into cakes, and whisking the powder with hot water to create a frothy beverage. Including these steps would make the explanation more complete and precise.

Score: 6/10","Your answer describes the earlier practice of pressing tea into cakes for portability, which shows some knowledge of historical tea forms. However, the Ming Dynasty change was the opposite: it moved away from pressed/powdered tea to making loose-leaf tea the standard, brewed by infusing whole leaves. To improve, note that the significant shift was toward loose-leaf preparation rather than cakes.

Score: 2/10","You correctly identified porcelain as one of the key exports. However, the other essential export was silk, not rice; rice was primarily a staple crop and not a defining export that gave China global economic power. Review the trio of tea, silk, and porcelain as China’s signature exports in this period.

Score: 5/10","The response focuses on creating demand through addiction, which hints at economic motives, but it misses the core reason: Britain wanted to stop paying for tea with silver because it was too costly and draining their reserves. The key concept is the silver outflow and trade imbalance; opium was used to generate revenue in China to offset this and obtain tea without paying in silver. To improve, explicitly mention the silver cost and balance-of-payments problem as the main driver for the switch.

Score: 3/10","Your answer correctly identifies the cession of Hong Kong to the British, which is a key concession. However, the second point is off: after the First Opium War, China was compelled to open ports and accept unequal trade terms (fixed tariffs, indemnities, extraterritorial rights), not specifically to legalize opium at that time. To improve, mention “opening treaty ports and accepting unequal trading terms” as the second concession.

Score: 5/10","Your answer captures the key idea of industrial espionage: a disguised agent stole tea plants from China and brought them to Darjeeling, enabling cultivation in India. To improve, name Robert Fortune and note that he also transferred seeds, techniques, and skilled workers—crucial for establishing large-scale tea production and breaking China’s monopoly. Clarify that this was the first successful large-scale cultivation in India, not the first cultivation ever.

Score: 8/10","Your answer captures the key ideas: faster delivery of tea, competition to be first, and profit motivation. Mentioning Britain is fine since it was the main European market. For completeness, you could note that this competitive race drove the development of the fast-sailing clipper ships in the 19th century. 
Score: 10/10","Your answer is accurate and concise, correctly identifying tea as second after water. To be fully precise, you could say “second most consumed beverage in the world today.” 
Score: 10/10",Tea
27/11/2025 03:02,27/11/2025 03:18,0,100,949,1,27/11/2025 03:18,R_8WHDcHIVMKE8TvE,anonymous,EN,1,5c6e60b04e08ad00018cc995,,,,,Emperor Shenong.,It was consumed as a leafy vegetable.,Tea was originally eaten as a vegetable. In the Tang Dynasty they started to crush it and add hot water to turn it into a drink,Tea was ground into loose powder instead of blocks.,silk and porcelin,Tea was getting too expensive to pay with money so Great Britain started to use opium as a means of trading,They gave Britain Hong King and also allowed Britain to open to start trading at Chinese ports,By sending an agent into China to steal tea plants and bring them to India,Tea was in high demand and fast transport was essential so the clipper was developed.,Tea is the second most consumed beverage in the world today. Water is the top consumed beverage.,5c6e60b04e08ad00018cc995,SAQ,"According to legend, who was the mythical Chinese figure credited with discovering tea while searching the forest for edible grains and herbs?",Explain how tea was originally consumed in ancient China before it was primarily prepared as a drink.,Describe the change in tea preparation that occurred during the Tang Dynasty and led to the creation of matcha.,"What significant change to the standard form of tea occurred during China's Ming Dynasty, shifting away from the matcha-style preparation?","Besides tea, what were the other two essential Chinese export goods that gave the country significant economic power?","Explain the economic reason that prompted Great Britain to begin trading opium for Chinese tea, instead of its original payment method.","Following the First Opium War, what were two major concessions the defeated Qing Dynasty made to the British?",How did the British East India Company ultimately break China's long-held monopoly on tea cultivation?,What was the primary motivation for the development of the fast-sailing clipper ship in the 19th century?,What is tea's ranking as the most consumed beverage in the world today?,"The mythical figure credited with discovering tea is the divine farmer, Shennong.","Originally, tea was consumed as a food; it was either eaten as a vegetable or cooked with grain porridge.","The standard method became heating tea, packing it into portable cakes, grinding it into powder, and then mixing it with hot water to create a frothy beverage.","During the Ming Dynasty, the Chinese emperor shifted the standard from tea pressed into cakes to using loose-leaf tea.",The other two essential Chinese export goods that gave the country economic power were porcelain and silk.,"Britain initially paid for Chinese tea with silver, but this proved to be too expensive, so they switched to trading opium as a more sustainable alternative.",The Qing Dynasty ceded the port of Hong Kong to the British and was forced to resume trading on unfavorable terms.,"They commissioned botanist Robert Fortune to secretly smuggle tea trees and experienced tea workers out of China and into Darjeeling, India.","The clipper ship was developed due to intense competition between Western trading companies, who were racing to transport tea to Europe first to maximize profits.","Tea is the second most consumed beverage in the world, after water.",This is a direct recall of a key figure and the foundational legend mentioned at the start of the video.,"This question requires the learner to explain the initial state of tea consumption, demonstrating comprehension of its evolution from a food to a beverage.","This question asks for an explanation of a specific historical process mentioned in the video, testing the learner's understanding of how a particular type of tea was made.","This question checks for understanding of a key transition in tea's physical form and preparation method, which marked a major turning point in its history.",This question tests the recall of specific factual information about China's key exports during the period it held a monopoly on tea.,This question tests the learner's ability to analyze the cause (high cost of silver) for a significant effect (the switch to the opium trade).,This question requires the learner to recall and connect the outcome of a major conflict to its specific political and economic consequences for China.,This question requires the learner to analyze the specific actions (industrial espionage) taken by a key entity to overcome a major economic obstacle (China's monopoly).,This requires the learner to analyze the cause-and-effect relationship between economic competition in the tea trade and a specific technological innovation.,"This tests the recall of a concluding fact that puts the entire history of tea into a modern context, demonstrating the beverage's global significance.","You correctly identified the legendary figure as Shennong, which matches the key concept in the model answer. Referring to him as an emperor is acceptable, as he’s also known as a mythological emperor and the “Divine Farmer.” For precision, note the common spelling is “Shennong” with two n’s.

Score: 10/10","The response correctly identifies that tea was originally eaten as a vegetable, which captures a key part of the model answer. However, it omits that tea was also cooked with grain porridge, another important early form of consumption. Mentioning both would provide a more complete answer.

Score: 8/10","Your answer captures the key shift toward processing tea into a form that could be mixed with hot water, noting the move from eating leaves to crushing them for drinking. However, it misses important details: during the Tang, tea was steamed and pressed into cakes, then ground into a fine powder and whisked with hot water to make a frothy drink—steps that lead directly to matcha. Including the cake form and the frothy, powdered preparation would make your response more complete.

Score: 6/10","The response shows awareness that pressed tea blocks were common, but it incorrectly states the direction of the change. During the Ming Dynasty, the standard shifted away from both pressed cakes and powdered, whisked tea to loose-leaf tea that was steeped. To improve, note that the key change was adopting loose-leaf infusion rather than grinding tea into powder.

Score: 3/10","You correctly identified the two key exports: silk and porcelain. Great recall of the essential goods that bolstered China’s economic power; just watch the spelling of “porcelain.”

Score: 10/10","Your answer captures the main idea that Britain switched to opium because paying for tea had become too costly. However, it would be stronger if you specified that the issue was the drain of silver (their original payment method), not simply that tea got more expensive. Mentioning the trade imbalance and the goal of reversing silver outflows would make your explanation more precise.

Score: 7/10","Evaluation: The response identifies the two key concessions: ceding Hong Kong (despite the typo) and opening Chinese ports to British trade. This aligns well with the model answer’s core points. To improve, clarify that the trade was on terms favorable to Britain (unequal/unfavorable terms) and correct the spelling of “Hong Kong.”

Score: 8/10","Your response captures the core idea: the Company used an agent to covertly obtain tea plants from China and transfer them to India, reflecting industrial espionage. To improve, name Robert Fortune and mention that he also moved tea-processing expertise/workers and helped establish cultivation in Darjeeling, which were key to breaking the monopoly. 
Score: 8/10","Your answer recognizes that speed mattered because tea was in high demand, which is a solid start. However, it misses the key driver: the intense competition among trading companies racing to deliver the first tea cargoes to Europe to secure higher prices and profits. Mentioning this profit-driven “race” would make your explanation more precise.

Score: 6/10","Excellent—your response accurately states that tea is the second most consumed beverage globally and correctly identifies water as the first. It’s clear and directly aligned with the key fact the question targets. No improvements needed.

Score: 10/10",Tea
27/11/2025 03:02,27/11/2025 03:20,0,100,1082,1,27/11/2025 03:20,R_8F5PZZcGTvSKOr9,anonymous,EN,1,571bdaa76b0894001362f780,,,,,A Chinese emperor,It was eaten as a vegetable or as porridge,The tea leaves were compressed to make cakes and then boiling water was added.,They began using tea leaves rather than making tea cakes.,I can't remember,Because demand for tea was so great that this made economic sense.,They increased trade,by cultivating tea from taking parts of the tea plant,To transport tea quickly to maximise trade profits,It is the second most consumed beverage in the world.,571bdaa76b0894001362f780,SAQ,"According to legend, who was the mythical Chinese figure credited with discovering tea while searching the forest for edible grains and herbs?",Explain how tea was originally consumed in ancient China before it was primarily prepared as a drink.,Describe the change in tea preparation that occurred during the Tang Dynasty and led to the creation of matcha.,"What significant change to the standard form of tea occurred during China's Ming Dynasty, shifting away from the matcha-style preparation?","Besides tea, what were the other two essential Chinese export goods that gave the country significant economic power?","Explain the economic reason that prompted Great Britain to begin trading opium for Chinese tea, instead of its original payment method.","Following the First Opium War, what were two major concessions the defeated Qing Dynasty made to the British?",How did the British East India Company ultimately break China's long-held monopoly on tea cultivation?,What was the primary motivation for the development of the fast-sailing clipper ship in the 19th century?,What is tea's ranking as the most consumed beverage in the world today?,"The mythical figure credited with discovering tea is the divine farmer, Shennong.","Originally, tea was consumed as a food; it was either eaten as a vegetable or cooked with grain porridge.","The standard method became heating tea, packing it into portable cakes, grinding it into powder, and then mixing it with hot water to create a frothy beverage.","During the Ming Dynasty, the Chinese emperor shifted the standard from tea pressed into cakes to using loose-leaf tea.",The other two essential Chinese export goods that gave the country economic power were porcelain and silk.,"Britain initially paid for Chinese tea with silver, but this proved to be too expensive, so they switched to trading opium as a more sustainable alternative.",The Qing Dynasty ceded the port of Hong Kong to the British and was forced to resume trading on unfavorable terms.,"They commissioned botanist Robert Fortune to secretly smuggle tea trees and experienced tea workers out of China and into Darjeeling, India.","The clipper ship was developed due to intense competition between Western trading companies, who were racing to transport tea to Europe first to maximize profits.","Tea is the second most consumed beverage in the world, after water.",This is a direct recall of a key figure and the foundational legend mentioned at the start of the video.,"This question requires the learner to explain the initial state of tea consumption, demonstrating comprehension of its evolution from a food to a beverage.","This question asks for an explanation of a specific historical process mentioned in the video, testing the learner's understanding of how a particular type of tea was made.","This question checks for understanding of a key transition in tea's physical form and preparation method, which marked a major turning point in its history.",This question tests the recall of specific factual information about China's key exports during the period it held a monopoly on tea.,This question tests the learner's ability to analyze the cause (high cost of silver) for a significant effect (the switch to the opium trade).,This question requires the learner to recall and connect the outcome of a major conflict to its specific political and economic consequences for China.,This question requires the learner to analyze the specific actions (industrial espionage) taken by a key entity to overcome a major economic obstacle (China's monopoly).,This requires the learner to analyze the cause-and-effect relationship between economic competition in the tea trade and a specific technological innovation.,"This tests the recall of a concluding fact that puts the entire history of tea into a modern context, demonstrating the beverage's global significance.","Your answer correctly recognizes that the legend involves a Chinese ruler, but it’s too vague. The question expects the specific mythical figure: Shennong (the “Divine Farmer”), often described as a legendary emperor. Next time, provide the name to fully answer direct recall questions.

Score: 3/10","Your answer accurately captures the key idea that tea was first consumed as a food, either eaten like a vegetable or incorporated into porridge. This matches the core points of the model answer. For a tiny improvement, you could specify that it was cooked with grain porridge and note that this was before tea became primarily a beverage.

Score: 10/10","Your answer notes the compression of tea into cakes, which is an important part of the Tang-era process. However, it misses the key steps that led to matcha: the cakes were ground into a fine powder and then mixed/whisked with hot water to create a frothy drink. Saying “boiling water was added” suggests a simple infusion rather than the powdered, whisked preparation.

Score: 4/10","Your answer correctly identifies the key shift from pressed tea cakes to using loose tea leaves, which marks the move away from the matcha-style preparation. To make it even stronger, you could note that this change became the new standard during the Ming Dynasty, promoted by imperial policy. Mentioning the shift from powdered/whisked tea to infused loose-leaf would also add clarity.

Score: 9/10","The response doesn’t include any of the key concepts. The other two major Chinese exports were silk and porcelain. In the future, try offering an educated guess or recalling even one item to potentially earn partial credit.

Score: 0/10","Your answer recognizes that economic considerations and strong tea demand influenced British decisions, which is a good start. However, it misses the key reason for the switch: paying in silver was becoming too costly and unsustainable, so Britain turned to opium to offset the silver drain and balance trade with China. To improve, explicitly mention the high cost of silver outflows and how opium served as a substitute payment/trade good.

Score: 3/10","The response shows a minimal connection to the economic outcome by noting increased trade, but it’s too vague and only mentions one idea. It misses the key political concession (ceding Hong Kong) and does not specify that trade resumed under unequal terms imposed by Britain. To improve, name both: the cession of Hong Kong and the forced reopening of trade on unfavorable/unequal terms (e.g., opening treaty ports).

Score: 3/10","Your answer hints at the core idea that the British obtained tea plant material and cultivated it elsewhere, which is a step in the right direction. However, it misses key details: the covert mission led by Robert Fortune, the smuggling of live plants and seeds as well as skilled tea workers, and the transplantation of tea to India (notably Darjeeling) under the British East India Company. Mentioning these specifics would show a clearer understanding of how the monopoly was broken through industrial espionage and organized relocation.

Score: 4/10","Your answer captures the core idea: clippers were built to move tea faster in order to increase profits. To be even stronger, mention the intense competition and “race to be first” among Western trading companies bringing tea to Europe, which directly drove the push for speed. Including that context would make your explanation more complete.

Score: 8/10","Your response accurately states the key fact: tea is the second most consumed beverage worldwide. For completeness, you could add that it ranks just after water. 
Score: 10/10",Tea
27/11/2025 03:01,27/11/2025 03:20,0,100,1118,1,27/11/2025 03:20,R_2nVnzekt5kb5Obq,anonymous,EN,1,5bc07659b8d38c0001de0516,,,,,dont know,it was used to treat illness,i am not sure,not sure,phones.    tv,thats what china wanted,tea,not sure,war,2,5bc07659b8d38c0001de0516,SAQ,"According to legend, who was the mythical Chinese figure credited with discovering tea while searching the forest for edible grains and herbs?",Explain how tea was originally consumed in ancient China before it was primarily prepared as a drink.,Describe the change in tea preparation that occurred during the Tang Dynasty and led to the creation of matcha.,"What significant change to the standard form of tea occurred during China's Ming Dynasty, shifting away from the matcha-style preparation?","Besides tea, what were the other two essential Chinese export goods that gave the country significant economic power?","Explain the economic reason that prompted Great Britain to begin trading opium for Chinese tea, instead of its original payment method.","Following the First Opium War, what were two major concessions the defeated Qing Dynasty made to the British?",How did the British East India Company ultimately break China's long-held monopoly on tea cultivation?,What was the primary motivation for the development of the fast-sailing clipper ship in the 19th century?,What is tea's ranking as the most consumed beverage in the world today?,"The mythical figure credited with discovering tea is the divine farmer, Shennong.","Originally, tea was consumed as a food; it was either eaten as a vegetable or cooked with grain porridge.","The standard method became heating tea, packing it into portable cakes, grinding it into powder, and then mixing it with hot water to create a frothy beverage.","During the Ming Dynasty, the Chinese emperor shifted the standard from tea pressed into cakes to using loose-leaf tea.",The other two essential Chinese export goods that gave the country economic power were porcelain and silk.,"Britain initially paid for Chinese tea with silver, but this proved to be too expensive, so they switched to trading opium as a more sustainable alternative.",The Qing Dynasty ceded the port of Hong Kong to the British and was forced to resume trading on unfavorable terms.,"They commissioned botanist Robert Fortune to secretly smuggle tea trees and experienced tea workers out of China and into Darjeeling, India.","The clipper ship was developed due to intense competition between Western trading companies, who were racing to transport tea to Europe first to maximize profits.","Tea is the second most consumed beverage in the world, after water.",This is a direct recall of a key figure and the foundational legend mentioned at the start of the video.,"This question requires the learner to explain the initial state of tea consumption, demonstrating comprehension of its evolution from a food to a beverage.","This question asks for an explanation of a specific historical process mentioned in the video, testing the learner's understanding of how a particular type of tea was made.","This question checks for understanding of a key transition in tea's physical form and preparation method, which marked a major turning point in its history.",This question tests the recall of specific factual information about China's key exports during the period it held a monopoly on tea.,This question tests the learner's ability to analyze the cause (high cost of silver) for a significant effect (the switch to the opium trade).,This question requires the learner to recall and connect the outcome of a major conflict to its specific political and economic consequences for China.,This question requires the learner to analyze the specific actions (industrial espionage) taken by a key entity to overcome a major economic obstacle (China's monopoly).,This requires the learner to analyze the cause-and-effect relationship between economic competition in the tea trade and a specific technological innovation.,"This tests the recall of a concluding fact that puts the entire history of tea into a modern context, demonstrating the beverage's global significance.","The response does not address the question or identify the key figure from the legend. Remember that, according to the legend, the mythical discoverer of tea is Shennong, the “divine farmer.” Try to recall this name when thinking about early Chinese origin stories of foods and medicines.

Score: 0/10","Your answer does not address how tea was consumed. Historically, before it became primarily a drink, tea leaves were eaten as a food—either like a vegetable or cooked into grain porridge. To improve, mention that early tea consumption involved eating the leaves rather than using them medicinally.

Score: 2/10","Your response doesn’t address the question, but it’s good that you indicated uncertainty. For next time, remember that in the Tang Dynasty tea was steamed and pressed into cakes, then ground into a fine powder and whisked with hot water into a frothy drink—an approach that led to matcha.

Score: 0/10","The response does not demonstrate understanding of the key change. During the Ming Dynasty, tea shifted from compressed cakes and whisked powdered tea to loose-leaf tea brewed by infusion. Review this transition and how it marked a move away from matcha-style preparation.

Score: 0/10","The response is completely incorrect; phones and TVs are modern products and not relevant to historical Chinese exports discussed in the video. Try to recall traditional goods that China was famous for over centuries—specifically silk and porcelain—as these, along with tea, gave China significant economic power. Reviewing the segment on historical trade goods will help.

Score: 0/10","The response does not address the economic reason behind the switch. The key point is that paying with silver was too costly and unsustainable for Britain, leading them to trade opium to correct the trade imbalance. To improve, mention the silver drain and how opium served as a cheaper, more sustainable payment alternative for obtaining Chinese tea.

Score: 1/10","The response does not address the specific concessions made after the First Opium War. The question expects mention of ceding Hong Kong and accepting unequal trade terms (e.g., opening treaty ports, unfavorable treaties). In future, be specific about the political and economic outcomes rather than naming a general commodity.

Score: 0/10","The response doesn’t address the question or include any relevant details. In future, try to mention at least one key element: the British East India Company hired Robert Fortune to smuggle tea plants, seeds, and skilled workers from China to India (Darjeeling), breaking China’s monopoly through industrial espionage. Even a partial attempt with one of these points would earn credit.

Score: 0/10","The response is incorrect and does not reflect the key concept. The primary motivation was commercial competition in the tea trade: merchants raced to bring tea to Europe first to gain higher profits, prompting the design of faster clipper ships. Focus on economic incentives and trade rivalry rather than military conflict.

Score: 0/10","Your answer correctly identifies tea’s ranking as second. For added clarity, you could phrase it as “second most consumed, after water.”

Score: 10/10",Tea
27/11/2025 03:06,27/11/2025 03:20,0,100,862,1,27/11/2025 03:20,R_8xAfU4ljtHLdFB4,anonymous,EN,1,573dbfc9cc30e7000dc57410,,,,,I cannot recall,It was normally eaten as a vegetable.,I cannot recall,It became stored in the dried leaf form we know today,silver,cannot recall,trade in tea,The East India Tea company stole tea plants from China and smuggled them to India to grow.,to ensure there was enough supply of tea for the growing demand,second most popular after water,573dbfc9cc30e7000dc57410,SAQ,"According to legend, who was the mythical Chinese figure credited with discovering tea while searching the forest for edible grains and herbs?",Explain how tea was originally consumed in ancient China before it was primarily prepared as a drink.,Describe the change in tea preparation that occurred during the Tang Dynasty and led to the creation of matcha.,"What significant change to the standard form of tea occurred during China's Ming Dynasty, shifting away from the matcha-style preparation?","Besides tea, what were the other two essential Chinese export goods that gave the country significant economic power?","Explain the economic reason that prompted Great Britain to begin trading opium for Chinese tea, instead of its original payment method.","Following the First Opium War, what were two major concessions the defeated Qing Dynasty made to the British?",How did the British East India Company ultimately break China's long-held monopoly on tea cultivation?,What was the primary motivation for the development of the fast-sailing clipper ship in the 19th century?,What is tea's ranking as the most consumed beverage in the world today?,"The mythical figure credited with discovering tea is the divine farmer, Shennong.","Originally, tea was consumed as a food; it was either eaten as a vegetable or cooked with grain porridge.","The standard method became heating tea, packing it into portable cakes, grinding it into powder, and then mixing it with hot water to create a frothy beverage.","During the Ming Dynasty, the Chinese emperor shifted the standard from tea pressed into cakes to using loose-leaf tea.",The other two essential Chinese export goods that gave the country economic power were porcelain and silk.,"Britain initially paid for Chinese tea with silver, but this proved to be too expensive, so they switched to trading opium as a more sustainable alternative.",The Qing Dynasty ceded the port of Hong Kong to the British and was forced to resume trading on unfavorable terms.,"They commissioned botanist Robert Fortune to secretly smuggle tea trees and experienced tea workers out of China and into Darjeeling, India.","The clipper ship was developed due to intense competition between Western trading companies, who were racing to transport tea to Europe first to maximize profits.","Tea is the second most consumed beverage in the world, after water.",This is a direct recall of a key figure and the foundational legend mentioned at the start of the video.,"This question requires the learner to explain the initial state of tea consumption, demonstrating comprehension of its evolution from a food to a beverage.","This question asks for an explanation of a specific historical process mentioned in the video, testing the learner's understanding of how a particular type of tea was made.","This question checks for understanding of a key transition in tea's physical form and preparation method, which marked a major turning point in its history.",This question tests the recall of specific factual information about China's key exports during the period it held a monopoly on tea.,This question tests the learner's ability to analyze the cause (high cost of silver) for a significant effect (the switch to the opium trade).,This question requires the learner to recall and connect the outcome of a major conflict to its specific political and economic consequences for China.,This question requires the learner to analyze the specific actions (industrial espionage) taken by a key entity to overcome a major economic obstacle (China's monopoly).,This requires the learner to analyze the cause-and-effect relationship between economic competition in the tea trade and a specific technological innovation.,"This tests the recall of a concluding fact that puts the entire history of tea into a modern context, demonstrating the beverage's global significance.","The response does not capture any of the key concept, which is identifying Shennong (the “divine farmer”) as the legendary discoverer of tea. Review the opening legend and focus on memorizing key names like Shennong to improve recall. Try associating “Shennong” with “divine farmer and herbs” to help memory.

Score: 0/10","You correctly identify that tea was originally consumed as a food, specifically eaten like a vegetable. To make your answer complete, also note that it was cooked with grain porridge. Including both forms shows full understanding of its early uses.

Score: 7/10","The response does not address the key concepts from the question. Remember that during the Tang Dynasty, tea was heated/steamed, pressed into cakes, then ground into a powder and whisked with hot water to make a frothy drink—an early form of matcha. Next time, try to recall and list at least two of these steps. 
Score: 0/10","Your answer correctly identifies the key shift to the loose, dried leaf form that became standard in the Ming era. To strengthen it, you could explicitly note that this marked a move away from pressed tea cakes and powdered, whisked (matcha-style) preparation toward steeping loose leaves. That added detail would tie your response even more clearly to the historical transition highlighted in the question.

Score: 8/10","The response is incorrect. While silver was central to China’s trade, it was largely an import flowing into China as payment, not a primary export. The key exports besides tea were silk and porcelain. Review the distinction between what China exported versus what it received in exchange.

Score: 0/10","The response provides no information about the economic reason, so it does not demonstrate understanding. The key idea is that Britain initially paid for Chinese tea with silver, but the high cost and trade imbalance made this unsustainable, prompting a switch to trading opium. Next time, try to recall at least the core cause-and-effect: silver was too costly, so opium became the alternative.

Score: 0/10","Your answer notes trade, which is related to one consequence, but it’s too vague and doesn’t capture the two key concessions. You should specify that China ceded Hong Kong to Britain and had to accept unequal trade terms (opening ports and resuming trade, including tea, on British-favored terms). Naming both points clearly would make your response complete.

Score: 2/10","Your response captures the core idea: the British East India Company broke China’s monopoly by smuggling tea plants to India for cultivation. To improve, mention that they used botanist Robert Fortune to carry out this industrial espionage and that he also brought seeds, skilled tea workers, and processing knowledge, with Darjeeling as a key site. Also, the company’s name is the British East India Company.

Score: 8/10","Your answer connects the clipper ships to the booming tea trade, which is relevant. However, the primary motivation was not simply meeting demand, but the fierce competition to be the first to deliver the new tea harvest to Europe, securing higher prices and profits. Emphasize the race-to-market and profit incentives that drove the push for speed.

Score: 3/10","The response is accurate and matches the key facts: tea ranks second in global consumption, after water. It's concise and captures the essential idea. For even more clarity, you could phrase it as a full sentence and include “beverage” to mirror the question.

Score: 10/10",Tea
27/11/2025 03:02,27/11/2025 03:21,0,100,1143,1,27/11/2025 03:21,R_8IruXRW0Cz3VXpf,anonymous,EN,1,6773f9ecbf8a434754bdbdab,,,,,"I am not sure on his name, but i know that it was a man and he discovered it because he was having a poisonous reaction to something and stumbled upon the green tea leaves.",It was used because the first man had a poisonous or allergic reaction to something and he stumbled upon what was tea leaves. These tea leaves were originally consumed by just grinding the tea leaves with water. ,The tea was taken to japan where they held tea ceremonies and created a ritual on how to prepare the tea leaves to create matcha. A whole process and tradition was created and they showed respect to the tea this way. ,"Tea was used as a sign of wealth, so it was prepared even more meticulously compared to a matcha style preparation. The tea was transported to other countries too",ceramic goods and high quality goods,The british had lots of access to opium and it was cheaper for them to give opium to the chinese. They also thought that china would find opium more useful instead of the payment method. ,"That the british needed to trade something in order to get access to the tea leaves. So the british traded opium to china. However, china did not want the opium anymore and the british decided to sneakily get their hands on the tea without the knowledge of the chinese. ","Instead of paying for the tea, the british sneakily went into china and took the plants and tea leaves so that they could grow them in britain","It was created for the benefit of europe, so that they could get access to tea faster. The fast sailing clipper ship was able to hold huge amounts of tea and it was able to ship the tea extremely fast to the very wealthy in europe as they wanted access to it fast.","tea is the second most consumed beverage, the first is water",6773f9ecbf8a434754bdbdab,SAQ,"According to legend, who was the mythical Chinese figure credited with discovering tea while searching the forest for edible grains and herbs?",Explain how tea was originally consumed in ancient China before it was primarily prepared as a drink.,Describe the change in tea preparation that occurred during the Tang Dynasty and led to the creation of matcha.,"What significant change to the standard form of tea occurred during China's Ming Dynasty, shifting away from the matcha-style preparation?","Besides tea, what were the other two essential Chinese export goods that gave the country significant economic power?","Explain the economic reason that prompted Great Britain to begin trading opium for Chinese tea, instead of its original payment method.","Following the First Opium War, what were two major concessions the defeated Qing Dynasty made to the British?",How did the British East India Company ultimately break China's long-held monopoly on tea cultivation?,What was the primary motivation for the development of the fast-sailing clipper ship in the 19th century?,What is tea's ranking as the most consumed beverage in the world today?,"The mythical figure credited with discovering tea is the divine farmer, Shennong.","Originally, tea was consumed as a food; it was either eaten as a vegetable or cooked with grain porridge.","The standard method became heating tea, packing it into portable cakes, grinding it into powder, and then mixing it with hot water to create a frothy beverage.","During the Ming Dynasty, the Chinese emperor shifted the standard from tea pressed into cakes to using loose-leaf tea.",The other two essential Chinese export goods that gave the country economic power were porcelain and silk.,"Britain initially paid for Chinese tea with silver, but this proved to be too expensive, so they switched to trading opium as a more sustainable alternative.",The Qing Dynasty ceded the port of Hong Kong to the British and was forced to resume trading on unfavorable terms.,"They commissioned botanist Robert Fortune to secretly smuggle tea trees and experienced tea workers out of China and into Darjeeling, India.","The clipper ship was developed due to intense competition between Western trading companies, who were racing to transport tea to Europe first to maximize profits.","Tea is the second most consumed beverage in the world, after water.",This is a direct recall of a key figure and the foundational legend mentioned at the start of the video.,"This question requires the learner to explain the initial state of tea consumption, demonstrating comprehension of its evolution from a food to a beverage.","This question asks for an explanation of a specific historical process mentioned in the video, testing the learner's understanding of how a particular type of tea was made.","This question checks for understanding of a key transition in tea's physical form and preparation method, which marked a major turning point in its history.",This question tests the recall of specific factual information about China's key exports during the period it held a monopoly on tea.,This question tests the learner's ability to analyze the cause (high cost of silver) for a significant effect (the switch to the opium trade).,This question requires the learner to recall and connect the outcome of a major conflict to its specific political and economic consequences for China.,This question requires the learner to analyze the specific actions (industrial espionage) taken by a key entity to overcome a major economic obstacle (China's monopoly).,This requires the learner to analyze the cause-and-effect relationship between economic competition in the tea trade and a specific technological innovation.,"This tests the recall of a concluding fact that puts the entire history of tea into a modern context, demonstrating the beverage's global significance.","Your response shows some awareness of the legend’s context (a man testing plants and dealing with poison), which aligns with the story. However, the question asks specifically for the name, which is Shennong (the “Divine Farmer”), and that key detail is missing. Next time, include the name and note that he was searching for edible grains and herbs when tea was discovered.

Score: 4/10","The response does not capture the key idea that early tea in ancient China was consumed as a food, either eaten like a vegetable or cooked into grain porridge. The story about an allergic reaction and grinding leaves with water is inaccurate and shifts the focus to a beverage-like preparation. To improve, state that tea was first eaten, not drunk—specifically as a cooked food or mixed into porridge.

Score: 2/10","Needs improvement. You connected matcha to Japanese tea ceremonies, which is relevant culturally, but the question asks about the Tang Dynasty change in preparation. The key shift was steaming and pressing tea into cakes, grinding them into a fine powder, and whisking the powder with hot water to make a frothy drink—this process later informed matcha.

Score: 2/10","The response does not address the key change. During the Ming Dynasty, the standard shifted from pressed tea cakes and powdered, whisked preparation (matcha-style) to steeping loose-leaf tea. Your answer focuses on wealth and trade rather than the specific transition in tea’s form and method.

To improve, clearly state that the Ming court established loose-leaf tea as the norm, moving away from powdered tea and pressed cakes.

Score: 2/10","Your answer partially captures the idea: “ceramic goods” aligns with porcelain, which is correct. However, “high quality goods” is too vague and does not identify the second key export, which was silk. To improve, be specific and name both items: porcelain (ceramics) and silk.

Score: 4/10","Your answer correctly notes that Britain had access to opium and found it cheaper to trade than their prior method. However, you should explicitly mention that the original payment was silver and that its high cost (and the silver drain) was the key economic reason for switching. Also, avoid implying China wanted opium for its usefulness; the trade continued despite Chinese resistance.

Score: 5/10","Your response shows some context about the opium–tea trade, but it doesn’t address the specific concessions China made after losing the First Opium War. The key points you needed were: China ceded Hong Kong to Britain and opened ports/trade on British-dictated (unequal) terms under the Treaty of Nanjing. To improve, focus on the war’s outcomes rather than its causes, and name the concrete concessions.

Score: 1/10","You correctly note the sneaky/secretive theft of tea plants from China to avoid paying for Chinese tea. However, the tea wasn’t grown in Britain—Robert Fortune, working for the British East India Company, smuggled plants, seeds, and expertise to India (notably Darjeeling/Assam), including skilled tea workers. Mentioning India and the role of Fortune and the EIC would make your answer accurate and complete.

Score: 4/10","Your answer correctly notes that clipper ships were designed for speed to get tea to Europe faster. However, the primary motivation was the intense competition among trading companies to be first to market and maximize profits, not simply to benefit European consumers. Also, clippers prioritized speed over carrying capacity, so they did not hold “huge amounts” compared to slower cargo ships.

Score: 5/10","Your response accurately captures the key fact: tea is the second most consumed beverage and water is first. It aligns perfectly with the model answer. For polish, you could add “in the world today” and use proper capitalization.

Score: 10/10",Tea
27/11/2025 03:12,27/11/2025 03:22,0,100,632,1,27/11/2025 03:22,R_22xPgf6orJIv4Z2,anonymous,EN,1,56bbad070b36c4000b4d4ef9,,,,,Not sure who this was,It was eaten as a vegetable,Tea was eaten as a vegetable it was then converted to a drink,Not sure about this,I cannot remember,Tea was becoming more popular and Britain saw Tea as a key economic driver and they wanted to grow tea in other parts of their Empire,Giving Britain Hong Kong,They traded opium for tea which lead to the Opium war of 1842 which Britain won and lead them to obtaining Hong Kong,That it was light and fast and could travel quickly from the various parts of Britains empire,Tea is the second most consumed beverage in the world and is second only to water,56bbad070b36c4000b4d4ef9,SAQ,"According to legend, who was the mythical Chinese figure credited with discovering tea while searching the forest for edible grains and herbs?",Explain how tea was originally consumed in ancient China before it was primarily prepared as a drink.,Describe the change in tea preparation that occurred during the Tang Dynasty and led to the creation of matcha.,"What significant change to the standard form of tea occurred during China's Ming Dynasty, shifting away from the matcha-style preparation?","Besides tea, what were the other two essential Chinese export goods that gave the country significant economic power?","Explain the economic reason that prompted Great Britain to begin trading opium for Chinese tea, instead of its original payment method.","Following the First Opium War, what were two major concessions the defeated Qing Dynasty made to the British?",How did the British East India Company ultimately break China's long-held monopoly on tea cultivation?,What was the primary motivation for the development of the fast-sailing clipper ship in the 19th century?,What is tea's ranking as the most consumed beverage in the world today?,"The mythical figure credited with discovering tea is the divine farmer, Shennong.","Originally, tea was consumed as a food; it was either eaten as a vegetable or cooked with grain porridge.","The standard method became heating tea, packing it into portable cakes, grinding it into powder, and then mixing it with hot water to create a frothy beverage.","During the Ming Dynasty, the Chinese emperor shifted the standard from tea pressed into cakes to using loose-leaf tea.",The other two essential Chinese export goods that gave the country economic power were porcelain and silk.,"Britain initially paid for Chinese tea with silver, but this proved to be too expensive, so they switched to trading opium as a more sustainable alternative.",The Qing Dynasty ceded the port of Hong Kong to the British and was forced to resume trading on unfavorable terms.,"They commissioned botanist Robert Fortune to secretly smuggle tea trees and experienced tea workers out of China and into Darjeeling, India.","The clipper ship was developed due to intense competition between Western trading companies, who were racing to transport tea to Europe first to maximize profits.","Tea is the second most consumed beverage in the world, after water.",This is a direct recall of a key figure and the foundational legend mentioned at the start of the video.,"This question requires the learner to explain the initial state of tea consumption, demonstrating comprehension of its evolution from a food to a beverage.","This question asks for an explanation of a specific historical process mentioned in the video, testing the learner's understanding of how a particular type of tea was made.","This question checks for understanding of a key transition in tea's physical form and preparation method, which marked a major turning point in its history.",This question tests the recall of specific factual information about China's key exports during the period it held a monopoly on tea.,This question tests the learner's ability to analyze the cause (high cost of silver) for a significant effect (the switch to the opium trade).,This question requires the learner to recall and connect the outcome of a major conflict to its specific political and economic consequences for China.,This question requires the learner to analyze the specific actions (industrial espionage) taken by a key entity to overcome a major economic obstacle (China's monopoly).,This requires the learner to analyze the cause-and-effect relationship between economic competition in the tea trade and a specific technological innovation.,"This tests the recall of a concluding fact that puts the entire history of tea into a modern context, demonstrating the beverage's global significance.","The response does not demonstrate any understanding of the key concept. The legend credits Shennong, the “divine farmer,” with discovering tea while searching for herbs. Review the opening section of the video and try to remember both his name and his role in the origin story.

Score: 0/10","You correctly note that tea was eaten as a vegetable, showing you understand it was initially consumed as a food rather than a drink. To be complete, also mention that tea was cooked with grain porridge, another common early use. Including both forms would fully capture how it was originally consumed.

Score: 6/10","The response captures a very general shift—from consuming tea as a food to drinking it—but misses the key Tang-era process that led to matcha. Specifically, it should mention pressing tea into cakes, grinding them into a fine powder, and whisking the powder with hot water to make a frothy drink. Adding these steps and linking them to the origins of matcha would make the answer accurate and complete.

Score: 3/10","The response doesn’t address the key concept. The important shift during the Ming Dynasty was from compressed/powdered (matcha-style) tea to brewing loose tea leaves. In the future, even noting “from tea cakes/powder to loose-leaf infusion” would earn credit.

Score: 0/10","The response does not provide any of the required information and shows no recall of the key exports. The two other essential Chinese export goods were silk and porcelain; reviewing key terms from the video and using quick recall cues (like “tea, silk, porcelain”) could help in future. Try to jot down or underline major commodities mentioned during viewing.

Score: 0/10","The response shows awareness that tea was economically important to Britain, which gives some relevant context. However, it does not address the specific economic reason for the switch: Britain had been paying for Chinese tea with silver, which created a costly silver outflow, so it turned to trading opium to offset the imbalance and reduce silver drain. To improve, explicitly mention the silver payments becoming too expensive and the use of opium to balance trade with China.

Score: 3/10","You correctly identified one key concession: ceding Hong Kong to Britain. However, the question asked for two concessions; you also needed to mention that China was compelled to reopen trade on unequal terms (e.g., opening treaty ports and accepting unfavorable trade conditions). Adding that second point would complete your answer.

Score: 4/10","Your answer references important historical events—the opium trade and the Opium War—that expanded British access to China, but it doesn’t address how the British broke China’s monopoly on tea cultivation itself. The key action was industrial espionage: Robert Fortune smuggled tea plants, seeds, and skilled workers out of China to establish tea plantations in India (e.g., Darjeeling/Assam). To improve, connect the shift in cultivation to this transfer of plants and expertise rather than to the war and Hong Kong.

Score: 2/10","Your answer correctly notes that clippers were designed to be light and fast, recognizing speed as central. However, it misses the primary motivation: intense commercial competition in the tea trade, where companies raced to deliver the new season’s tea to Europe first to maximize profits. Connect the ship’s speed to this profit-driven “tea race,” rather than general imperial travel, to fully address the question.

Score: 3/10","Excellent—your response precisely matches the key fact: tea is the second-most consumed beverage globally, after water. It's clear and concise; you could optionally note ""today"" to emphasize the current context, but it's already implied.

Score: 10/10",Tea
27/11/2025 03:05,27/11/2025 03:22,0,100,1044,1,27/11/2025 03:22,R_8CNwhZubz0fzHOX,anonymous,EN,0.899999976,672cc816106e96c0344581bb,,,,,"Emperor Shenong
",It was chewed as a way to prevent health diseases,"The tea was taking to Japan, and Japanese people found out a different way to produce the tea","That the tea was stopped being produced as powder, and became a whole process of just dropping the tea leaves in hot water ",Silk and gunpowder,"This was a payment method to then gain products for China, because China wasnt interesed about British products they rather decide to produce opium in India, so they use this to pay China, as in the past China wasnt acce[ting anything else as trade apart from metals",Opening Chinese ports and giving Honk Kong as a piece of land ,"There was the use of certain people to spy and understand how tea was produced in China, everything to reproduce the process of harvesting and cultivating and did all in India","To make trading times and delivieres quicker. This way the items will be delivered  in less time, which means more trading and this means more money",2nd place,672cc816106e96c0344581bb,SAQ,"According to legend, who was the mythical Chinese figure credited with discovering tea while searching the forest for edible grains and herbs?",Explain how tea was originally consumed in ancient China before it was primarily prepared as a drink.,Describe the change in tea preparation that occurred during the Tang Dynasty and led to the creation of matcha.,"What significant change to the standard form of tea occurred during China's Ming Dynasty, shifting away from the matcha-style preparation?","Besides tea, what were the other two essential Chinese export goods that gave the country significant economic power?","Explain the economic reason that prompted Great Britain to begin trading opium for Chinese tea, instead of its original payment method.","Following the First Opium War, what were two major concessions the defeated Qing Dynasty made to the British?",How did the British East India Company ultimately break China's long-held monopoly on tea cultivation?,What was the primary motivation for the development of the fast-sailing clipper ship in the 19th century?,What is tea's ranking as the most consumed beverage in the world today?,"The mythical figure credited with discovering tea is the divine farmer, Shennong.","Originally, tea was consumed as a food; it was either eaten as a vegetable or cooked with grain porridge.","The standard method became heating tea, packing it into portable cakes, grinding it into powder, and then mixing it with hot water to create a frothy beverage.","During the Ming Dynasty, the Chinese emperor shifted the standard from tea pressed into cakes to using loose-leaf tea.",The other two essential Chinese export goods that gave the country economic power were porcelain and silk.,"Britain initially paid for Chinese tea with silver, but this proved to be too expensive, so they switched to trading opium as a more sustainable alternative.",The Qing Dynasty ceded the port of Hong Kong to the British and was forced to resume trading on unfavorable terms.,"They commissioned botanist Robert Fortune to secretly smuggle tea trees and experienced tea workers out of China and into Darjeeling, India.","The clipper ship was developed due to intense competition between Western trading companies, who were racing to transport tea to Europe first to maximize profits.","Tea is the second most consumed beverage in the world, after water.",This is a direct recall of a key figure and the foundational legend mentioned at the start of the video.,"This question requires the learner to explain the initial state of tea consumption, demonstrating comprehension of its evolution from a food to a beverage.","This question asks for an explanation of a specific historical process mentioned in the video, testing the learner's understanding of how a particular type of tea was made.","This question checks for understanding of a key transition in tea's physical form and preparation method, which marked a major turning point in its history.",This question tests the recall of specific factual information about China's key exports during the period it held a monopoly on tea.,This question tests the learner's ability to analyze the cause (high cost of silver) for a significant effect (the switch to the opium trade).,This question requires the learner to recall and connect the outcome of a major conflict to its specific political and economic consequences for China.,This question requires the learner to analyze the specific actions (industrial espionage) taken by a key entity to overcome a major economic obstacle (China's monopoly).,This requires the learner to analyze the cause-and-effect relationship between economic competition in the tea trade and a specific technological innovation.,"This tests the recall of a concluding fact that puts the entire history of tea into a modern context, demonstrating the beverage's global significance.","The response correctly identifies Shennong as the legendary figure credited with discovering tea. Referring to him as “Emperor” is acceptable, and the slight spelling variation doesn’t affect understanding. For completeness, you could note his title “the Divine Farmer” to connect directly to the legend.

Score: 10/10","You correctly imply that tea wasn’t initially a brewed beverage by suggesting direct consumption. However, early tea in China was primarily eaten as a food—either as a cooked vegetable or mixed into grain porridge—rather than simply chewed for disease prevention. Include these specific forms of preparation to fully address the question.

Score: 3/10","Your answer recognizes that matcha is associated with Japan, which shows some context. However, the question asks about the specific Tang Dynasty preparation change: tea was steamed and pressed into cakes, then ground into a fine powder and whisked with hot water to make a frothy drink. Next time, describe those steps in the process rather than where the tea traveled.

Score: 2/10","You accurately captured the key shift: moving away from powdered/matcha-style tea to infusing loose tea leaves in hot water. To make it even stronger, you could mention that earlier teas were commonly pressed into cakes and that the Ming period standardized loose-leaf brewing. Polishing the wording would also improve clarity.

Score: 9/10","You correctly identified silk as a major Chinese export. However, the other essential export was porcelain, not gunpowder. Review the key historical trade goods—tea, silk, and porcelain—as the primary drivers of China’s economic influence.

Score: 5/10","Your answer correctly notes that China wasn’t interested in British manufactured goods and that Britain used opium produced in India to pay for Chinese tea, with metals previously used in trade. However, it misses the key economic reason: Britain had been paying in silver, which became too costly and unsustainable, prompting the shift to opium to ease the silver outflow. To improve, explicitly state that the high cost and drain of silver drove the switch to opium.

Score: 5/10","Your answer captures the two key concessions: ceding Hong Kong to Britain and opening Chinese ports to British trade. This shows a clear understanding of the Treaty of Nanjing’s outcomes. To improve, you could note that trade was reopened on unequal terms favoring Britain, and correct the spelling of “Hong Kong.”

Score: 9/10","Your answer correctly notes the use of espionage to learn Chinese tea-making methods and the effort to replicate production in India. However, it’s missing the key details that the British East India Company sent Robert Fortune to smuggle tea plants/seeds and skilled tea workers out of China, which made replication possible. Including these specifics would make your response more complete. 
Score: 6/10","Your answer recognizes the push for faster delivery to increase profits, which is a key idea. However, the primary motivation was the fierce competition in the tea trade—companies raced to be the first to bring the new season’s tea to Europe to capture higher prices. Naming the tea trade and the competitive “race” aspect would make your response more precise.

Score: 6/10","The response is correct and captures the key idea that tea ranks second in global consumption. It’s concise and directly answers the question. For completeness, you could add “after water” to mirror the full context from the source.

Score: 10/10",Tea
27/11/2025 03:18,27/11/2025 03:23,0,100,308,1,27/11/2025 03:23,R_8IsA5hIbe0haygI,anonymous,EN,1,62a338fe5f31e62c27dc5e66,0,0,288.353,0,,,,,,,,,,,62a338fe5f31e62c27dc5e66,Restudy,"According to legend, who was the mythical Chinese figure credited with discovering tea while searching the forest for edible grains and herbs?",Explain how tea was originally consumed in ancient China before it was primarily prepared as a drink.,Describe the change in tea preparation that occurred during the Tang Dynasty and led to the creation of matcha.,"What significant change to the standard form of tea occurred during China's Ming Dynasty, shifting away from the matcha-style preparation?","Besides tea, what were the other two essential Chinese export goods that gave the country significant economic power?","Explain the economic reason that prompted Great Britain to begin trading opium for Chinese tea, instead of its original payment method.","Following the First Opium War, what were two major concessions the defeated Qing Dynasty made to the British?",How did the British East India Company ultimately break China's long-held monopoly on tea cultivation?,What was the primary motivation for the development of the fast-sailing clipper ship in the 19th century?,What is tea's ranking as the most consumed beverage in the world today?,"The mythical figure credited with discovering tea is the divine farmer, Shennong.","Originally, tea was consumed as a food; it was either eaten as a vegetable or cooked with grain porridge.","The standard method became heating tea, packing it into portable cakes, grinding it into powder, and then mixing it with hot water to create a frothy beverage.","During the Ming Dynasty, the Chinese emperor shifted the standard from tea pressed into cakes to using loose-leaf tea.",The other two essential Chinese export goods that gave the country economic power were porcelain and silk.,"Britain initially paid for Chinese tea with silver, but this proved to be too expensive, so they switched to trading opium as a more sustainable alternative.",The Qing Dynasty ceded the port of Hong Kong to the British and was forced to resume trading on unfavorable terms.,"They commissioned botanist Robert Fortune to secretly smuggle tea trees and experienced tea workers out of China and into Darjeeling, India.","The clipper ship was developed due to intense competition between Western trading companies, who were racing to transport tea to Europe first to maximize profits.","Tea is the second most consumed beverage in the world, after water.",This is a direct recall of a key figure and the foundational legend mentioned at the start of the video.,"This question requires the learner to explain the initial state of tea consumption, demonstrating comprehension of its evolution from a food to a beverage.","This question asks for an explanation of a specific historical process mentioned in the video, testing the learner's understanding of how a particular type of tea was made.","This question checks for understanding of a key transition in tea's physical form and preparation method, which marked a major turning point in its history.",This question tests the recall of specific factual information about China's key exports during the period it held a monopoly on tea.,This question tests the learner's ability to analyze the cause (high cost of silver) for a significant effect (the switch to the opium trade).,This question requires the learner to recall and connect the outcome of a major conflict to its specific political and economic consequences for China.,This question requires the learner to analyze the specific actions (industrial espionage) taken by a key entity to overcome a major economic obstacle (China's monopoly).,This requires the learner to analyze the cause-and-effect relationship between economic competition in the tea trade and a specific technological innovation.,"This tests the recall of a concluding fact that puts the entire history of tea into a modern context, demonstrating the beverage's global significance.",,,,,,,,,,,Tea
27/11/2025 03:09,27/11/2025 03:24,0,100,887,1,27/11/2025 03:24,R_2RwvlB7osfLtOwF,anonymous,EN,1,663ccb353b6d9966bcce762a,,,,,His name was Mai Chang,"Tea was originally consumed in two ways in ancient China: the leaves were mixed with grain to make a type of porridge, and later, the dried tea leaves were made into a kind of cake which was mixed with water.",The tea leaves were pressed into a cake - mat-cha - and water was poured over the cake to make a drink.,The change during the Ming Dynasty was that the tea leaves were dried and shedded rather than ground to a fine powder from the cakes.,"As well as tea, China's economic power lay with the export of porcelain and silk.","Tea had become a precious commodity for Great Britain, and given it's value, they didn't want to continue paying in gold, so came to a ""trade deal"" to pay for tea with opium.",The two concessions made to the British were the ceding of the port of Hong Kong to British Rule and unlimited access to the Chinese tea market.,"The British East India company sent an agent into the interior to steal some tea plants. He brought these plants over the border into Darjeeling, India, along with some tea workers, so that the tea plant could be cultivated in a British territory.",The development of clipper-ships came about for the British East India company to transport tea more quickly from Asia to the British market.,It is the second most consumed beverage (after water),663ccb353b6d9966bcce762a,SAQ,"According to legend, who was the mythical Chinese figure credited with discovering tea while searching the forest for edible grains and herbs?",Explain how tea was originally consumed in ancient China before it was primarily prepared as a drink.,Describe the change in tea preparation that occurred during the Tang Dynasty and led to the creation of matcha.,"What significant change to the standard form of tea occurred during China's Ming Dynasty, shifting away from the matcha-style preparation?","Besides tea, what were the other two essential Chinese export goods that gave the country significant economic power?","Explain the economic reason that prompted Great Britain to begin trading opium for Chinese tea, instead of its original payment method.","Following the First Opium War, what were two major concessions the defeated Qing Dynasty made to the British?",How did the British East India Company ultimately break China's long-held monopoly on tea cultivation?,What was the primary motivation for the development of the fast-sailing clipper ship in the 19th century?,What is tea's ranking as the most consumed beverage in the world today?,"The mythical figure credited with discovering tea is the divine farmer, Shennong.","Originally, tea was consumed as a food; it was either eaten as a vegetable or cooked with grain porridge.","The standard method became heating tea, packing it into portable cakes, grinding it into powder, and then mixing it with hot water to create a frothy beverage.","During the Ming Dynasty, the Chinese emperor shifted the standard from tea pressed into cakes to using loose-leaf tea.",The other two essential Chinese export goods that gave the country economic power were porcelain and silk.,"Britain initially paid for Chinese tea with silver, but this proved to be too expensive, so they switched to trading opium as a more sustainable alternative.",The Qing Dynasty ceded the port of Hong Kong to the British and was forced to resume trading on unfavorable terms.,"They commissioned botanist Robert Fortune to secretly smuggle tea trees and experienced tea workers out of China and into Darjeeling, India.","The clipper ship was developed due to intense competition between Western trading companies, who were racing to transport tea to Europe first to maximize profits.","Tea is the second most consumed beverage in the world, after water.",This is a direct recall of a key figure and the foundational legend mentioned at the start of the video.,"This question requires the learner to explain the initial state of tea consumption, demonstrating comprehension of its evolution from a food to a beverage.","This question asks for an explanation of a specific historical process mentioned in the video, testing the learner's understanding of how a particular type of tea was made.","This question checks for understanding of a key transition in tea's physical form and preparation method, which marked a major turning point in its history.",This question tests the recall of specific factual information about China's key exports during the period it held a monopoly on tea.,This question tests the learner's ability to analyze the cause (high cost of silver) for a significant effect (the switch to the opium trade).,This question requires the learner to recall and connect the outcome of a major conflict to its specific political and economic consequences for China.,This question requires the learner to analyze the specific actions (industrial espionage) taken by a key entity to overcome a major economic obstacle (China's monopoly).,This requires the learner to analyze the cause-and-effect relationship between economic competition in the tea trade and a specific technological innovation.,"This tests the recall of a concluding fact that puts the entire history of tea into a modern context, demonstrating the beverage's global significance.","The response is incorrect; the legendary figure is Shennong (the Divine Farmer), not “Mai Chang.” You did attempt to recall a specific name, which is good, but review the key foundational legend introduced at the start of the video. Focus on memorizing Shennong as the mythic discoverer of tea.

Score: 0/10","Your answer correctly notes that early tea was mixed with grains to make a porridge, which matches the key idea that tea began as a food. However, it omits that tea was also eaten like a vegetable, and the point about dried tea cakes mixed with water shifts toward later beverage-style preparation rather than the original food use. To improve, emphasize the two early food forms: eaten as a vegetable and cooked into grain porridge.

Score: 6/10","The response correctly notes that tea was pressed into cakes, which was part of the Tang-era process. However, it misses the key step that the cakes were ground into a fine powder and then mixed/whisked with hot water to make a frothy drink; pouring water over the cake is not accurate. To improve, explain that this powdered preparation is what led to matcha (powdered tea), not the cake itself.

Score: 3/10","Your answer correctly captures the key shift: moving away from powdered tea made from pressed cakes toward using prepared leaf tea. Saying the leaves were dried and shredded effectively describes loose-leaf preparation and contrasts it with matcha-style powder.

To improve, explicitly name it as a switch to “loose-leaf tea” and note that this became the new standard in the Ming period. Minor wording corrections (e.g., “shredded”) would make it clearer.

Score: 9/10","Your response accurately identifies both key exports: porcelain and silk. It matches the model answer and clearly shows understanding of the question. For added depth, you could briefly note that these goods, alongside tea, underpinned China’s influence in global trade networks.

Score: 10/10","Your response correctly identifies that Britain shifted from paying with a precious metal to using opium and ties the change to economic pressures. However, the original payment was silver, not gold, and the key reason was the high cost and drain of silver (trade imbalance), not simply tea’s value. Also, it wasn’t a mutually agreed “trade deal” so much as Britain using opium to offset the silver outflow.

Score: 7/10","Your answer correctly identifies the cession of Hong Kong, which is a key concession. For the second point, you captured the idea of unequal trade, but “unlimited access to the Chinese tea market” is too narrow and overstated; the concessions involved reopening trade on unequal terms more broadly (e.g., opening several ports and accepting British-favored conditions), not just tea. Framing it as “forced to resume trade under unfavorable/unequal terms” would be more accurate.

Score: 7/10","Your response accurately captures the core method: sending an agent to covertly obtain tea plants and skilled workers from China and establishing cultivation in Darjeeling under British control. This shows a clear understanding of the strategy used to break the monopoly. To improve, you could name the agent (Robert Fortune), note that he was a botanist, and explicitly frame the operation as secret industrial espionage.

Score: 9/10","Your answer correctly notes that clipper ships were designed to move tea quickly from Asia to Britain. However, it misses the key driver: the intense competition among multiple Western trading companies to be first to market and secure higher profits. Also, focusing solely on the British East India Company is too narrow; the race involved various firms and nations.

Score: 6/10","Your response is accurate and clearly states that tea is the second most consumed beverage after water. You captured the key fact succinctly. For completeness, you could explicitly mention “in the world today,” but your answer already implies this.

Score: 10/10",Tea
27/11/2025 03:19,27/11/2025 03:25,0,100,329,1,27/11/2025 03:25,R_8I9vFL8WfMPuAUQ,anonymous,EN,1,62d6d7815de3a8625be3c0de,0,0,311.098,0,,,,,,,,,,,62d6d7815de3a8625be3c0de,Restudy,"According to legend, who was the mythical Chinese figure credited with discovering tea while searching the forest for edible grains and herbs?",Explain how tea was originally consumed in ancient China before it was primarily prepared as a drink.,Describe the change in tea preparation that occurred during the Tang Dynasty and led to the creation of matcha.,"What significant change to the standard form of tea occurred during China's Ming Dynasty, shifting away from the matcha-style preparation?","Besides tea, what were the other two essential Chinese export goods that gave the country significant economic power?","Explain the economic reason that prompted Great Britain to begin trading opium for Chinese tea, instead of its original payment method.","Following the First Opium War, what were two major concessions the defeated Qing Dynasty made to the British?",How did the British East India Company ultimately break China's long-held monopoly on tea cultivation?,What was the primary motivation for the development of the fast-sailing clipper ship in the 19th century?,What is tea's ranking as the most consumed beverage in the world today?,"The mythical figure credited with discovering tea is the divine farmer, Shennong.","Originally, tea was consumed as a food; it was either eaten as a vegetable or cooked with grain porridge.","The standard method became heating tea, packing it into portable cakes, grinding it into powder, and then mixing it with hot water to create a frothy beverage.","During the Ming Dynasty, the Chinese emperor shifted the standard from tea pressed into cakes to using loose-leaf tea.",The other two essential Chinese export goods that gave the country economic power were porcelain and silk.,"Britain initially paid for Chinese tea with silver, but this proved to be too expensive, so they switched to trading opium as a more sustainable alternative.",The Qing Dynasty ceded the port of Hong Kong to the British and was forced to resume trading on unfavorable terms.,"They commissioned botanist Robert Fortune to secretly smuggle tea trees and experienced tea workers out of China and into Darjeeling, India.","The clipper ship was developed due to intense competition between Western trading companies, who were racing to transport tea to Europe first to maximize profits.","Tea is the second most consumed beverage in the world, after water.",This is a direct recall of a key figure and the foundational legend mentioned at the start of the video.,"This question requires the learner to explain the initial state of tea consumption, demonstrating comprehension of its evolution from a food to a beverage.","This question asks for an explanation of a specific historical process mentioned in the video, testing the learner's understanding of how a particular type of tea was made.","This question checks for understanding of a key transition in tea's physical form and preparation method, which marked a major turning point in its history.",This question tests the recall of specific factual information about China's key exports during the period it held a monopoly on tea.,This question tests the learner's ability to analyze the cause (high cost of silver) for a significant effect (the switch to the opium trade).,This question requires the learner to recall and connect the outcome of a major conflict to its specific political and economic consequences for China.,This question requires the learner to analyze the specific actions (industrial espionage) taken by a key entity to overcome a major economic obstacle (China's monopoly).,This requires the learner to analyze the cause-and-effect relationship between economic competition in the tea trade and a specific technological innovation.,"This tests the recall of a concluding fact that puts the entire history of tea into a modern context, demonstrating the beverage's global significance.",,,,,,,,,,,Tea
27/11/2025 03:20,27/11/2025 03:25,0,100,318,1,27/11/2025 03:25,R_8Cd3eMn0p0vT2Xn,anonymous,EN,1,5e56ac24ce30ae0632e2fe0a,16.694,301.414,302.127,3,,,,,,,,,,,5e56ac24ce30ae0632e2fe0a,Restudy,"According to legend, who was the mythical Chinese figure credited with discovering tea while searching the forest for edible grains and herbs?",Explain how tea was originally consumed in ancient China before it was primarily prepared as a drink.,Describe the change in tea preparation that occurred during the Tang Dynasty and led to the creation of matcha.,"What significant change to the standard form of tea occurred during China's Ming Dynasty, shifting away from the matcha-style preparation?","Besides tea, what were the other two essential Chinese export goods that gave the country significant economic power?","Explain the economic reason that prompted Great Britain to begin trading opium for Chinese tea, instead of its original payment method.","Following the First Opium War, what were two major concessions the defeated Qing Dynasty made to the British?",How did the British East India Company ultimately break China's long-held monopoly on tea cultivation?,What was the primary motivation for the development of the fast-sailing clipper ship in the 19th century?,What is tea's ranking as the most consumed beverage in the world today?,"The mythical figure credited with discovering tea is the divine farmer, Shennong.","Originally, tea was consumed as a food; it was either eaten as a vegetable or cooked with grain porridge.","The standard method became heating tea, packing it into portable cakes, grinding it into powder, and then mixing it with hot water to create a frothy beverage.","During the Ming Dynasty, the Chinese emperor shifted the standard from tea pressed into cakes to using loose-leaf tea.",The other two essential Chinese export goods that gave the country economic power were porcelain and silk.,"Britain initially paid for Chinese tea with silver, but this proved to be too expensive, so they switched to trading opium as a more sustainable alternative.",The Qing Dynasty ceded the port of Hong Kong to the British and was forced to resume trading on unfavorable terms.,"They commissioned botanist Robert Fortune to secretly smuggle tea trees and experienced tea workers out of China and into Darjeeling, India.","The clipper ship was developed due to intense competition between Western trading companies, who were racing to transport tea to Europe first to maximize profits.","Tea is the second most consumed beverage in the world, after water.",This is a direct recall of a key figure and the foundational legend mentioned at the start of the video.,"This question requires the learner to explain the initial state of tea consumption, demonstrating comprehension of its evolution from a food to a beverage.","This question asks for an explanation of a specific historical process mentioned in the video, testing the learner's understanding of how a particular type of tea was made.","This question checks for understanding of a key transition in tea's physical form and preparation method, which marked a major turning point in its history.",This question tests the recall of specific factual information about China's key exports during the period it held a monopoly on tea.,This question tests the learner's ability to analyze the cause (high cost of silver) for a significant effect (the switch to the opium trade).,This question requires the learner to recall and connect the outcome of a major conflict to its specific political and economic consequences for China.,This question requires the learner to analyze the specific actions (industrial espionage) taken by a key entity to overcome a major economic obstacle (China's monopoly).,This requires the learner to analyze the cause-and-effect relationship between economic competition in the tea trade and a specific technological innovation.,"This tests the recall of a concluding fact that puts the entire history of tea into a modern context, demonstrating the beverage's global significance.",,,,,,,,,,,Tea
27/11/2025 03:20,27/11/2025 03:25,0,100,315,1,27/11/2025 03:25,R_2JPahEcQ1wrErim,anonymous,EN,1,5f919274b5383b00096b0295,,,,,dragon,for medical purposes,,adding milk,,not remember exactly,not sure,change the consuption methods,transport the tea,second,5f919274b5383b00096b0295,SAQ,"According to legend, who was the mythical Chinese figure credited with discovering tea while searching the forest for edible grains and herbs?",Explain how tea was originally consumed in ancient China before it was primarily prepared as a drink.,Describe the change in tea preparation that occurred during the Tang Dynasty and led to the creation of matcha.,"What significant change to the standard form of tea occurred during China's Ming Dynasty, shifting away from the matcha-style preparation?","Besides tea, what were the other two essential Chinese export goods that gave the country significant economic power?","Explain the economic reason that prompted Great Britain to begin trading opium for Chinese tea, instead of its original payment method.","Following the First Opium War, what were two major concessions the defeated Qing Dynasty made to the British?",How did the British East India Company ultimately break China's long-held monopoly on tea cultivation?,What was the primary motivation for the development of the fast-sailing clipper ship in the 19th century?,What is tea's ranking as the most consumed beverage in the world today?,"The mythical figure credited with discovering tea is the divine farmer, Shennong.","Originally, tea was consumed as a food; it was either eaten as a vegetable or cooked with grain porridge.","The standard method became heating tea, packing it into portable cakes, grinding it into powder, and then mixing it with hot water to create a frothy beverage.","During the Ming Dynasty, the Chinese emperor shifted the standard from tea pressed into cakes to using loose-leaf tea.",The other two essential Chinese export goods that gave the country economic power were porcelain and silk.,"Britain initially paid for Chinese tea with silver, but this proved to be too expensive, so they switched to trading opium as a more sustainable alternative.",The Qing Dynasty ceded the port of Hong Kong to the British and was forced to resume trading on unfavorable terms.,"They commissioned botanist Robert Fortune to secretly smuggle tea trees and experienced tea workers out of China and into Darjeeling, India.","The clipper ship was developed due to intense competition between Western trading companies, who were racing to transport tea to Europe first to maximize profits.","Tea is the second most consumed beverage in the world, after water.",This is a direct recall of a key figure and the foundational legend mentioned at the start of the video.,"This question requires the learner to explain the initial state of tea consumption, demonstrating comprehension of its evolution from a food to a beverage.","This question asks for an explanation of a specific historical process mentioned in the video, testing the learner's understanding of how a particular type of tea was made.","This question checks for understanding of a key transition in tea's physical form and preparation method, which marked a major turning point in its history.",This question tests the recall of specific factual information about China's key exports during the period it held a monopoly on tea.,This question tests the learner's ability to analyze the cause (high cost of silver) for a significant effect (the switch to the opium trade).,This question requires the learner to recall and connect the outcome of a major conflict to its specific political and economic consequences for China.,This question requires the learner to analyze the specific actions (industrial espionage) taken by a key entity to overcome a major economic obstacle (China's monopoly).,This requires the learner to analyze the cause-and-effect relationship between economic competition in the tea trade and a specific technological innovation.,"This tests the recall of a concluding fact that puts the entire history of tea into a modern context, demonstrating the beverage's global significance.","The response is incorrect; the legend credits Shennong (the Divine Farmer), not a dragon, with discovering tea. You did identify that the figure is mythical, but make sure to remember the specific name and role: Shennong, who tested herbs and discovered tea. Review key names from the video to improve accuracy.

Score: 1/10","The response shows awareness that early uses of tea differed from later drinking, but it doesn’t explain how it was consumed. According to the source, tea was originally eaten as a food—either as a vegetable or cooked into grain porridge. To improve, describe the form of consumption, not just the purpose.

Score: 2/10","It looks like no response was provided. To earn full credit, mention that in the Tang Dynasty tea was steamed and pressed into portable cakes, then ground into a fine powder and mixed/whisked with hot water to make a frothy drink—an early form of matcha preparation. Including the frothiness and the cake-to-powder process is key.

Score: 0/10","Your response identifies a change in how tea might be consumed, but it does not match the historical shift in China during the Ming Dynasty. The key change was from compressed/powdered tea whisked like matcha to brewing loose tea leaves. To improve, mention the move to loose‑leaf infusion as the new standard.

Score: 0/10","The response is blank, so it does not demonstrate any understanding of the key concept. For full credit, you should name porcelain and silk as the other two essential Chinese exports alongside tea. Even a partial attempt would allow for some credit.

Score: 0/10","The response does not address the question’s core concept. The key idea is that Britain was paying for Chinese tea with silver, which became too costly (draining silver), so they switched to trading opium to balance trade and reduce silver outflow. Review the cause (silver expense/outflow) and effect (shift to opium) to improve accuracy.

Score: 0/10","The response doesn’t identify any of the key outcomes of the First Opium War. For this question, you should mention that China ceded Hong Kong to Britain and agreed to unequal trade terms, including opening ports to British trade. Reviewing the Treaty of Nanjing would help you recall these concessions.

Score: 0/10","The response does not address the key concept of breaking China’s cultivation monopoly. The British East India Company used industrial espionage—Robert Fortune secretly moved tea plants, seeds, and skilled knowledge from China to India (Darjeeling) to start local production. Focus on the production side and the specific actions and person involved, not consumption.

Score: 0/10","You correctly identified that tea was central to the purpose of these ships. However, the primary motivation was not simply transporting tea, but the intense competition to be the first to deliver tea to Europe and gain higher profits, which drove the need for faster vessels. Mentioning the race and profit motive would make your answer more complete.

Score: 2/10","Accurate and concise—the response correctly identifies tea’s ranking as second in global consumption. For completeness, you could add that it’s second after water. 

Score: 10/10",Tea
27/11/2025 03:19,27/11/2025 03:26,0,100,421,1,27/11/2025 03:26,R_2RsZzmbC4d8YZKY,anonymous,EN,1,577a0a7aadbc7500015d2479,,,,,I don't know,eaten as a vegetable,They started using loose leaf tea,They started using loose leaf tea,Porcelain and don't know,They were short of silver,They gave Hong Kong to the British,they smuggled tea to India,for trade,1st,577a0a7aadbc7500015d2479,SAQ,"According to legend, who was the mythical Chinese figure credited with discovering tea while searching the forest for edible grains and herbs?",Explain how tea was originally consumed in ancient China before it was primarily prepared as a drink.,Describe the change in tea preparation that occurred during the Tang Dynasty and led to the creation of matcha.,"What significant change to the standard form of tea occurred during China's Ming Dynasty, shifting away from the matcha-style preparation?","Besides tea, what were the other two essential Chinese export goods that gave the country significant economic power?","Explain the economic reason that prompted Great Britain to begin trading opium for Chinese tea, instead of its original payment method.","Following the First Opium War, what were two major concessions the defeated Qing Dynasty made to the British?",How did the British East India Company ultimately break China's long-held monopoly on tea cultivation?,What was the primary motivation for the development of the fast-sailing clipper ship in the 19th century?,What is tea's ranking as the most consumed beverage in the world today?,"The mythical figure credited with discovering tea is the divine farmer, Shennong.","Originally, tea was consumed as a food; it was either eaten as a vegetable or cooked with grain porridge.","The standard method became heating tea, packing it into portable cakes, grinding it into powder, and then mixing it with hot water to create a frothy beverage.","During the Ming Dynasty, the Chinese emperor shifted the standard from tea pressed into cakes to using loose-leaf tea.",The other two essential Chinese export goods that gave the country economic power were porcelain and silk.,"Britain initially paid for Chinese tea with silver, but this proved to be too expensive, so they switched to trading opium as a more sustainable alternative.",The Qing Dynasty ceded the port of Hong Kong to the British and was forced to resume trading on unfavorable terms.,"They commissioned botanist Robert Fortune to secretly smuggle tea trees and experienced tea workers out of China and into Darjeeling, India.","The clipper ship was developed due to intense competition between Western trading companies, who were racing to transport tea to Europe first to maximize profits.","Tea is the second most consumed beverage in the world, after water.",This is a direct recall of a key figure and the foundational legend mentioned at the start of the video.,"This question requires the learner to explain the initial state of tea consumption, demonstrating comprehension of its evolution from a food to a beverage.","This question asks for an explanation of a specific historical process mentioned in the video, testing the learner's understanding of how a particular type of tea was made.","This question checks for understanding of a key transition in tea's physical form and preparation method, which marked a major turning point in its history.",This question tests the recall of specific factual information about China's key exports during the period it held a monopoly on tea.,This question tests the learner's ability to analyze the cause (high cost of silver) for a significant effect (the switch to the opium trade).,This question requires the learner to recall and connect the outcome of a major conflict to its specific political and economic consequences for China.,This question requires the learner to analyze the specific actions (industrial espionage) taken by a key entity to overcome a major economic obstacle (China's monopoly).,This requires the learner to analyze the cause-and-effect relationship between economic competition in the tea trade and a specific technological innovation.,"This tests the recall of a concluding fact that puts the entire history of tea into a modern context, demonstrating the beverage's global significance.","The response does not address the question and shows no understanding of the key concept. According to the legend, the mythical Chinese figure is Shennong, the divine farmer. Review the opening section on origin myths and key names to improve recall next time.

Score: 0/10","Your response correctly identifies one early method: tea leaves were eaten like a vegetable. However, it misses that tea was also cooked into grain porridge. To fully answer, note both food uses before tea became primarily a drink.

Score: 6/10","The response does not capture the key change. During the Tang era, tea was steamed and pressed into cakes, then ground into a fine powder and whisked with hot water to make a frothy drink—the basis of matcha—not brewed as loose leaves. Review the difference between powdered/whisked tea and the later loose-leaf infusion method.

Score: 1/10","Your answer correctly identifies the key change: the move to loose-leaf tea during the Ming Dynasty. To make it stronger, you could add that this replaced the earlier use of compressed/powdered tea cakes whisked in the matcha style, often prompted by imperial preference. Including that contrast shows a fuller understanding of the transition.

Score: 9/10","You correctly identified porcelain as one of the key Chinese export goods. However, the question asked for two items, and the other essential export was silk. Review the major exports associated with China’s historical trade dominance—tea, porcelain, and silk—to ensure you can recall both items next time.

Score: 5/10","Your response correctly identifies the core economic issue: Britain faced a shortage/drain of silver. To strengthen it, note that paying in silver had become too costly and unsustainable due to the trade imbalance with China, prompting Britain to use opium to offset the silver outflow. Briefly linking the silver shortage to the switch to opium would make the explanation more complete.

Score: 8/10","You correctly identified one major concession—the cession of Hong Kong to Britain. However, the question asked for two concessions; you also needed to mention that China was forced to accept unequal trade terms (e.g., opening ports and unfavorable trading conditions). In future, list both political and economic outcomes.

Score: 5/10","Your answer captures the core idea that the British broke China’s monopoly by smuggling tea into India. However, it’s too vague: it should specify that they smuggled live tea plants (and seeds) and skilled tea workers, led by Robert Fortune, to establish cultivation in places like Darjeeling. Adding these details would show a fuller understanding of how the monopoly was actually broken.

Score: 6/10","The response shows a minimal grasp of the context by noting trade, but it’s too vague. The key point was the intense competition in the tea trade—companies raced to deliver tea to Europe first to maximize profits, which drove the need for faster ships. To improve, mention the tea trade specifically, the profit-driven race, and speed as the motivating factors.

Score: 2/10","The response is incorrect. Tea is the second most consumed beverage globally, after water. Review the concluding section that highlights tea’s modern significance and global consumption ranking to reinforce this fact.

Score: 0/10",Tea
27/11/2025 03:11,27/11/2025 03:26,0,100,897,1,27/11/2025 03:26,R_2p3udimMO8j0Nxv,anonymous,EN,0.300000012,6767202a0793489cda4738d2,,,,,don't recall the name,it was eaten as a leaf,it was tried with a combination of other brewing methods and leaves,they started brewing the leaves and serving the royals,I don;t recall,"I don't recall the reason being stated, don't think it was stated at all, they just moved from transacting with silver to opium, I believe they wanted a strong leverage system",they gave up the harbour and traded under unfavorable conditions,they implanted somone to steal some of the tress and also recruited some farmers,"to beat competitors, they tried to deliver the tea early to win the advantage",second,6767202a0793489cda4738d2,SAQ,"According to legend, who was the mythical Chinese figure credited with discovering tea while searching the forest for edible grains and herbs?",Explain how tea was originally consumed in ancient China before it was primarily prepared as a drink.,Describe the change in tea preparation that occurred during the Tang Dynasty and led to the creation of matcha.,"What significant change to the standard form of tea occurred during China's Ming Dynasty, shifting away from the matcha-style preparation?","Besides tea, what were the other two essential Chinese export goods that gave the country significant economic power?","Explain the economic reason that prompted Great Britain to begin trading opium for Chinese tea, instead of its original payment method.","Following the First Opium War, what were two major concessions the defeated Qing Dynasty made to the British?",How did the British East India Company ultimately break China's long-held monopoly on tea cultivation?,What was the primary motivation for the development of the fast-sailing clipper ship in the 19th century?,What is tea's ranking as the most consumed beverage in the world today?,"The mythical figure credited with discovering tea is the divine farmer, Shennong.","Originally, tea was consumed as a food; it was either eaten as a vegetable or cooked with grain porridge.","The standard method became heating tea, packing it into portable cakes, grinding it into powder, and then mixing it with hot water to create a frothy beverage.","During the Ming Dynasty, the Chinese emperor shifted the standard from tea pressed into cakes to using loose-leaf tea.",The other two essential Chinese export goods that gave the country economic power were porcelain and silk.,"Britain initially paid for Chinese tea with silver, but this proved to be too expensive, so they switched to trading opium as a more sustainable alternative.",The Qing Dynasty ceded the port of Hong Kong to the British and was forced to resume trading on unfavorable terms.,"They commissioned botanist Robert Fortune to secretly smuggle tea trees and experienced tea workers out of China and into Darjeeling, India.","The clipper ship was developed due to intense competition between Western trading companies, who were racing to transport tea to Europe first to maximize profits.","Tea is the second most consumed beverage in the world, after water.",This is a direct recall of a key figure and the foundational legend mentioned at the start of the video.,"This question requires the learner to explain the initial state of tea consumption, demonstrating comprehension of its evolution from a food to a beverage.","This question asks for an explanation of a specific historical process mentioned in the video, testing the learner's understanding of how a particular type of tea was made.","This question checks for understanding of a key transition in tea's physical form and preparation method, which marked a major turning point in its history.",This question tests the recall of specific factual information about China's key exports during the period it held a monopoly on tea.,This question tests the learner's ability to analyze the cause (high cost of silver) for a significant effect (the switch to the opium trade).,This question requires the learner to recall and connect the outcome of a major conflict to its specific political and economic consequences for China.,This question requires the learner to analyze the specific actions (industrial espionage) taken by a key entity to overcome a major economic obstacle (China's monopoly).,This requires the learner to analyze the cause-and-effect relationship between economic competition in the tea trade and a specific technological innovation.,"This tests the recall of a concluding fact that puts the entire history of tea into a modern context, demonstrating the beverage's global significance.","The response does not identify the mythical figure and captures none of the key concept (Shennong, the “Divine Farmer”). In the future, try to recall any related clues (e.g., “divine farmer” or “mythical Chinese emperor”) or make a best guess; taking brief notes during viewing can also help with name recall. The correct figure is Shennong.

Score: 0/10","Your answer captures the core idea that tea was originally eaten rather than drunk, which is a key point. However, it's too vague and misses how it was consumed—as a vegetable or cooked into grain porridge—rather than simply “as a leaf.” To improve, specify that early tea was used as a food ingredient, often prepared like a vegetable or mixed with porridge.

Score: 5/10","The response is too vague and does not identify the key change: pressing tea into cakes, grinding it into a fine powder, and whisking it with hot water to make a frothy drink. To improve, mention that during the Tang Dynasty tea was steamed/pressed into cakes, then ground and whisked—this powdered preparation is what led to matcha. Focus on the powdered, whisked method rather than general “brewing methods.”

Score: 2/10","Your response captures the main shift: moving to brewing tea leaves rather than whisking powdered tea. However, it would be stronger if you explicitly noted the change from pressed cakes/powdered (matcha-style) tea to loose-leaf infusion, and that this became the standard under the Ming emperor. The mention of “serving the royals” is not essential to the key concept.

Score: 7/10","The response doesn’t address the question or identify the two key exports, so it doesn’t capture the essential concepts. For review, remember that alongside tea, China’s other major export goods were porcelain (china) and silk—think “tea, silk, and china.” Rewatch that segment and jot a quick note or mnemonic to help recall these three together next time.

Score: 0/10","The response identifies that Britain shifted from paying in silver to trading opium, but it does not explain the economic reason for the change. The key point missing is that silver payments were too costly and unsustainable, prompting Britain to use opium to balance trade and reduce silver outflows. To improve, explicitly state that the high cost and drain of silver drove the switch to opium as a more sustainable payment method.

Score: 2/10","You identified both key concessions: ceding a key port and accepting unfavorable trade terms. To improve precision, name the port as Hong Kong and make explicit that these concessions were made to the British. This added detail strengthens accuracy.

Score: 9/10","Your answer captures the core idea of industrial espionage: sending someone to steal tea plants and recruiting workers. To improve, mention that botanist Robert Fortune led the operation and that the plants and skilled tea makers were moved to India (especially Darjeeling). Also note that expertise in tea processing, not just farming, was key.

Score: 7/10","Your answer captures the core idea: clippers were built to beat rivals by getting tea to market faster. To strengthen it, you could note that the goal was to reach European markets first to maximize profits and that this competition was among Western trading companies. Adding these details would show fuller understanding of the economic context.

Score: 9/10","Your answer correctly identifies tea’s ranking as second, matching the key fact. For completeness, you could add that it’s second after water.

Score: 10/10",Tea
27/11/2025 03:21,27/11/2025 03:26,0,100,336,1,27/11/2025 03:26,R_2nqU6CBqvslOt4B,anonymous,EN,1,5c7ccbfe371d1d0015bcabc0,0,0,293.389,0,,,,,,,,,,,5c7ccbfe371d1d0015bcabc0,Restudy,"According to legend, who was the mythical Chinese figure credited with discovering tea while searching the forest for edible grains and herbs?",Explain how tea was originally consumed in ancient China before it was primarily prepared as a drink.,Describe the change in tea preparation that occurred during the Tang Dynasty and led to the creation of matcha.,"What significant change to the standard form of tea occurred during China's Ming Dynasty, shifting away from the matcha-style preparation?","Besides tea, what were the other two essential Chinese export goods that gave the country significant economic power?","Explain the economic reason that prompted Great Britain to begin trading opium for Chinese tea, instead of its original payment method.","Following the First Opium War, what were two major concessions the defeated Qing Dynasty made to the British?",How did the British East India Company ultimately break China's long-held monopoly on tea cultivation?,What was the primary motivation for the development of the fast-sailing clipper ship in the 19th century?,What is tea's ranking as the most consumed beverage in the world today?,"The mythical figure credited with discovering tea is the divine farmer, Shennong.","Originally, tea was consumed as a food; it was either eaten as a vegetable or cooked with grain porridge.","The standard method became heating tea, packing it into portable cakes, grinding it into powder, and then mixing it with hot water to create a frothy beverage.","During the Ming Dynasty, the Chinese emperor shifted the standard from tea pressed into cakes to using loose-leaf tea.",The other two essential Chinese export goods that gave the country economic power were porcelain and silk.,"Britain initially paid for Chinese tea with silver, but this proved to be too expensive, so they switched to trading opium as a more sustainable alternative.",The Qing Dynasty ceded the port of Hong Kong to the British and was forced to resume trading on unfavorable terms.,"They commissioned botanist Robert Fortune to secretly smuggle tea trees and experienced tea workers out of China and into Darjeeling, India.","The clipper ship was developed due to intense competition between Western trading companies, who were racing to transport tea to Europe first to maximize profits.","Tea is the second most consumed beverage in the world, after water.",This is a direct recall of a key figure and the foundational legend mentioned at the start of the video.,"This question requires the learner to explain the initial state of tea consumption, demonstrating comprehension of its evolution from a food to a beverage.","This question asks for an explanation of a specific historical process mentioned in the video, testing the learner's understanding of how a particular type of tea was made.","This question checks for understanding of a key transition in tea's physical form and preparation method, which marked a major turning point in its history.",This question tests the recall of specific factual information about China's key exports during the period it held a monopoly on tea.,This question tests the learner's ability to analyze the cause (high cost of silver) for a significant effect (the switch to the opium trade).,This question requires the learner to recall and connect the outcome of a major conflict to its specific political and economic consequences for China.,This question requires the learner to analyze the specific actions (industrial espionage) taken by a key entity to overcome a major economic obstacle (China's monopoly).,This requires the learner to analyze the cause-and-effect relationship between economic competition in the tea trade and a specific technological innovation.,"This tests the recall of a concluding fact that puts the entire history of tea into a modern context, demonstrating the beverage's global significance.",,,,,,,,,,,Tea
27/11/2025 03:22,27/11/2025 03:27,0,100,299,1,27/11/2025 03:27,R_2M4gFJeZHyBzU76,anonymous,EN,1,566d5997d408ea00051a2a86,0,0,286.694,0,,,,,,,,,,,566d5997d408ea00051a2a86,Restudy,"According to legend, who was the mythical Chinese figure credited with discovering tea while searching the forest for edible grains and herbs?",Explain how tea was originally consumed in ancient China before it was primarily prepared as a drink.,Describe the change in tea preparation that occurred during the Tang Dynasty and led to the creation of matcha.,"What significant change to the standard form of tea occurred during China's Ming Dynasty, shifting away from the matcha-style preparation?","Besides tea, what were the other two essential Chinese export goods that gave the country significant economic power?","Explain the economic reason that prompted Great Britain to begin trading opium for Chinese tea, instead of its original payment method.","Following the First Opium War, what were two major concessions the defeated Qing Dynasty made to the British?",How did the British East India Company ultimately break China's long-held monopoly on tea cultivation?,What was the primary motivation for the development of the fast-sailing clipper ship in the 19th century?,What is tea's ranking as the most consumed beverage in the world today?,"The mythical figure credited with discovering tea is the divine farmer, Shennong.","Originally, tea was consumed as a food; it was either eaten as a vegetable or cooked with grain porridge.","The standard method became heating tea, packing it into portable cakes, grinding it into powder, and then mixing it with hot water to create a frothy beverage.","During the Ming Dynasty, the Chinese emperor shifted the standard from tea pressed into cakes to using loose-leaf tea.",The other two essential Chinese export goods that gave the country economic power were porcelain and silk.,"Britain initially paid for Chinese tea with silver, but this proved to be too expensive, so they switched to trading opium as a more sustainable alternative.",The Qing Dynasty ceded the port of Hong Kong to the British and was forced to resume trading on unfavorable terms.,"They commissioned botanist Robert Fortune to secretly smuggle tea trees and experienced tea workers out of China and into Darjeeling, India.","The clipper ship was developed due to intense competition between Western trading companies, who were racing to transport tea to Europe first to maximize profits.","Tea is the second most consumed beverage in the world, after water.",This is a direct recall of a key figure and the foundational legend mentioned at the start of the video.,"This question requires the learner to explain the initial state of tea consumption, demonstrating comprehension of its evolution from a food to a beverage.","This question asks for an explanation of a specific historical process mentioned in the video, testing the learner's understanding of how a particular type of tea was made.","This question checks for understanding of a key transition in tea's physical form and preparation method, which marked a major turning point in its history.",This question tests the recall of specific factual information about China's key exports during the period it held a monopoly on tea.,This question tests the learner's ability to analyze the cause (high cost of silver) for a significant effect (the switch to the opium trade).,This question requires the learner to recall and connect the outcome of a major conflict to its specific political and economic consequences for China.,This question requires the learner to analyze the specific actions (industrial espionage) taken by a key entity to overcome a major economic obstacle (China's monopoly).,This requires the learner to analyze the cause-and-effect relationship between economic competition in the tea trade and a specific technological innovation.,"This tests the recall of a concluding fact that puts the entire history of tea into a modern context, demonstrating the beverage's global significance.",,,,,,,,,,,Tea
27/11/2025 03:20,27/11/2025 03:27,0,100,392,1,27/11/2025 03:27,R_85GeUQvdu12NOoI,anonymous,EN,1,5f0766baa1aa2f12767758cd,,,,,no idea,it was eaten,started using shredded tea leaves with hot water,moved to tea leaves,gunpowder and medicine,greater access to opium which was cheap,access to tea and governing control,"trading on their terms
",better supply of tea,1,5f0766baa1aa2f12767758cd,SAQ,"According to legend, who was the mythical Chinese figure credited with discovering tea while searching the forest for edible grains and herbs?",Explain how tea was originally consumed in ancient China before it was primarily prepared as a drink.,Describe the change in tea preparation that occurred during the Tang Dynasty and led to the creation of matcha.,"What significant change to the standard form of tea occurred during China's Ming Dynasty, shifting away from the matcha-style preparation?","Besides tea, what were the other two essential Chinese export goods that gave the country significant economic power?","Explain the economic reason that prompted Great Britain to begin trading opium for Chinese tea, instead of its original payment method.","Following the First Opium War, what were two major concessions the defeated Qing Dynasty made to the British?",How did the British East India Company ultimately break China's long-held monopoly on tea cultivation?,What was the primary motivation for the development of the fast-sailing clipper ship in the 19th century?,What is tea's ranking as the most consumed beverage in the world today?,"The mythical figure credited with discovering tea is the divine farmer, Shennong.","Originally, tea was consumed as a food; it was either eaten as a vegetable or cooked with grain porridge.","The standard method became heating tea, packing it into portable cakes, grinding it into powder, and then mixing it with hot water to create a frothy beverage.","During the Ming Dynasty, the Chinese emperor shifted the standard from tea pressed into cakes to using loose-leaf tea.",The other two essential Chinese export goods that gave the country economic power were porcelain and silk.,"Britain initially paid for Chinese tea with silver, but this proved to be too expensive, so they switched to trading opium as a more sustainable alternative.",The Qing Dynasty ceded the port of Hong Kong to the British and was forced to resume trading on unfavorable terms.,"They commissioned botanist Robert Fortune to secretly smuggle tea trees and experienced tea workers out of China and into Darjeeling, India.","The clipper ship was developed due to intense competition between Western trading companies, who were racing to transport tea to Europe first to maximize profits.","Tea is the second most consumed beverage in the world, after water.",This is a direct recall of a key figure and the foundational legend mentioned at the start of the video.,"This question requires the learner to explain the initial state of tea consumption, demonstrating comprehension of its evolution from a food to a beverage.","This question asks for an explanation of a specific historical process mentioned in the video, testing the learner's understanding of how a particular type of tea was made.","This question checks for understanding of a key transition in tea's physical form and preparation method, which marked a major turning point in its history.",This question tests the recall of specific factual information about China's key exports during the period it held a monopoly on tea.,This question tests the learner's ability to analyze the cause (high cost of silver) for a significant effect (the switch to the opium trade).,This question requires the learner to recall and connect the outcome of a major conflict to its specific political and economic consequences for China.,This question requires the learner to analyze the specific actions (industrial espionage) taken by a key entity to overcome a major economic obstacle (China's monopoly).,This requires the learner to analyze the cause-and-effect relationship between economic competition in the tea trade and a specific technological innovation.,"This tests the recall of a concluding fact that puts the entire history of tea into a modern context, demonstrating the beverage's global significance.","The response does not demonstrate any understanding of the key concept. According to the legend, the mythical figure is Shennong, the “Divine Farmer,” credited with discovering tea while testing herbs. Review the origin legend to remember this foundational figure.

Score: 0/10","You correctly captured the main idea that tea was initially consumed as food rather than as a drink. To strengthen your answer, include examples such as tea leaves being eaten like a vegetable or cooked into grain porridge. 
Score: 5/10","Your response mentions hot water, but it misses the key shift of the Tang era: tea was pressed into cakes, ground into a fine powder, and whisked with hot water to make a frothy drink. Instead of shredded leaves, emphasize the move to powdered tea and the whisking method that led to matcha.

Score: 2/10","Your response captures the core idea: the shift was toward using tea leaves rather than powdered tea. To make it stronger, specify that the Ming standard became loose-leaf tea, replacing pressed cakes/powdered tea used for whisked, matcha-style preparation. A bit more detail would show fuller understanding.

Score: 8/10","Your answer shows awareness of notable Chinese contributions, but it does not match the key export goods highlighted in the video. The essential exports besides tea were silk and porcelain, which drove much of China’s trade and economic influence. Review the major commodities traded along the Silk Road and by sea to better distinguish inventions from export goods.

Score: 0/10","Your answer recognizes that opium was a cheaper, readily available good for Britain, which is a key economic motive. However, it misses the crucial point that Britain had been paying with silver and found this too costly and unsustainable. To improve, mention that the high expense and drain of silver drove Britain to substitute opium as a trade good to obtain Chinese tea.

Score: 5/10","Partial understanding. You hinted at the two areas: British control over territory and expanded trade, which loosely align with ceding Hong Kong and unequal trading terms. However, be specific: name Hong Kong as the ceded territory and note that China had to open ports and accept unequal trade terms, not just “access to tea.”

Score: 5/10","The response is too vague and does not address the specific method used. The British East India Company broke China’s monopoly through covert botanical espionage—sending Robert Fortune to smuggle tea plants, seeds, and skilled workers from China to India (e.g., Darjeeling) so they could grow tea themselves. To improve, mention the smuggling of plants and expertise and the shift of cultivation to British-controlled India.

Score: 1/10","The response mentions tea, showing awareness of the context, but it misses the key motivation. The clipper ships were developed due to fierce competition to be the first to deliver tea to Europe, since arriving early meant higher prices and profits. Emphasize the race for speed and profit, not just improving supply.

Score: 2/10","Your response gives a clear numeric ranking, but it’s incorrect. Tea is the second most consumed beverage in the world, after water—be careful to distinguish between first and second in such recall questions. 

Score: 1/10",Tea
27/11/2025 03:12,27/11/2025 03:28,0,100,945,1,27/11/2025 03:28,R_2QfdjIXclPXf7cf,anonymous,EN,1,5e25bb2adb62ba80c1c8571a,,,,,A medicine man had a leaf fall into a pot of boiling water that he was drinking.  I think his name was Shen.,It was used as a medicine that was chewed or as a paste or drink.,The tea leaves were grounded into a powder,changing to loose leaf and having it as a hot drink,Silk was a popular exported good to be made for clothes and scarves. Porcelain was also popular for tea sets and vases,it was a drug that everyone would become addicted to and the demand would be there.,he stopped the tea being shipped there so they had to use someone to bring the trees across the countries,They had someone smuggle the plants and seeds out of China to India. New tea cultivation then took place in India,to transport the tea to Britain,It is ranked as number one next to water,5e25bb2adb62ba80c1c8571a,SAQ,"According to legend, who was the mythical Chinese figure credited with discovering tea while searching the forest for edible grains and herbs?",Explain how tea was originally consumed in ancient China before it was primarily prepared as a drink.,Describe the change in tea preparation that occurred during the Tang Dynasty and led to the creation of matcha.,"What significant change to the standard form of tea occurred during China's Ming Dynasty, shifting away from the matcha-style preparation?","Besides tea, what were the other two essential Chinese export goods that gave the country significant economic power?","Explain the economic reason that prompted Great Britain to begin trading opium for Chinese tea, instead of its original payment method.","Following the First Opium War, what were two major concessions the defeated Qing Dynasty made to the British?",How did the British East India Company ultimately break China's long-held monopoly on tea cultivation?,What was the primary motivation for the development of the fast-sailing clipper ship in the 19th century?,What is tea's ranking as the most consumed beverage in the world today?,"The mythical figure credited with discovering tea is the divine farmer, Shennong.","Originally, tea was consumed as a food; it was either eaten as a vegetable or cooked with grain porridge.","The standard method became heating tea, packing it into portable cakes, grinding it into powder, and then mixing it with hot water to create a frothy beverage.","During the Ming Dynasty, the Chinese emperor shifted the standard from tea pressed into cakes to using loose-leaf tea.",The other two essential Chinese export goods that gave the country economic power were porcelain and silk.,"Britain initially paid for Chinese tea with silver, but this proved to be too expensive, so they switched to trading opium as a more sustainable alternative.",The Qing Dynasty ceded the port of Hong Kong to the British and was forced to resume trading on unfavorable terms.,"They commissioned botanist Robert Fortune to secretly smuggle tea trees and experienced tea workers out of China and into Darjeeling, India.","The clipper ship was developed due to intense competition between Western trading companies, who were racing to transport tea to Europe first to maximize profits.","Tea is the second most consumed beverage in the world, after water.",This is a direct recall of a key figure and the foundational legend mentioned at the start of the video.,"This question requires the learner to explain the initial state of tea consumption, demonstrating comprehension of its evolution from a food to a beverage.","This question asks for an explanation of a specific historical process mentioned in the video, testing the learner's understanding of how a particular type of tea was made.","This question checks for understanding of a key transition in tea's physical form and preparation method, which marked a major turning point in its history.",This question tests the recall of specific factual information about China's key exports during the period it held a monopoly on tea.,This question tests the learner's ability to analyze the cause (high cost of silver) for a significant effect (the switch to the opium trade).,This question requires the learner to recall and connect the outcome of a major conflict to its specific political and economic consequences for China.,This question requires the learner to analyze the specific actions (industrial espionage) taken by a key entity to overcome a major economic obstacle (China's monopoly).,This requires the learner to analyze the cause-and-effect relationship between economic competition in the tea trade and a specific technological innovation.,"This tests the recall of a concluding fact that puts the entire history of tea into a modern context, demonstrating the beverage's global significance.","Your response captures the correct legend about tea leaves falling into boiling water and identifies the figure as a herbal/medicine man, which aligns with Shennong’s role. However, the name is incomplete—he is traditionally called Shennong, also known as the “Divine Farmer.” Stating his full name would make your answer precise.

Score: 7/10","Your response shows some awareness that early uses of tea were not primarily as a beverage, and mentioning it being chewed suggests a non-drink form. However, the key idea is that tea was originally consumed as a food—eaten like a vegetable or cooked into grain porridge—which you didn’t mention. Including “as a drink” also conflicts with the question’s focus on the period before tea became a beverage.

Score: 4/10","You identified the key idea that tea leaves were ground into a powder, which is an important part of the shift toward matcha. However, the Tang-era method also involved steaming/heating and pressing tea into cakes, then grinding, and finally mixing/whisking the powder with hot water to make a frothy drink. Including these steps would show a fuller understanding of the process.

Score: 4/10","Your answer correctly identifies the key change: the shift to loose-leaf tea during the Ming Dynasty. The added point about it becoming a hot drink is unnecessary and slightly misleading, since tea was already consumed hot before this shift. Focus on the change in form and preparation—from pressed/powdered tea to loose-leaf infusion.

Score: 8/10","Your response correctly identifies both of the key export goods—silk and porcelain—and even adds relevant examples of their uses, which shows good understanding. To make it even stronger, you could explicitly connect these exports to how they contributed to China’s economic power alongside tea. 

Score: 10/10","Your answer recognizes that opium created strong demand in China, which helped sustain trade—an economic point. However, it misses the key reason for the switch: paying in silver was draining Britain’s reserves and was too costly, so they sought a trade good (opium) to balance the trade without exporting silver. To improve, mention the high cost/outflow of silver as the main trigger for adopting opium as payment.

Score: 3/10","The response does not address the treaty concessions after the First Opium War. The key points were that China ceded Hong Kong to Britain and was forced to open trade on unequal terms (e.g., opening ports, low tariffs/indemnities), not smuggling tea plants. To improve, focus on the political and economic terms of the Treaty of Nanjing rather than the later transfer of tea plants to British colonies.

Score: 1/10","Your response captures the core idea that the British facilitated the smuggling of tea plant material out of China to start cultivation in India, which is the key mechanism behind breaking the monopoly. To improve, mention that it was the British East India Company that commissioned botanist Robert Fortune, and that he also brought skilled tea workers and whole plants (not just seeds), with Darjeeling as a key destination. These details show the organized, large-scale nature of the industrial espionage.

Score: 8/10","Your answer identifies the correct cargo and destination, but it misses the key motivation. Clipper ships were built for speed because trading companies were in a race to deliver the new tea harvest to Britain first, which meant higher profits. Mentioning the competitive race and profit incentive would make your answer complete.

Score: 4/10","Your answer shows awareness that water is the key reference point and that tea is among the most widely consumed beverages. However, the ranking is incorrect/unclear: tea is not number one; it is the second most consumed beverage after water. Clarifying the rank as “second, after water” would make your response accurate.

Score: 4/10",Tea
27/11/2025 03:18,27/11/2025 03:28,0,100,602,1,27/11/2025 03:28,R_8DXTU6bPxLumvTZ,anonymous,EN,1,5d41925ef7b99500012b960e,,,,,Sheng Ning,It was eaten like a vegetable.,"Tea was originally eaten as a leaf, like a vegetable. However at some stage the leaf was ground into powder which we know as matcha.",The matcha style fell out of favour and tea was prepared loose leaf during the Ming Dynasty.,Silk and Porcelain,"Britain paid in silver but switched to Opium because it was more cost-effective. Britain was paying for a lot of goods from China (the silks and porcelain) and not really exporting anything, so it was draining the silver reserves.",They allowed them to continue trading in opium and allowed them to grow tea outside of China,"They had a spy sneak into China and steal a tea plant, the spy fled to Darjeeling with it.","Because tea was so popular, demand was high and the need for faster ships to travel from Europe to China and back again necessitated the construction of the Clipper.",Tea is the second most consumed beverage in the world. I think water is the most consumed.,5d41925ef7b99500012b960e,SAQ,"According to legend, who was the mythical Chinese figure credited with discovering tea while searching the forest for edible grains and herbs?",Explain how tea was originally consumed in ancient China before it was primarily prepared as a drink.,Describe the change in tea preparation that occurred during the Tang Dynasty and led to the creation of matcha.,"What significant change to the standard form of tea occurred during China's Ming Dynasty, shifting away from the matcha-style preparation?","Besides tea, what were the other two essential Chinese export goods that gave the country significant economic power?","Explain the economic reason that prompted Great Britain to begin trading opium for Chinese tea, instead of its original payment method.","Following the First Opium War, what were two major concessions the defeated Qing Dynasty made to the British?",How did the British East India Company ultimately break China's long-held monopoly on tea cultivation?,What was the primary motivation for the development of the fast-sailing clipper ship in the 19th century?,What is tea's ranking as the most consumed beverage in the world today?,"The mythical figure credited with discovering tea is the divine farmer, Shennong.","Originally, tea was consumed as a food; it was either eaten as a vegetable or cooked with grain porridge.","The standard method became heating tea, packing it into portable cakes, grinding it into powder, and then mixing it with hot water to create a frothy beverage.","During the Ming Dynasty, the Chinese emperor shifted the standard from tea pressed into cakes to using loose-leaf tea.",The other two essential Chinese export goods that gave the country economic power were porcelain and silk.,"Britain initially paid for Chinese tea with silver, but this proved to be too expensive, so they switched to trading opium as a more sustainable alternative.",The Qing Dynasty ceded the port of Hong Kong to the British and was forced to resume trading on unfavorable terms.,"They commissioned botanist Robert Fortune to secretly smuggle tea trees and experienced tea workers out of China and into Darjeeling, India.","The clipper ship was developed due to intense competition between Western trading companies, who were racing to transport tea to Europe first to maximize profits.","Tea is the second most consumed beverage in the world, after water.",This is a direct recall of a key figure and the foundational legend mentioned at the start of the video.,"This question requires the learner to explain the initial state of tea consumption, demonstrating comprehension of its evolution from a food to a beverage.","This question asks for an explanation of a specific historical process mentioned in the video, testing the learner's understanding of how a particular type of tea was made.","This question checks for understanding of a key transition in tea's physical form and preparation method, which marked a major turning point in its history.",This question tests the recall of specific factual information about China's key exports during the period it held a monopoly on tea.,This question tests the learner's ability to analyze the cause (high cost of silver) for a significant effect (the switch to the opium trade).,This question requires the learner to recall and connect the outcome of a major conflict to its specific political and economic consequences for China.,This question requires the learner to analyze the specific actions (industrial espionage) taken by a key entity to overcome a major economic obstacle (China's monopoly).,This requires the learner to analyze the cause-and-effect relationship between economic competition in the tea trade and a specific technological innovation.,"This tests the recall of a concluding fact that puts the entire history of tea into a modern context, demonstrating the beverage's global significance.","The response is close but not accurate. The legendary figure is Shennong (also written Shen Nong/Shen Nung), the “divine farmer.” Your answer “Sheng Ning” seems like a misspelling—double-check the name and accepted variants.

Score: 5/10","Your answer correctly identifies that tea was originally consumed as a food and specifically eaten like a vegetable. To be more complete, you could add that tea was also cooked into grain porridge in ancient China. Mentioning both methods would fully capture the evolution from food to beverage.

Score: 7/10","Your answer captures the key shift toward grinding tea into a powder that became matcha. However, it misses important details from the Tang process: tea was heated, compressed into cakes, then ground and mixed with hot water to make a frothy drink, and you don’t mention the Tang Dynasty timing. Also, the claim that tea was originally eaten like a vegetable is imprecise for this context.

Score: 5/10","Your answer clearly identifies the key shift: during the Ming Dynasty, tea moved away from matcha-style preparation to loose-leaf brewing. This captures the essential change and the correct time period. To strengthen it further, you could note that earlier tea was often pressed into cakes and powdered, and that the Ming court helped standardize loose-leaf as the norm.

Score: 9/10","Your response is accurate and complete—you correctly identified porcelain and silk as the other key Chinese exports. The answer matches the model exactly, showing clear recall of the essential facts. For added context, you could note that these goods were highly prized globally, reinforcing China’s economic power alongside tea.

Score: 10/10","Your response clearly identifies the key economic cause: paying in silver was draining Britain’s reserves due to a trade imbalance with China, prompting a switch to opium as a cheaper alternative. The added detail about silks and porcelain strengthens your explanation. For an even stronger answer, you could note that selling opium in China reversed the silver outflow by bringing silver back to British hands.

Score: 10/10","The response shows awareness that the opium trade was central to the conflict, but it misses the key concessions. After the First Opium War, the Qing ceded Hong Kong and had to accept unequal trade terms, including opening treaty ports—not permission for Britain to grow tea outside China. Review the Treaty of Nanking’s terms to identify the specific political and economic concessions.

Score: 1/10","Your answer correctly identifies the use of espionage and the move to Darjeeling, which are key ideas. However, it oversimplifies the operation: the British East India Company commissioned botanist Robert Fortune to smuggle not just a single plant but seeds, multiple plants, and skilled tea workers and know-how to establish large-scale cultivation in India. Naming the company and Fortune, and noting the transfer of expertise, would make your response more complete.

Score: 6/10","Your answer correctly connects tea’s popularity and the need for speed on the Europe–China route, showing an understanding that tea trade dynamics influenced ship design. However, the primary driver was the fierce competition among Western trading companies to deliver the new season’s tea first and secure higher profits—the “tea races”—rather than general high demand alone. Mentioning this competitive, profit-focused motive would make your explanation more accurate.

Score: 6/10","Your response accurately states that tea is the second most consumed beverage and correctly notes that water is first. This aligns perfectly with the key concept from the model answer. For clarity and confidence, you could omit the phrase ""I think.""

Score: 10/10",Tea
27/11/2025 03:24,27/11/2025 03:29,0,100,333,1,27/11/2025 03:29,R_8SqDkZOTas0yko1,anonymous,EN,1,5fd76b7d246a3705a25c9a94,286.387,288.51,290.063,2,,,,,,,,,,,5fd76b7d246a3705a25c9a94,Restudy,"According to legend, who was the mythical Chinese figure credited with discovering tea while searching the forest for edible grains and herbs?",Explain how tea was originally consumed in ancient China before it was primarily prepared as a drink.,Describe the change in tea preparation that occurred during the Tang Dynasty and led to the creation of matcha.,"What significant change to the standard form of tea occurred during China's Ming Dynasty, shifting away from the matcha-style preparation?","Besides tea, what were the other two essential Chinese export goods that gave the country significant economic power?","Explain the economic reason that prompted Great Britain to begin trading opium for Chinese tea, instead of its original payment method.","Following the First Opium War, what were two major concessions the defeated Qing Dynasty made to the British?",How did the British East India Company ultimately break China's long-held monopoly on tea cultivation?,What was the primary motivation for the development of the fast-sailing clipper ship in the 19th century?,What is tea's ranking as the most consumed beverage in the world today?,"The mythical figure credited with discovering tea is the divine farmer, Shennong.","Originally, tea was consumed as a food; it was either eaten as a vegetable or cooked with grain porridge.","The standard method became heating tea, packing it into portable cakes, grinding it into powder, and then mixing it with hot water to create a frothy beverage.","During the Ming Dynasty, the Chinese emperor shifted the standard from tea pressed into cakes to using loose-leaf tea.",The other two essential Chinese export goods that gave the country economic power were porcelain and silk.,"Britain initially paid for Chinese tea with silver, but this proved to be too expensive, so they switched to trading opium as a more sustainable alternative.",The Qing Dynasty ceded the port of Hong Kong to the British and was forced to resume trading on unfavorable terms.,"They commissioned botanist Robert Fortune to secretly smuggle tea trees and experienced tea workers out of China and into Darjeeling, India.","The clipper ship was developed due to intense competition between Western trading companies, who were racing to transport tea to Europe first to maximize profits.","Tea is the second most consumed beverage in the world, after water.",This is a direct recall of a key figure and the foundational legend mentioned at the start of the video.,"This question requires the learner to explain the initial state of tea consumption, demonstrating comprehension of its evolution from a food to a beverage.","This question asks for an explanation of a specific historical process mentioned in the video, testing the learner's understanding of how a particular type of tea was made.","This question checks for understanding of a key transition in tea's physical form and preparation method, which marked a major turning point in its history.",This question tests the recall of specific factual information about China's key exports during the period it held a monopoly on tea.,This question tests the learner's ability to analyze the cause (high cost of silver) for a significant effect (the switch to the opium trade).,This question requires the learner to recall and connect the outcome of a major conflict to its specific political and economic consequences for China.,This question requires the learner to analyze the specific actions (industrial espionage) taken by a key entity to overcome a major economic obstacle (China's monopoly).,This requires the learner to analyze the cause-and-effect relationship between economic competition in the tea trade and a specific technological innovation.,"This tests the recall of a concluding fact that puts the entire history of tea into a modern context, demonstrating the beverage's global significance.",,,,,,,,,,,Tea
27/11/2025 03:15,27/11/2025 03:29,0,100,830,1,27/11/2025 03:29,R_2bH48taAAxxRnM0,anonymous,EN,0.800000012,672b24390a9c197eb61f2f72,,,,,the mythical chinese figure was a philopsher,"tea was originally consumed as food , the leaves where eaten",the change in tea preparation was that leaves where added to hot water to infuse the flavour of the leaves to make a drink,the leaves where dried and ground up to form leaves which made infusion better when hot water was added.,two other chinese exports where ming china and rice,"Great Britain did not have the despoable cash to continue paying for tea , and by trading opium they had something the chinese people wanted due to its addictive nature",the two major concessions made to the British where the rights to distrubute tea across the world and trade concessions.,"they employed a botanist who serectly removed tea plants and worker from China to india to start there own growing , farming of tea ",it was a ship designed for speed over long trade routes to allow them to transport tea quickly from China,the ranking for the most consumed beverage for tea would be first.,672b24390a9c197eb61f2f72,SAQ,"According to legend, who was the mythical Chinese figure credited with discovering tea while searching the forest for edible grains and herbs?",Explain how tea was originally consumed in ancient China before it was primarily prepared as a drink.,Describe the change in tea preparation that occurred during the Tang Dynasty and led to the creation of matcha.,"What significant change to the standard form of tea occurred during China's Ming Dynasty, shifting away from the matcha-style preparation?","Besides tea, what were the other two essential Chinese export goods that gave the country significant economic power?","Explain the economic reason that prompted Great Britain to begin trading opium for Chinese tea, instead of its original payment method.","Following the First Opium War, what were two major concessions the defeated Qing Dynasty made to the British?",How did the British East India Company ultimately break China's long-held monopoly on tea cultivation?,What was the primary motivation for the development of the fast-sailing clipper ship in the 19th century?,What is tea's ranking as the most consumed beverage in the world today?,"The mythical figure credited with discovering tea is the divine farmer, Shennong.","Originally, tea was consumed as a food; it was either eaten as a vegetable or cooked with grain porridge.","The standard method became heating tea, packing it into portable cakes, grinding it into powder, and then mixing it with hot water to create a frothy beverage.","During the Ming Dynasty, the Chinese emperor shifted the standard from tea pressed into cakes to using loose-leaf tea.",The other two essential Chinese export goods that gave the country economic power were porcelain and silk.,"Britain initially paid for Chinese tea with silver, but this proved to be too expensive, so they switched to trading opium as a more sustainable alternative.",The Qing Dynasty ceded the port of Hong Kong to the British and was forced to resume trading on unfavorable terms.,"They commissioned botanist Robert Fortune to secretly smuggle tea trees and experienced tea workers out of China and into Darjeeling, India.","The clipper ship was developed due to intense competition between Western trading companies, who were racing to transport tea to Europe first to maximize profits.","Tea is the second most consumed beverage in the world, after water.",This is a direct recall of a key figure and the foundational legend mentioned at the start of the video.,"This question requires the learner to explain the initial state of tea consumption, demonstrating comprehension of its evolution from a food to a beverage.","This question asks for an explanation of a specific historical process mentioned in the video, testing the learner's understanding of how a particular type of tea was made.","This question checks for understanding of a key transition in tea's physical form and preparation method, which marked a major turning point in its history.",This question tests the recall of specific factual information about China's key exports during the period it held a monopoly on tea.,This question tests the learner's ability to analyze the cause (high cost of silver) for a significant effect (the switch to the opium trade).,This question requires the learner to recall and connect the outcome of a major conflict to its specific political and economic consequences for China.,This question requires the learner to analyze the specific actions (industrial espionage) taken by a key entity to overcome a major economic obstacle (China's monopoly).,This requires the learner to analyze the cause-and-effect relationship between economic competition in the tea trade and a specific technological innovation.,"This tests the recall of a concluding fact that puts the entire history of tea into a modern context, demonstrating the beverage's global significance.","Your answer recognizes that the legend involves a mythical Chinese figure, which is a start. However, the key detail is the figure’s identity: it was Shennong, the Divine Farmer, not a philosopher. Remember he’s associated with agriculture and herbal medicine, searching forests for edible plants.

Score: 2/10","You captured the core idea that tea was first consumed as a food and the leaves were eaten. To make your answer more complete, add that tea was also cooked with grain porridge (and eaten like a vegetable) before becoming primarily a beverage.

Score: 8/10","The response is too generic and does not reflect the specific Tang-era method that led to matcha. While you mention using hot water, the key change was pressing tea into cakes, then grinding it into a fine powder and whisking it into hot water to make a frothy drink. To improve, include the steps of cake-pressing, powdering, and whisking/frothing, which distinguish this method from simple steeping.

Score: 2/10","Your response mentions infusion with hot water, which is relevant to tea preparation. However, it reverses the key change: during the Ming Dynasty, the standard moved away from ground/powdered tea toward brewing loose whole leaves instead of pressed cakes and whisked powder. To improve, clearly state that the shift was to loose-leaf steeping rather than grinding tea.

Score: 2/10","The response identifies “Ming china,” which can be interpreted as porcelain—a key export—so that part is on the right track. However, “rice” is not one of the two essential exports highlighted; the correct pair is porcelain and silk. Review China’s high-value trade goods, and be careful not to confuse “Ming China” (the dynasty) with “china” (porcelain).

Score: 4/10","Your answer captures the core idea that Britain faced financial strain paying for tea and switched to opium because it was in demand. However, it’s a bit vague: the key point is that paying in silver was too costly and unsustainable, draining British silver reserves. To improve, explicitly mention silver as the original payment and frame the switch as an economic solution to a trade imbalance, rather than focusing on addiction. 
Score: 7/10","The response shows some awareness that the British gained trade advantages, which aligns with the idea of unfavorable trade terms. However, it misses a major concession: the cession of Hong Kong to Britain. Also, “rights to distribute tea across the world” is inaccurate; the treaty opened several Chinese ports and imposed unequal terms rather than granting a global tea monopoly.

Score: 3/10","Your answer captures the key idea: the Company used a botanist to secretly move tea plants and skilled labor from China to India to start their own cultivation. To strengthen it, name the botanist (Robert Fortune) and the specific region (Darjeeling), and note that this industrial espionage helped break China’s monopoly. Polishing the spelling and phrasing would also improve clarity.

Score: 9/10","The response correctly notes that clippers were built for speed to move tea quickly from China, which is an important part of the context. However, it misses the primary motivation: the intense competition among Western trading companies to be first to bring tea to Europe and capture higher profits. To improve, mention the profit-driven race between merchants as the key driver behind the innovation.

Score: 6/10","The response is incorrect. Tea is the second most consumed beverage in the world, after water. Review the concluding fact from the video that emphasizes tea’s global reach while noting that water remains number one.

Score: 1/10",Tea
27/11/2025 03:25,27/11/2025 03:31,0,100,349,1,27/11/2025 03:31,R_8I0FyCjy0Q1Nts0,anonymous,EN,1,5cdd4befd3651c001950e539,0,0,328.014,0,,,,,,,,,,,5cdd4befd3651c001950e539,Restudy,"According to legend, who was the mythical Chinese figure credited with discovering tea while searching the forest for edible grains and herbs?",Explain how tea was originally consumed in ancient China before it was primarily prepared as a drink.,Describe the change in tea preparation that occurred during the Tang Dynasty and led to the creation of matcha.,"What significant change to the standard form of tea occurred during China's Ming Dynasty, shifting away from the matcha-style preparation?","Besides tea, what were the other two essential Chinese export goods that gave the country significant economic power?","Explain the economic reason that prompted Great Britain to begin trading opium for Chinese tea, instead of its original payment method.","Following the First Opium War, what were two major concessions the defeated Qing Dynasty made to the British?",How did the British East India Company ultimately break China's long-held monopoly on tea cultivation?,What was the primary motivation for the development of the fast-sailing clipper ship in the 19th century?,What is tea's ranking as the most consumed beverage in the world today?,"The mythical figure credited with discovering tea is the divine farmer, Shennong.","Originally, tea was consumed as a food; it was either eaten as a vegetable or cooked with grain porridge.","The standard method became heating tea, packing it into portable cakes, grinding it into powder, and then mixing it with hot water to create a frothy beverage.","During the Ming Dynasty, the Chinese emperor shifted the standard from tea pressed into cakes to using loose-leaf tea.",The other two essential Chinese export goods that gave the country economic power were porcelain and silk.,"Britain initially paid for Chinese tea with silver, but this proved to be too expensive, so they switched to trading opium as a more sustainable alternative.",The Qing Dynasty ceded the port of Hong Kong to the British and was forced to resume trading on unfavorable terms.,"They commissioned botanist Robert Fortune to secretly smuggle tea trees and experienced tea workers out of China and into Darjeeling, India.","The clipper ship was developed due to intense competition between Western trading companies, who were racing to transport tea to Europe first to maximize profits.","Tea is the second most consumed beverage in the world, after water.",This is a direct recall of a key figure and the foundational legend mentioned at the start of the video.,"This question requires the learner to explain the initial state of tea consumption, demonstrating comprehension of its evolution from a food to a beverage.","This question asks for an explanation of a specific historical process mentioned in the video, testing the learner's understanding of how a particular type of tea was made.","This question checks for understanding of a key transition in tea's physical form and preparation method, which marked a major turning point in its history.",This question tests the recall of specific factual information about China's key exports during the period it held a monopoly on tea.,This question tests the learner's ability to analyze the cause (high cost of silver) for a significant effect (the switch to the opium trade).,This question requires the learner to recall and connect the outcome of a major conflict to its specific political and economic consequences for China.,This question requires the learner to analyze the specific actions (industrial espionage) taken by a key entity to overcome a major economic obstacle (China's monopoly).,This requires the learner to analyze the cause-and-effect relationship between economic competition in the tea trade and a specific technological innovation.,"This tests the recall of a concluding fact that puts the entire history of tea into a modern context, demonstrating the beverage's global significance.",,,,,,,,,,,Tea
27/11/2025 03:27,27/11/2025 03:32,0,100,311,1,27/11/2025 03:32,R_2ls22dUQ34Ms1BT,anonymous,EN,0.800000012,59d3ef2c078dbe000195117f,2.662,292.564,293.54,3,,,,,,,,,,,59d3ef2c078dbe000195117f,Restudy,"According to legend, who was the mythical Chinese figure credited with discovering tea while searching the forest for edible grains and herbs?",Explain how tea was originally consumed in ancient China before it was primarily prepared as a drink.,Describe the change in tea preparation that occurred during the Tang Dynasty and led to the creation of matcha.,"What significant change to the standard form of tea occurred during China's Ming Dynasty, shifting away from the matcha-style preparation?","Besides tea, what were the other two essential Chinese export goods that gave the country significant economic power?","Explain the economic reason that prompted Great Britain to begin trading opium for Chinese tea, instead of its original payment method.","Following the First Opium War, what were two major concessions the defeated Qing Dynasty made to the British?",How did the British East India Company ultimately break China's long-held monopoly on tea cultivation?,What was the primary motivation for the development of the fast-sailing clipper ship in the 19th century?,What is tea's ranking as the most consumed beverage in the world today?,"The mythical figure credited with discovering tea is the divine farmer, Shennong.","Originally, tea was consumed as a food; it was either eaten as a vegetable or cooked with grain porridge.","The standard method became heating tea, packing it into portable cakes, grinding it into powder, and then mixing it with hot water to create a frothy beverage.","During the Ming Dynasty, the Chinese emperor shifted the standard from tea pressed into cakes to using loose-leaf tea.",The other two essential Chinese export goods that gave the country economic power were porcelain and silk.,"Britain initially paid for Chinese tea with silver, but this proved to be too expensive, so they switched to trading opium as a more sustainable alternative.",The Qing Dynasty ceded the port of Hong Kong to the British and was forced to resume trading on unfavorable terms.,"They commissioned botanist Robert Fortune to secretly smuggle tea trees and experienced tea workers out of China and into Darjeeling, India.","The clipper ship was developed due to intense competition between Western trading companies, who were racing to transport tea to Europe first to maximize profits.","Tea is the second most consumed beverage in the world, after water.",This is a direct recall of a key figure and the foundational legend mentioned at the start of the video.,"This question requires the learner to explain the initial state of tea consumption, demonstrating comprehension of its evolution from a food to a beverage.","This question asks for an explanation of a specific historical process mentioned in the video, testing the learner's understanding of how a particular type of tea was made.","This question checks for understanding of a key transition in tea's physical form and preparation method, which marked a major turning point in its history.",This question tests the recall of specific factual information about China's key exports during the period it held a monopoly on tea.,This question tests the learner's ability to analyze the cause (high cost of silver) for a significant effect (the switch to the opium trade).,This question requires the learner to recall and connect the outcome of a major conflict to its specific political and economic consequences for China.,This question requires the learner to analyze the specific actions (industrial espionage) taken by a key entity to overcome a major economic obstacle (China's monopoly).,This requires the learner to analyze the cause-and-effect relationship between economic competition in the tea trade and a specific technological innovation.,"This tests the recall of a concluding fact that puts the entire history of tea into a modern context, demonstrating the beverage's global significance.",,,,,,,,,,,Tea
27/11/2025 03:27,27/11/2025 03:32,0,100,309,1,27/11/2025 03:33,R_2HitoApotzGQxls,anonymous,EN,1,6329c13285c93cafdf51ed77,9.843,9.843,287.397,1,,,,,,,,,,,6329c13285c93cafdf51ed77,Restudy,"According to legend, who was the mythical Chinese figure credited with discovering tea while searching the forest for edible grains and herbs?",Explain how tea was originally consumed in ancient China before it was primarily prepared as a drink.,Describe the change in tea preparation that occurred during the Tang Dynasty and led to the creation of matcha.,"What significant change to the standard form of tea occurred during China's Ming Dynasty, shifting away from the matcha-style preparation?","Besides tea, what were the other two essential Chinese export goods that gave the country significant economic power?","Explain the economic reason that prompted Great Britain to begin trading opium for Chinese tea, instead of its original payment method.","Following the First Opium War, what were two major concessions the defeated Qing Dynasty made to the British?",How did the British East India Company ultimately break China's long-held monopoly on tea cultivation?,What was the primary motivation for the development of the fast-sailing clipper ship in the 19th century?,What is tea's ranking as the most consumed beverage in the world today?,"The mythical figure credited with discovering tea is the divine farmer, Shennong.","Originally, tea was consumed as a food; it was either eaten as a vegetable or cooked with grain porridge.","The standard method became heating tea, packing it into portable cakes, grinding it into powder, and then mixing it with hot water to create a frothy beverage.","During the Ming Dynasty, the Chinese emperor shifted the standard from tea pressed into cakes to using loose-leaf tea.",The other two essential Chinese export goods that gave the country economic power were porcelain and silk.,"Britain initially paid for Chinese tea with silver, but this proved to be too expensive, so they switched to trading opium as a more sustainable alternative.",The Qing Dynasty ceded the port of Hong Kong to the British and was forced to resume trading on unfavorable terms.,"They commissioned botanist Robert Fortune to secretly smuggle tea trees and experienced tea workers out of China and into Darjeeling, India.","The clipper ship was developed due to intense competition between Western trading companies, who were racing to transport tea to Europe first to maximize profits.","Tea is the second most consumed beverage in the world, after water.",This is a direct recall of a key figure and the foundational legend mentioned at the start of the video.,"This question requires the learner to explain the initial state of tea consumption, demonstrating comprehension of its evolution from a food to a beverage.","This question asks for an explanation of a specific historical process mentioned in the video, testing the learner's understanding of how a particular type of tea was made.","This question checks for understanding of a key transition in tea's physical form and preparation method, which marked a major turning point in its history.",This question tests the recall of specific factual information about China's key exports during the period it held a monopoly on tea.,This question tests the learner's ability to analyze the cause (high cost of silver) for a significant effect (the switch to the opium trade).,This question requires the learner to recall and connect the outcome of a major conflict to its specific political and economic consequences for China.,This question requires the learner to analyze the specific actions (industrial espionage) taken by a key entity to overcome a major economic obstacle (China's monopoly).,This requires the learner to analyze the cause-and-effect relationship between economic competition in the tea trade and a specific technological innovation.,"This tests the recall of a concluding fact that puts the entire history of tea into a modern context, demonstrating the beverage's global significance.",,,,,,,,,,,Tea
27/11/2025 03:26,27/11/2025 03:37,0,100,629,1,27/11/2025 03:37,R_2qvMYMbGpQKlrbl,anonymous,EN,1,5ca5fb084f3e9d0015440d1d,,,,,I don't know,It was consumed by eating as a vegetable,It changed from being used as a vegetable to be eaten to being dried and powdered and formed into cakes used to make drinks,change to crushed dried loose leaves,silk and rice,shortage of silver,allowed them to grow and export tea ,By growing their own in India,To transport tea to Europe for trade,Tea ranks second behind water,5ca5fb084f3e9d0015440d1d,SAQ,"According to legend, who was the mythical Chinese figure credited with discovering tea while searching the forest for edible grains and herbs?",Explain how tea was originally consumed in ancient China before it was primarily prepared as a drink.,Describe the change in tea preparation that occurred during the Tang Dynasty and led to the creation of matcha.,"What significant change to the standard form of tea occurred during China's Ming Dynasty, shifting away from the matcha-style preparation?","Besides tea, what were the other two essential Chinese export goods that gave the country significant economic power?","Explain the economic reason that prompted Great Britain to begin trading opium for Chinese tea, instead of its original payment method.","Following the First Opium War, what were two major concessions the defeated Qing Dynasty made to the British?",How did the British East India Company ultimately break China's long-held monopoly on tea cultivation?,What was the primary motivation for the development of the fast-sailing clipper ship in the 19th century?,What is tea's ranking as the most consumed beverage in the world today?,"The mythical figure credited with discovering tea is the divine farmer, Shennong.","Originally, tea was consumed as a food; it was either eaten as a vegetable or cooked with grain porridge.","The standard method became heating tea, packing it into portable cakes, grinding it into powder, and then mixing it with hot water to create a frothy beverage.","During the Ming Dynasty, the Chinese emperor shifted the standard from tea pressed into cakes to using loose-leaf tea.",The other two essential Chinese export goods that gave the country economic power were porcelain and silk.,"Britain initially paid for Chinese tea with silver, but this proved to be too expensive, so they switched to trading opium as a more sustainable alternative.",The Qing Dynasty ceded the port of Hong Kong to the British and was forced to resume trading on unfavorable terms.,"They commissioned botanist Robert Fortune to secretly smuggle tea trees and experienced tea workers out of China and into Darjeeling, India.","The clipper ship was developed due to intense competition between Western trading companies, who were racing to transport tea to Europe first to maximize profits.","Tea is the second most consumed beverage in the world, after water.",This is a direct recall of a key figure and the foundational legend mentioned at the start of the video.,"This question requires the learner to explain the initial state of tea consumption, demonstrating comprehension of its evolution from a food to a beverage.","This question asks for an explanation of a specific historical process mentioned in the video, testing the learner's understanding of how a particular type of tea was made.","This question checks for understanding of a key transition in tea's physical form and preparation method, which marked a major turning point in its history.",This question tests the recall of specific factual information about China's key exports during the period it held a monopoly on tea.,This question tests the learner's ability to analyze the cause (high cost of silver) for a significant effect (the switch to the opium trade).,This question requires the learner to recall and connect the outcome of a major conflict to its specific political and economic consequences for China.,This question requires the learner to analyze the specific actions (industrial espionage) taken by a key entity to overcome a major economic obstacle (China's monopoly).,This requires the learner to analyze the cause-and-effect relationship between economic competition in the tea trade and a specific technological innovation.,"This tests the recall of a concluding fact that puts the entire history of tea into a modern context, demonstrating the beverage's global significance.","The response doesn’t capture any of the key concepts. According to the legend, the figure is Shennong, the “Divine Farmer,” credited with discovering tea while testing herbs. Review the opening of the video and try a mnemonic like “Shennong sips” to remember his role.

Score: 0/10","Your response correctly notes that tea was originally consumed as a food by being eaten like a vegetable. However, it misses the other key form: tea was also cooked into grain porridge. Including both ways would give a more complete explanation of its early consumption.

Score: 6/10","Your answer captures the main shift: tea moved from being eaten to being processed into cakes and powdered for making beverages. However, the sequence and preparation details are a bit off—during the Tang, leaves were heated/steamed and pressed into cakes, then ground into powder when used, and mixed with hot water to make a frothy drink. Mentioning the whisked, frothy preparation with hot water would make your answer more complete.

Score: 7/10","Your answer captures the key idea: the shift to using loose, dried tea leaves rather than powdered/matcha-style preparation. This shows you understand the main change during the Ming Dynasty.

To improve, explicitly contrast it with the earlier pressed cake/powdered form and note that the new standard was brewing/infusing loose leaves, not “crushed.” Clarifying that distinction would make your response more precise.

Score: 8/10","Partial understanding. You correctly identified silk, but rice is not one of the key export goods referenced; the other was porcelain (fine ceramics). Rice was important domestically, but porcelain—often called “china”—was a major driver of China’s global trade influence alongside silk.

Score: 5/10","Your answer correctly points to the core economic issue: silver was scarce, making silver payments unsustainable. However, it’s too brief and doesn’t explain that Britain had been paying in silver, that the high cost/outflow made this untenable, and that this led them to trade opium instead. Add those connections for a fuller explanation.

Score: 6/10","The response shows a vague sense that trade was affected, but it does not identify the two key concessions. After the First Opium War, the Qing ceded Hong Kong to Britain and opened treaty ports under unequal terms (including low tariffs and special rights), which is broader than just allowing tea exports. To improve, name both concessions explicitly and avoid inaccuracies like “allowing them to grow tea” in China.

Score: 2/10","Your answer captures the main idea that the British broke China’s monopoly by cultivating tea in India, which is a key step. However, it leaves out how they achieved this: the East India Company used industrial espionage, notably sending Robert Fortune to smuggle tea plants, seeds, and skilled workers from China, particularly to regions like Darjeeling. Mentioning these specifics would show a fuller understanding of the strategy involved.

Score: 6/10","Your response correctly links clippers to the tea trade between Asia and Europe. However, it misses the primary motivation: intense competition to be the first to deliver tea, which would maximize profits and thus drove the need for speed. To improve, mention the race/competition and profit incentive as the key reasons for developing fast-sailing clippers.

Score: 4/10","Your response is precise and captures the key fact: tea is the second most consumed beverage, after water. It aligns perfectly with the model answer and conveys the global significance succinctly. Nicely done.

Score: 10/10",Tea
27/11/2025 03:25,27/11/2025 03:38,0,100,792,1,27/11/2025 03:38,R_8a3Z6x1tYS4JCCJ,anonymous,EN,1,5c72af4a04d7bc00013899b3,,,,,the Yan Emperor.,The leaves were chewed and eaten.,The tea leaves were stewed and mashed.,"Tea wasn't made in the cakes, loose leaves were used instead.",Silk and rice,"Because there was a surfeit of it and it caused dependency amongst the Chinese, giving Britain an advantage.",Hong Kong became British for a period of time. Tea plants were taken and plantations grew up in India.,Tea plants had been taken from China and plantations were started in India.,They could get the tea to its destination much faster and in better condition.,Number two after water.,5c72af4a04d7bc00013899b3,SAQ,"According to legend, who was the mythical Chinese figure credited with discovering tea while searching the forest for edible grains and herbs?",Explain how tea was originally consumed in ancient China before it was primarily prepared as a drink.,Describe the change in tea preparation that occurred during the Tang Dynasty and led to the creation of matcha.,"What significant change to the standard form of tea occurred during China's Ming Dynasty, shifting away from the matcha-style preparation?","Besides tea, what were the other two essential Chinese export goods that gave the country significant economic power?","Explain the economic reason that prompted Great Britain to begin trading opium for Chinese tea, instead of its original payment method.","Following the First Opium War, what were two major concessions the defeated Qing Dynasty made to the British?",How did the British East India Company ultimately break China's long-held monopoly on tea cultivation?,What was the primary motivation for the development of the fast-sailing clipper ship in the 19th century?,What is tea's ranking as the most consumed beverage in the world today?,"The mythical figure credited with discovering tea is the divine farmer, Shennong.","Originally, tea was consumed as a food; it was either eaten as a vegetable or cooked with grain porridge.","The standard method became heating tea, packing it into portable cakes, grinding it into powder, and then mixing it with hot water to create a frothy beverage.","During the Ming Dynasty, the Chinese emperor shifted the standard from tea pressed into cakes to using loose-leaf tea.",The other two essential Chinese export goods that gave the country economic power were porcelain and silk.,"Britain initially paid for Chinese tea with silver, but this proved to be too expensive, so they switched to trading opium as a more sustainable alternative.",The Qing Dynasty ceded the port of Hong Kong to the British and was forced to resume trading on unfavorable terms.,"They commissioned botanist Robert Fortune to secretly smuggle tea trees and experienced tea workers out of China and into Darjeeling, India.","The clipper ship was developed due to intense competition between Western trading companies, who were racing to transport tea to Europe first to maximize profits.","Tea is the second most consumed beverage in the world, after water.",This is a direct recall of a key figure and the foundational legend mentioned at the start of the video.,"This question requires the learner to explain the initial state of tea consumption, demonstrating comprehension of its evolution from a food to a beverage.","This question asks for an explanation of a specific historical process mentioned in the video, testing the learner's understanding of how a particular type of tea was made.","This question checks for understanding of a key transition in tea's physical form and preparation method, which marked a major turning point in its history.",This question tests the recall of specific factual information about China's key exports during the period it held a monopoly on tea.,This question tests the learner's ability to analyze the cause (high cost of silver) for a significant effect (the switch to the opium trade).,This question requires the learner to recall and connect the outcome of a major conflict to its specific political and economic consequences for China.,This question requires the learner to analyze the specific actions (industrial espionage) taken by a key entity to overcome a major economic obstacle (China's monopoly).,This requires the learner to analyze the cause-and-effect relationship between economic competition in the tea trade and a specific technological innovation.,"This tests the recall of a concluding fact that puts the entire history of tea into a modern context, demonstrating the beverage's global significance.","Your answer is essentially correct: the Yan Emperor (Yandi) is another name/title for Shennong, the Divine Farmer credited with discovering tea. To align with the phrasing in the video, you could mention Shennong by name or note that Yandi and Shennong refer to the same figure.

Score: 10/10","The response captures the main idea that tea was initially consumed as a food rather than a beverage. However, it omits important details that it was treated like a vegetable and was also cooked into grain porridge, not just chewed raw. Including these specific forms of consumption would make the answer more complete.

Score: 7/10","You picked up that heat and physical processing were involved, which is a start. However, the key change was steaming and pressing tea into cakes, then grinding the dried tea into a fine powder and whisking it with hot water to make a frothy drink—this powdered, whisked method (not stewing or mashing) led to matcha. Mentioning the portable cakes and the frothy powdered preparation would make your answer accurate.

Score: 3/10","Your response accurately captures the key change: moving from compressed tea cakes to loose-leaf tea. Nice job stating the shift clearly. For a bit more context, you could note that this move marked the end of the whisked, matcha-style preparation as the standard.

Score: 10/10","Your answer correctly identifies silk as one of the key exports, showing some understanding of China’s major trade goods. However, rice was not a primary export that gave China significant economic power; the other key export was porcelain. Review the common trio of Chinese exports: tea, silk, and porcelain.

Score: 5/10","The response identifies that opium created dependency and gave Britain leverage, and hints at an abundant supply, which are relevant context points. However, it misses the core economic reason: Britain found paying for tea with silver too costly and unsustainable, so it turned to opium (produced in British India) to stop the silver drain and balance trade. To improve, explicitly state that the high cost and outflow of silver prompted the switch to opium as a more sustainable payment method.

Score: 3/10","You correctly identified the cession of Hong Kong. However, the second major concession was not about tea plants; it was that China had to open treaty ports and accept unequal trade terms (e.g., indemnities, fixed tariffs). Mentioning those trade concessions would fully address the question.

Score: 5/10","Your answer captures the core idea that tea plants were taken from China and grown in India, which is central to how the monopoly was broken. However, it misses key details: the role of the British East India Company, the clandestine nature of the operation, Robert Fortune’s involvement, and the transfer of skilled tea workers to places like Darjeeling. Adding these specifics would show a fuller understanding of the industrial espionage involved.

Score: 6/10","Your response recognizes that clippers were designed for speed and to preserve tea quality, which are important outcomes. However, it misses the primary motivation: intense commercial competition to be first to market in Europe and capture higher profits. To improve, explicitly link the faster delivery to the competitive “tea races” and profit incentives driving the innovation.

Score: 5/10","Accurate and concise—your answer correctly identifies tea as the second most consumed beverage after water. To be even clearer, you could say “second most consumed beverage in the world,” but your phrasing conveys the essential idea. 
Score: 10/10",Tea
27/11/2025 03:33,27/11/2025 03:38,0,100,311,1,27/11/2025 03:38,R_8kLhdVI6jkPM1lW,anonymous,EN,0.800000012,62b055a21e169809861b173d,2.291,297.483,299.801,3,,,,,,,,,,,62b055a21e169809861b173d,Restudy,"According to legend, who was the mythical Chinese figure credited with discovering tea while searching the forest for edible grains and herbs?",Explain how tea was originally consumed in ancient China before it was primarily prepared as a drink.,Describe the change in tea preparation that occurred during the Tang Dynasty and led to the creation of matcha.,"What significant change to the standard form of tea occurred during China's Ming Dynasty, shifting away from the matcha-style preparation?","Besides tea, what were the other two essential Chinese export goods that gave the country significant economic power?","Explain the economic reason that prompted Great Britain to begin trading opium for Chinese tea, instead of its original payment method.","Following the First Opium War, what were two major concessions the defeated Qing Dynasty made to the British?",How did the British East India Company ultimately break China's long-held monopoly on tea cultivation?,What was the primary motivation for the development of the fast-sailing clipper ship in the 19th century?,What is tea's ranking as the most consumed beverage in the world today?,"The mythical figure credited with discovering tea is the divine farmer, Shennong.","Originally, tea was consumed as a food; it was either eaten as a vegetable or cooked with grain porridge.","The standard method became heating tea, packing it into portable cakes, grinding it into powder, and then mixing it with hot water to create a frothy beverage.","During the Ming Dynasty, the Chinese emperor shifted the standard from tea pressed into cakes to using loose-leaf tea.",The other two essential Chinese export goods that gave the country economic power were porcelain and silk.,"Britain initially paid for Chinese tea with silver, but this proved to be too expensive, so they switched to trading opium as a more sustainable alternative.",The Qing Dynasty ceded the port of Hong Kong to the British and was forced to resume trading on unfavorable terms.,"They commissioned botanist Robert Fortune to secretly smuggle tea trees and experienced tea workers out of China and into Darjeeling, India.","The clipper ship was developed due to intense competition between Western trading companies, who were racing to transport tea to Europe first to maximize profits.","Tea is the second most consumed beverage in the world, after water.",This is a direct recall of a key figure and the foundational legend mentioned at the start of the video.,"This question requires the learner to explain the initial state of tea consumption, demonstrating comprehension of its evolution from a food to a beverage.","This question asks for an explanation of a specific historical process mentioned in the video, testing the learner's understanding of how a particular type of tea was made.","This question checks for understanding of a key transition in tea's physical form and preparation method, which marked a major turning point in its history.",This question tests the recall of specific factual information about China's key exports during the period it held a monopoly on tea.,This question tests the learner's ability to analyze the cause (high cost of silver) for a significant effect (the switch to the opium trade).,This question requires the learner to recall and connect the outcome of a major conflict to its specific political and economic consequences for China.,This question requires the learner to analyze the specific actions (industrial espionage) taken by a key entity to overcome a major economic obstacle (China's monopoly).,This requires the learner to analyze the cause-and-effect relationship between economic competition in the tea trade and a specific technological innovation.,"This tests the recall of a concluding fact that puts the entire history of tea into a modern context, demonstrating the beverage's global significance.",,,,,,,,,,,Tea
27/11/2025 03:24,27/11/2025 03:39,0,100,924,1,27/11/2025 03:39,R_8H5Wa5Jr9wVkLiF,anonymous,EN,1,5eaec18fbb7b8901200d16dd,,,,,Emperor Shennong ,Tea leaves were used as a cooking ingredient and added to meals,"Ground tea was added to boiling water, but then the preparation changed and tea leaves were pressed into cakes/bricks and pieces broken off to whisk into boiling water",Putting ground tea into boiling water changed to steeping lose leaf tea ,Silk and porcelain ,Paying silver for tea became too expensive so Great Britain switched to trading opium,Signing over Hong Kong to the British and I can't remember the other one,"They sent in a spy/thief whole snuck into China, picked some tea trees and took them across the border into the Darjeeling region of India",To get to China as fast as possible to buy the tea before the competition did,tea is second in the rankings after plain water,5eaec18fbb7b8901200d16dd,SAQ,"According to legend, who was the mythical Chinese figure credited with discovering tea while searching the forest for edible grains and herbs?",Explain how tea was originally consumed in ancient China before it was primarily prepared as a drink.,Describe the change in tea preparation that occurred during the Tang Dynasty and led to the creation of matcha.,"What significant change to the standard form of tea occurred during China's Ming Dynasty, shifting away from the matcha-style preparation?","Besides tea, what were the other two essential Chinese export goods that gave the country significant economic power?","Explain the economic reason that prompted Great Britain to begin trading opium for Chinese tea, instead of its original payment method.","Following the First Opium War, what were two major concessions the defeated Qing Dynasty made to the British?",How did the British East India Company ultimately break China's long-held monopoly on tea cultivation?,What was the primary motivation for the development of the fast-sailing clipper ship in the 19th century?,What is tea's ranking as the most consumed beverage in the world today?,"The mythical figure credited with discovering tea is the divine farmer, Shennong.","Originally, tea was consumed as a food; it was either eaten as a vegetable or cooked with grain porridge.","The standard method became heating tea, packing it into portable cakes, grinding it into powder, and then mixing it with hot water to create a frothy beverage.","During the Ming Dynasty, the Chinese emperor shifted the standard from tea pressed into cakes to using loose-leaf tea.",The other two essential Chinese export goods that gave the country economic power were porcelain and silk.,"Britain initially paid for Chinese tea with silver, but this proved to be too expensive, so they switched to trading opium as a more sustainable alternative.",The Qing Dynasty ceded the port of Hong Kong to the British and was forced to resume trading on unfavorable terms.,"They commissioned botanist Robert Fortune to secretly smuggle tea trees and experienced tea workers out of China and into Darjeeling, India.","The clipper ship was developed due to intense competition between Western trading companies, who were racing to transport tea to Europe first to maximize profits.","Tea is the second most consumed beverage in the world, after water.",This is a direct recall of a key figure and the foundational legend mentioned at the start of the video.,"This question requires the learner to explain the initial state of tea consumption, demonstrating comprehension of its evolution from a food to a beverage.","This question asks for an explanation of a specific historical process mentioned in the video, testing the learner's understanding of how a particular type of tea was made.","This question checks for understanding of a key transition in tea's physical form and preparation method, which marked a major turning point in its history.",This question tests the recall of specific factual information about China's key exports during the period it held a monopoly on tea.,This question tests the learner's ability to analyze the cause (high cost of silver) for a significant effect (the switch to the opium trade).,This question requires the learner to recall and connect the outcome of a major conflict to its specific political and economic consequences for China.,This question requires the learner to analyze the specific actions (industrial espionage) taken by a key entity to overcome a major economic obstacle (China's monopoly).,This requires the learner to analyze the cause-and-effect relationship between economic competition in the tea trade and a specific technological innovation.,"This tests the recall of a concluding fact that puts the entire history of tea into a modern context, demonstrating the beverage's global significance.","Your answer is correct—Shennong is the legendary figure credited with discovering tea. Referring to him as ""Emperor Shennong"" is appropriate; you could also note he’s known as the “Divine Farmer” to align with the common epithet used in the legend. 

Score: 10/10","The response captures the core idea that tea was initially consumed as food rather than primarily as a beverage. Describing it as a cooking ingredient added to meals aligns with the historical use. To improve, mention specific forms like eating tea as a vegetable or cooking it into grain porridge to show fuller understanding of the early practices.

Score: 8/10","The response includes some relevant elements (pressed tea cakes/bricks and whisking with hot water), but it reverses the sequence and misses the key grinding step. In the Tang era, tea was steamed and pressed into cakes, then ground into a fine powder that was whisked with hot water to make a frothy drink—this powdered preparation is what led to matcha. Clarify that you don’t whisk chunks from a broken cake; the cake is first ground into powder.

Score: 4/10","Your answer correctly identifies the key shift: moving from ground/powdered tea to steeping loose-leaf tea, which matches the Ming Dynasty change. Nice job capturing the essence. For precision, you could note that earlier tea was often pressed into cakes and whisked (matcha-style), and fix the spelling to “loose leaf.”

Score: 8/10","The response is correct and matches the key concepts in the model answer, identifying silk and porcelain as the other major Chinese exports. It's concise and accurate. For polish, you could present it as a complete sentence. 

Score: 10/10","The response clearly states that paying with silver became too costly and that Britain shifted to trading opium, matching the key economic reasoning in the model answer. It’s concise and accurate. For even more depth, you could mention the strain of silver outflows and how opium provided a more sustainable way to obtain tea.

Score: 10/10","You correctly identified the ceding of Hong Kong, which was a major outcome of the First Opium War. The other key concession was that China had to accept unequal trade terms, including opening several ports to British merchants and operating under unfavorable conditions. Next time, try to recall that the war led to both territorial loss and forced trade concessions.

Score: 5/10","Your answer captures the core idea of industrial espionage and the smuggling of tea plants from China to Darjeeling, which is key to how the monopoly was broken. To improve, mention that the British East India Company hired Robert Fortune by name and that he also transferred skilled tea workers and processing knowledge, not just plants. Explicitly identifying the British East India Company would also strengthen the response.

Score: 8/10","The response correctly identifies economic competition in the tea trade and the need for speed. However, the key point was racing to deliver tea to Europe first to command higher prices, not to reach China first to buy it. Emphasizing the homeward race and profit motive would make it more accurate.

Score: 6/10","Your answer is accurate and concise, correctly stating that tea is the second most consumed beverage after water. It captures both the ranking and the comparison point. For polish, you could capitalize the sentence and explicitly include the word “beverage,” but your meaning is clear.

Score: 10/10",Tea
27/11/2025 03:29,27/11/2025 03:40,0,100,676,1,27/11/2025 03:40,R_2Lt9lMUz5J2aDn5,anonymous,EN,1,5ea59ffb9325e15853a82d84,,,,,Jeng,The leaves were consumed like a vegetable.,The making of tea became more of a ritual. Tea brewing where you mix the powder with warm water created matcha.,It was made into loose tea leaves no longer in a disc shape.,silk and rice,"The UK original paid for tea by Silver but when this became too expensive it decided to trade with China instead and exchanged opium for the tea,",Hong Kong,They used to buy the tea from China with silver and when this got too expensive they decided to trade instead. They traded tea from China for opium.,To ensure that it was quicker to get tea from China to other parts of the world as China had a monopoly on tea and it was popular on other regions.,It is ranked second in the world.,5ea59ffb9325e15853a82d84,SAQ,"According to legend, who was the mythical Chinese figure credited with discovering tea while searching the forest for edible grains and herbs?",Explain how tea was originally consumed in ancient China before it was primarily prepared as a drink.,Describe the change in tea preparation that occurred during the Tang Dynasty and led to the creation of matcha.,"What significant change to the standard form of tea occurred during China's Ming Dynasty, shifting away from the matcha-style preparation?","Besides tea, what were the other two essential Chinese export goods that gave the country significant economic power?","Explain the economic reason that prompted Great Britain to begin trading opium for Chinese tea, instead of its original payment method.","Following the First Opium War, what were two major concessions the defeated Qing Dynasty made to the British?",How did the British East India Company ultimately break China's long-held monopoly on tea cultivation?,What was the primary motivation for the development of the fast-sailing clipper ship in the 19th century?,What is tea's ranking as the most consumed beverage in the world today?,"The mythical figure credited with discovering tea is the divine farmer, Shennong.","Originally, tea was consumed as a food; it was either eaten as a vegetable or cooked with grain porridge.","The standard method became heating tea, packing it into portable cakes, grinding it into powder, and then mixing it with hot water to create a frothy beverage.","During the Ming Dynasty, the Chinese emperor shifted the standard from tea pressed into cakes to using loose-leaf tea.",The other two essential Chinese export goods that gave the country economic power were porcelain and silk.,"Britain initially paid for Chinese tea with silver, but this proved to be too expensive, so they switched to trading opium as a more sustainable alternative.",The Qing Dynasty ceded the port of Hong Kong to the British and was forced to resume trading on unfavorable terms.,"They commissioned botanist Robert Fortune to secretly smuggle tea trees and experienced tea workers out of China and into Darjeeling, India.","The clipper ship was developed due to intense competition between Western trading companies, who were racing to transport tea to Europe first to maximize profits.","Tea is the second most consumed beverage in the world, after water.",This is a direct recall of a key figure and the foundational legend mentioned at the start of the video.,"This question requires the learner to explain the initial state of tea consumption, demonstrating comprehension of its evolution from a food to a beverage.","This question asks for an explanation of a specific historical process mentioned in the video, testing the learner's understanding of how a particular type of tea was made.","This question checks for understanding of a key transition in tea's physical form and preparation method, which marked a major turning point in its history.",This question tests the recall of specific factual information about China's key exports during the period it held a monopoly on tea.,This question tests the learner's ability to analyze the cause (high cost of silver) for a significant effect (the switch to the opium trade).,This question requires the learner to recall and connect the outcome of a major conflict to its specific political and economic consequences for China.,This question requires the learner to analyze the specific actions (industrial espionage) taken by a key entity to overcome a major economic obstacle (China's monopoly).,This requires the learner to analyze the cause-and-effect relationship between economic competition in the tea trade and a specific technological innovation.,"This tests the recall of a concluding fact that puts the entire history of tea into a modern context, demonstrating the beverage's global significance.","The response does not identify the correct legendary figure. According to the video, the myth credits Shennong (the “Divine Farmer”) with discovering tea while seeking edible plants. Review that origin story and try to remember the title “Divine Farmer” to link it to Shennong’s name.

Score: 0/10","Your response correctly identifies that tea was originally consumed as a food, specifically eaten like a vegetable. To be more complete, you should also mention that it was cooked into grain porridge. Including both forms would fully capture its early uses before it became a beverage.

Score: 8/10","Your answer captures the key idea that matcha comes from mixing powdered tea with water. However, it misses important steps of the Tang-era method: tea was steamed and compressed into cakes, then later ground into a fine powder and whisked with hot water to make a frothy drink. Also, the question focuses on the preparation process rather than the ritual aspect.

Score: 6/10","Your answer accurately captures the key shift: tea moved from compressed cakes/discs to loose-leaf form during the Ming period. Nice use of “disc shape” to reflect the earlier pressed form. For a bit more completeness, you could mention that this marked a move away from powdered, whisked preparation toward brewing loose leaves, which became the new standard.

Score: 9/10","Your answer correctly identifies silk as one of the key Chinese exports, which is a strength. However, the other essential export was porcelain (often called “china”), not rice; rice was primarily a domestic staple rather than a major driver of China’s global trade power in this context. Replace rice with porcelain to fully match the key concepts.

Score: 5/10","Your response accurately identifies the key points: Britain initially paid for tea with silver, found it too costly, and switched to trading opium for tea. This captures the economic cause-and-effect clearly. To improve, you could polish the phrasing and note that opium helped offset the silver drain by creating demand in China.

Score: 10/10","You correctly identified one key concession: the ceding of Hong Kong to Britain. However, the answer is incomplete because it omits the second major concession—China had to accept unfavorable trade terms, including reopening trade under conditions advantageous to the British. To improve, mention both Hong Kong and the imbalanced trade arrangements agreed to after the war.

Score: 5/10","Your answer shows awareness of the broader tea-opium-silver trade and its role in British-Chinese relations, which is historically relevant. However, it doesn’t address how the monopoly on tea cultivation was broken: the British East India Company sent Robert Fortune to covertly acquire tea plants, seeds, expertise, and workers from China and establish large-scale tea cultivation in India (e.g., Darjeeling/Assam). To improve, focus on the industrial espionage and the transfer of tea cultivation to India rather than the opium trade.

Score: 3/10","Your answer correctly notes the focus on speeding tea shipments from China and recognizes strong demand, which are relevant. However, it misses the key driver: the intense competition among Western trading companies racing to be the first to deliver tea to Europe to secure higher prices and profits. Mentioning the profit-driven race would make your explanation more precise.

Score: 6/10","Your answer correctly states the key fact: tea is the second most consumed beverage globally. For added clarity, you could note that it ranks just after water. Otherwise, this is concise and accurate.

Score: 10/10",Tea
27/11/2025 03:34,27/11/2025 03:41,0,100,411,1,27/11/2025 03:41,R_2gbaGz8m8OdmriV,anonymous,EN,1,5d7e3844fc5b4b0001bb0e1b,,,,,I don't remember,It was compressed into the form of cakes,The use of leaves and herbs,It transitioned to a leafy/herb texture which gave off a scent when combined with hot water,I don't remember,Trading silver for tea became too expensive and less lucrative ,I don't remember,"They sent a ""spy"" to collect tea from the fields whilst visiting China",It was a race to deliver and trade tea across the globe,"second place, behind water which is first",5d7e3844fc5b4b0001bb0e1b,SAQ,"According to legend, who was the mythical Chinese figure credited with discovering tea while searching the forest for edible grains and herbs?",Explain how tea was originally consumed in ancient China before it was primarily prepared as a drink.,Describe the change in tea preparation that occurred during the Tang Dynasty and led to the creation of matcha.,"What significant change to the standard form of tea occurred during China's Ming Dynasty, shifting away from the matcha-style preparation?","Besides tea, what were the other two essential Chinese export goods that gave the country significant economic power?","Explain the economic reason that prompted Great Britain to begin trading opium for Chinese tea, instead of its original payment method.","Following the First Opium War, what were two major concessions the defeated Qing Dynasty made to the British?",How did the British East India Company ultimately break China's long-held monopoly on tea cultivation?,What was the primary motivation for the development of the fast-sailing clipper ship in the 19th century?,What is tea's ranking as the most consumed beverage in the world today?,"The mythical figure credited with discovering tea is the divine farmer, Shennong.","Originally, tea was consumed as a food; it was either eaten as a vegetable or cooked with grain porridge.","The standard method became heating tea, packing it into portable cakes, grinding it into powder, and then mixing it with hot water to create a frothy beverage.","During the Ming Dynasty, the Chinese emperor shifted the standard from tea pressed into cakes to using loose-leaf tea.",The other two essential Chinese export goods that gave the country economic power were porcelain and silk.,"Britain initially paid for Chinese tea with silver, but this proved to be too expensive, so they switched to trading opium as a more sustainable alternative.",The Qing Dynasty ceded the port of Hong Kong to the British and was forced to resume trading on unfavorable terms.,"They commissioned botanist Robert Fortune to secretly smuggle tea trees and experienced tea workers out of China and into Darjeeling, India.","The clipper ship was developed due to intense competition between Western trading companies, who were racing to transport tea to Europe first to maximize profits.","Tea is the second most consumed beverage in the world, after water.",This is a direct recall of a key figure and the foundational legend mentioned at the start of the video.,"This question requires the learner to explain the initial state of tea consumption, demonstrating comprehension of its evolution from a food to a beverage.","This question asks for an explanation of a specific historical process mentioned in the video, testing the learner's understanding of how a particular type of tea was made.","This question checks for understanding of a key transition in tea's physical form and preparation method, which marked a major turning point in its history.",This question tests the recall of specific factual information about China's key exports during the period it held a monopoly on tea.,This question tests the learner's ability to analyze the cause (high cost of silver) for a significant effect (the switch to the opium trade).,This question requires the learner to recall and connect the outcome of a major conflict to its specific political and economic consequences for China.,This question requires the learner to analyze the specific actions (industrial espionage) taken by a key entity to overcome a major economic obstacle (China's monopoly).,This requires the learner to analyze the cause-and-effect relationship between economic competition in the tea trade and a specific technological innovation.,"This tests the recall of a concluding fact that puts the entire history of tea into a modern context, demonstrating the beverage's global significance.","Feedback: You didn’t provide any relevant information, so the key concept wasn’t captured. For next time, try to recall that the legendary discoverer of tea is Shennong, the “Divine Farmer,” who was said to be searching for edible herbs. Reviewing key names with flashcards could help with quick recall.

Score: 0/10","The response focuses on a processing/storage method (compressing into cakes) rather than how tea was actually consumed. The key concept is that early on tea was eaten as food—either as a vegetable or cooked into grain porridge—before it became primarily a drink. To improve, mention the edible uses rather than the form of preparation.

Score: 2/10","Your answer is too vague and doesn’t address the specific change in preparation during the Tang Dynasty. The key shift was pressing tea into cakes, then grinding it into a fine powder and whisking it with hot water to make a frothy drink—this process led to matcha. Try to mention the cake form, grinding to powder, and whisking with hot water.

Score: 1/10","Your response captures the main idea: tea shifted to brewing whole leaves in hot water rather than the earlier whisked, powdered style. To improve, explicitly state that the Ming Dynasty standardized loose-leaf tea and that this replaced pressed/powdered tea cakes (the matcha-style preparation). Naming “loose-leaf” and the move away from cakes would make your answer clearer.

Score: 7/10","The response does not provide any of the required information, so it does not demonstrate understanding of the key exports. For future recall, remember that alongside tea, silk and porcelain were major Chinese exports; a helpful cue is the “Silk Road” and “china” as a term for fine porcelain. Reviewing these associations can aid memory next time.

Score: 0/10","Your response correctly identifies the core economic reason: paying for tea with silver became too costly for Britain. This captures the main idea behind the shift. To improve, you could mention that Britain turned to opium specifically as a profitable substitute to stop the silver outflow and balance trade with China.

Score: 8/10","The response does not provide any of the required details. Key points to remember are that China ceded Hong Kong to Britain and had to accept unequal trade terms that opened ports to British commerce. Reviewing the Treaty of Nanjing and making a quick two-point summary could help with recall.

Score: 0/10","Your answer recognizes the key idea of industrial espionage—sending a “spy” to China—which is a good start. However, it misses crucial details: the British hired Robert Fortune, who smuggled tea plants, seeds, and processing expertise (including skilled workers) out of China and helped establish tea cultivation in India (e.g., Darjeeling). Including these specifics would show how the monopoly was actually broken.

Score: 5/10","Your answer captures the key idea of a competitive “race” to deliver tea, which is central to why clippers were developed. To improve, specify that the competition was primarily among Western trading companies to be first to bring tea to Europe, driven by the goal of maximizing profits. Including these details would make your response more precise.

Score: 7/10","Your answer is accurate and clearly states that tea is the second most consumed beverage after water. It’s concise and captures the key detail. For completeness, you could frame it as a full sentence referencing global consumption.

Score: 10/10",Tea
27/11/2025 03:37,27/11/2025 03:42,0,100,306,1,27/11/2025 03:42,R_2oteEpm157AMAXc,anonymous,EN,0.5,5ce65c39baebc8001939a3ab,0,0,287.603,0,,,,,,,,,,,5ce65c39baebc8001939a3ab,Restudy,"According to legend, who was the mythical Chinese figure credited with discovering tea while searching the forest for edible grains and herbs?",Explain how tea was originally consumed in ancient China before it was primarily prepared as a drink.,Describe the change in tea preparation that occurred during the Tang Dynasty and led to the creation of matcha.,"What significant change to the standard form of tea occurred during China's Ming Dynasty, shifting away from the matcha-style preparation?","Besides tea, what were the other two essential Chinese export goods that gave the country significant economic power?","Explain the economic reason that prompted Great Britain to begin trading opium for Chinese tea, instead of its original payment method.","Following the First Opium War, what were two major concessions the defeated Qing Dynasty made to the British?",How did the British East India Company ultimately break China's long-held monopoly on tea cultivation?,What was the primary motivation for the development of the fast-sailing clipper ship in the 19th century?,What is tea's ranking as the most consumed beverage in the world today?,"The mythical figure credited with discovering tea is the divine farmer, Shennong.","Originally, tea was consumed as a food; it was either eaten as a vegetable or cooked with grain porridge.","The standard method became heating tea, packing it into portable cakes, grinding it into powder, and then mixing it with hot water to create a frothy beverage.","During the Ming Dynasty, the Chinese emperor shifted the standard from tea pressed into cakes to using loose-leaf tea.",The other two essential Chinese export goods that gave the country economic power were porcelain and silk.,"Britain initially paid for Chinese tea with silver, but this proved to be too expensive, so they switched to trading opium as a more sustainable alternative.",The Qing Dynasty ceded the port of Hong Kong to the British and was forced to resume trading on unfavorable terms.,"They commissioned botanist Robert Fortune to secretly smuggle tea trees and experienced tea workers out of China and into Darjeeling, India.","The clipper ship was developed due to intense competition between Western trading companies, who were racing to transport tea to Europe first to maximize profits.","Tea is the second most consumed beverage in the world, after water.",This is a direct recall of a key figure and the foundational legend mentioned at the start of the video.,"This question requires the learner to explain the initial state of tea consumption, demonstrating comprehension of its evolution from a food to a beverage.","This question asks for an explanation of a specific historical process mentioned in the video, testing the learner's understanding of how a particular type of tea was made.","This question checks for understanding of a key transition in tea's physical form and preparation method, which marked a major turning point in its history.",This question tests the recall of specific factual information about China's key exports during the period it held a monopoly on tea.,This question tests the learner's ability to analyze the cause (high cost of silver) for a significant effect (the switch to the opium trade).,This question requires the learner to recall and connect the outcome of a major conflict to its specific political and economic consequences for China.,This question requires the learner to analyze the specific actions (industrial espionage) taken by a key entity to overcome a major economic obstacle (China's monopoly).,This requires the learner to analyze the cause-and-effect relationship between economic competition in the tea trade and a specific technological innovation.,"This tests the recall of a concluding fact that puts the entire history of tea into a modern context, demonstrating the beverage's global significance.",,,,,,,,,,,Tea
27/11/2025 03:40,27/11/2025 03:45,0,100,311,1,27/11/2025 03:45,R_2HoE3L4fQVC41wh,anonymous,EN,1,66def1304e37adb3349f648f,0,0,288.358,0,,,,,,,,,,,66def1304e37adb3349f648f,Restudy,"According to legend, who was the mythical Chinese figure credited with discovering tea while searching the forest for edible grains and herbs?",Explain how tea was originally consumed in ancient China before it was primarily prepared as a drink.,Describe the change in tea preparation that occurred during the Tang Dynasty and led to the creation of matcha.,"What significant change to the standard form of tea occurred during China's Ming Dynasty, shifting away from the matcha-style preparation?","Besides tea, what were the other two essential Chinese export goods that gave the country significant economic power?","Explain the economic reason that prompted Great Britain to begin trading opium for Chinese tea, instead of its original payment method.","Following the First Opium War, what were two major concessions the defeated Qing Dynasty made to the British?",How did the British East India Company ultimately break China's long-held monopoly on tea cultivation?,What was the primary motivation for the development of the fast-sailing clipper ship in the 19th century?,What is tea's ranking as the most consumed beverage in the world today?,"The mythical figure credited with discovering tea is the divine farmer, Shennong.","Originally, tea was consumed as a food; it was either eaten as a vegetable or cooked with grain porridge.","The standard method became heating tea, packing it into portable cakes, grinding it into powder, and then mixing it with hot water to create a frothy beverage.","During the Ming Dynasty, the Chinese emperor shifted the standard from tea pressed into cakes to using loose-leaf tea.",The other two essential Chinese export goods that gave the country economic power were porcelain and silk.,"Britain initially paid for Chinese tea with silver, but this proved to be too expensive, so they switched to trading opium as a more sustainable alternative.",The Qing Dynasty ceded the port of Hong Kong to the British and was forced to resume trading on unfavorable terms.,"They commissioned botanist Robert Fortune to secretly smuggle tea trees and experienced tea workers out of China and into Darjeeling, India.","The clipper ship was developed due to intense competition between Western trading companies, who were racing to transport tea to Europe first to maximize profits.","Tea is the second most consumed beverage in the world, after water.",This is a direct recall of a key figure and the foundational legend mentioned at the start of the video.,"This question requires the learner to explain the initial state of tea consumption, demonstrating comprehension of its evolution from a food to a beverage.","This question asks for an explanation of a specific historical process mentioned in the video, testing the learner's understanding of how a particular type of tea was made.","This question checks for understanding of a key transition in tea's physical form and preparation method, which marked a major turning point in its history.",This question tests the recall of specific factual information about China's key exports during the period it held a monopoly on tea.,This question tests the learner's ability to analyze the cause (high cost of silver) for a significant effect (the switch to the opium trade).,This question requires the learner to recall and connect the outcome of a major conflict to its specific political and economic consequences for China.,This question requires the learner to analyze the specific actions (industrial espionage) taken by a key entity to overcome a major economic obstacle (China's monopoly).,This requires the learner to analyze the cause-and-effect relationship between economic competition in the tea trade and a specific technological innovation.,"This tests the recall of a concluding fact that puts the entire history of tea into a modern context, demonstrating the beverage's global significance.",,,,,,,,,,,Tea
27/11/2025 03:40,27/11/2025 03:46,0,100,320,1,27/11/2025 03:46,R_2RHaS3HqZcWZAv7,anonymous,EN,1,5eb29fdddac67500082c1089,1.762,296.509,299.484,2,,,,,,,,,,,5eb29fdddac67500082c1089,Restudy,"According to legend, who was the mythical Chinese figure credited with discovering tea while searching the forest for edible grains and herbs?",Explain how tea was originally consumed in ancient China before it was primarily prepared as a drink.,Describe the change in tea preparation that occurred during the Tang Dynasty and led to the creation of matcha.,"What significant change to the standard form of tea occurred during China's Ming Dynasty, shifting away from the matcha-style preparation?","Besides tea, what were the other two essential Chinese export goods that gave the country significant economic power?","Explain the economic reason that prompted Great Britain to begin trading opium for Chinese tea, instead of its original payment method.","Following the First Opium War, what were two major concessions the defeated Qing Dynasty made to the British?",How did the British East India Company ultimately break China's long-held monopoly on tea cultivation?,What was the primary motivation for the development of the fast-sailing clipper ship in the 19th century?,What is tea's ranking as the most consumed beverage in the world today?,"The mythical figure credited with discovering tea is the divine farmer, Shennong.","Originally, tea was consumed as a food; it was either eaten as a vegetable or cooked with grain porridge.","The standard method became heating tea, packing it into portable cakes, grinding it into powder, and then mixing it with hot water to create a frothy beverage.","During the Ming Dynasty, the Chinese emperor shifted the standard from tea pressed into cakes to using loose-leaf tea.",The other two essential Chinese export goods that gave the country economic power were porcelain and silk.,"Britain initially paid for Chinese tea with silver, but this proved to be too expensive, so they switched to trading opium as a more sustainable alternative.",The Qing Dynasty ceded the port of Hong Kong to the British and was forced to resume trading on unfavorable terms.,"They commissioned botanist Robert Fortune to secretly smuggle tea trees and experienced tea workers out of China and into Darjeeling, India.","The clipper ship was developed due to intense competition between Western trading companies, who were racing to transport tea to Europe first to maximize profits.","Tea is the second most consumed beverage in the world, after water.",This is a direct recall of a key figure and the foundational legend mentioned at the start of the video.,"This question requires the learner to explain the initial state of tea consumption, demonstrating comprehension of its evolution from a food to a beverage.","This question asks for an explanation of a specific historical process mentioned in the video, testing the learner's understanding of how a particular type of tea was made.","This question checks for understanding of a key transition in tea's physical form and preparation method, which marked a major turning point in its history.",This question tests the recall of specific factual information about China's key exports during the period it held a monopoly on tea.,This question tests the learner's ability to analyze the cause (high cost of silver) for a significant effect (the switch to the opium trade).,This question requires the learner to recall and connect the outcome of a major conflict to its specific political and economic consequences for China.,This question requires the learner to analyze the specific actions (industrial espionage) taken by a key entity to overcome a major economic obstacle (China's monopoly).,This requires the learner to analyze the cause-and-effect relationship between economic competition in the tea trade and a specific technological innovation.,"This tests the recall of a concluding fact that puts the entire history of tea into a modern context, demonstrating the beverage's global significance.",,,,,,,,,,,Tea
27/11/2025 03:41,27/11/2025 03:46,0,100,321,1,27/11/2025 03:46,R_8P5sLWJa4BP5H0n,anonymous,EN,1,5bddfba7712eb800010d3a61,0,0,301.64,0,,,,,,,,,,,5bddfba7712eb800010d3a61,Restudy,"According to legend, who was the mythical Chinese figure credited with discovering tea while searching the forest for edible grains and herbs?",Explain how tea was originally consumed in ancient China before it was primarily prepared as a drink.,Describe the change in tea preparation that occurred during the Tang Dynasty and led to the creation of matcha.,"What significant change to the standard form of tea occurred during China's Ming Dynasty, shifting away from the matcha-style preparation?","Besides tea, what were the other two essential Chinese export goods that gave the country significant economic power?","Explain the economic reason that prompted Great Britain to begin trading opium for Chinese tea, instead of its original payment method.","Following the First Opium War, what were two major concessions the defeated Qing Dynasty made to the British?",How did the British East India Company ultimately break China's long-held monopoly on tea cultivation?,What was the primary motivation for the development of the fast-sailing clipper ship in the 19th century?,What is tea's ranking as the most consumed beverage in the world today?,"The mythical figure credited with discovering tea is the divine farmer, Shennong.","Originally, tea was consumed as a food; it was either eaten as a vegetable or cooked with grain porridge.","The standard method became heating tea, packing it into portable cakes, grinding it into powder, and then mixing it with hot water to create a frothy beverage.","During the Ming Dynasty, the Chinese emperor shifted the standard from tea pressed into cakes to using loose-leaf tea.",The other two essential Chinese export goods that gave the country economic power were porcelain and silk.,"Britain initially paid for Chinese tea with silver, but this proved to be too expensive, so they switched to trading opium as a more sustainable alternative.",The Qing Dynasty ceded the port of Hong Kong to the British and was forced to resume trading on unfavorable terms.,"They commissioned botanist Robert Fortune to secretly smuggle tea trees and experienced tea workers out of China and into Darjeeling, India.","The clipper ship was developed due to intense competition between Western trading companies, who were racing to transport tea to Europe first to maximize profits.","Tea is the second most consumed beverage in the world, after water.",This is a direct recall of a key figure and the foundational legend mentioned at the start of the video.,"This question requires the learner to explain the initial state of tea consumption, demonstrating comprehension of its evolution from a food to a beverage.","This question asks for an explanation of a specific historical process mentioned in the video, testing the learner's understanding of how a particular type of tea was made.","This question checks for understanding of a key transition in tea's physical form and preparation method, which marked a major turning point in its history.",This question tests the recall of specific factual information about China's key exports during the period it held a monopoly on tea.,This question tests the learner's ability to analyze the cause (high cost of silver) for a significant effect (the switch to the opium trade).,This question requires the learner to recall and connect the outcome of a major conflict to its specific political and economic consequences for China.,This question requires the learner to analyze the specific actions (industrial espionage) taken by a key entity to overcome a major economic obstacle (China's monopoly).,This requires the learner to analyze the cause-and-effect relationship between economic competition in the tea trade and a specific technological innovation.,"This tests the recall of a concluding fact that puts the entire history of tea into a modern context, demonstrating the beverage's global significance.",,,,,,,,,,,Tea
27/11/2025 03:38,27/11/2025 03:48,0,100,583,1,27/11/2025 03:48,R_81W8HRqQKLtwxYl,anonymous,EN,1,5eeb2b8a36774c27657f227c,0,0,288.096,0,,,,,,,,,,,5eeb2b8a36774c27657f227c,Restudy,"According to legend, who was the mythical Chinese figure credited with discovering tea while searching the forest for edible grains and herbs?",Explain how tea was originally consumed in ancient China before it was primarily prepared as a drink.,Describe the change in tea preparation that occurred during the Tang Dynasty and led to the creation of matcha.,"What significant change to the standard form of tea occurred during China's Ming Dynasty, shifting away from the matcha-style preparation?","Besides tea, what were the other two essential Chinese export goods that gave the country significant economic power?","Explain the economic reason that prompted Great Britain to begin trading opium for Chinese tea, instead of its original payment method.","Following the First Opium War, what were two major concessions the defeated Qing Dynasty made to the British?",How did the British East India Company ultimately break China's long-held monopoly on tea cultivation?,What was the primary motivation for the development of the fast-sailing clipper ship in the 19th century?,What is tea's ranking as the most consumed beverage in the world today?,"The mythical figure credited with discovering tea is the divine farmer, Shennong.","Originally, tea was consumed as a food; it was either eaten as a vegetable or cooked with grain porridge.","The standard method became heating tea, packing it into portable cakes, grinding it into powder, and then mixing it with hot water to create a frothy beverage.","During the Ming Dynasty, the Chinese emperor shifted the standard from tea pressed into cakes to using loose-leaf tea.",The other two essential Chinese export goods that gave the country economic power were porcelain and silk.,"Britain initially paid for Chinese tea with silver, but this proved to be too expensive, so they switched to trading opium as a more sustainable alternative.",The Qing Dynasty ceded the port of Hong Kong to the British and was forced to resume trading on unfavorable terms.,"They commissioned botanist Robert Fortune to secretly smuggle tea trees and experienced tea workers out of China and into Darjeeling, India.","The clipper ship was developed due to intense competition between Western trading companies, who were racing to transport tea to Europe first to maximize profits.","Tea is the second most consumed beverage in the world, after water.",This is a direct recall of a key figure and the foundational legend mentioned at the start of the video.,"This question requires the learner to explain the initial state of tea consumption, demonstrating comprehension of its evolution from a food to a beverage.","This question asks for an explanation of a specific historical process mentioned in the video, testing the learner's understanding of how a particular type of tea was made.","This question checks for understanding of a key transition in tea's physical form and preparation method, which marked a major turning point in its history.",This question tests the recall of specific factual information about China's key exports during the period it held a monopoly on tea.,This question tests the learner's ability to analyze the cause (high cost of silver) for a significant effect (the switch to the opium trade).,This question requires the learner to recall and connect the outcome of a major conflict to its specific political and economic consequences for China.,This question requires the learner to analyze the specific actions (industrial espionage) taken by a key entity to overcome a major economic obstacle (China's monopoly).,This requires the learner to analyze the cause-and-effect relationship between economic competition in the tea trade and a specific technological innovation.,"This tests the recall of a concluding fact that puts the entire history of tea into a modern context, demonstrating the beverage's global significance.",,,,,,,,,,,Tea
27/11/2025 03:39,27/11/2025 03:50,0,100,642,1,27/11/2025 03:50,R_8AJAAt7IRvv8k0N,anonymous,EN,1,650864268a31fd9d2b8f84ee,,,,,Ming the merciful ,leaves were soaked in water and eaten like a stew,made the tea into cakes and then shredded it,Tea was made into cakes and then shredded,silk and gunpowder,Great Britain needed the cash to fund other wars,"Gave up Hong Kong, traded plants. ",by exporting the plants to other countries and growing them there,"To get the tea to europe quickly and be the first to deliver
","second, after water",650864268a31fd9d2b8f84ee,SAQ,"According to legend, who was the mythical Chinese figure credited with discovering tea while searching the forest for edible grains and herbs?",Explain how tea was originally consumed in ancient China before it was primarily prepared as a drink.,Describe the change in tea preparation that occurred during the Tang Dynasty and led to the creation of matcha.,"What significant change to the standard form of tea occurred during China's Ming Dynasty, shifting away from the matcha-style preparation?","Besides tea, what were the other two essential Chinese export goods that gave the country significant economic power?","Explain the economic reason that prompted Great Britain to begin trading opium for Chinese tea, instead of its original payment method.","Following the First Opium War, what were two major concessions the defeated Qing Dynasty made to the British?",How did the British East India Company ultimately break China's long-held monopoly on tea cultivation?,What was the primary motivation for the development of the fast-sailing clipper ship in the 19th century?,What is tea's ranking as the most consumed beverage in the world today?,"The mythical figure credited with discovering tea is the divine farmer, Shennong.","Originally, tea was consumed as a food; it was either eaten as a vegetable or cooked with grain porridge.","The standard method became heating tea, packing it into portable cakes, grinding it into powder, and then mixing it with hot water to create a frothy beverage.","During the Ming Dynasty, the Chinese emperor shifted the standard from tea pressed into cakes to using loose-leaf tea.",The other two essential Chinese export goods that gave the country economic power were porcelain and silk.,"Britain initially paid for Chinese tea with silver, but this proved to be too expensive, so they switched to trading opium as a more sustainable alternative.",The Qing Dynasty ceded the port of Hong Kong to the British and was forced to resume trading on unfavorable terms.,"They commissioned botanist Robert Fortune to secretly smuggle tea trees and experienced tea workers out of China and into Darjeeling, India.","The clipper ship was developed due to intense competition between Western trading companies, who were racing to transport tea to Europe first to maximize profits.","Tea is the second most consumed beverage in the world, after water.",This is a direct recall of a key figure and the foundational legend mentioned at the start of the video.,"This question requires the learner to explain the initial state of tea consumption, demonstrating comprehension of its evolution from a food to a beverage.","This question asks for an explanation of a specific historical process mentioned in the video, testing the learner's understanding of how a particular type of tea was made.","This question checks for understanding of a key transition in tea's physical form and preparation method, which marked a major turning point in its history.",This question tests the recall of specific factual information about China's key exports during the period it held a monopoly on tea.,This question tests the learner's ability to analyze the cause (high cost of silver) for a significant effect (the switch to the opium trade).,This question requires the learner to recall and connect the outcome of a major conflict to its specific political and economic consequences for China.,This question requires the learner to analyze the specific actions (industrial espionage) taken by a key entity to overcome a major economic obstacle (China's monopoly).,This requires the learner to analyze the cause-and-effect relationship between economic competition in the tea trade and a specific technological innovation.,"This tests the recall of a concluding fact that puts the entire history of tea into a modern context, demonstrating the beverage's global significance.","The response does not identify the legendary figure mentioned in the video. According to the legend, it was Shennong, the Divine Farmer, who discovered tea while testing herbs. Review the opening section on origin myths to recall the correct name.

Score: 1/10","Your response captures the key idea that tea was initially consumed as a food rather than primarily as a drink, and “eaten like a stew” aligns with a cooked preparation. To be more accurate and complete, you could mention that it was eaten as a vegetable or cooked with grain porridge specifically. Clarifying that it wasn’t mainly a beverage at that time would further strengthen your answer.

Score: 8/10","The response captures that tea was formed into cakes, which is a key part of the Tang method. However, it misses the crucial steps of grinding the cakes into a fine powder and whisking/mixing with hot water to make a frothy drink, and “shredded” is not accurate for matcha-style preparation. Mentioning the heating/steaming and the frothy preparation would strengthen the answer.

Score: 4/10","Your answer mentions tea cakes, which relates to earlier practices, but it doesn’t capture the key change during the Ming Dynasty. The significant shift was from compressed tea cakes and powdered/whisked preparation to brewing loose-leaf tea, a standard set by the emperor. To improve, state clearly that the Ming era moved away from cake/powder forms to loose-leaf infusion.

Score: 2/10","The response is partially correct. You correctly identified silk as one of the key exports, but the other was porcelain, not gunpowder. Focus on luxury goods that dominated trade networks—silk and fine ceramics—rather than inventions like gunpowder, which were not major export commodities.

Score: 5/10","The response recognizes an economic motive, but it does not capture the key concept from the model answer. The core reason was the high cost and unsustainable outflow of silver used to pay for Chinese tea; Britain turned to opium to replace silver and balance trade. To improve, mention the silver drain and explain that opium was used as an alternative payment to reduce costs.

Score: 2/10","You correctly identified the ceding of Hong Kong to Britain. However, the second key concession was not “traded plants” but opening several ports and accepting unequal trade terms that favored the British (along with related concessions like indemnities). Mentioning the opening of treaty ports or unequal trade terms would complete your answer.

Score: 4/10","Your answer captures the general idea that the monopoly was broken by cultivating tea outside China. However, it misses key details: it wasn’t legal “exporting” but covert smuggling (industrial espionage) led by Robert Fortune, and it involved moving both plants/seeds and skilled tea workers to India, especially Darjeeling. Including these specifics would make your explanation accurate and complete.

Score: 5/10","Your answer clearly captures the core idea that clippers were built to deliver tea to Europe as quickly as possible and be first to arrive. To strengthen it, mention that this rush was driven by intense competition among trading companies and the higher profits earned by the first ships. Including the profit motive provides the full cause-and-effect context.

Score: 8/10","Your response correctly identifies tea as the second most consumed beverage, after water. It’s concise and matches the key fact from the model answer. For completeness, you could phrase it as a full sentence.

Score: 10/10",Tea
27/11/2025 03:41,27/11/2025 03:55,0,100,817,1,27/11/2025 03:55,R_8cjyE9lFptsqLjo,anonymous,EN,0.899999976,62b74ec256808d84b3e691d6,,,,,I remember that the name in the video was unusual to a western ear and so at the time I couldnt even figure out exactly what they were saying in the video or how it would be spelled,its leaves were eaten,the leaves were ground up and heated (steeped in water),Steeping it in water,I really cant remember but i'm going to guess pottery and gunpowder,I can't really remember but I think it might have been due to a shortage of coins for payment as demand for tea skyrocketed,Ceded control of Hong Kong and restored trade on favourable terms for the British,"they smuggled tea plants out of china into india and from there it spread further, meaning it could be grown away from China",the high demand for tea in Britain led to building faster ships to faster transfer the product,"2nd, after water",62b74ec256808d84b3e691d6,SAQ,"According to legend, who was the mythical Chinese figure credited with discovering tea while searching the forest for edible grains and herbs?",Explain how tea was originally consumed in ancient China before it was primarily prepared as a drink.,Describe the change in tea preparation that occurred during the Tang Dynasty and led to the creation of matcha.,"What significant change to the standard form of tea occurred during China's Ming Dynasty, shifting away from the matcha-style preparation?","Besides tea, what were the other two essential Chinese export goods that gave the country significant economic power?","Explain the economic reason that prompted Great Britain to begin trading opium for Chinese tea, instead of its original payment method.","Following the First Opium War, what were two major concessions the defeated Qing Dynasty made to the British?",How did the British East India Company ultimately break China's long-held monopoly on tea cultivation?,What was the primary motivation for the development of the fast-sailing clipper ship in the 19th century?,What is tea's ranking as the most consumed beverage in the world today?,"The mythical figure credited with discovering tea is the divine farmer, Shennong.","Originally, tea was consumed as a food; it was either eaten as a vegetable or cooked with grain porridge.","The standard method became heating tea, packing it into portable cakes, grinding it into powder, and then mixing it with hot water to create a frothy beverage.","During the Ming Dynasty, the Chinese emperor shifted the standard from tea pressed into cakes to using loose-leaf tea.",The other two essential Chinese export goods that gave the country economic power were porcelain and silk.,"Britain initially paid for Chinese tea with silver, but this proved to be too expensive, so they switched to trading opium as a more sustainable alternative.",The Qing Dynasty ceded the port of Hong Kong to the British and was forced to resume trading on unfavorable terms.,"They commissioned botanist Robert Fortune to secretly smuggle tea trees and experienced tea workers out of China and into Darjeeling, India.","The clipper ship was developed due to intense competition between Western trading companies, who were racing to transport tea to Europe first to maximize profits.","Tea is the second most consumed beverage in the world, after water.",This is a direct recall of a key figure and the foundational legend mentioned at the start of the video.,"This question requires the learner to explain the initial state of tea consumption, demonstrating comprehension of its evolution from a food to a beverage.","This question asks for an explanation of a specific historical process mentioned in the video, testing the learner's understanding of how a particular type of tea was made.","This question checks for understanding of a key transition in tea's physical form and preparation method, which marked a major turning point in its history.",This question tests the recall of specific factual information about China's key exports during the period it held a monopoly on tea.,This question tests the learner's ability to analyze the cause (high cost of silver) for a significant effect (the switch to the opium trade).,This question requires the learner to recall and connect the outcome of a major conflict to its specific political and economic consequences for China.,This question requires the learner to analyze the specific actions (industrial espionage) taken by a key entity to overcome a major economic obstacle (China's monopoly).,This requires the learner to analyze the cause-and-effect relationship between economic competition in the tea trade and a specific technological innovation.,"This tests the recall of a concluding fact that puts the entire history of tea into a modern context, demonstrating the beverage's global significance.","The response does not identify the legendary figure, so it misses the key concept (Shennong, the “Divine Farmer”). In the future, try pausing or replaying to catch unfamiliar names and jot down spellings; recognizing and recalling “Shennong” is essential here.

Score: 0/10","The response correctly identifies that tea was originally consumed by eating the leaves, capturing the main idea that it began as a food. However, it omits important details that it was treated like a vegetable and often cooked with grain porridge. Adding those specifics would show fuller understanding of early preparation methods.

Score: 6/10","The response captures two partial elements: grinding the leaves and using hot water. However, it misses key steps from the Tang method that led to matcha: pressing tea into cakes and later grinding them, then whisking the powder in hot water to make a frothy drink. Also, matcha is not steeped; the powder is suspended by vigorous whisking.

Score: 4/10","The response captures the core shift in preparation method—from whisking powdered tea to brewing by steeping. However, it lacks the key detail that the standard form changed specifically to loose-leaf tea rather than pressed cakes/powder. Mentioning “loose-leaf tea” would make the answer complete.

Score: 6/10","Your answer shows partial understanding. “Pottery” is on the right track since porcelain is a high-quality type of pottery that China famously exported. However, the other key export was silk, not gunpowder. Try to remember the classic trio: tea, silk, and porcelain.

Score: 5/10","Your answer recognizes that Britain had trouble continuing to pay for tea with specie (coins/silver) as demand surged, which aligns with the idea of a silver shortage. However, it misses the core point that silver payments became economically unsustainable (a costly outflow/trade imbalance) and that Britain turned to opium specifically to balance trade and reduce the silver drain. To improve, explicitly note the silver outflow/trade deficit and that opium was used as the alternative payment to fix this problem.

Score: 5/10","Your answer correctly identifies both key concessions: ceding Hong Kong and resuming trade on terms favorable to the British. It’s clear and concise, aligning well with the expected outcome of the First Opium War. For even more precision, you could mention that these terms were formalized in the Treaty of Nanking.

Score: 10/10","Your answer captures the essential idea: tea plants were secretly taken from China to India, allowing cultivation outside China and ending the monopoly. However, it omits key specifics, such as the British East India Company’s role, Robert Fortune’s involvement, and the transfer of skilled tea workers and techniques to places like Darjeeling. Adding these details would make your response more complete and precise.

Score: 8/10","Your answer correctly links tea transport speed to the development of faster ships, showing awareness of the trade context. However, it misses the key driver: the intense competition among trading companies to be first to deliver tea and capture higher profits. To improve, note that the “tea races” and profit motive—more than general demand—were the primary motivation for clippers.

Score: 5/10","Your answer is accurate and matches the key fact: tea is the second most consumed beverage after water. It's concise and clearly shows understanding. For completeness, you could phrase it as a full sentence and include “in the world today” to mirror the context.

Score: 10/10",Tea
27/11/2025 03:37,27/11/2025 03:56,0,100,1129,1,27/11/2025 03:56,R_2v6ocKzjLeYJzXy,anonymous,EN,1,66742c4307bb2004831faaef,,,,,shennong the farmer,in cake,it was introduct to japan,introduction of opium,opium and spices,it was getting the chinese high so they can over take,china gave british some of the ports,they started buying and using it for chai,to get quicker trading and more product ,1,66742c4307bb2004831faaef,SAQ,"According to legend, who was the mythical Chinese figure credited with discovering tea while searching the forest for edible grains and herbs?",Explain how tea was originally consumed in ancient China before it was primarily prepared as a drink.,Describe the change in tea preparation that occurred during the Tang Dynasty and led to the creation of matcha.,"What significant change to the standard form of tea occurred during China's Ming Dynasty, shifting away from the matcha-style preparation?","Besides tea, what were the other two essential Chinese export goods that gave the country significant economic power?","Explain the economic reason that prompted Great Britain to begin trading opium for Chinese tea, instead of its original payment method.","Following the First Opium War, what were two major concessions the defeated Qing Dynasty made to the British?",How did the British East India Company ultimately break China's long-held monopoly on tea cultivation?,What was the primary motivation for the development of the fast-sailing clipper ship in the 19th century?,What is tea's ranking as the most consumed beverage in the world today?,"The mythical figure credited with discovering tea is the divine farmer, Shennong.","Originally, tea was consumed as a food; it was either eaten as a vegetable or cooked with grain porridge.","The standard method became heating tea, packing it into portable cakes, grinding it into powder, and then mixing it with hot water to create a frothy beverage.","During the Ming Dynasty, the Chinese emperor shifted the standard from tea pressed into cakes to using loose-leaf tea.",The other two essential Chinese export goods that gave the country economic power were porcelain and silk.,"Britain initially paid for Chinese tea with silver, but this proved to be too expensive, so they switched to trading opium as a more sustainable alternative.",The Qing Dynasty ceded the port of Hong Kong to the British and was forced to resume trading on unfavorable terms.,"They commissioned botanist Robert Fortune to secretly smuggle tea trees and experienced tea workers out of China and into Darjeeling, India.","The clipper ship was developed due to intense competition between Western trading companies, who were racing to transport tea to Europe first to maximize profits.","Tea is the second most consumed beverage in the world, after water.",This is a direct recall of a key figure and the foundational legend mentioned at the start of the video.,"This question requires the learner to explain the initial state of tea consumption, demonstrating comprehension of its evolution from a food to a beverage.","This question asks for an explanation of a specific historical process mentioned in the video, testing the learner's understanding of how a particular type of tea was made.","This question checks for understanding of a key transition in tea's physical form and preparation method, which marked a major turning point in its history.",This question tests the recall of specific factual information about China's key exports during the period it held a monopoly on tea.,This question tests the learner's ability to analyze the cause (high cost of silver) for a significant effect (the switch to the opium trade).,This question requires the learner to recall and connect the outcome of a major conflict to its specific political and economic consequences for China.,This question requires the learner to analyze the specific actions (industrial espionage) taken by a key entity to overcome a major economic obstacle (China's monopoly).,This requires the learner to analyze the cause-and-effect relationship between economic competition in the tea trade and a specific technological innovation.,"This tests the recall of a concluding fact that puts the entire history of tea into a modern context, demonstrating the beverage's global significance.","Your answer correctly identifies Shennong and notes his association as a farmer, which matches the legendary “Divine Farmer” who discovered tea. Nice concise recall. For polish, capitalize the name (Shennong) and you could mention “Divine Farmer” to reflect the mythical title.

Score: 10/10","Your answer hints that tea was consumed as a food rather than a drink, which aligns with the general idea. However, ""in cake"" is not accurate for the earliest consumption; historically it was eaten like a vegetable or cooked into a grain porridge. To improve, specify those forms to show a clearer understanding of tea’s early use.

Score: 3/10","The response is off-target. While matcha is associated with Japan, the question asked about the Tang Dynasty preparation change: compressing tea into cakes, grinding it into a fine powder, and mixing/whisking it with hot water into a frothy drink. Include these steps to accurately describe the process that led to matcha.

Score: 2/10","The response is unrelated to the question; opium is not connected to the Ming Dynasty shift in tea preparation. The key change was moving from compressed tea cakes and whisked powder (matcha-style) to brewing loose-leaf tea. Review the section on Ming reforms to focus on how tea’s form and preparation method changed.

Score: 0/10","The response does not capture the key concepts from the model answer. The essential Chinese export goods besides tea were porcelain and silk; opium was largely imported into China by the British, and spices were more associated with Southeast Asian trade rather than primary Chinese exports. You mentioned historically significant trade items, but to improve, focus on China’s signature exports like silk and porcelain.

Score: 1/10","The response mentions opium and British intent to gain advantage, but it misses the key economic reason. Britain switched from paying with silver because silver outflows were too costly and unsustainable; selling opium to China created demand that let Britain balance trade and obtain tea without draining silver. Include the silver cost/drain and trade imbalance to fully answer the question.

Score: 2/10","The response shows a partial idea that the war led to changes involving ports, which touches on the trade aspect. However, it is too vague and somewhat inaccurate: China did not “give” several ports to Britain; it was forced to open multiple treaty ports to British trade and cede Hong Kong. To improve, mention both key concessions clearly: the cession of Hong Kong and the opening of treaty ports under unequal trading terms.

Score: 4/10","The response does not address how the monopoly was broken. The key was industrial espionage: the British East India Company sent Robert Fortune to secretly acquire tea plants, seeds, and expertise from China and establish tea cultivation in India (e.g., Darjeeling). To improve, mention the smuggling of tea plants and skilled workers and the start of Indian plantations rather than increased purchasing or chai consumption.

Score: 1/10","Your answer recognizes that speed was important (“quicker trading”), which is a key aspect. However, it misses the main driver: intense competition in the tea trade to be first to Europe and secure higher profits. Also, clippers were built for speed rather than carrying “more product,” so emphasizing the race to market and profit motive would make your answer more accurate.

Score: 4/10","Your answer gives a ranking, but it’s incorrect—tea is the second most consumed beverage globally, after water. Review the concluding fact from the video that emphasizes tea’s modern-day popularity. In future, stating both the rank and the comparison (after water) can add clarity.

Score: 0/10",Tea
27/11/2025 03:46,27/11/2025 03:56,0,100,592,1,27/11/2025 03:56,R_24vzLAWgojquQS8,anonymous,EN,1,5eeb58ec4c86582a76ff55ec,1.57,1.57,577.054,1,,,,,,,,,,,5eeb58ec4c86582a76ff55ec,Restudy,"According to legend, who was the mythical Chinese figure credited with discovering tea while searching the forest for edible grains and herbs?",Explain how tea was originally consumed in ancient China before it was primarily prepared as a drink.,Describe the change in tea preparation that occurred during the Tang Dynasty and led to the creation of matcha.,"What significant change to the standard form of tea occurred during China's Ming Dynasty, shifting away from the matcha-style preparation?","Besides tea, what were the other two essential Chinese export goods that gave the country significant economic power?","Explain the economic reason that prompted Great Britain to begin trading opium for Chinese tea, instead of its original payment method.","Following the First Opium War, what were two major concessions the defeated Qing Dynasty made to the British?",How did the British East India Company ultimately break China's long-held monopoly on tea cultivation?,What was the primary motivation for the development of the fast-sailing clipper ship in the 19th century?,What is tea's ranking as the most consumed beverage in the world today?,"The mythical figure credited with discovering tea is the divine farmer, Shennong.","Originally, tea was consumed as a food; it was either eaten as a vegetable or cooked with grain porridge.","The standard method became heating tea, packing it into portable cakes, grinding it into powder, and then mixing it with hot water to create a frothy beverage.","During the Ming Dynasty, the Chinese emperor shifted the standard from tea pressed into cakes to using loose-leaf tea.",The other two essential Chinese export goods that gave the country economic power were porcelain and silk.,"Britain initially paid for Chinese tea with silver, but this proved to be too expensive, so they switched to trading opium as a more sustainable alternative.",The Qing Dynasty ceded the port of Hong Kong to the British and was forced to resume trading on unfavorable terms.,"They commissioned botanist Robert Fortune to secretly smuggle tea trees and experienced tea workers out of China and into Darjeeling, India.","The clipper ship was developed due to intense competition between Western trading companies, who were racing to transport tea to Europe first to maximize profits.","Tea is the second most consumed beverage in the world, after water.",This is a direct recall of a key figure and the foundational legend mentioned at the start of the video.,"This question requires the learner to explain the initial state of tea consumption, demonstrating comprehension of its evolution from a food to a beverage.","This question asks for an explanation of a specific historical process mentioned in the video, testing the learner's understanding of how a particular type of tea was made.","This question checks for understanding of a key transition in tea's physical form and preparation method, which marked a major turning point in its history.",This question tests the recall of specific factual information about China's key exports during the period it held a monopoly on tea.,This question tests the learner's ability to analyze the cause (high cost of silver) for a significant effect (the switch to the opium trade).,This question requires the learner to recall and connect the outcome of a major conflict to its specific political and economic consequences for China.,This question requires the learner to analyze the specific actions (industrial espionage) taken by a key entity to overcome a major economic obstacle (China's monopoly).,This requires the learner to analyze the cause-and-effect relationship between economic competition in the tea trade and a specific technological innovation.,"This tests the recall of a concluding fact that puts the entire history of tea into a modern context, demonstrating the beverage's global significance.",,,,,,,,,,,Tea
27/11/2025 03:37,27/11/2025 03:57,0,100,1207,1,27/11/2025 03:57,R_2I3Fx11e3jilXln,anonymous,EN,1,5e7dfc715acd1402882e93eb,,,,,Can't remember,The leaves were eaten as a vegetable,Making the tea into pressed cakes,In the Ming dynasty the tea preparation changed from the matcha cakes to dried tea leaves and the development of the tea ceromony,"The Chinese economic power was based on its exports of tea, porcelain & gunpowder",It was cheaper than using the previous method of paying in silver,Handing over Hong Kong to the British and removing tarrifs,By having a botanist obtain some tea plants secretly & remove them from the country to Darjeeling in India & employing some chinese tea plantation workers to cultivate them,To quickly bring tea from where it was produced to markets in the UK & Europe as quickly as possible to beat competitors,Tea is the most consumed beverage,5e7dfc715acd1402882e93eb,SAQ,"According to legend, who was the mythical Chinese figure credited with discovering tea while searching the forest for edible grains and herbs?",Explain how tea was originally consumed in ancient China before it was primarily prepared as a drink.,Describe the change in tea preparation that occurred during the Tang Dynasty and led to the creation of matcha.,"What significant change to the standard form of tea occurred during China's Ming Dynasty, shifting away from the matcha-style preparation?","Besides tea, what were the other two essential Chinese export goods that gave the country significant economic power?","Explain the economic reason that prompted Great Britain to begin trading opium for Chinese tea, instead of its original payment method.","Following the First Opium War, what were two major concessions the defeated Qing Dynasty made to the British?",How did the British East India Company ultimately break China's long-held monopoly on tea cultivation?,What was the primary motivation for the development of the fast-sailing clipper ship in the 19th century?,What is tea's ranking as the most consumed beverage in the world today?,"The mythical figure credited with discovering tea is the divine farmer, Shennong.","Originally, tea was consumed as a food; it was either eaten as a vegetable or cooked with grain porridge.","The standard method became heating tea, packing it into portable cakes, grinding it into powder, and then mixing it with hot water to create a frothy beverage.","During the Ming Dynasty, the Chinese emperor shifted the standard from tea pressed into cakes to using loose-leaf tea.",The other two essential Chinese export goods that gave the country economic power were porcelain and silk.,"Britain initially paid for Chinese tea with silver, but this proved to be too expensive, so they switched to trading opium as a more sustainable alternative.",The Qing Dynasty ceded the port of Hong Kong to the British and was forced to resume trading on unfavorable terms.,"They commissioned botanist Robert Fortune to secretly smuggle tea trees and experienced tea workers out of China and into Darjeeling, India.","The clipper ship was developed due to intense competition between Western trading companies, who were racing to transport tea to Europe first to maximize profits.","Tea is the second most consumed beverage in the world, after water.",This is a direct recall of a key figure and the foundational legend mentioned at the start of the video.,"This question requires the learner to explain the initial state of tea consumption, demonstrating comprehension of its evolution from a food to a beverage.","This question asks for an explanation of a specific historical process mentioned in the video, testing the learner's understanding of how a particular type of tea was made.","This question checks for understanding of a key transition in tea's physical form and preparation method, which marked a major turning point in its history.",This question tests the recall of specific factual information about China's key exports during the period it held a monopoly on tea.,This question tests the learner's ability to analyze the cause (high cost of silver) for a significant effect (the switch to the opium trade).,This question requires the learner to recall and connect the outcome of a major conflict to its specific political and economic consequences for China.,This question requires the learner to analyze the specific actions (industrial espionage) taken by a key entity to overcome a major economic obstacle (China's monopoly).,This requires the learner to analyze the cause-and-effect relationship between economic competition in the tea trade and a specific technological innovation.,"This tests the recall of a concluding fact that puts the entire history of tea into a modern context, demonstrating the beverage's global significance.","The response does not identify the key figure and therefore does not capture the essential concept. Appreciate your honesty; next time, try to recall that the legend credits Shennong, the “divine farmer,” with discovering tea while searching for herbs. Consider using a quick mnemonic or note-taking to remember key names from the video.

Score: 0/10","Your answer correctly captures the key idea that tea was initially consumed as a food, specifically eaten like a vegetable. To make it more complete, you could add that it was also cooked into grain porridge in ancient China. Including both forms would fully address how tea was consumed before it became a brewed drink.

Score: 7/10","Your answer identifies one part of the Tang-era method—pressing tea into cakes—but it leaves out the key steps that led to matcha: grinding those cakes into a fine powder and mixing/whisking it with hot water to make a frothy drink. To improve, mention the full process: heat and press into cakes, grind to powder, then whisk with hot water to achieve the characteristic froth.

Score: 3/10","You correctly identify the key shift in the Ming Dynasty from pressed/matcha-style tea to using dried loose leaves, which matches the core concept. However, the note about the development of a tea ceremony is extraneous to this question and could be misleading; focus on the change in tea’s physical form and preparation (from whisked powder/pressed cakes to infused loose leaves). Tightening the phrasing would improve clarity.

Score: 8/10","Your answer correctly identifies porcelain as one of the two key exports. However, the second item should be silk, not gunpowder, and the question asked for items besides tea, so listing tea wasn’t needed. Focus on the pair “porcelain and silk” as the core exports alongside tea.

Score: 5/10","Your response correctly identifies the core economic reason: paying in silver was too costly, so switching to another method (opium) was cheaper. To strengthen it, explicitly note that Britain traded opium specifically to reduce the silver outflow and make the tea trade more sustainable for their economy. Mentioning the shift from silver payments to opium trade would make the explanation more complete.

Score: 9/10","The response correctly identifies the cession of Hong Kong, which is a key concession. It also recognizes that China had to accept unfavorable economic terms, but saying “removing tariffs” is inaccurate—tariffs weren’t eliminated; they were fixed at low rates and several ports were opened to British trade. To improve, note that the Qing had to open treaty ports and accept low, fixed tariffs (among other unequal terms), rather than abolishing tariffs entirely.

Score: 7/10","Your answer accurately captures the key actions: using a botanist to secretly obtain tea plants from China, relocating them to Darjeeling, and bringing in Chinese tea workers to transfer know-how. To improve, you could name the botanist (Robert Fortune) and explicitly note that the British East India Company organized this industrial espionage operation. Adding that both plants/seeds and expertise were smuggled would make it even more precise.

Score: 9/10","Your answer clearly identifies the need for speed in the tea trade and the competitive race to reach European markets first, which aligns well with the core motivation behind clipper ships. Mentioning the UK and Europe shows good contextual understanding. To make it even stronger, you could explicitly note that the goal was to be first to market to maximize profits and that this was driven by fierce competition among trading companies.

Score: 9/10","The response identifies that the question is about tea’s global consumption ranking, but it states the wrong rank. Tea is the second most consumed beverage after water, not the most. Review the concluding fact about tea’s global standing.

Score: 2/10",Tea
27/11/2025 03:48,27/11/2025 04:02,0,100,802,1,27/11/2025 04:02,R_2oEZcaRc6crtDfB,anonymous,EN,1,5dab79a5525a7600139cd31e,4.629,305.502,308.88,2,,,,,,,,,,,5dab79a5525a7600139cd31e,Restudy,"According to legend, who was the mythical Chinese figure credited with discovering tea while searching the forest for edible grains and herbs?",Explain how tea was originally consumed in ancient China before it was primarily prepared as a drink.,Describe the change in tea preparation that occurred during the Tang Dynasty and led to the creation of matcha.,"What significant change to the standard form of tea occurred during China's Ming Dynasty, shifting away from the matcha-style preparation?","Besides tea, what were the other two essential Chinese export goods that gave the country significant economic power?","Explain the economic reason that prompted Great Britain to begin trading opium for Chinese tea, instead of its original payment method.","Following the First Opium War, what were two major concessions the defeated Qing Dynasty made to the British?",How did the British East India Company ultimately break China's long-held monopoly on tea cultivation?,What was the primary motivation for the development of the fast-sailing clipper ship in the 19th century?,What is tea's ranking as the most consumed beverage in the world today?,"The mythical figure credited with discovering tea is the divine farmer, Shennong.","Originally, tea was consumed as a food; it was either eaten as a vegetable or cooked with grain porridge.","The standard method became heating tea, packing it into portable cakes, grinding it into powder, and then mixing it with hot water to create a frothy beverage.","During the Ming Dynasty, the Chinese emperor shifted the standard from tea pressed into cakes to using loose-leaf tea.",The other two essential Chinese export goods that gave the country economic power were porcelain and silk.,"Britain initially paid for Chinese tea with silver, but this proved to be too expensive, so they switched to trading opium as a more sustainable alternative.",The Qing Dynasty ceded the port of Hong Kong to the British and was forced to resume trading on unfavorable terms.,"They commissioned botanist Robert Fortune to secretly smuggle tea trees and experienced tea workers out of China and into Darjeeling, India.","The clipper ship was developed due to intense competition between Western trading companies, who were racing to transport tea to Europe first to maximize profits.","Tea is the second most consumed beverage in the world, after water.",This is a direct recall of a key figure and the foundational legend mentioned at the start of the video.,"This question requires the learner to explain the initial state of tea consumption, demonstrating comprehension of its evolution from a food to a beverage.","This question asks for an explanation of a specific historical process mentioned in the video, testing the learner's understanding of how a particular type of tea was made.","This question checks for understanding of a key transition in tea's physical form and preparation method, which marked a major turning point in its history.",This question tests the recall of specific factual information about China's key exports during the period it held a monopoly on tea.,This question tests the learner's ability to analyze the cause (high cost of silver) for a significant effect (the switch to the opium trade).,This question requires the learner to recall and connect the outcome of a major conflict to its specific political and economic consequences for China.,This question requires the learner to analyze the specific actions (industrial espionage) taken by a key entity to overcome a major economic obstacle (China's monopoly).,This requires the learner to analyze the cause-and-effect relationship between economic competition in the tea trade and a specific technological innovation.,"This tests the recall of a concluding fact that puts the entire history of tea into a modern context, demonstrating the beverage's global significance.",,,,,,,,,,,Tea
27/11/2025 03:57,27/11/2025 04:03,0,100,329,1,27/11/2025 04:03,R_8s4h9j4IypFaW2e,anonymous,EN,1,5cadbee8470c560001de5739,0,0,289.088,0,,,,,,,,,,,5cadbee8470c560001de5739,Restudy,"According to legend, who was the mythical Chinese figure credited with discovering tea while searching the forest for edible grains and herbs?",Explain how tea was originally consumed in ancient China before it was primarily prepared as a drink.,Describe the change in tea preparation that occurred during the Tang Dynasty and led to the creation of matcha.,"What significant change to the standard form of tea occurred during China's Ming Dynasty, shifting away from the matcha-style preparation?","Besides tea, what were the other two essential Chinese export goods that gave the country significant economic power?","Explain the economic reason that prompted Great Britain to begin trading opium for Chinese tea, instead of its original payment method.","Following the First Opium War, what were two major concessions the defeated Qing Dynasty made to the British?",How did the British East India Company ultimately break China's long-held monopoly on tea cultivation?,What was the primary motivation for the development of the fast-sailing clipper ship in the 19th century?,What is tea's ranking as the most consumed beverage in the world today?,"The mythical figure credited with discovering tea is the divine farmer, Shennong.","Originally, tea was consumed as a food; it was either eaten as a vegetable or cooked with grain porridge.","The standard method became heating tea, packing it into portable cakes, grinding it into powder, and then mixing it with hot water to create a frothy beverage.","During the Ming Dynasty, the Chinese emperor shifted the standard from tea pressed into cakes to using loose-leaf tea.",The other two essential Chinese export goods that gave the country economic power were porcelain and silk.,"Britain initially paid for Chinese tea with silver, but this proved to be too expensive, so they switched to trading opium as a more sustainable alternative.",The Qing Dynasty ceded the port of Hong Kong to the British and was forced to resume trading on unfavorable terms.,"They commissioned botanist Robert Fortune to secretly smuggle tea trees and experienced tea workers out of China and into Darjeeling, India.","The clipper ship was developed due to intense competition between Western trading companies, who were racing to transport tea to Europe first to maximize profits.","Tea is the second most consumed beverage in the world, after water.",This is a direct recall of a key figure and the foundational legend mentioned at the start of the video.,"This question requires the learner to explain the initial state of tea consumption, demonstrating comprehension of its evolution from a food to a beverage.","This question asks for an explanation of a specific historical process mentioned in the video, testing the learner's understanding of how a particular type of tea was made.","This question checks for understanding of a key transition in tea's physical form and preparation method, which marked a major turning point in its history.",This question tests the recall of specific factual information about China's key exports during the period it held a monopoly on tea.,This question tests the learner's ability to analyze the cause (high cost of silver) for a significant effect (the switch to the opium trade).,This question requires the learner to recall and connect the outcome of a major conflict to its specific political and economic consequences for China.,This question requires the learner to analyze the specific actions (industrial espionage) taken by a key entity to overcome a major economic obstacle (China's monopoly).,This requires the learner to analyze the cause-and-effect relationship between economic competition in the tea trade and a specific technological innovation.,"This tests the recall of a concluding fact that puts the entire history of tea into a modern context, demonstrating the beverage's global significance.",,,,,,,,,,,Tea
27/11/2025 03:51,27/11/2025 04:06,0,100,864,1,27/11/2025 04:06,R_2oqkoKwMAvnLOMe,anonymous,EN,0.699999988,66ef36768bc403140fa01e35,,,,,"Shennong is the mythical Chinese figure who, according to legend, discovered tea after being poisoned. ",It was used as a medicinal herb and food. Also made into cakes that could be eaten or ground into a powder.,"The tea leaves were steamed, pressed, and roasted. It was then made into a powder and mixed with hot water.",Powdered rather than cakes,Two other essential Chinese export goods were silk and porcelain. ,Demand for tea created a trade deficit as silver was no longer a desirable commodity in China.,This was not in the video,Trading tea for opium.,The fast-sailing clipper ship was made to transport tea from China faster than competitors so they could sell their tea first to the high demand in Europe.,It is second.,66ef36768bc403140fa01e35,SAQ,"According to legend, who was the mythical Chinese figure credited with discovering tea while searching the forest for edible grains and herbs?",Explain how tea was originally consumed in ancient China before it was primarily prepared as a drink.,Describe the change in tea preparation that occurred during the Tang Dynasty and led to the creation of matcha.,"What significant change to the standard form of tea occurred during China's Ming Dynasty, shifting away from the matcha-style preparation?","Besides tea, what were the other two essential Chinese export goods that gave the country significant economic power?","Explain the economic reason that prompted Great Britain to begin trading opium for Chinese tea, instead of its original payment method.","Following the First Opium War, what were two major concessions the defeated Qing Dynasty made to the British?",How did the British East India Company ultimately break China's long-held monopoly on tea cultivation?,What was the primary motivation for the development of the fast-sailing clipper ship in the 19th century?,What is tea's ranking as the most consumed beverage in the world today?,"The mythical figure credited with discovering tea is the divine farmer, Shennong.","Originally, tea was consumed as a food; it was either eaten as a vegetable or cooked with grain porridge.","The standard method became heating tea, packing it into portable cakes, grinding it into powder, and then mixing it with hot water to create a frothy beverage.","During the Ming Dynasty, the Chinese emperor shifted the standard from tea pressed into cakes to using loose-leaf tea.",The other two essential Chinese export goods that gave the country economic power were porcelain and silk.,"Britain initially paid for Chinese tea with silver, but this proved to be too expensive, so they switched to trading opium as a more sustainable alternative.",The Qing Dynasty ceded the port of Hong Kong to the British and was forced to resume trading on unfavorable terms.,"They commissioned botanist Robert Fortune to secretly smuggle tea trees and experienced tea workers out of China and into Darjeeling, India.","The clipper ship was developed due to intense competition between Western trading companies, who were racing to transport tea to Europe first to maximize profits.","Tea is the second most consumed beverage in the world, after water.",This is a direct recall of a key figure and the foundational legend mentioned at the start of the video.,"This question requires the learner to explain the initial state of tea consumption, demonstrating comprehension of its evolution from a food to a beverage.","This question asks for an explanation of a specific historical process mentioned in the video, testing the learner's understanding of how a particular type of tea was made.","This question checks for understanding of a key transition in tea's physical form and preparation method, which marked a major turning point in its history.",This question tests the recall of specific factual information about China's key exports during the period it held a monopoly on tea.,This question tests the learner's ability to analyze the cause (high cost of silver) for a significant effect (the switch to the opium trade).,This question requires the learner to recall and connect the outcome of a major conflict to its specific political and economic consequences for China.,This question requires the learner to analyze the specific actions (industrial espionage) taken by a key entity to overcome a major economic obstacle (China's monopoly).,This requires the learner to analyze the cause-and-effect relationship between economic competition in the tea trade and a specific technological innovation.,"This tests the recall of a concluding fact that puts the entire history of tea into a modern context, demonstrating the beverage's global significance.","Your response correctly identifies Shennong as the legendary figure credited with discovering tea, which captures the key concept. The added detail about being poisoned aligns with common versions of the legend. To be even stronger, you could mention that he was searching for edible plants and herbs (often called the “divine farmer”).

Score: 10/10","You correctly note that tea was used as a food rather than primarily as a drink at first, which matches the core idea. However, the key details are that it was eaten like a vegetable or cooked into grain porridge; mentioning tea cakes and powdered tea reflects later practices and can be misleading here. To improve, focus on the early food uses and specify the vegetable/porridge forms.

Score: 6/10","Your answer captures the main shift: tea was processed into compressed cakes, ground into a powder, and mixed with hot water. Saying it was “made into a powder” is acceptable, and “pressed” aligns with forming cakes. To improve, note that it was ground and whisked into a frothy drink and that the cakes were portable; “roasted” isn’t essential here.

Score: 8/10","The response is incorrect. During the Ming Dynasty, the standard shifted away from powdered/matcha-style and compressed cakes to loose-leaf tea for steeping. You identified relevant forms (cakes and powder), but the direction of change is reversed; it should be to loose-leaf, not to powdered.  
Score: 2/10","Your response accurately identifies both key exports—silk and porcelain—exactly matching the model answer. It shows complete understanding and precise recall of the factual detail. No improvements needed.

Score: 10/10","Your answer correctly notes that Britain faced a trade deficit due to high demand for tea. However, it misstates the role of silver: China still valued silver, which made paying in silver costly and unsustainable for Britain. To improve, explain that the silver outflow was too expensive, so Britain turned to opium to offset the imbalance and reduce the need to pay in silver.

Score: 4/10","The response does not address the question or identify any concessions. Key points to mention are that China ceded Hong Kong to Britain and was forced to accept unequal trade terms (opening ports under British advantage). Review your notes or the video to recall these specific outcomes and include at least two concrete concessions next time.

Score: 0/10","The response mentions the opium trade, which relates to Britain’s tea commerce with China, but it doesn’t explain how the British broke China’s monopoly on tea cultivation. The key was industrial espionage: the East India Company sent Robert Fortune to smuggle tea plants, seeds, and skilled workers/techniques to establish tea production in India. To improve, mention the transfer of tea plants and know-how to places like Darjeeling and Assam rather than trade tactics.

Score: 2/10","Your response clearly identifies the key drivers: speeding tea shipments from China, beating competitors, and being first to market in Europe. That matches the core idea of competitive pressure in the tea trade leading to faster ships. To make it even stronger, explicitly note that arriving first meant higher profits/premiums, not just meeting high demand.

Score: 9/10","Your answer is correct and concise: tea is the second most consumed beverage globally. For completeness, you could add “after water” to mirror the full context. 

Score: 10/10",Tea
27/11/2025 04:02,27/11/2025 04:07,0,100,329,1,27/11/2025 04:07,R_220f1Dmf5bRc0ho,anonymous,EN,1,5ef0fcea28006f6b24913b02,292.605,292.605,293.604,1,,,,,,,,,,,5ef0fcea28006f6b24913b02,Restudy,"According to legend, who was the mythical Chinese figure credited with discovering tea while searching the forest for edible grains and herbs?",Explain how tea was originally consumed in ancient China before it was primarily prepared as a drink.,Describe the change in tea preparation that occurred during the Tang Dynasty and led to the creation of matcha.,"What significant change to the standard form of tea occurred during China's Ming Dynasty, shifting away from the matcha-style preparation?","Besides tea, what were the other two essential Chinese export goods that gave the country significant economic power?","Explain the economic reason that prompted Great Britain to begin trading opium for Chinese tea, instead of its original payment method.","Following the First Opium War, what were two major concessions the defeated Qing Dynasty made to the British?",How did the British East India Company ultimately break China's long-held monopoly on tea cultivation?,What was the primary motivation for the development of the fast-sailing clipper ship in the 19th century?,What is tea's ranking as the most consumed beverage in the world today?,"The mythical figure credited with discovering tea is the divine farmer, Shennong.","Originally, tea was consumed as a food; it was either eaten as a vegetable or cooked with grain porridge.","The standard method became heating tea, packing it into portable cakes, grinding it into powder, and then mixing it with hot water to create a frothy beverage.","During the Ming Dynasty, the Chinese emperor shifted the standard from tea pressed into cakes to using loose-leaf tea.",The other two essential Chinese export goods that gave the country economic power were porcelain and silk.,"Britain initially paid for Chinese tea with silver, but this proved to be too expensive, so they switched to trading opium as a more sustainable alternative.",The Qing Dynasty ceded the port of Hong Kong to the British and was forced to resume trading on unfavorable terms.,"They commissioned botanist Robert Fortune to secretly smuggle tea trees and experienced tea workers out of China and into Darjeeling, India.","The clipper ship was developed due to intense competition between Western trading companies, who were racing to transport tea to Europe first to maximize profits.","Tea is the second most consumed beverage in the world, after water.",This is a direct recall of a key figure and the foundational legend mentioned at the start of the video.,"This question requires the learner to explain the initial state of tea consumption, demonstrating comprehension of its evolution from a food to a beverage.","This question asks for an explanation of a specific historical process mentioned in the video, testing the learner's understanding of how a particular type of tea was made.","This question checks for understanding of a key transition in tea's physical form and preparation method, which marked a major turning point in its history.",This question tests the recall of specific factual information about China's key exports during the period it held a monopoly on tea.,This question tests the learner's ability to analyze the cause (high cost of silver) for a significant effect (the switch to the opium trade).,This question requires the learner to recall and connect the outcome of a major conflict to its specific political and economic consequences for China.,This question requires the learner to analyze the specific actions (industrial espionage) taken by a key entity to overcome a major economic obstacle (China's monopoly).,This requires the learner to analyze the cause-and-effect relationship between economic competition in the tea trade and a specific technological innovation.,"This tests the recall of a concluding fact that puts the entire history of tea into a modern context, demonstrating the beverage's global significance.",,,,,,,,,,,Tea
27/11/2025 04:03,27/11/2025 04:08,0,100,319,1,27/11/2025 04:08,R_8VwoBf9cOz5pzQK,anonymous,EN,0.5,5f25681567da711e51c043ab,299.127,299.127,300.429,1,,,,,,,,,,,5f25681567da711e51c043ab,Restudy,"According to legend, who was the mythical Chinese figure credited with discovering tea while searching the forest for edible grains and herbs?",Explain how tea was originally consumed in ancient China before it was primarily prepared as a drink.,Describe the change in tea preparation that occurred during the Tang Dynasty and led to the creation of matcha.,"What significant change to the standard form of tea occurred during China's Ming Dynasty, shifting away from the matcha-style preparation?","Besides tea, what were the other two essential Chinese export goods that gave the country significant economic power?","Explain the economic reason that prompted Great Britain to begin trading opium for Chinese tea, instead of its original payment method.","Following the First Opium War, what were two major concessions the defeated Qing Dynasty made to the British?",How did the British East India Company ultimately break China's long-held monopoly on tea cultivation?,What was the primary motivation for the development of the fast-sailing clipper ship in the 19th century?,What is tea's ranking as the most consumed beverage in the world today?,"The mythical figure credited with discovering tea is the divine farmer, Shennong.","Originally, tea was consumed as a food; it was either eaten as a vegetable or cooked with grain porridge.","The standard method became heating tea, packing it into portable cakes, grinding it into powder, and then mixing it with hot water to create a frothy beverage.","During the Ming Dynasty, the Chinese emperor shifted the standard from tea pressed into cakes to using loose-leaf tea.",The other two essential Chinese export goods that gave the country economic power were porcelain and silk.,"Britain initially paid for Chinese tea with silver, but this proved to be too expensive, so they switched to trading opium as a more sustainable alternative.",The Qing Dynasty ceded the port of Hong Kong to the British and was forced to resume trading on unfavorable terms.,"They commissioned botanist Robert Fortune to secretly smuggle tea trees and experienced tea workers out of China and into Darjeeling, India.","The clipper ship was developed due to intense competition between Western trading companies, who were racing to transport tea to Europe first to maximize profits.","Tea is the second most consumed beverage in the world, after water.",This is a direct recall of a key figure and the foundational legend mentioned at the start of the video.,"This question requires the learner to explain the initial state of tea consumption, demonstrating comprehension of its evolution from a food to a beverage.","This question asks for an explanation of a specific historical process mentioned in the video, testing the learner's understanding of how a particular type of tea was made.","This question checks for understanding of a key transition in tea's physical form and preparation method, which marked a major turning point in its history.",This question tests the recall of specific factual information about China's key exports during the period it held a monopoly on tea.,This question tests the learner's ability to analyze the cause (high cost of silver) for a significant effect (the switch to the opium trade).,This question requires the learner to recall and connect the outcome of a major conflict to its specific political and economic consequences for China.,This question requires the learner to analyze the specific actions (industrial espionage) taken by a key entity to overcome a major economic obstacle (China's monopoly).,This requires the learner to analyze the cause-and-effect relationship between economic competition in the tea trade and a specific technological innovation.,"This tests the recall of a concluding fact that puts the entire history of tea into a modern context, demonstrating the beverage's global significance.",,,,,,,,,,,Tea
27/11/2025 03:51,27/11/2025 04:09,0,100,1097,1,27/11/2025 04:09,R_8Kd8xZmkmausXvy,anonymous,EN,0.800000012,671a5785170a0f6380c51f28,,,,,shennong,medicinal herbs and stimulant,"tea was steamed, compressed and dried into cake","new consumer culture and tools,rise of loose leaf whole leaf brewing",silk and porcelain,massive trade imbalance,the qing were forced to open five port to british trade,scientific verification of india's indigenous tea,beating competitors to market,second,671a5785170a0f6380c51f28,SAQ,"According to legend, who was the mythical Chinese figure credited with discovering tea while searching the forest for edible grains and herbs?",Explain how tea was originally consumed in ancient China before it was primarily prepared as a drink.,Describe the change in tea preparation that occurred during the Tang Dynasty and led to the creation of matcha.,"What significant change to the standard form of tea occurred during China's Ming Dynasty, shifting away from the matcha-style preparation?","Besides tea, what were the other two essential Chinese export goods that gave the country significant economic power?","Explain the economic reason that prompted Great Britain to begin trading opium for Chinese tea, instead of its original payment method.","Following the First Opium War, what were two major concessions the defeated Qing Dynasty made to the British?",How did the British East India Company ultimately break China's long-held monopoly on tea cultivation?,What was the primary motivation for the development of the fast-sailing clipper ship in the 19th century?,What is tea's ranking as the most consumed beverage in the world today?,"The mythical figure credited with discovering tea is the divine farmer, Shennong.","Originally, tea was consumed as a food; it was either eaten as a vegetable or cooked with grain porridge.","The standard method became heating tea, packing it into portable cakes, grinding it into powder, and then mixing it with hot water to create a frothy beverage.","During the Ming Dynasty, the Chinese emperor shifted the standard from tea pressed into cakes to using loose-leaf tea.",The other two essential Chinese export goods that gave the country economic power were porcelain and silk.,"Britain initially paid for Chinese tea with silver, but this proved to be too expensive, so they switched to trading opium as a more sustainable alternative.",The Qing Dynasty ceded the port of Hong Kong to the British and was forced to resume trading on unfavorable terms.,"They commissioned botanist Robert Fortune to secretly smuggle tea trees and experienced tea workers out of China and into Darjeeling, India.","The clipper ship was developed due to intense competition between Western trading companies, who were racing to transport tea to Europe first to maximize profits.","Tea is the second most consumed beverage in the world, after water.",This is a direct recall of a key figure and the foundational legend mentioned at the start of the video.,"This question requires the learner to explain the initial state of tea consumption, demonstrating comprehension of its evolution from a food to a beverage.","This question asks for an explanation of a specific historical process mentioned in the video, testing the learner's understanding of how a particular type of tea was made.","This question checks for understanding of a key transition in tea's physical form and preparation method, which marked a major turning point in its history.",This question tests the recall of specific factual information about China's key exports during the period it held a monopoly on tea.,This question tests the learner's ability to analyze the cause (high cost of silver) for a significant effect (the switch to the opium trade).,This question requires the learner to recall and connect the outcome of a major conflict to its specific political and economic consequences for China.,This question requires the learner to analyze the specific actions (industrial espionage) taken by a key entity to overcome a major economic obstacle (China's monopoly).,This requires the learner to analyze the cause-and-effect relationship between economic competition in the tea trade and a specific technological innovation.,"This tests the recall of a concluding fact that puts the entire history of tea into a modern context, demonstrating the beverage's global significance.","Your answer is correct: Shennong is the legendary figure credited with discovering tea. Nice concise recall. For completeness, you could capitalize the name and mention his title as the “Divine Farmer.”

Score: 10/10","The response shows awareness that tea had early non-beverage uses, but it does not capture the key concept that tea was originally consumed as a food. The expected answer is that tea leaves were eaten like a vegetable or cooked into grain porridge. To improve, state that early consumption was culinary rather than medicinal, emphasizing eating or porridge preparation.

Score: 2/10","You correctly noted that Tang-era tea was steamed and compressed into cakes, which was an important shift. However, you missed the crucial next steps that led to matcha: the cakes were ground into a fine powder and whisked with hot water to make a frothy drink. Mentioning the grinding and frothy preparation would make your answer complete.

Score: 4/10","The response correctly identifies the key shift to loose-leaf/whole-leaf brewing, which is the central change during the Ming Dynasty. Mentioning new consumer culture and tools adds useful context. To improve, explicitly state that this replaced powdered/matcha-style tea made from pressed cakes, and note that this became the new standard form of tea.

Score: 8/10","Your answer is completely correct—you identified both key export goods (silk and porcelain) clearly and concisely. Nice job recalling the exact items. To strengthen future responses, you could add a brief note that these accompanied tea in bolstering China’s global economic influence.

Score: 10/10","Your answer identifies the core economic driver: Britain faced a trade deficit with China. To make it stronger, mention that this imbalance was draining Britain’s silver (their original payment method), making it too costly, so they turned to opium to rebalance trade. Score: 7/10","Your answer correctly identifies one major concession: opening multiple ports to British trade, which reflects the unequal trading terms imposed after the war. However, it misses the other key concession required by the question—the cession of Hong Kong to Britain—and only provides one item instead of two. To improve, include both that China ceded Hong Kong and accepted unequal trade terms such as opening five treaty ports.

Score: 5/10","Needs improvement. You mention India’s own tea, which is historically relevant, but you don’t explain the specific method the British East India Company used. The key was industrial espionage: they sent Robert Fortune to secretly smuggle tea plants, seeds, and expertise from China and establish cultivation in India (e.g., Darjeeling).

Score: 3/10","Your response captures the core idea: the clippers were built to outpace rivals and be first to market. To make it stronger, mention the specific context—the tea trade to Europe—and the profit motive behind being first (securing higher prices). Including those details would show fuller understanding of the historical economic drivers.

Score: 8/10","Your answer correctly identifies the ranking as second. For completeness and clarity, you could phrase it as “Tea is the second most consumed beverage in the world, after water.” This would show full context and mirror the question’s wording.

Score: 10/10",Tea
27/11/2025 04:00,27/11/2025 04:10,0,100,618,1,27/11/2025 04:10,R_8QyNA6UjmGJj6EW,anonymous,EN,0.800000012,601ecf037d641438c0840330,,,,,"one of the emporors qing
",the leaves were eaten as part of their food intake,the leaves were used differently. it was served cold.,they started to us dried leaves which could be brewed in water,one was silk and the other was spices.,"it was not available in tChina previously, and it became much in  demand due to addictive nature.","they allowed them some control of tea production, and allowed them to import opium.",They took some leaves and started plantations in Darjeeling.,to get the tea to britain faster as it had great value in trade.,I think it was number two behind coffee.,601ecf037d641438c0840330,SAQ,"According to legend, who was the mythical Chinese figure credited with discovering tea while searching the forest for edible grains and herbs?",Explain how tea was originally consumed in ancient China before it was primarily prepared as a drink.,Describe the change in tea preparation that occurred during the Tang Dynasty and led to the creation of matcha.,"What significant change to the standard form of tea occurred during China's Ming Dynasty, shifting away from the matcha-style preparation?","Besides tea, what were the other two essential Chinese export goods that gave the country significant economic power?","Explain the economic reason that prompted Great Britain to begin trading opium for Chinese tea, instead of its original payment method.","Following the First Opium War, what were two major concessions the defeated Qing Dynasty made to the British?",How did the British East India Company ultimately break China's long-held monopoly on tea cultivation?,What was the primary motivation for the development of the fast-sailing clipper ship in the 19th century?,What is tea's ranking as the most consumed beverage in the world today?,"The mythical figure credited with discovering tea is the divine farmer, Shennong.","Originally, tea was consumed as a food; it was either eaten as a vegetable or cooked with grain porridge.","The standard method became heating tea, packing it into portable cakes, grinding it into powder, and then mixing it with hot water to create a frothy beverage.","During the Ming Dynasty, the Chinese emperor shifted the standard from tea pressed into cakes to using loose-leaf tea.",The other two essential Chinese export goods that gave the country economic power were porcelain and silk.,"Britain initially paid for Chinese tea with silver, but this proved to be too expensive, so they switched to trading opium as a more sustainable alternative.",The Qing Dynasty ceded the port of Hong Kong to the British and was forced to resume trading on unfavorable terms.,"They commissioned botanist Robert Fortune to secretly smuggle tea trees and experienced tea workers out of China and into Darjeeling, India.","The clipper ship was developed due to intense competition between Western trading companies, who were racing to transport tea to Europe first to maximize profits.","Tea is the second most consumed beverage in the world, after water.",This is a direct recall of a key figure and the foundational legend mentioned at the start of the video.,"This question requires the learner to explain the initial state of tea consumption, demonstrating comprehension of its evolution from a food to a beverage.","This question asks for an explanation of a specific historical process mentioned in the video, testing the learner's understanding of how a particular type of tea was made.","This question checks for understanding of a key transition in tea's physical form and preparation method, which marked a major turning point in its history.",This question tests the recall of specific factual information about China's key exports during the period it held a monopoly on tea.,This question tests the learner's ability to analyze the cause (high cost of silver) for a significant effect (the switch to the opium trade).,This question requires the learner to recall and connect the outcome of a major conflict to its specific political and economic consequences for China.,This question requires the learner to analyze the specific actions (industrial espionage) taken by a key entity to overcome a major economic obstacle (China's monopoly).,This requires the learner to analyze the cause-and-effect relationship between economic competition in the tea trade and a specific technological innovation.,"This tests the recall of a concluding fact that puts the entire history of tea into a modern context, demonstrating the beverage's global significance.","The response is incorrect. The legend credits Shennong, the mythical “Divine Farmer,” not an emperor from the Qing (or Qin) dynasty. You did recognize it involved an emperor-like figure, but you need to name Shennong specifically; review the opening legend from the video for this key detail.

Score: 2/10","Your response captures the core idea that tea was originally eaten rather than drunk, which shows good understanding. To improve, mention specific forms: it was eaten as a vegetable and also cooked into grain porridge. Including these examples would make your explanation more complete.

Score: 7/10","You noted that preparation changed, which hints at the right idea. However, saying it was served cold is incorrect; the Tang method involved steaming/pressing tea into cakes, grinding them into powder, and whisking the powder with hot water to make a frothy drink (early matcha). Including the powdered form, hot water, and frothing would make your answer accurate.

Score: 2/10","Your response correctly identifies the key shift: moving from powdered/pressed tea to brewing dried (loose) leaves in water. This captures the essence of the Ming Dynasty change away from matcha-style preparation. To improve, you could explicitly mention that it replaced tea cakes/powder and note the term “loose-leaf” for clarity.

Score: 9/10","You correctly identified silk as one of the key exports, which shows understanding of China’s major trade goods. However, “spices” is not the other essential export in this context; the expected answer is porcelain. Review the primary Chinese exports associated with its economic power: tea, silk, and porcelain.

Score: 5/10","Your answer notes that opium became highly demanded in China, which helps explain why the trade was effective. However, it doesn’t address the key economic reason for the switch: Britain found paying in silver too costly and unsustainable, leading to a silver drain and trade imbalance. To improve, mention that the high cost and outflow of silver pushed Britain to trade opium instead to balance payments.

Score: 2/10","The response shows awareness that trade concessions were central, which is a good instinct. However, it misses the two key outcomes: the cession of Hong Kong to Britain and the imposition of unequal trade terms (e.g., opening treaty ports, fixed tariffs, indemnities). Allowing opium imports was not a concession of the First Opium War (legalization came later), and there was no British control of tea production.

Score: 2/10","Your answer correctly notes that tea cultivation was started in Darjeeling, which is a key part of how the monopoly was broken. However, it misses the crucial details: the British East India Company sent Robert Fortune on a secret mission to smuggle live tea plants/seeds and skilled tea workers/know-how out of China; just taking “leaves” would not enable propagation or production. Including the espionage element and Fortune’s role would make your explanation accurate and complete.

Score: 4/10","Your answer captures the core idea that clippers were built to deliver tea to Britain faster because of its high trade value. To improve, mention the intense competition—companies raced to be first to market with the new season’s tea to secure higher prices and profits. Including that competitive element would fully align with the model answer.

Score: 8/10","Your answer correctly identifies tea’s ranking as second, which addresses the main point of the question. However, it’s not behind coffee—water is the most consumed beverage worldwide. For full accuracy, state that tea is second after water.

Score: 8/10",Tea
27/11/2025 04:16,27/11/2025 04:20,0,100,251,1,27/11/2025 04:20,R_8gZPbAf54jIta4I,anonymous,EN,1,6658b67d487ff144dc527a40,,,,,cant remember,cakes,from cakes to tea leaves,loose leaf tea,cant remember,cant remember,cant remember,mass production,to get tea across the world,3rd,6658b67d487ff144dc527a40,SAQ,"According to legend, who was the mythical Chinese figure credited with discovering tea while searching the forest for edible grains and herbs?",Explain how tea was originally consumed in ancient China before it was primarily prepared as a drink.,Describe the change in tea preparation that occurred during the Tang Dynasty and led to the creation of matcha.,"What significant change to the standard form of tea occurred during China's Ming Dynasty, shifting away from the matcha-style preparation?","Besides tea, what were the other two essential Chinese export goods that gave the country significant economic power?","Explain the economic reason that prompted Great Britain to begin trading opium for Chinese tea, instead of its original payment method.","Following the First Opium War, what were two major concessions the defeated Qing Dynasty made to the British?",How did the British East India Company ultimately break China's long-held monopoly on tea cultivation?,What was the primary motivation for the development of the fast-sailing clipper ship in the 19th century?,What is tea's ranking as the most consumed beverage in the world today?,"The mythical figure credited with discovering tea is the divine farmer, Shennong.","Originally, tea was consumed as a food; it was either eaten as a vegetable or cooked with grain porridge.","The standard method became heating tea, packing it into portable cakes, grinding it into powder, and then mixing it with hot water to create a frothy beverage.","During the Ming Dynasty, the Chinese emperor shifted the standard from tea pressed into cakes to using loose-leaf tea.",The other two essential Chinese export goods that gave the country economic power were porcelain and silk.,"Britain initially paid for Chinese tea with silver, but this proved to be too expensive, so they switched to trading opium as a more sustainable alternative.",The Qing Dynasty ceded the port of Hong Kong to the British and was forced to resume trading on unfavorable terms.,"They commissioned botanist Robert Fortune to secretly smuggle tea trees and experienced tea workers out of China and into Darjeeling, India.","The clipper ship was developed due to intense competition between Western trading companies, who were racing to transport tea to Europe first to maximize profits.","Tea is the second most consumed beverage in the world, after water.",This is a direct recall of a key figure and the foundational legend mentioned at the start of the video.,"This question requires the learner to explain the initial state of tea consumption, demonstrating comprehension of its evolution from a food to a beverage.","This question asks for an explanation of a specific historical process mentioned in the video, testing the learner's understanding of how a particular type of tea was made.","This question checks for understanding of a key transition in tea's physical form and preparation method, which marked a major turning point in its history.",This question tests the recall of specific factual information about China's key exports during the period it held a monopoly on tea.,This question tests the learner's ability to analyze the cause (high cost of silver) for a significant effect (the switch to the opium trade).,This question requires the learner to recall and connect the outcome of a major conflict to its specific political and economic consequences for China.,This question requires the learner to analyze the specific actions (industrial espionage) taken by a key entity to overcome a major economic obstacle (China's monopoly).,This requires the learner to analyze the cause-and-effect relationship between economic competition in the tea trade and a specific technological innovation.,"This tests the recall of a concluding fact that puts the entire history of tea into a modern context, demonstrating the beverage's global significance.","The response does not provide any of the required information. The legendary figure is Shennong, the “Divine Farmer,” credited with discovering tea. In the future, if you’re unsure, try recalling key names from the opening legends or jotting down notable figures as you watch.

Score: 0/10","The response hints that tea may have been consumed as a food, but “cakes” is too vague and does not match the key forms described. Early on, tea was eaten like a leafy vegetable or cooked into grain porridge, rather than as cakes. To improve, specify that it was consumed as food in vegetable form or mixed into porridge.

Score: 3/10","Your response mentions tea cakes, which is relevant, but it misstates the change. During the Tang era, tea was compressed into cakes, then ground into a fine powder and whisked with hot water to make a frothy drink—this practice led to matcha. To improve, note the grinding into powder and whisking step rather than a shift to loose tea leaves.

Score: 2/10","Your answer correctly identifies that the standard shifted to loose-leaf tea during the Ming Dynasty. This captures the core idea of the change. To make it even stronger, you could mention that this replaced the earlier pressed/powdered (matcha-style) cakes as the norm.

Score: 9/10","You didn’t provide an answer, so the key concepts weren’t addressed. Remember that besides tea, the two major Chinese exports were porcelain and silk, which helped drive China’s economic power. Try using a quick cue like “Tea, Porcelain, Silk” to remember the trio.

Score: 0/10","The response does not address the question or any key concepts from the model answer. To improve, briefly note that Britain originally paid for Chinese tea with silver, which became too costly and unsustainable, leading them to trade opium instead to balance the trade. Even a short statement like “silver was too expensive, so Britain used opium to pay for tea” would earn credit.

Score: 0/10","The response doesn’t address the question or the key points. In the future, try to recall two concrete outcomes: Britain gained Hong Kong and forced China to reopen trade on unequal terms after the First Opium War (Treaty of Nanking). Reviewing key treaty names can help trigger these details.

Score: 0/10","The response is too vague and misses the essential mechanism. The British East India Company broke China’s monopoly through industrial espionage—sending Robert Fortune to smuggle tea plants, seeds, and skilled workers from China to India, enabling cultivation in places like Darjeeling. Mentioning this transfer of plants and know-how would make your answer accurate.

Score: 2/10","Your answer recognizes that clipper ships were connected to transporting tea over long distances, which is part of the context. However, it misses the core motivation: intense competition to be the first to deliver tea to Europe and thus earn higher profits. Mentioning the competitive race and profit incentive would make your answer more accurate. 
Score: 4/10","The response is incorrect; tea is the second most consumed beverage in the world, after water. You recognized that the question asks for a global ranking, but the specific position matters here. Review the video's concluding fact about tea’s worldwide consumption.

Score: 2/10",Tea
27/11/2025 04:11,27/11/2025 04:20,0,100,570,1,27/11/2025 04:20,R_2F8rVtreAhYfMUL,anonymous,EN,1,61f2ad75a09e72f23cbaf8a0,,,,,emperor shennong,chewed,the tea was ground into powder,unsure,"porcelain, silk",it was because of trade deficit,unsure,growing in india,cause the boats were faster,2nd,61f2ad75a09e72f23cbaf8a0,SAQ,"According to legend, who was the mythical Chinese figure credited with discovering tea while searching the forest for edible grains and herbs?",Explain how tea was originally consumed in ancient China before it was primarily prepared as a drink.,Describe the change in tea preparation that occurred during the Tang Dynasty and led to the creation of matcha.,"What significant change to the standard form of tea occurred during China's Ming Dynasty, shifting away from the matcha-style preparation?","Besides tea, what were the other two essential Chinese export goods that gave the country significant economic power?","Explain the economic reason that prompted Great Britain to begin trading opium for Chinese tea, instead of its original payment method.","Following the First Opium War, what were two major concessions the defeated Qing Dynasty made to the British?",How did the British East India Company ultimately break China's long-held monopoly on tea cultivation?,What was the primary motivation for the development of the fast-sailing clipper ship in the 19th century?,What is tea's ranking as the most consumed beverage in the world today?,"The mythical figure credited with discovering tea is the divine farmer, Shennong.","Originally, tea was consumed as a food; it was either eaten as a vegetable or cooked with grain porridge.","The standard method became heating tea, packing it into portable cakes, grinding it into powder, and then mixing it with hot water to create a frothy beverage.","During the Ming Dynasty, the Chinese emperor shifted the standard from tea pressed into cakes to using loose-leaf tea.",The other two essential Chinese export goods that gave the country economic power were porcelain and silk.,"Britain initially paid for Chinese tea with silver, but this proved to be too expensive, so they switched to trading opium as a more sustainable alternative.",The Qing Dynasty ceded the port of Hong Kong to the British and was forced to resume trading on unfavorable terms.,"They commissioned botanist Robert Fortune to secretly smuggle tea trees and experienced tea workers out of China and into Darjeeling, India.","The clipper ship was developed due to intense competition between Western trading companies, who were racing to transport tea to Europe first to maximize profits.","Tea is the second most consumed beverage in the world, after water.",This is a direct recall of a key figure and the foundational legend mentioned at the start of the video.,"This question requires the learner to explain the initial state of tea consumption, demonstrating comprehension of its evolution from a food to a beverage.","This question asks for an explanation of a specific historical process mentioned in the video, testing the learner's understanding of how a particular type of tea was made.","This question checks for understanding of a key transition in tea's physical form and preparation method, which marked a major turning point in its history.",This question tests the recall of specific factual information about China's key exports during the period it held a monopoly on tea.,This question tests the learner's ability to analyze the cause (high cost of silver) for a significant effect (the switch to the opium trade).,This question requires the learner to recall and connect the outcome of a major conflict to its specific political and economic consequences for China.,This question requires the learner to analyze the specific actions (industrial espionage) taken by a key entity to overcome a major economic obstacle (China's monopoly).,This requires the learner to analyze the cause-and-effect relationship between economic competition in the tea trade and a specific technological innovation.,"This tests the recall of a concluding fact that puts the entire history of tea into a modern context, demonstrating the beverage's global significance.","The response correctly identifies Shennong as the legendary figure credited with discovering tea. It captures the essential concept precisely. For a minor improvement, capitalize the proper noun (Emperor Shennong) or mention his title “Divine Farmer” for completeness.

Score: 10/10","Your answer hints that tea leaves were consumed directly rather than brewed, which aligns with the idea that tea wasn’t originally a drink. However, it’s too brief and misses key details: tea was eaten as a vegetable or cooked into grain porridge. To improve, state that tea was consumed as a food, specifically in dishes or porridge, not just chewed. 

Score: 5/10","Your answer captures one key element: grinding the tea into a powder. However, it leaves out other important parts of the Tang-era method that led to matcha, such as heating/steaming the leaves, pressing them into cakes, and then mixing/whisking the powder with hot water to make a frothy drink. Including these steps would show a fuller understanding of the process.

Score: 4/10","The response doesn’t demonstrate understanding of the key change. During the Ming Dynasty, tea shifted from compressed/powdered cakes (whisked like matcha) to loose-leaf tea that was steeped. Review this turning point and try to state both the old form and the new standard in your answer.

Score: 1/10","Your answer is correct and precisely matches the key exports identified: porcelain and silk. You captured the essential information succinctly. For completeness in future responses, you could restate the question in a full sentence (e.g., “They were porcelain and silk.”).

Score: 10/10","Your answer correctly identifies the core economic issue: Britain faced a trade deficit with China, which drove the switch in strategy. To improve, specify that paying in silver drained Britain’s reserves and was too costly, so they turned to exporting opium to balance the trade and reduce silver outflows. Adding these details would make your explanation more complete.

Score: 8/10","The response does not identify any of the key concessions. To improve, recall that after the First Opium War, the Qing ceded Hong Kong to Britain and opened several ports to trade under unequal terms set by the British. Review the Treaty of Nanjing for these specifics.

Score: 0/10","Your response recognizes the key idea that shifting tea cultivation to India was crucial, which is a good start. However, it’s missing how this was achieved: the British East India Company used industrial espionage, sending Robert Fortune to secretly smuggle tea plants, seeds, and skilled workers from China to establish plantations (e.g., in Darjeeling). Including these details would show a fuller understanding of how China’s monopoly was broken.

Score: 4/10","The response identifies speed as a factor, which is related to the clipper ships, but it confuses cause and effect. The primary motivation was economic competition—trading companies raced to bring tea to Europe first to earn higher profits—so ships were designed to be faster as a result. To improve, mention the tea trade competition and profit incentive as the driving cause.

Score: 3/10","Your answer correctly identifies tea’s global ranking as second, matching the key fact. To make it clearer and more complete, you could state “second most consumed beverage after water.” This adds context while keeping it concise.

Score: 10/10",Tea
27/11/2025 04:16,27/11/2025 04:21,0,100,305,1,27/11/2025 04:21,R_8QnRRHpne8BUb7E,anonymous,EN,1,614825d01815f41fe66dda75,0,0,286.545,0,,,,,,,,,,,614825d01815f41fe66dda75,Restudy,"According to legend, who was the mythical Chinese figure credited with discovering tea while searching the forest for edible grains and herbs?",Explain how tea was originally consumed in ancient China before it was primarily prepared as a drink.,Describe the change in tea preparation that occurred during the Tang Dynasty and led to the creation of matcha.,"What significant change to the standard form of tea occurred during China's Ming Dynasty, shifting away from the matcha-style preparation?","Besides tea, what were the other two essential Chinese export goods that gave the country significant economic power?","Explain the economic reason that prompted Great Britain to begin trading opium for Chinese tea, instead of its original payment method.","Following the First Opium War, what were two major concessions the defeated Qing Dynasty made to the British?",How did the British East India Company ultimately break China's long-held monopoly on tea cultivation?,What was the primary motivation for the development of the fast-sailing clipper ship in the 19th century?,What is tea's ranking as the most consumed beverage in the world today?,"The mythical figure credited with discovering tea is the divine farmer, Shennong.","Originally, tea was consumed as a food; it was either eaten as a vegetable or cooked with grain porridge.","The standard method became heating tea, packing it into portable cakes, grinding it into powder, and then mixing it with hot water to create a frothy beverage.","During the Ming Dynasty, the Chinese emperor shifted the standard from tea pressed into cakes to using loose-leaf tea.",The other two essential Chinese export goods that gave the country economic power were porcelain and silk.,"Britain initially paid for Chinese tea with silver, but this proved to be too expensive, so they switched to trading opium as a more sustainable alternative.",The Qing Dynasty ceded the port of Hong Kong to the British and was forced to resume trading on unfavorable terms.,"They commissioned botanist Robert Fortune to secretly smuggle tea trees and experienced tea workers out of China and into Darjeeling, India.","The clipper ship was developed due to intense competition between Western trading companies, who were racing to transport tea to Europe first to maximize profits.","Tea is the second most consumed beverage in the world, after water.",This is a direct recall of a key figure and the foundational legend mentioned at the start of the video.,"This question requires the learner to explain the initial state of tea consumption, demonstrating comprehension of its evolution from a food to a beverage.","This question asks for an explanation of a specific historical process mentioned in the video, testing the learner's understanding of how a particular type of tea was made.","This question checks for understanding of a key transition in tea's physical form and preparation method, which marked a major turning point in its history.",This question tests the recall of specific factual information about China's key exports during the period it held a monopoly on tea.,This question tests the learner's ability to analyze the cause (high cost of silver) for a significant effect (the switch to the opium trade).,This question requires the learner to recall and connect the outcome of a major conflict to its specific political and economic consequences for China.,This question requires the learner to analyze the specific actions (industrial espionage) taken by a key entity to overcome a major economic obstacle (China's monopoly).,This requires the learner to analyze the cause-and-effect relationship between economic competition in the tea trade and a specific technological innovation.,"This tests the recall of a concluding fact that puts the entire history of tea into a modern context, demonstrating the beverage's global significance.",,,,,,,,,,,Tea
27/11/2025 04:13,27/11/2025 04:23,0,100,640,1,27/11/2025 04:23,R_84pYQuKJKTw5hZ0,anonymous,EN,0.899999976,5c8b065abd96ce0001947d1b,1.934,284.684,287.19,2,,,,,,,,,,,5c8b065abd96ce0001947d1b,Restudy,"According to legend, who was the mythical Chinese figure credited with discovering tea while searching the forest for edible grains and herbs?",Explain how tea was originally consumed in ancient China before it was primarily prepared as a drink.,Describe the change in tea preparation that occurred during the Tang Dynasty and led to the creation of matcha.,"What significant change to the standard form of tea occurred during China's Ming Dynasty, shifting away from the matcha-style preparation?","Besides tea, what were the other two essential Chinese export goods that gave the country significant economic power?","Explain the economic reason that prompted Great Britain to begin trading opium for Chinese tea, instead of its original payment method.","Following the First Opium War, what were two major concessions the defeated Qing Dynasty made to the British?",How did the British East India Company ultimately break China's long-held monopoly on tea cultivation?,What was the primary motivation for the development of the fast-sailing clipper ship in the 19th century?,What is tea's ranking as the most consumed beverage in the world today?,"The mythical figure credited with discovering tea is the divine farmer, Shennong.","Originally, tea was consumed as a food; it was either eaten as a vegetable or cooked with grain porridge.","The standard method became heating tea, packing it into portable cakes, grinding it into powder, and then mixing it with hot water to create a frothy beverage.","During the Ming Dynasty, the Chinese emperor shifted the standard from tea pressed into cakes to using loose-leaf tea.",The other two essential Chinese export goods that gave the country economic power were porcelain and silk.,"Britain initially paid for Chinese tea with silver, but this proved to be too expensive, so they switched to trading opium as a more sustainable alternative.",The Qing Dynasty ceded the port of Hong Kong to the British and was forced to resume trading on unfavorable terms.,"They commissioned botanist Robert Fortune to secretly smuggle tea trees and experienced tea workers out of China and into Darjeeling, India.","The clipper ship was developed due to intense competition between Western trading companies, who were racing to transport tea to Europe first to maximize profits.","Tea is the second most consumed beverage in the world, after water.",This is a direct recall of a key figure and the foundational legend mentioned at the start of the video.,"This question requires the learner to explain the initial state of tea consumption, demonstrating comprehension of its evolution from a food to a beverage.","This question asks for an explanation of a specific historical process mentioned in the video, testing the learner's understanding of how a particular type of tea was made.","This question checks for understanding of a key transition in tea's physical form and preparation method, which marked a major turning point in its history.",This question tests the recall of specific factual information about China's key exports during the period it held a monopoly on tea.,This question tests the learner's ability to analyze the cause (high cost of silver) for a significant effect (the switch to the opium trade).,This question requires the learner to recall and connect the outcome of a major conflict to its specific political and economic consequences for China.,This question requires the learner to analyze the specific actions (industrial espionage) taken by a key entity to overcome a major economic obstacle (China's monopoly).,This requires the learner to analyze the cause-and-effect relationship between economic competition in the tea trade and a specific technological innovation.,"This tests the recall of a concluding fact that puts the entire history of tea into a modern context, demonstrating the beverage's global significance.",,,,,,,,,,,Tea
27/11/2025 04:22,27/11/2025 04:27,0,100,306,1,27/11/2025 04:27,R_8VexLigLvwihKx3,anonymous,EN,0.899999976,58bef6fd31de840001e84ba0,50.482,252.759,287.212,17,,,,,,,,,,,58bef6fd31de840001e84ba0,Restudy,"According to legend, who was the mythical Chinese figure credited with discovering tea while searching the forest for edible grains and herbs?",Explain how tea was originally consumed in ancient China before it was primarily prepared as a drink.,Describe the change in tea preparation that occurred during the Tang Dynasty and led to the creation of matcha.,"What significant change to the standard form of tea occurred during China's Ming Dynasty, shifting away from the matcha-style preparation?","Besides tea, what were the other two essential Chinese export goods that gave the country significant economic power?","Explain the economic reason that prompted Great Britain to begin trading opium for Chinese tea, instead of its original payment method.","Following the First Opium War, what were two major concessions the defeated Qing Dynasty made to the British?",How did the British East India Company ultimately break China's long-held monopoly on tea cultivation?,What was the primary motivation for the development of the fast-sailing clipper ship in the 19th century?,What is tea's ranking as the most consumed beverage in the world today?,"The mythical figure credited with discovering tea is the divine farmer, Shennong.","Originally, tea was consumed as a food; it was either eaten as a vegetable or cooked with grain porridge.","The standard method became heating tea, packing it into portable cakes, grinding it into powder, and then mixing it with hot water to create a frothy beverage.","During the Ming Dynasty, the Chinese emperor shifted the standard from tea pressed into cakes to using loose-leaf tea.",The other two essential Chinese export goods that gave the country economic power were porcelain and silk.,"Britain initially paid for Chinese tea with silver, but this proved to be too expensive, so they switched to trading opium as a more sustainable alternative.",The Qing Dynasty ceded the port of Hong Kong to the British and was forced to resume trading on unfavorable terms.,"They commissioned botanist Robert Fortune to secretly smuggle tea trees and experienced tea workers out of China and into Darjeeling, India.","The clipper ship was developed due to intense competition between Western trading companies, who were racing to transport tea to Europe first to maximize profits.","Tea is the second most consumed beverage in the world, after water.",This is a direct recall of a key figure and the foundational legend mentioned at the start of the video.,"This question requires the learner to explain the initial state of tea consumption, demonstrating comprehension of its evolution from a food to a beverage.","This question asks for an explanation of a specific historical process mentioned in the video, testing the learner's understanding of how a particular type of tea was made.","This question checks for understanding of a key transition in tea's physical form and preparation method, which marked a major turning point in its history.",This question tests the recall of specific factual information about China's key exports during the period it held a monopoly on tea.,This question tests the learner's ability to analyze the cause (high cost of silver) for a significant effect (the switch to the opium trade).,This question requires the learner to recall and connect the outcome of a major conflict to its specific political and economic consequences for China.,This question requires the learner to analyze the specific actions (industrial espionage) taken by a key entity to overcome a major economic obstacle (China's monopoly).,This requires the learner to analyze the cause-and-effect relationship between economic competition in the tea trade and a specific technological innovation.,"This tests the recall of a concluding fact that puts the entire history of tea into a modern context, demonstrating the beverage's global significance.",,,,,,,,,,,Tea
27/11/2025 04:27,27/11/2025 04:32,0,100,313,1,27/11/2025 04:32,R_2MEEEpWhHdzFYQI,anonymous,EN,1,5db1dbb351eb21000c443e58,0,0,290.361,0,,,,,,,,,,,5db1dbb351eb21000c443e58,Restudy,"According to legend, who was the mythical Chinese figure credited with discovering tea while searching the forest for edible grains and herbs?",Explain how tea was originally consumed in ancient China before it was primarily prepared as a drink.,Describe the change in tea preparation that occurred during the Tang Dynasty and led to the creation of matcha.,"What significant change to the standard form of tea occurred during China's Ming Dynasty, shifting away from the matcha-style preparation?","Besides tea, what were the other two essential Chinese export goods that gave the country significant economic power?","Explain the economic reason that prompted Great Britain to begin trading opium for Chinese tea, instead of its original payment method.","Following the First Opium War, what were two major concessions the defeated Qing Dynasty made to the British?",How did the British East India Company ultimately break China's long-held monopoly on tea cultivation?,What was the primary motivation for the development of the fast-sailing clipper ship in the 19th century?,What is tea's ranking as the most consumed beverage in the world today?,"The mythical figure credited with discovering tea is the divine farmer, Shennong.","Originally, tea was consumed as a food; it was either eaten as a vegetable or cooked with grain porridge.","The standard method became heating tea, packing it into portable cakes, grinding it into powder, and then mixing it with hot water to create a frothy beverage.","During the Ming Dynasty, the Chinese emperor shifted the standard from tea pressed into cakes to using loose-leaf tea.",The other two essential Chinese export goods that gave the country economic power were porcelain and silk.,"Britain initially paid for Chinese tea with silver, but this proved to be too expensive, so they switched to trading opium as a more sustainable alternative.",The Qing Dynasty ceded the port of Hong Kong to the British and was forced to resume trading on unfavorable terms.,"They commissioned botanist Robert Fortune to secretly smuggle tea trees and experienced tea workers out of China and into Darjeeling, India.","The clipper ship was developed due to intense competition between Western trading companies, who were racing to transport tea to Europe first to maximize profits.","Tea is the second most consumed beverage in the world, after water.",This is a direct recall of a key figure and the foundational legend mentioned at the start of the video.,"This question requires the learner to explain the initial state of tea consumption, demonstrating comprehension of its evolution from a food to a beverage.","This question asks for an explanation of a specific historical process mentioned in the video, testing the learner's understanding of how a particular type of tea was made.","This question checks for understanding of a key transition in tea's physical form and preparation method, which marked a major turning point in its history.",This question tests the recall of specific factual information about China's key exports during the period it held a monopoly on tea.,This question tests the learner's ability to analyze the cause (high cost of silver) for a significant effect (the switch to the opium trade).,This question requires the learner to recall and connect the outcome of a major conflict to its specific political and economic consequences for China.,This question requires the learner to analyze the specific actions (industrial espionage) taken by a key entity to overcome a major economic obstacle (China's monopoly).,This requires the learner to analyze the cause-and-effect relationship between economic competition in the tea trade and a specific technological innovation.,"This tests the recall of a concluding fact that puts the entire history of tea into a modern context, demonstrating the beverage's global significance.",,,,,,,,,,,Tea
27/11/2025 04:24,27/11/2025 04:36,0,100,722,1,27/11/2025 04:36,R_2yIf3G4OevSsqt3,anonymous,EN,1,5d59cb467ca41f0001e97e1f,,,,,"Maachta, he poisoned himself then ate a leaf of tea and got better.",In ancient China tea was originally consumed by eating the leaves.,The change in the tea preparation is it was made using hot water and it was turned in to a powder.,It was turned into a powdered form.,Silk and cotton.,Great Britain used to buy tea with silver but they started trading opium instead because it was a better deal for them.,They carried on trading tea for opium and built their own ship.,The smuggled the tea plants out of the country and started growing them in India.,To get the tea to Europe quicker.,Tea is the second most consumed beverage in the world today after water.,5d59cb467ca41f0001e97e1f,SAQ,"According to legend, who was the mythical Chinese figure credited with discovering tea while searching the forest for edible grains and herbs?",Explain how tea was originally consumed in ancient China before it was primarily prepared as a drink.,Describe the change in tea preparation that occurred during the Tang Dynasty and led to the creation of matcha.,"What significant change to the standard form of tea occurred during China's Ming Dynasty, shifting away from the matcha-style preparation?","Besides tea, what were the other two essential Chinese export goods that gave the country significant economic power?","Explain the economic reason that prompted Great Britain to begin trading opium for Chinese tea, instead of its original payment method.","Following the First Opium War, what were two major concessions the defeated Qing Dynasty made to the British?",How did the British East India Company ultimately break China's long-held monopoly on tea cultivation?,What was the primary motivation for the development of the fast-sailing clipper ship in the 19th century?,What is tea's ranking as the most consumed beverage in the world today?,"The mythical figure credited with discovering tea is the divine farmer, Shennong.","Originally, tea was consumed as a food; it was either eaten as a vegetable or cooked with grain porridge.","The standard method became heating tea, packing it into portable cakes, grinding it into powder, and then mixing it with hot water to create a frothy beverage.","During the Ming Dynasty, the Chinese emperor shifted the standard from tea pressed into cakes to using loose-leaf tea.",The other two essential Chinese export goods that gave the country economic power were porcelain and silk.,"Britain initially paid for Chinese tea with silver, but this proved to be too expensive, so they switched to trading opium as a more sustainable alternative.",The Qing Dynasty ceded the port of Hong Kong to the British and was forced to resume trading on unfavorable terms.,"They commissioned botanist Robert Fortune to secretly smuggle tea trees and experienced tea workers out of China and into Darjeeling, India.","The clipper ship was developed due to intense competition between Western trading companies, who were racing to transport tea to Europe first to maximize profits.","Tea is the second most consumed beverage in the world, after water.",This is a direct recall of a key figure and the foundational legend mentioned at the start of the video.,"This question requires the learner to explain the initial state of tea consumption, demonstrating comprehension of its evolution from a food to a beverage.","This question asks for an explanation of a specific historical process mentioned in the video, testing the learner's understanding of how a particular type of tea was made.","This question checks for understanding of a key transition in tea's physical form and preparation method, which marked a major turning point in its history.",This question tests the recall of specific factual information about China's key exports during the period it held a monopoly on tea.,This question tests the learner's ability to analyze the cause (high cost of silver) for a significant effect (the switch to the opium trade).,This question requires the learner to recall and connect the outcome of a major conflict to its specific political and economic consequences for China.,This question requires the learner to analyze the specific actions (industrial espionage) taken by a key entity to overcome a major economic obstacle (China's monopoly).,This requires the learner to analyze the cause-and-effect relationship between economic competition in the tea trade and a specific technological innovation.,"This tests the recall of a concluding fact that puts the entire history of tea into a modern context, demonstrating the beverage's global significance.","You recalled a key detail of the legend—that the discoverer was tasting herbs, was poisoned, and tea revived him—which shows some understanding of the story. However, the name is incorrect; the mythical figure is Shennong, the “Divine Farmer.” Focus on remembering the correct name associated with the legend.

Score: 3/10","Your response correctly identifies the core idea that tea was originally consumed as a food rather than as a brewed beverage. However, it would be stronger if you mentioned the specific ways it was eaten—such as as a vegetable or cooked into grain porridge. Adding those examples would show a fuller understanding of the historical preparation methods.

Score: 7/10","You captured two key ideas: tea was ground into a powder and prepared with hot water. However, you missed important details about the process—tea leaves were pressed into cakes and then ground, and the powder was whisked to create a frothy drink. Adding those steps would show a fuller understanding of how matcha-style preparation emerged in the Tang period.

Score: 6/10","The response is incorrect. The Ming Dynasty shift was away from powdered/matcha-style and pressed cakes toward loose-leaf tea for steeping. You correctly focused on the tea’s form, but remember that the reform standardized loose-leaf preparation rather than powdered tea.

Score: 1/10","You correctly identified silk as one of the key Chinese exports. However, the other essential good was porcelain, not cotton; porcelain, together with silk (and tea), was central to China’s economic power in global trade. Review the role of porcelain in Chinese export history to solidify this.

Score: 5/10","Your response correctly notes that Britain first paid with silver and then shifted to trading opium for economic advantage. However, it’s a bit vague about the specific reason: silver payments were becoming too costly/unsustainable (a drain of silver), prompting the switch. Mentioning the high cost of silver or the silver drain would make your explanation more precise.

Score: 7/10","The response shows awareness that trade was central to the conflict, but it misses the specific concessions. After the First Opium War, the Qing ceded Hong Kong to Britain and opened treaty ports under unequal terms (fixed low tariffs, expanded British trading rights), not “trading tea for opium,” and “built their own ship” is not relevant. To improve, name Hong Kong’s cession and the imposition of unequal trade terms/opening of ports (and optionally indemnities).

Score: 2/10","Your answer captures the main idea: tea plants were smuggled out of China and cultivated in India to break the monopoly. However, it omits key details like the role of Robert Fortune, the involvement of skilled Chinese tea workers, and the specific region (Darjeeling), as well as explicitly linking the action to the British East India Company. Adding these would make your explanation more complete and precise.

Score: 6/10","The response identifies the goal of faster transport of tea to Europe, which is part of the idea. However, it misses the primary motivation: intense competition among trading companies racing to be first to market to maximize profits. To improve, mention that the speed was driven by competitive pressures and profit incentives in the tea trade.

Score: 5/10","Your response is completely accurate and matches the key fact: tea is the second most consumed beverage after water. Excellent recall and clarity. To add a touch more context, you could note that this emphasizes tea’s global significance today.

Score: 10/10",Tea
27/11/2025 04:28,27/11/2025 04:37,0,100,533,1,27/11/2025 04:37,R_2PYQgITtlEOvgN4,anonymous,EN,1,5c158ec0c6b01c0001bcfa72,0,0,286.826,0,,,,,,,,,,,5c158ec0c6b01c0001bcfa72,Restudy,"According to legend, who was the mythical Chinese figure credited with discovering tea while searching the forest for edible grains and herbs?",Explain how tea was originally consumed in ancient China before it was primarily prepared as a drink.,Describe the change in tea preparation that occurred during the Tang Dynasty and led to the creation of matcha.,"What significant change to the standard form of tea occurred during China's Ming Dynasty, shifting away from the matcha-style preparation?","Besides tea, what were the other two essential Chinese export goods that gave the country significant economic power?","Explain the economic reason that prompted Great Britain to begin trading opium for Chinese tea, instead of its original payment method.","Following the First Opium War, what were two major concessions the defeated Qing Dynasty made to the British?",How did the British East India Company ultimately break China's long-held monopoly on tea cultivation?,What was the primary motivation for the development of the fast-sailing clipper ship in the 19th century?,What is tea's ranking as the most consumed beverage in the world today?,"The mythical figure credited with discovering tea is the divine farmer, Shennong.","Originally, tea was consumed as a food; it was either eaten as a vegetable or cooked with grain porridge.","The standard method became heating tea, packing it into portable cakes, grinding it into powder, and then mixing it with hot water to create a frothy beverage.","During the Ming Dynasty, the Chinese emperor shifted the standard from tea pressed into cakes to using loose-leaf tea.",The other two essential Chinese export goods that gave the country economic power were porcelain and silk.,"Britain initially paid for Chinese tea with silver, but this proved to be too expensive, so they switched to trading opium as a more sustainable alternative.",The Qing Dynasty ceded the port of Hong Kong to the British and was forced to resume trading on unfavorable terms.,"They commissioned botanist Robert Fortune to secretly smuggle tea trees and experienced tea workers out of China and into Darjeeling, India.","The clipper ship was developed due to intense competition between Western trading companies, who were racing to transport tea to Europe first to maximize profits.","Tea is the second most consumed beverage in the world, after water.",This is a direct recall of a key figure and the foundational legend mentioned at the start of the video.,"This question requires the learner to explain the initial state of tea consumption, demonstrating comprehension of its evolution from a food to a beverage.","This question asks for an explanation of a specific historical process mentioned in the video, testing the learner's understanding of how a particular type of tea was made.","This question checks for understanding of a key transition in tea's physical form and preparation method, which marked a major turning point in its history.",This question tests the recall of specific factual information about China's key exports during the period it held a monopoly on tea.,This question tests the learner's ability to analyze the cause (high cost of silver) for a significant effect (the switch to the opium trade).,This question requires the learner to recall and connect the outcome of a major conflict to its specific political and economic consequences for China.,This question requires the learner to analyze the specific actions (industrial espionage) taken by a key entity to overcome a major economic obstacle (China's monopoly).,This requires the learner to analyze the cause-and-effect relationship between economic competition in the tea trade and a specific technological innovation.,"This tests the recall of a concluding fact that puts the entire history of tea into a modern context, demonstrating the beverage's global significance.",,,,,,,,,,,Tea
27/11/2025 04:28,27/11/2025 04:39,0,100,637,1,27/11/2025 04:39,R_2mafR39eXekWSTC,anonymous,EN,1,5bb535574cb73b00011437d0,,,,,he got poisoned while eating wild plants and eating tea healed him,it was originally consumed as raw leaves,"leaves used to be eaten raw, then they were pulverised, made into cakes and used for brewing","the tea went from being eaten in leaves to being pulverised, made into cakes and used for brewing",porcelain and silk,"it was originally paid in silver but, as tea was so expensive, this method was draining england's silver reserves",hong kong and buying opium,by sending an explorer who smuggled plants out of the darjeling region,companies being in fierce competition with each other on who was faster in delivering a load of tea from china and india,second behind coffee,5bb535574cb73b00011437d0,SAQ,"According to legend, who was the mythical Chinese figure credited with discovering tea while searching the forest for edible grains and herbs?",Explain how tea was originally consumed in ancient China before it was primarily prepared as a drink.,Describe the change in tea preparation that occurred during the Tang Dynasty and led to the creation of matcha.,"What significant change to the standard form of tea occurred during China's Ming Dynasty, shifting away from the matcha-style preparation?","Besides tea, what were the other two essential Chinese export goods that gave the country significant economic power?","Explain the economic reason that prompted Great Britain to begin trading opium for Chinese tea, instead of its original payment method.","Following the First Opium War, what were two major concessions the defeated Qing Dynasty made to the British?",How did the British East India Company ultimately break China's long-held monopoly on tea cultivation?,What was the primary motivation for the development of the fast-sailing clipper ship in the 19th century?,What is tea's ranking as the most consumed beverage in the world today?,"The mythical figure credited with discovering tea is the divine farmer, Shennong.","Originally, tea was consumed as a food; it was either eaten as a vegetable or cooked with grain porridge.","The standard method became heating tea, packing it into portable cakes, grinding it into powder, and then mixing it with hot water to create a frothy beverage.","During the Ming Dynasty, the Chinese emperor shifted the standard from tea pressed into cakes to using loose-leaf tea.",The other two essential Chinese export goods that gave the country economic power were porcelain and silk.,"Britain initially paid for Chinese tea with silver, but this proved to be too expensive, so they switched to trading opium as a more sustainable alternative.",The Qing Dynasty ceded the port of Hong Kong to the British and was forced to resume trading on unfavorable terms.,"They commissioned botanist Robert Fortune to secretly smuggle tea trees and experienced tea workers out of China and into Darjeeling, India.","The clipper ship was developed due to intense competition between Western trading companies, who were racing to transport tea to Europe first to maximize profits.","Tea is the second most consumed beverage in the world, after water.",This is a direct recall of a key figure and the foundational legend mentioned at the start of the video.,"This question requires the learner to explain the initial state of tea consumption, demonstrating comprehension of its evolution from a food to a beverage.","This question asks for an explanation of a specific historical process mentioned in the video, testing the learner's understanding of how a particular type of tea was made.","This question checks for understanding of a key transition in tea's physical form and preparation method, which marked a major turning point in its history.",This question tests the recall of specific factual information about China's key exports during the period it held a monopoly on tea.,This question tests the learner's ability to analyze the cause (high cost of silver) for a significant effect (the switch to the opium trade).,This question requires the learner to recall and connect the outcome of a major conflict to its specific political and economic consequences for China.,This question requires the learner to analyze the specific actions (industrial espionage) taken by a key entity to overcome a major economic obstacle (China's monopoly).,This requires the learner to analyze the cause-and-effect relationship between economic competition in the tea trade and a specific technological innovation.,"This tests the recall of a concluding fact that puts the entire history of tea into a modern context, demonstrating the beverage's global significance.","You recalled the key detail of the legend—that a figure was poisoned while testing wild plants and that tea cured him—which shows some understanding of the story. However, the question asks specifically for the name of that figure; you needed to identify him as Shennong (the “divine farmer”). Next time, include the name along with the legend detail.

Score: 3/10","You correctly recognized that tea was initially eaten rather than brewed as a drink. However, it wasn’t typically consumed as raw leaves; historically it was prepared as a vegetable or cooked into grain porridge. Including that detail would make your answer accurate and complete.

Score: 5/10","Your answer captures two important elements: tea was formed into cakes and involved pulverizing. However, the sequence and key details are off. In the Tang method, leaves were first heated/steamed and pressed into cakes; when preparing to drink, the cakes were ground into powder and whisked with hot water to make a frothy beverage—not simply “brewed,” and the “eaten raw” part is not relevant here. Clarifying the order and the frothy preparation would improve accuracy.

Score: 4/10","The response reverses the historical shift. During the Ming Dynasty, the standard moved away from powdered/cake tea (whisked like matcha) to loose-leaf brewing, not the other way around. You correctly mention powdered tea and cakes, but clarify that the change was toward loose-leaf infusion.

Score: 2/10","You correctly identified both key export goods: porcelain and silk. This directly answers the question with complete accuracy. For an even stronger response, you could add brief context linking these exports to China's economic power alongside tea.

Score: 10/10","Your response correctly identifies the core economic reason: paying in silver for tea was costly and depleted Britain’s silver reserves. That captures the key cause well. To improve, explicitly connect this silver drain to the resulting shift—Britain turned to trading opium as the alternative payment method to stop losing silver.

Score: 8/10","The response correctly identifies the cession of Hong Kong, which was a major concession. However, the Qing were not forced to buy opium; instead, they had to open several ports and accept unequal trading terms (e.g., fixed low tariffs and other trade concessions). To improve, mention the opening of treaty ports and the imposition of unfavorable trade conditions rather than opium purchasing.

Score: 4/10","Evaluation: The response recognizes that the Company used an explorer to smuggle tea plants, which captures the industrial espionage aspect. However, it reverses the direction: the plants (and skilled workers) were smuggled out of China into India (Darjeeling), not out of Darjeeling. Naming Robert Fortune and noting the transfer of both plants and expertise would make it accurate.

Score: 4/10","Your response correctly identifies the key driver: fierce competition to be the fastest in delivering tea, which spurred the development of clippers. To improve, note that the race was to bring tea to Europe first and that the speed mattered because it maximized profits for Western trading companies. Adding those points would make your answer more complete.

Score: 8/10","The response correctly identifies tea’s ranking as second, which captures part of the key idea. However, it incorrectly states that tea is behind coffee; the correct comparison is that tea is second after water. Be careful to match both the rank and what it’s compared against.

Score: 5/10",Tea
27/11/2025 04:36,27/11/2025 04:43,0,100,441,1,27/11/2025 04:43,R_2MEwYZv8GE3mHkd,anonymous,EN,1,6310a5c786d2abda637997c0,0,0,387.695,0,,,,,,,,,,,6310a5c786d2abda637997c0,Restudy,"According to legend, who was the mythical Chinese figure credited with discovering tea while searching the forest for edible grains and herbs?",Explain how tea was originally consumed in ancient China before it was primarily prepared as a drink.,Describe the change in tea preparation that occurred during the Tang Dynasty and led to the creation of matcha.,"What significant change to the standard form of tea occurred during China's Ming Dynasty, shifting away from the matcha-style preparation?","Besides tea, what were the other two essential Chinese export goods that gave the country significant economic power?","Explain the economic reason that prompted Great Britain to begin trading opium for Chinese tea, instead of its original payment method.","Following the First Opium War, what were two major concessions the defeated Qing Dynasty made to the British?",How did the British East India Company ultimately break China's long-held monopoly on tea cultivation?,What was the primary motivation for the development of the fast-sailing clipper ship in the 19th century?,What is tea's ranking as the most consumed beverage in the world today?,"The mythical figure credited with discovering tea is the divine farmer, Shennong.","Originally, tea was consumed as a food; it was either eaten as a vegetable or cooked with grain porridge.","The standard method became heating tea, packing it into portable cakes, grinding it into powder, and then mixing it with hot water to create a frothy beverage.","During the Ming Dynasty, the Chinese emperor shifted the standard from tea pressed into cakes to using loose-leaf tea.",The other two essential Chinese export goods that gave the country economic power were porcelain and silk.,"Britain initially paid for Chinese tea with silver, but this proved to be too expensive, so they switched to trading opium as a more sustainable alternative.",The Qing Dynasty ceded the port of Hong Kong to the British and was forced to resume trading on unfavorable terms.,"They commissioned botanist Robert Fortune to secretly smuggle tea trees and experienced tea workers out of China and into Darjeeling, India.","The clipper ship was developed due to intense competition between Western trading companies, who were racing to transport tea to Europe first to maximize profits.","Tea is the second most consumed beverage in the world, after water.",This is a direct recall of a key figure and the foundational legend mentioned at the start of the video.,"This question requires the learner to explain the initial state of tea consumption, demonstrating comprehension of its evolution from a food to a beverage.","This question asks for an explanation of a specific historical process mentioned in the video, testing the learner's understanding of how a particular type of tea was made.","This question checks for understanding of a key transition in tea's physical form and preparation method, which marked a major turning point in its history.",This question tests the recall of specific factual information about China's key exports during the period it held a monopoly on tea.,This question tests the learner's ability to analyze the cause (high cost of silver) for a significant effect (the switch to the opium trade).,This question requires the learner to recall and connect the outcome of a major conflict to its specific political and economic consequences for China.,This question requires the learner to analyze the specific actions (industrial espionage) taken by a key entity to overcome a major economic obstacle (China's monopoly).,This requires the learner to analyze the cause-and-effect relationship between economic competition in the tea trade and a specific technological innovation.,"This tests the recall of a concluding fact that puts the entire history of tea into a modern context, demonstrating the beverage's global significance.",,,,,,,,,,,Tea
27/11/2025 04:45,27/11/2025 04:50,0,100,285,1,27/11/2025 04:50,R_8O7JlB9XUR9ijdj,anonymous,EN,1,60f5d1dfd8ff71196982160b,,,,,Don't know,Matcha. Dried into discs first,"Can't remember
","Dried leaves?
","Opium?
","Can't remember
",Don't know,Can't remember,Don't know,"Second
",60f5d1dfd8ff71196982160b,SAQ,"According to legend, who was the mythical Chinese figure credited with discovering tea while searching the forest for edible grains and herbs?",Explain how tea was originally consumed in ancient China before it was primarily prepared as a drink.,Describe the change in tea preparation that occurred during the Tang Dynasty and led to the creation of matcha.,"What significant change to the standard form of tea occurred during China's Ming Dynasty, shifting away from the matcha-style preparation?","Besides tea, what were the other two essential Chinese export goods that gave the country significant economic power?","Explain the economic reason that prompted Great Britain to begin trading opium for Chinese tea, instead of its original payment method.","Following the First Opium War, what were two major concessions the defeated Qing Dynasty made to the British?",How did the British East India Company ultimately break China's long-held monopoly on tea cultivation?,What was the primary motivation for the development of the fast-sailing clipper ship in the 19th century?,What is tea's ranking as the most consumed beverage in the world today?,"The mythical figure credited with discovering tea is the divine farmer, Shennong.","Originally, tea was consumed as a food; it was either eaten as a vegetable or cooked with grain porridge.","The standard method became heating tea, packing it into portable cakes, grinding it into powder, and then mixing it with hot water to create a frothy beverage.","During the Ming Dynasty, the Chinese emperor shifted the standard from tea pressed into cakes to using loose-leaf tea.",The other two essential Chinese export goods that gave the country economic power were porcelain and silk.,"Britain initially paid for Chinese tea with silver, but this proved to be too expensive, so they switched to trading opium as a more sustainable alternative.",The Qing Dynasty ceded the port of Hong Kong to the British and was forced to resume trading on unfavorable terms.,"They commissioned botanist Robert Fortune to secretly smuggle tea trees and experienced tea workers out of China and into Darjeeling, India.","The clipper ship was developed due to intense competition between Western trading companies, who were racing to transport tea to Europe first to maximize profits.","Tea is the second most consumed beverage in the world, after water.",This is a direct recall of a key figure and the foundational legend mentioned at the start of the video.,"This question requires the learner to explain the initial state of tea consumption, demonstrating comprehension of its evolution from a food to a beverage.","This question asks for an explanation of a specific historical process mentioned in the video, testing the learner's understanding of how a particular type of tea was made.","This question checks for understanding of a key transition in tea's physical form and preparation method, which marked a major turning point in its history.",This question tests the recall of specific factual information about China's key exports during the period it held a monopoly on tea.,This question tests the learner's ability to analyze the cause (high cost of silver) for a significant effect (the switch to the opium trade).,This question requires the learner to recall and connect the outcome of a major conflict to its specific political and economic consequences for China.,This question requires the learner to analyze the specific actions (industrial espionage) taken by a key entity to overcome a major economic obstacle (China's monopoly).,This requires the learner to analyze the cause-and-effect relationship between economic competition in the tea trade and a specific technological innovation.,"This tests the recall of a concluding fact that puts the entire history of tea into a modern context, demonstrating the beverage's global significance.","The response does not address the question or identify the key figure, so it doesn’t demonstrate understanding of the core concept. In the legend, the discoverer is Shennong, the “divine farmer” of ancient China. Next time, try recalling that tea’s origin story is linked to Shennong to capture the essential detail.

Score: 0/10","The response does not explain how tea was originally consumed; it mentions matcha (a later Japanese powdered tea beverage) and compressed tea discs, which relate to processing and trade rather than early consumption. In ancient China, tea was first used as a food—eaten like a vegetable or cooked into grain porridge—before becoming primarily a drink.

Score: 2/10","The response does not address the key concepts. The answer should mention that tea was heated and pressed into cakes, then ground into a powder and whisked with hot water to make a frothy drink—the basis for matcha. Next time, try to recall at least one step (such as powdered tea or whisking) to earn partial credit.

Score: 0/10","The response hints at the shift away from powdered/whisked tea, but it’s too vague. The key change was the adoption of loose-leaf tea for steeping, replacing pressed tea cakes and powdered matcha-style preparation. Stating “loose-leaf tea became the standard” would make your answer clear and accurate.

Score: 5/10","The response is incorrect. While opium is related to China’s trade history, it was largely imported into China (not exported) and led to the Opium Wars. The key exports, besides tea, were silk and porcelain.

Score: 1/10","The response does not address the key concept. Britain found paying for Chinese tea with silver too costly and unsustainable, so it turned to trading opium to reduce the silver outflow and balance trade. Review the part about the silver drain and the shift to opium for the economic motivation.

Score: 0/10","The response does not address the question. After the First Opium War, the Qing ceded Hong Kong to Britain and agreed to reopen trade on unequal terms (including opening treaty ports). In the future, try to recall headline outcomes like territorial loss and forced trade concessions tied to the Treaty of Nanjing.

Score: 0/10","The response doesn’t provide any information, so it doesn’t show understanding of the key concept. Remember: the British East India Company used industrial espionage by sending botanist Robert Fortune to secretly transfer tea plants, seeds, and expertise from China to India (Darjeeling). A memory cue could be “Fortune stole tea to India.”

Score: 0/10","The response does not address the question, so it fails to capture any key concepts. Remember that clippers were built to win the “tea races” by delivering tea to Europe faster, allowing traders to beat competitors and earn higher profits. Next time, mention the economic competition in the tea trade as the main driver of this technological innovation.

Score: 0/10","The response correctly identifies tea’s ranking as second, which matches the key fact from the model answer. It’s concise and accurate. For completeness, you could add “after water” to make the comparison explicit.

Score: 10/10",Tea
27/11/2025 04:57,27/11/2025 05:03,0,100,313,1,27/11/2025 05:03,R_23UyV9fMPOnlbpf,anonymous,EN,1,5e3906b9a6df461259c0632f,0,0,289.378,0,,,,,,,,,,,5e3906b9a6df461259c0632f,Restudy,"According to legend, who was the mythical Chinese figure credited with discovering tea while searching the forest for edible grains and herbs?",Explain how tea was originally consumed in ancient China before it was primarily prepared as a drink.,Describe the change in tea preparation that occurred during the Tang Dynasty and led to the creation of matcha.,"What significant change to the standard form of tea occurred during China's Ming Dynasty, shifting away from the matcha-style preparation?","Besides tea, what were the other two essential Chinese export goods that gave the country significant economic power?","Explain the economic reason that prompted Great Britain to begin trading opium for Chinese tea, instead of its original payment method.","Following the First Opium War, what were two major concessions the defeated Qing Dynasty made to the British?",How did the British East India Company ultimately break China's long-held monopoly on tea cultivation?,What was the primary motivation for the development of the fast-sailing clipper ship in the 19th century?,What is tea's ranking as the most consumed beverage in the world today?,"The mythical figure credited with discovering tea is the divine farmer, Shennong.","Originally, tea was consumed as a food; it was either eaten as a vegetable or cooked with grain porridge.","The standard method became heating tea, packing it into portable cakes, grinding it into powder, and then mixing it with hot water to create a frothy beverage.","During the Ming Dynasty, the Chinese emperor shifted the standard from tea pressed into cakes to using loose-leaf tea.",The other two essential Chinese export goods that gave the country economic power were porcelain and silk.,"Britain initially paid for Chinese tea with silver, but this proved to be too expensive, so they switched to trading opium as a more sustainable alternative.",The Qing Dynasty ceded the port of Hong Kong to the British and was forced to resume trading on unfavorable terms.,"They commissioned botanist Robert Fortune to secretly smuggle tea trees and experienced tea workers out of China and into Darjeeling, India.","The clipper ship was developed due to intense competition between Western trading companies, who were racing to transport tea to Europe first to maximize profits.","Tea is the second most consumed beverage in the world, after water.",This is a direct recall of a key figure and the foundational legend mentioned at the start of the video.,"This question requires the learner to explain the initial state of tea consumption, demonstrating comprehension of its evolution from a food to a beverage.","This question asks for an explanation of a specific historical process mentioned in the video, testing the learner's understanding of how a particular type of tea was made.","This question checks for understanding of a key transition in tea's physical form and preparation method, which marked a major turning point in its history.",This question tests the recall of specific factual information about China's key exports during the period it held a monopoly on tea.,This question tests the learner's ability to analyze the cause (high cost of silver) for a significant effect (the switch to the opium trade).,This question requires the learner to recall and connect the outcome of a major conflict to its specific political and economic consequences for China.,This question requires the learner to analyze the specific actions (industrial espionage) taken by a key entity to overcome a major economic obstacle (China's monopoly).,This requires the learner to analyze the cause-and-effect relationship between economic competition in the tea trade and a specific technological innovation.,"This tests the recall of a concluding fact that puts the entire history of tea into a modern context, demonstrating the beverage's global significance.",,,,,,,,,,,Tea
27/11/2025 05:00,27/11/2025 05:09,0,100,537,1,27/11/2025 05:09,R_8Y3BPxnqyYYPSsO,anonymous,EN,1,66084cde8c8b94db6ce51ac9,512.582,512.582,513.893,1,,,,,,,,,,,66084cde8c8b94db6ce51ac9,Restudy,"According to legend, who was the mythical Chinese figure credited with discovering tea while searching the forest for edible grains and herbs?",Explain how tea was originally consumed in ancient China before it was primarily prepared as a drink.,Describe the change in tea preparation that occurred during the Tang Dynasty and led to the creation of matcha.,"What significant change to the standard form of tea occurred during China's Ming Dynasty, shifting away from the matcha-style preparation?","Besides tea, what were the other two essential Chinese export goods that gave the country significant economic power?","Explain the economic reason that prompted Great Britain to begin trading opium for Chinese tea, instead of its original payment method.","Following the First Opium War, what were two major concessions the defeated Qing Dynasty made to the British?",How did the British East India Company ultimately break China's long-held monopoly on tea cultivation?,What was the primary motivation for the development of the fast-sailing clipper ship in the 19th century?,What is tea's ranking as the most consumed beverage in the world today?,"The mythical figure credited with discovering tea is the divine farmer, Shennong.","Originally, tea was consumed as a food; it was either eaten as a vegetable or cooked with grain porridge.","The standard method became heating tea, packing it into portable cakes, grinding it into powder, and then mixing it with hot water to create a frothy beverage.","During the Ming Dynasty, the Chinese emperor shifted the standard from tea pressed into cakes to using loose-leaf tea.",The other two essential Chinese export goods that gave the country economic power were porcelain and silk.,"Britain initially paid for Chinese tea with silver, but this proved to be too expensive, so they switched to trading opium as a more sustainable alternative.",The Qing Dynasty ceded the port of Hong Kong to the British and was forced to resume trading on unfavorable terms.,"They commissioned botanist Robert Fortune to secretly smuggle tea trees and experienced tea workers out of China and into Darjeeling, India.","The clipper ship was developed due to intense competition between Western trading companies, who were racing to transport tea to Europe first to maximize profits.","Tea is the second most consumed beverage in the world, after water.",This is a direct recall of a key figure and the foundational legend mentioned at the start of the video.,"This question requires the learner to explain the initial state of tea consumption, demonstrating comprehension of its evolution from a food to a beverage.","This question asks for an explanation of a specific historical process mentioned in the video, testing the learner's understanding of how a particular type of tea was made.","This question checks for understanding of a key transition in tea's physical form and preparation method, which marked a major turning point in its history.",This question tests the recall of specific factual information about China's key exports during the period it held a monopoly on tea.,This question tests the learner's ability to analyze the cause (high cost of silver) for a significant effect (the switch to the opium trade).,This question requires the learner to recall and connect the outcome of a major conflict to its specific political and economic consequences for China.,This question requires the learner to analyze the specific actions (industrial espionage) taken by a key entity to overcome a major economic obstacle (China's monopoly).,This requires the learner to analyze the cause-and-effect relationship between economic competition in the tea trade and a specific technological innovation.,"This tests the recall of a concluding fact that puts the entire history of tea into a modern context, demonstrating the beverage's global significance.",,,,,,,,,,,Tea
27/11/2025 04:59,27/11/2025 05:09,0,100,626,1,27/11/2025 05:09,R_8JkIbtelNAjzhRv,anonymous,EN,1,5bf2f728bd9f150001f6cc42,,,,,i cannot remember sorry,it used to be made into cakes that could be eaten,it changed from being made into cakes to also be infused so it could be taken as a drink,it was dried to make leaves which could be made into tea as a drink,rice and opium,because it worked out better for great britain,"exporting tea
allowing more access",They sneaked into china and stole tea trees,so that more tea could be shipped quicker,number 2 second to water,5bf2f728bd9f150001f6cc42,SAQ,"According to legend, who was the mythical Chinese figure credited with discovering tea while searching the forest for edible grains and herbs?",Explain how tea was originally consumed in ancient China before it was primarily prepared as a drink.,Describe the change in tea preparation that occurred during the Tang Dynasty and led to the creation of matcha.,"What significant change to the standard form of tea occurred during China's Ming Dynasty, shifting away from the matcha-style preparation?","Besides tea, what were the other two essential Chinese export goods that gave the country significant economic power?","Explain the economic reason that prompted Great Britain to begin trading opium for Chinese tea, instead of its original payment method.","Following the First Opium War, what were two major concessions the defeated Qing Dynasty made to the British?",How did the British East India Company ultimately break China's long-held monopoly on tea cultivation?,What was the primary motivation for the development of the fast-sailing clipper ship in the 19th century?,What is tea's ranking as the most consumed beverage in the world today?,"The mythical figure credited with discovering tea is the divine farmer, Shennong.","Originally, tea was consumed as a food; it was either eaten as a vegetable or cooked with grain porridge.","The standard method became heating tea, packing it into portable cakes, grinding it into powder, and then mixing it with hot water to create a frothy beverage.","During the Ming Dynasty, the Chinese emperor shifted the standard from tea pressed into cakes to using loose-leaf tea.",The other two essential Chinese export goods that gave the country economic power were porcelain and silk.,"Britain initially paid for Chinese tea with silver, but this proved to be too expensive, so they switched to trading opium as a more sustainable alternative.",The Qing Dynasty ceded the port of Hong Kong to the British and was forced to resume trading on unfavorable terms.,"They commissioned botanist Robert Fortune to secretly smuggle tea trees and experienced tea workers out of China and into Darjeeling, India.","The clipper ship was developed due to intense competition between Western trading companies, who were racing to transport tea to Europe first to maximize profits.","Tea is the second most consumed beverage in the world, after water.",This is a direct recall of a key figure and the foundational legend mentioned at the start of the video.,"This question requires the learner to explain the initial state of tea consumption, demonstrating comprehension of its evolution from a food to a beverage.","This question asks for an explanation of a specific historical process mentioned in the video, testing the learner's understanding of how a particular type of tea was made.","This question checks for understanding of a key transition in tea's physical form and preparation method, which marked a major turning point in its history.",This question tests the recall of specific factual information about China's key exports during the period it held a monopoly on tea.,This question tests the learner's ability to analyze the cause (high cost of silver) for a significant effect (the switch to the opium trade).,This question requires the learner to recall and connect the outcome of a major conflict to its specific political and economic consequences for China.,This question requires the learner to analyze the specific actions (industrial espionage) taken by a key entity to overcome a major economic obstacle (China's monopoly).,This requires the learner to analyze the cause-and-effect relationship between economic competition in the tea trade and a specific technological innovation.,"This tests the recall of a concluding fact that puts the entire history of tea into a modern context, demonstrating the beverage's global significance.","Your response doesn’t capture any of the key concept from the video. The legendary figure is Shennong, the “divine farmer,” credited with discovering tea while searching for edible plants. Next time, try offering your best guess or recalling a keyword, as partial recall can still earn credit.

Score: 0/10","The response captures the key idea that tea was originally consumed as a food rather than primarily as a beverage. However, it misses the specific forms noted in the model answer—being eaten like a vegetable or cooked into grain porridge—and introduces “cakes,” which isn’t the focus here. To improve, mention that early tea was used as a vegetable or added to porridge to show clearer alignment with the historical practices.

Score: 7/10","The response shows minimal understanding. It mentions tea cakes, but incorrectly describes the change as moving to infusion. The key shift was grinding pressed tea into a fine powder and whisking it with hot water to make a frothy drink, not steeping leaves.

To improve, note that Tang-era tea was steamed and pressed into cakes, then ground into powder and whisked with hot water, creating a foamy beverage—the process that led to matcha.

Score: 2/10","Your answer hints at the shift to drinking tea made from leaves, which aligns somewhat with the move toward leaf infusion. However, it misses the key contrast: the Ming change was a formal shift away from powdered/pressed tea cakes (matcha-style) to brewing loose-leaf tea. To improve, explicitly state that the standard changed from pressed/powdered tea to loose-leaf infusion, instituted during the Ming Dynasty.

Score: 5/10","The response does not capture the key concepts. The major Chinese exports alongside tea were silk and porcelain. Opium was largely imported into China by Western traders, and rice was primarily for domestic consumption rather than a defining export.

Score: 1/10","Your answer recognizes that the change benefited Britain, but it’s too vague and doesn’t explain the economic mechanism. The key point is that paying for Chinese tea with silver was too costly and drained Britain’s silver, so they switched to trading opium in China to offset the silver outflow and fund tea purchases. Mentioning silver’s expense and opium as the replacement would strengthen your response.

Score: 2/10","The response shows some awareness that Britain gained greater access to Chinese trade (“allowing more access”), which aligns with the unequal trading terms imposed after the war. However, it misses the key political concession of ceding Hong Kong to Britain, and “exporting tea” is too narrow and not a specific concession of the treaty. To improve, name the cession of Hong Kong and note that China had to open ports and accept unequal trade terms, not just export tea.

Score: 4/10","Your answer captures the core idea of secretive theft/espionage to obtain tea plants from China. However, it leaves out key details: the British East India Company hired botanist Robert Fortune, and he not only smuggled tea plants but also skilled tea workers and knowledge, relocating them to India (especially Darjeeling) to start plantations. Including these specifics would show a fuller understanding of how the monopoly was broken.

Score: 6/10","The response recognizes speed as a key factor, which is relevant. However, it misses the primary motivation: intense competition to be first to market and maximize profits, and incorrectly implies that clippers were designed to carry more tea (they prioritized speed over cargo capacity). To improve, mention the competitive “race” among traders and the profit motive driving the development of faster ships.

Score: 4/10","Your response is accurate and captures the key point: tea is the second most consumed beverage globally, after water. It's concise and directly answers the question. For clarity and polish, you could present it as a full sentence.

Score: 10/10",Tea
27/11/2025 05:01,27/11/2025 05:17,0,100,988,1,27/11/2025 05:17,R_20pXfDzU2OSkl6W,anonymous,EN,0.699999988,688a3a2e3d58984958a6e2f7,,,,,Farmer,"It was eaten as a vegetable, or it is cooked with porridge",They heat tea pack into portable cakes before grinding it.,"I have no idea
",Silk and porcelain,Because Chinese hold the monopoly of the world tea trees,"They ceded the port of Hong Kong, and resume business in an unfavourable term",They stole tea from china in a covert operation,NA,Second after water,688a3a2e3d58984958a6e2f7,SAQ,"According to legend, who was the mythical Chinese figure credited with discovering tea while searching the forest for edible grains and herbs?",Explain how tea was originally consumed in ancient China before it was primarily prepared as a drink.,Describe the change in tea preparation that occurred during the Tang Dynasty and led to the creation of matcha.,"What significant change to the standard form of tea occurred during China's Ming Dynasty, shifting away from the matcha-style preparation?","Besides tea, what were the other two essential Chinese export goods that gave the country significant economic power?","Explain the economic reason that prompted Great Britain to begin trading opium for Chinese tea, instead of its original payment method.","Following the First Opium War, what were two major concessions the defeated Qing Dynasty made to the British?",How did the British East India Company ultimately break China's long-held monopoly on tea cultivation?,What was the primary motivation for the development of the fast-sailing clipper ship in the 19th century?,What is tea's ranking as the most consumed beverage in the world today?,"The mythical figure credited with discovering tea is the divine farmer, Shennong.","Originally, tea was consumed as a food; it was either eaten as a vegetable or cooked with grain porridge.","The standard method became heating tea, packing it into portable cakes, grinding it into powder, and then mixing it with hot water to create a frothy beverage.","During the Ming Dynasty, the Chinese emperor shifted the standard from tea pressed into cakes to using loose-leaf tea.",The other two essential Chinese export goods that gave the country economic power were porcelain and silk.,"Britain initially paid for Chinese tea with silver, but this proved to be too expensive, so they switched to trading opium as a more sustainable alternative.",The Qing Dynasty ceded the port of Hong Kong to the British and was forced to resume trading on unfavorable terms.,"They commissioned botanist Robert Fortune to secretly smuggle tea trees and experienced tea workers out of China and into Darjeeling, India.","The clipper ship was developed due to intense competition between Western trading companies, who were racing to transport tea to Europe first to maximize profits.","Tea is the second most consumed beverage in the world, after water.",This is a direct recall of a key figure and the foundational legend mentioned at the start of the video.,"This question requires the learner to explain the initial state of tea consumption, demonstrating comprehension of its evolution from a food to a beverage.","This question asks for an explanation of a specific historical process mentioned in the video, testing the learner's understanding of how a particular type of tea was made.","This question checks for understanding of a key transition in tea's physical form and preparation method, which marked a major turning point in its history.",This question tests the recall of specific factual information about China's key exports during the period it held a monopoly on tea.,This question tests the learner's ability to analyze the cause (high cost of silver) for a significant effect (the switch to the opium trade).,This question requires the learner to recall and connect the outcome of a major conflict to its specific political and economic consequences for China.,This question requires the learner to analyze the specific actions (industrial espionage) taken by a key entity to overcome a major economic obstacle (China's monopoly).,This requires the learner to analyze the cause-and-effect relationship between economic competition in the tea trade and a specific technological innovation.,"This tests the recall of a concluding fact that puts the entire history of tea into a modern context, demonstrating the beverage's global significance.","You recognized the figure’s role as a farmer, which aligns with the “Divine Farmer” in the legend. However, the question asks for the specific name; the correct answer is Shennong (Shen Nong). Next time, include the name to receive full credit.

Score: 3/10","Your response accurately captures the two key ways tea was originally consumed: eaten as a vegetable or cooked with porridge. For precision, use past tense and note it was typically cooked with grain porridge.

Score: 9/10","Your response captures several key steps—heating the tea, pressing it into portable cakes, and grinding. However, it misses the crucial final step: the powdered tea was mixed/whisked with hot water to make a frothy drink, which is what led to the creation of matcha. Clarifying that grinding produced a powder and mentioning the frothy preparation would complete the answer.

Score: 6/10","Thank you for your honesty. The key change in the Ming Dynasty was a shift from powdered/pressed tea cakes whisked like matcha to steeping loose-leaf tea. Review that transition and look for the terms “pressed tea cakes” and “loose-leaf infusion” to help with similar questions.

Score: 0/10","Your answer is correct and matches the key concepts exactly: silk and porcelain were the other major Chinese exports. Great recall of the essential facts. For an even stronger response, you could briefly note that these were highly valued luxury goods that boosted China’s trade power.

Score: 10/10","Your answer notes China’s dominance in tea production, which provides some context. However, the key economic reason was that paying for tea with silver became too costly and created a trade imbalance for Britain, so they turned to opium to offset the silver drain and balance trade. To improve, mention the unsustainable silver payments and how opium replaced silver as the medium of exchange.

Score: 2/10","You correctly captured both key concessions: ceding Hong Kong and resuming trade on unfavorable terms. To improve, refine the phrasing for clarity and grammar (e.g., “ceded Hong Kong to the British and resumed trading on unfavorable terms”). Overall, your answer is accurate with only minor wording issues.

Score: 9/10","Your answer correctly identifies that a covert operation/industrial espionage was used to undermine China’s monopoly. However, it’s too vague: it should mention Robert Fortune, the smuggling of live tea plants/seeds and skilled tea workers, and that they were taken to India (Darjeeling) under the British East India Company. Adding these specifics would show a fuller understanding of how the monopoly was broken.

Score: 6/10","It appears no answer was provided. To improve, note that fast clipper ships were developed mainly because trading companies competed to bring the first tea shipments to Europe, where arriving earlier meant higher profits, so speed became crucial. 
Score: 0/10","Your answer is accurate and captures the key idea that tea ranks second after water in global consumption. For completeness, you could explicitly note “the most consumed beverage in the world” to make the context crystal clear.

Score: 10/10",Tea
27/11/2025 05:06,27/11/2025 05:22,0,100,981,1,27/11/2025 05:22,R_836UyNVRyecs6y1,anonymous,EN,1,5bb7abf3c190e20001e5c2c8,,,,,I don't remember his name,"Eaten as raw leaves
","Instead of eating the leaves like a salad, the leaves were dried and shredded, then hydrated.","Instead of being steamed, the leaves were dried and shredded before being steeped in hot water",Opium and pottery,"I recall that the Chinese authorities organised demonstrations agains Britain and destroyed goods, but I don't recall the specifically economic reason
",They ceded Hong Kong but I can't remember the other one,By smuggling tea plants back to Europe,"As demand for tea in Europe grew, there was competition between countries such as Britain, Holland and Portugal, so getting supplies delivered more quickly helped to gain an advantage",I believe it is second,5bb7abf3c190e20001e5c2c8,SAQ,"According to legend, who was the mythical Chinese figure credited with discovering tea while searching the forest for edible grains and herbs?",Explain how tea was originally consumed in ancient China before it was primarily prepared as a drink.,Describe the change in tea preparation that occurred during the Tang Dynasty and led to the creation of matcha.,"What significant change to the standard form of tea occurred during China's Ming Dynasty, shifting away from the matcha-style preparation?","Besides tea, what were the other two essential Chinese export goods that gave the country significant economic power?","Explain the economic reason that prompted Great Britain to begin trading opium for Chinese tea, instead of its original payment method.","Following the First Opium War, what were two major concessions the defeated Qing Dynasty made to the British?",How did the British East India Company ultimately break China's long-held monopoly on tea cultivation?,What was the primary motivation for the development of the fast-sailing clipper ship in the 19th century?,What is tea's ranking as the most consumed beverage in the world today?,"The mythical figure credited with discovering tea is the divine farmer, Shennong.","Originally, tea was consumed as a food; it was either eaten as a vegetable or cooked with grain porridge.","The standard method became heating tea, packing it into portable cakes, grinding it into powder, and then mixing it with hot water to create a frothy beverage.","During the Ming Dynasty, the Chinese emperor shifted the standard from tea pressed into cakes to using loose-leaf tea.",The other two essential Chinese export goods that gave the country economic power were porcelain and silk.,"Britain initially paid for Chinese tea with silver, but this proved to be too expensive, so they switched to trading opium as a more sustainable alternative.",The Qing Dynasty ceded the port of Hong Kong to the British and was forced to resume trading on unfavorable terms.,"They commissioned botanist Robert Fortune to secretly smuggle tea trees and experienced tea workers out of China and into Darjeeling, India.","The clipper ship was developed due to intense competition between Western trading companies, who were racing to transport tea to Europe first to maximize profits.","Tea is the second most consumed beverage in the world, after water.",This is a direct recall of a key figure and the foundational legend mentioned at the start of the video.,"This question requires the learner to explain the initial state of tea consumption, demonstrating comprehension of its evolution from a food to a beverage.","This question asks for an explanation of a specific historical process mentioned in the video, testing the learner's understanding of how a particular type of tea was made.","This question checks for understanding of a key transition in tea's physical form and preparation method, which marked a major turning point in its history.",This question tests the recall of specific factual information about China's key exports during the period it held a monopoly on tea.,This question tests the learner's ability to analyze the cause (high cost of silver) for a significant effect (the switch to the opium trade).,This question requires the learner to recall and connect the outcome of a major conflict to its specific political and economic consequences for China.,This question requires the learner to analyze the specific actions (industrial espionage) taken by a key entity to overcome a major economic obstacle (China's monopoly).,This requires the learner to analyze the cause-and-effect relationship between economic competition in the tea trade and a specific technological innovation.,"This tests the recall of a concluding fact that puts the entire history of tea into a modern context, demonstrating the beverage's global significance.","The response does not capture the key concept, which is the specific name of the figure (Shennong). While it’s honest about uncertainty, it provides no relevant information. Review the legend that credits the “divine farmer,” Shennong, with discovering tea, and try to remember either his title or name for recall questions.

Score: 1/10","Your answer shows awareness that tea was initially consumed as a food rather than a brewed drink, which is a key idea. However, saying it was eaten as raw leaves is inaccurate; historically, tea was prepared as a vegetable or cooked into grain porridge. To improve, note that it was cooked and incorporated into dishes rather than eaten raw.

Score: 4/10","You recognized that tea moved from raw leaves to a prepared drink, which shows some understanding of a processing step. However, the Tang-era method involved steaming and pressing leaves into cakes, then grinding them into a fine powder and whisking with hot water to make a frothy beverage—not simply shredding and rehydrating. Include those key steps (cakes, powder, whisking/froth) to match how matcha originated.

Score: 3/10","Your answer correctly captures the shift toward steeping loose leaves rather than preparing powdered tea, and noting the move away from steaming aligns with Ming-era processing changes. However, it would be stronger if you explicitly mentioned the transition from compressed tea cakes/powdered (matcha-style) tea to loose-leaf infusion, which is the key form change the question targets.

Score: 8/10","Your answer shows a partial connection by mentioning ceramic goods, but the key export was specifically porcelain, and the other was silk. Opium is incorrect—China did not export opium; it was imported into China by British traders. Focus on identifying porcelain and silk as the two major exports alongside tea.

Score: 4/10","Your response shows some awareness of the historical context (Chinese resistance and destruction of goods), but it doesn’t address the economic reason the question asks for. The key point is that paying in silver was draining Britain’s silver reserves and was too costly, so Britain turned to opium to balance the trade and finance tea purchases without losing silver. Next time, focus on the trade imbalance and silver outflow as the cause of the switch.

Score: 2/10","You correctly identified one key concession: ceding Hong Kong to the British. However, the question asks for two, and you missed the economic concession—China was forced to accept unequal trade terms, including opening ports to British trade. In the future, try to recall both territorial and economic outcomes of major treaties.

Score: 4/10","You correctly identified that the British used smuggling of tea plants to break China’s monopoly. However, the plants and expertise were moved to India (especially Darjeeling), not Europe, and the operation was led by Robert Fortune for the British East India Company, including bringing skilled tea workers and seeds. Mentioning these details would make your answer more accurate and complete.

Score: 5/10","Your answer captures the core idea: growing European demand for tea created competitive pressure to deliver cargo faster, and speed conferred an advantage. To improve, specify that the rivalry was primarily among private trading companies involved in the tea trade rather than between nations, and that being first to port mattered because it brought higher prices and profits. 

Score: 8/10","The response correctly identifies tea’s ranking as second, aligning with the key fact from the model answer. To strengthen it, you could explicitly note “after water” and state it more definitively rather than tentatively. 

Score: 9/10",Tea
27/11/2025 05:34,27/11/2025 05:50,0,100,972,1,27/11/2025 05:50,R_81mfpYsChfy2IqP,anonymous,EN,1,5e1b6da99debf5393dfba2dc,,,,,"Sheng Nung, an ancient mythical figure was credited with discovering tea.
","it was eaten as a food, the leaves were eaten on their own, added to dishes or used as and as a medicine",Tea leaves were prepared into bricks or tea cakes making it easier to add dried leaves to water to make an infusion. ,don't remember,silk and porcelain,"Originally Great Britain paid in silver as China did not want UK manufactured items, they did however want opium. This lead to a large amount of opium addiction in China","The ports were allowed to be opened up and they surrendered Hong Kong.
","Sent a ""spy"" in to steal tea trees and furthered the appeal",To be the fastest and first ships to get the tea from China to Europe.,"Number 2,  behind water. ",5e1b6da99debf5393dfba2dc,SAQ,"According to legend, who was the mythical Chinese figure credited with discovering tea while searching the forest for edible grains and herbs?",Explain how tea was originally consumed in ancient China before it was primarily prepared as a drink.,Describe the change in tea preparation that occurred during the Tang Dynasty and led to the creation of matcha.,"What significant change to the standard form of tea occurred during China's Ming Dynasty, shifting away from the matcha-style preparation?","Besides tea, what were the other two essential Chinese export goods that gave the country significant economic power?","Explain the economic reason that prompted Great Britain to begin trading opium for Chinese tea, instead of its original payment method.","Following the First Opium War, what were two major concessions the defeated Qing Dynasty made to the British?",How did the British East India Company ultimately break China's long-held monopoly on tea cultivation?,What was the primary motivation for the development of the fast-sailing clipper ship in the 19th century?,What is tea's ranking as the most consumed beverage in the world today?,"The mythical figure credited with discovering tea is the divine farmer, Shennong.","Originally, tea was consumed as a food; it was either eaten as a vegetable or cooked with grain porridge.","The standard method became heating tea, packing it into portable cakes, grinding it into powder, and then mixing it with hot water to create a frothy beverage.","During the Ming Dynasty, the Chinese emperor shifted the standard from tea pressed into cakes to using loose-leaf tea.",The other two essential Chinese export goods that gave the country economic power were porcelain and silk.,"Britain initially paid for Chinese tea with silver, but this proved to be too expensive, so they switched to trading opium as a more sustainable alternative.",The Qing Dynasty ceded the port of Hong Kong to the British and was forced to resume trading on unfavorable terms.,"They commissioned botanist Robert Fortune to secretly smuggle tea trees and experienced tea workers out of China and into Darjeeling, India.","The clipper ship was developed due to intense competition between Western trading companies, who were racing to transport tea to Europe first to maximize profits.","Tea is the second most consumed beverage in the world, after water.",This is a direct recall of a key figure and the foundational legend mentioned at the start of the video.,"This question requires the learner to explain the initial state of tea consumption, demonstrating comprehension of its evolution from a food to a beverage.","This question asks for an explanation of a specific historical process mentioned in the video, testing the learner's understanding of how a particular type of tea was made.","This question checks for understanding of a key transition in tea's physical form and preparation method, which marked a major turning point in its history.",This question tests the recall of specific factual information about China's key exports during the period it held a monopoly on tea.,This question tests the learner's ability to analyze the cause (high cost of silver) for a significant effect (the switch to the opium trade).,This question requires the learner to recall and connect the outcome of a major conflict to its specific political and economic consequences for China.,This question requires the learner to analyze the specific actions (industrial espionage) taken by a key entity to overcome a major economic obstacle (China's monopoly).,This requires the learner to analyze the cause-and-effect relationship between economic competition in the tea trade and a specific technological innovation.,"This tests the recall of a concluding fact that puts the entire history of tea into a modern context, demonstrating the beverage's global significance.","Your answer is correct—“Sheng Nung” is a common alternate spelling of Shennong, the legendary figure credited with discovering tea. To make it even stronger, you could mention his epithet “the Divine Farmer” and the context of testing herbs in the wild. 

Score: 10/10","Your answer correctly captures the main idea that tea was originally consumed as a food rather than a drink, and noting it was added to dishes aligns with the idea of eating it like a vegetable. To be more precise, mention the specific historical forms highlighted in the source: eaten as a vegetable and cooked with grain porridge. The note about medicinal use goes beyond the question and isn’t needed here.

Score: 8/10","Your answer correctly notes the move to compressed tea cakes/bricks during the Tang period. However, it misses the key change that led to matcha: the cakes were ground into a fine powder and whisked into hot water to make a frothy drink, rather than steeped as an infusion of dried leaves. Mentioning the grinding and whisking steps would make your explanation accurate and complete.

Score: 4/10","The response does not address the question, so it doesn’t demonstrate understanding. The key change in the Ming Dynasty was moving from powdered/pressed tea cakes and whisking (matcha-style) to brewing loose-leaf tea. In the future, try offering even a partial guess—recalling “loose-leaf replaced powdered tea” would earn credit.

Score: 0/10","Your response correctly identifies both key exports: silk and porcelain. It’s concise and accurate. For an even stronger answer, you could briefly note that these, alongside tea, underpinned China’s economic influence in global trade.

Score: 10/10","Your answer correctly notes that Britain initially paid with silver and that China wasn’t interested in British manufactured goods. However, it misses the core economic reason: silver payments were draining Britain’s reserves and became too costly, prompting the switch to opium to balance the trade. Also, avoid saying China “wanted” opium; demand existed but it was officially prohibited and led to widespread addiction.

Score: 4/10","Your response correctly identifies both key concessions: ceding Hong Kong to Britain and opening ports to British trade. This captures the political and economic consequences highlighted in the model answer. To strengthen it further, you could mention that the trade terms were unequal or specify that multiple treaty ports were opened. 

Score: 10/10","The response correctly identifies the key tactic of industrial espionage—sending a “spy” to steal tea plants—which captures the core idea. However, it omits important details: the British East India Company used Robert Fortune, who smuggled not only tea plants and seeds but also skilled Chinese tea workers, and relocated them to India (notably Darjeeling) to establish plantations. Clarifying these points and avoiding vague phrases like “furthered the appeal” would make the answer more complete.

Score: 6/10","Your answer captures the core idea that clippers were designed to be the fastest and arrive first with tea from China to Europe. This reflects the “race” aspect well. To strengthen it, explicitly mention that this speed was driven by intense commercial competition among Western trading companies and the profit advantage of being first to market.

Score: 8/10","Your answer is accurate and directly matches the key fact: tea is the second most consumed beverage worldwide, behind water. It’s concise and clearly addresses the question. For polish, you could state it as a full sentence, but the content is spot on.

Score: 10/10",Tea
27/11/2025 05:45,27/11/2025 05:50,0,100,316,1,27/11/2025 05:50,R_2fQ7ls2n3wccSgC,anonymous,EN,1,582f8bbd4cadc80001b0fbd3,4.955,283.398,287.12,4,,,,,,,,,,,582f8bbd4cadc80001b0fbd3,Restudy,"According to legend, who was the mythical Chinese figure credited with discovering tea while searching the forest for edible grains and herbs?",Explain how tea was originally consumed in ancient China before it was primarily prepared as a drink.,Describe the change in tea preparation that occurred during the Tang Dynasty and led to the creation of matcha.,"What significant change to the standard form of tea occurred during China's Ming Dynasty, shifting away from the matcha-style preparation?","Besides tea, what were the other two essential Chinese export goods that gave the country significant economic power?","Explain the economic reason that prompted Great Britain to begin trading opium for Chinese tea, instead of its original payment method.","Following the First Opium War, what were two major concessions the defeated Qing Dynasty made to the British?",How did the British East India Company ultimately break China's long-held monopoly on tea cultivation?,What was the primary motivation for the development of the fast-sailing clipper ship in the 19th century?,What is tea's ranking as the most consumed beverage in the world today?,"The mythical figure credited with discovering tea is the divine farmer, Shennong.","Originally, tea was consumed as a food; it was either eaten as a vegetable or cooked with grain porridge.","The standard method became heating tea, packing it into portable cakes, grinding it into powder, and then mixing it with hot water to create a frothy beverage.","During the Ming Dynasty, the Chinese emperor shifted the standard from tea pressed into cakes to using loose-leaf tea.",The other two essential Chinese export goods that gave the country economic power were porcelain and silk.,"Britain initially paid for Chinese tea with silver, but this proved to be too expensive, so they switched to trading opium as a more sustainable alternative.",The Qing Dynasty ceded the port of Hong Kong to the British and was forced to resume trading on unfavorable terms.,"They commissioned botanist Robert Fortune to secretly smuggle tea trees and experienced tea workers out of China and into Darjeeling, India.","The clipper ship was developed due to intense competition between Western trading companies, who were racing to transport tea to Europe first to maximize profits.","Tea is the second most consumed beverage in the world, after water.",This is a direct recall of a key figure and the foundational legend mentioned at the start of the video.,"This question requires the learner to explain the initial state of tea consumption, demonstrating comprehension of its evolution from a food to a beverage.","This question asks for an explanation of a specific historical process mentioned in the video, testing the learner's understanding of how a particular type of tea was made.","This question checks for understanding of a key transition in tea's physical form and preparation method, which marked a major turning point in its history.",This question tests the recall of specific factual information about China's key exports during the period it held a monopoly on tea.,This question tests the learner's ability to analyze the cause (high cost of silver) for a significant effect (the switch to the opium trade).,This question requires the learner to recall and connect the outcome of a major conflict to its specific political and economic consequences for China.,This question requires the learner to analyze the specific actions (industrial espionage) taken by a key entity to overcome a major economic obstacle (China's monopoly).,This requires the learner to analyze the cause-and-effect relationship between economic competition in the tea trade and a specific technological innovation.,"This tests the recall of a concluding fact that puts the entire history of tea into a modern context, demonstrating the beverage's global significance.",,,,,,,,,,,Tea
27/11/2025 05:49,27/11/2025 06:02,0,100,758,1,27/11/2025 06:02,R_8GvTg6uhCVU25NH,anonymous,EN,1,671d39090c9e2ad9ec75a03c,,,,,"I`m not sure about that , but I would guess at Match",It was eaten,The tea leaves were accidently found to be a sort of antidote for opioid poisoning,"Water was added to the leaves , and the water was then used as a drink","Tea trees was one , but I don`t remember the other one",Because the leaves were accidently found to be an antidote for opioid poisoning ,Tea trees and silk,I have no idea,To get the tea to other places the quickest,"2nd , only water is the most consumed beverage above tea",671d39090c9e2ad9ec75a03c,SAQ,"According to legend, who was the mythical Chinese figure credited with discovering tea while searching the forest for edible grains and herbs?",Explain how tea was originally consumed in ancient China before it was primarily prepared as a drink.,Describe the change in tea preparation that occurred during the Tang Dynasty and led to the creation of matcha.,"What significant change to the standard form of tea occurred during China's Ming Dynasty, shifting away from the matcha-style preparation?","Besides tea, what were the other two essential Chinese export goods that gave the country significant economic power?","Explain the economic reason that prompted Great Britain to begin trading opium for Chinese tea, instead of its original payment method.","Following the First Opium War, what were two major concessions the defeated Qing Dynasty made to the British?",How did the British East India Company ultimately break China's long-held monopoly on tea cultivation?,What was the primary motivation for the development of the fast-sailing clipper ship in the 19th century?,What is tea's ranking as the most consumed beverage in the world today?,"The mythical figure credited with discovering tea is the divine farmer, Shennong.","Originally, tea was consumed as a food; it was either eaten as a vegetable or cooked with grain porridge.","The standard method became heating tea, packing it into portable cakes, grinding it into powder, and then mixing it with hot water to create a frothy beverage.","During the Ming Dynasty, the Chinese emperor shifted the standard from tea pressed into cakes to using loose-leaf tea.",The other two essential Chinese export goods that gave the country economic power were porcelain and silk.,"Britain initially paid for Chinese tea with silver, but this proved to be too expensive, so they switched to trading opium as a more sustainable alternative.",The Qing Dynasty ceded the port of Hong Kong to the British and was forced to resume trading on unfavorable terms.,"They commissioned botanist Robert Fortune to secretly smuggle tea trees and experienced tea workers out of China and into Darjeeling, India.","The clipper ship was developed due to intense competition between Western trading companies, who were racing to transport tea to Europe first to maximize profits.","Tea is the second most consumed beverage in the world, after water.",This is a direct recall of a key figure and the foundational legend mentioned at the start of the video.,"This question requires the learner to explain the initial state of tea consumption, demonstrating comprehension of its evolution from a food to a beverage.","This question asks for an explanation of a specific historical process mentioned in the video, testing the learner's understanding of how a particular type of tea was made.","This question checks for understanding of a key transition in tea's physical form and preparation method, which marked a major turning point in its history.",This question tests the recall of specific factual information about China's key exports during the period it held a monopoly on tea.,This question tests the learner's ability to analyze the cause (high cost of silver) for a significant effect (the switch to the opium trade).,This question requires the learner to recall and connect the outcome of a major conflict to its specific political and economic consequences for China.,This question requires the learner to analyze the specific actions (industrial espionage) taken by a key entity to overcome a major economic obstacle (China's monopoly).,This requires the learner to analyze the cause-and-effect relationship between economic competition in the tea trade and a specific technological innovation.,"This tests the recall of a concluding fact that puts the entire history of tea into a modern context, demonstrating the beverage's global significance.","Your answer is incorrect; the legend credits Shennong, the “divine farmer,” with discovering tea. It’s good that you acknowledged uncertainty, but try to recall that “matcha” is a type of tea, not a mythical figure. Next time, link tea’s origins to the Chinese legend of Shennong. 
Score: 1/10","Your response captures the core idea that tea was originally consumed as food rather than as a beverage, which is correct. To strengthen it, include specifics such as that it was eaten like a vegetable or cooked into grain porridge. Adding these details would fully address the ""how"" in the question.

Score: 7/10","The response is unrelated to the question. It discusses a supposed medicinal use of tea rather than the historical change in preparation that led to matcha. To improve, focus on how, during the Tang Dynasty, tea was steamed and pressed into cakes, later ground into powder, and mixed/whisked with hot water to make a frothy drink—the precursor to matcha.

Score: 0/10","The response is too vague and doesn’t identify the historical shift. While it hints at steeping leaves, it doesn’t mention that the Ming Dynasty standardized loose-leaf tea, replacing powdered/pressed tea cakes used in matcha-style preparation. To improve, state explicitly that the change was from tea cakes/powder to loose-leaf infusion as the new standard.

Score: 3/10","You identified tea as important, but the question specifically asked for the two other exports besides tea. The correct answers are porcelain and silk. Pay close attention to wording like “besides” and review key Chinese export goods to strengthen recall.

Score: 1/10","The response does not address the economic reason for Britain’s switch from paying silver to trading opium for tea. It introduces an unrelated and incorrect idea about tea as an antidote to opioids. To improve, focus on the trade imbalance: Britain was losing too much silver buying Chinese tea, so it used opium (from British India) to balance trade and reduce silver outflow.

Score: 0/10","The response mentions trade goods but not the actual concessions imposed after the First Opium War. Key concessions included ceding Hong Kong to Britain and accepting unequal treaty terms that opened ports and set unfavorable trade conditions. Focus on territorial losses and treaty obligations rather than commodities.

Score: 1/10","The response does not address the question. The key idea is that the British East India Company used industrial espionage by sending Robert Fortune to smuggle tea plants/seeds and skilled tea workers from China to India (especially Darjeeling) to start tea cultivation there. In the future, try to recall or guess any part of this, such as “Robert Fortune,” “smuggled tea plants,” or “moved tea cultivation to India.”

Score: 0/10","Evaluation:
- Strength: You correctly identify that speed—getting tea to its destination as quickly as possible—was central to the development of clipper ships.
- Areas to improve: The key driver wasn’t just speed for its own sake, but intense competition among trading companies racing to be first to European markets to secure higher profits. Mentioning the competitive race and profit motive (and Europe as the destination) would make your answer more complete.

Score: 6/10","The response accurately captures the key fact: tea is the second most consumed beverage after water. It’s concise and correctly mirrors the model answer’s meaning. For improvement, you could phrase it as a complete sentence for clarity.

Score: 10/10",Tea
27/11/2025 06:00,27/11/2025 06:05,0,100,330,1,27/11/2025 06:05,R_8Uh6xDCnVoTkYcF,anonymous,EN,1,6157040a78451d0e36577a2a,4.107,284.207,288.121,2,,,,,,,,,,,6157040a78451d0e36577a2a,Restudy,"According to legend, who was the mythical Chinese figure credited with discovering tea while searching the forest for edible grains and herbs?",Explain how tea was originally consumed in ancient China before it was primarily prepared as a drink.,Describe the change in tea preparation that occurred during the Tang Dynasty and led to the creation of matcha.,"What significant change to the standard form of tea occurred during China's Ming Dynasty, shifting away from the matcha-style preparation?","Besides tea, what were the other two essential Chinese export goods that gave the country significant economic power?","Explain the economic reason that prompted Great Britain to begin trading opium for Chinese tea, instead of its original payment method.","Following the First Opium War, what were two major concessions the defeated Qing Dynasty made to the British?",How did the British East India Company ultimately break China's long-held monopoly on tea cultivation?,What was the primary motivation for the development of the fast-sailing clipper ship in the 19th century?,What is tea's ranking as the most consumed beverage in the world today?,"The mythical figure credited with discovering tea is the divine farmer, Shennong.","Originally, tea was consumed as a food; it was either eaten as a vegetable or cooked with grain porridge.","The standard method became heating tea, packing it into portable cakes, grinding it into powder, and then mixing it with hot water to create a frothy beverage.","During the Ming Dynasty, the Chinese emperor shifted the standard from tea pressed into cakes to using loose-leaf tea.",The other two essential Chinese export goods that gave the country economic power were porcelain and silk.,"Britain initially paid for Chinese tea with silver, but this proved to be too expensive, so they switched to trading opium as a more sustainable alternative.",The Qing Dynasty ceded the port of Hong Kong to the British and was forced to resume trading on unfavorable terms.,"They commissioned botanist Robert Fortune to secretly smuggle tea trees and experienced tea workers out of China and into Darjeeling, India.","The clipper ship was developed due to intense competition between Western trading companies, who were racing to transport tea to Europe first to maximize profits.","Tea is the second most consumed beverage in the world, after water.",This is a direct recall of a key figure and the foundational legend mentioned at the start of the video.,"This question requires the learner to explain the initial state of tea consumption, demonstrating comprehension of its evolution from a food to a beverage.","This question asks for an explanation of a specific historical process mentioned in the video, testing the learner's understanding of how a particular type of tea was made.","This question checks for understanding of a key transition in tea's physical form and preparation method, which marked a major turning point in its history.",This question tests the recall of specific factual information about China's key exports during the period it held a monopoly on tea.,This question tests the learner's ability to analyze the cause (high cost of silver) for a significant effect (the switch to the opium trade).,This question requires the learner to recall and connect the outcome of a major conflict to its specific political and economic consequences for China.,This question requires the learner to analyze the specific actions (industrial espionage) taken by a key entity to overcome a major economic obstacle (China's monopoly).,This requires the learner to analyze the cause-and-effect relationship between economic competition in the tea trade and a specific technological innovation.,"This tests the recall of a concluding fact that puts the entire history of tea into a modern context, demonstrating the beverage's global significance.",,,,,,,,,,,Tea
27/11/2025 06:08,27/11/2025 06:13,0,100,321,1,27/11/2025 06:13,R_8HhFNapbrPnkgLr,anonymous,EN,0.699999988,58d9300e33fef3000118a808,295.295,295.295,296.379,1,,,,,,,,,,,58d9300e33fef3000118a808,Restudy,"According to legend, who was the mythical Chinese figure credited with discovering tea while searching the forest for edible grains and herbs?",Explain how tea was originally consumed in ancient China before it was primarily prepared as a drink.,Describe the change in tea preparation that occurred during the Tang Dynasty and led to the creation of matcha.,"What significant change to the standard form of tea occurred during China's Ming Dynasty, shifting away from the matcha-style preparation?","Besides tea, what were the other two essential Chinese export goods that gave the country significant economic power?","Explain the economic reason that prompted Great Britain to begin trading opium for Chinese tea, instead of its original payment method.","Following the First Opium War, what were two major concessions the defeated Qing Dynasty made to the British?",How did the British East India Company ultimately break China's long-held monopoly on tea cultivation?,What was the primary motivation for the development of the fast-sailing clipper ship in the 19th century?,What is tea's ranking as the most consumed beverage in the world today?,"The mythical figure credited with discovering tea is the divine farmer, Shennong.","Originally, tea was consumed as a food; it was either eaten as a vegetable or cooked with grain porridge.","The standard method became heating tea, packing it into portable cakes, grinding it into powder, and then mixing it with hot water to create a frothy beverage.","During the Ming Dynasty, the Chinese emperor shifted the standard from tea pressed into cakes to using loose-leaf tea.",The other two essential Chinese export goods that gave the country economic power were porcelain and silk.,"Britain initially paid for Chinese tea with silver, but this proved to be too expensive, so they switched to trading opium as a more sustainable alternative.",The Qing Dynasty ceded the port of Hong Kong to the British and was forced to resume trading on unfavorable terms.,"They commissioned botanist Robert Fortune to secretly smuggle tea trees and experienced tea workers out of China and into Darjeeling, India.","The clipper ship was developed due to intense competition between Western trading companies, who were racing to transport tea to Europe first to maximize profits.","Tea is the second most consumed beverage in the world, after water.",This is a direct recall of a key figure and the foundational legend mentioned at the start of the video.,"This question requires the learner to explain the initial state of tea consumption, demonstrating comprehension of its evolution from a food to a beverage.","This question asks for an explanation of a specific historical process mentioned in the video, testing the learner's understanding of how a particular type of tea was made.","This question checks for understanding of a key transition in tea's physical form and preparation method, which marked a major turning point in its history.",This question tests the recall of specific factual information about China's key exports during the period it held a monopoly on tea.,This question tests the learner's ability to analyze the cause (high cost of silver) for a significant effect (the switch to the opium trade).,This question requires the learner to recall and connect the outcome of a major conflict to its specific political and economic consequences for China.,This question requires the learner to analyze the specific actions (industrial espionage) taken by a key entity to overcome a major economic obstacle (China's monopoly).,This requires the learner to analyze the cause-and-effect relationship between economic competition in the tea trade and a specific technological innovation.,"This tests the recall of a concluding fact that puts the entire history of tea into a modern context, demonstrating the beverage's global significance.",,,,,,,,,,,Tea
27/11/2025 06:00,27/11/2025 06:13,0,100,816,1,27/11/2025 06:13,R_8BNum9QUsIHhTgJ,anonymous,EN,1,673261aea87e76010a5c969a,,,,,Shennong,in a leaf,"Tea preparation shifted from boiling raw leaves to steaming, compressing them into bricks, and then grinding those bricks into powder before boiling this powdered-tea method laid the foundation for what later evolved into matcha","The Ming Dynasty’s big tea innovation was moving away from powdered, matcha-style tea to loose-leaf brewing, shaping the way most of the world drinks tea today.",silk and porcelain,"Great Britain began trading opium for Chinese tea because paying in silver was draining its reserves, creating a severe trade imbalance. By exporting opium from India to China, Britain reversed the flow of silver, stabilized its economy, and secured a profitable way to meet skyrocketing domestic demand for tea.","Cession of Hong Kong/Opening of Treaty Ports
","By growing the leaf used to make the tea in Britain
","The primary motivation for developing fast-sailing clipper ships in the 19th century was to meet the booming demand for rapid global trade—especially the transport of high-value, time-sensitive goods like tea from China and supplies during the California Gold Rush.","it holds the second spot, consumed daily across cultures and continents",673261aea87e76010a5c969a,SAQ,"According to legend, who was the mythical Chinese figure credited with discovering tea while searching the forest for edible grains and herbs?",Explain how tea was originally consumed in ancient China before it was primarily prepared as a drink.,Describe the change in tea preparation that occurred during the Tang Dynasty and led to the creation of matcha.,"What significant change to the standard form of tea occurred during China's Ming Dynasty, shifting away from the matcha-style preparation?","Besides tea, what were the other two essential Chinese export goods that gave the country significant economic power?","Explain the economic reason that prompted Great Britain to begin trading opium for Chinese tea, instead of its original payment method.","Following the First Opium War, what were two major concessions the defeated Qing Dynasty made to the British?",How did the British East India Company ultimately break China's long-held monopoly on tea cultivation?,What was the primary motivation for the development of the fast-sailing clipper ship in the 19th century?,What is tea's ranking as the most consumed beverage in the world today?,"The mythical figure credited with discovering tea is the divine farmer, Shennong.","Originally, tea was consumed as a food; it was either eaten as a vegetable or cooked with grain porridge.","The standard method became heating tea, packing it into portable cakes, grinding it into powder, and then mixing it with hot water to create a frothy beverage.","During the Ming Dynasty, the Chinese emperor shifted the standard from tea pressed into cakes to using loose-leaf tea.",The other two essential Chinese export goods that gave the country economic power were porcelain and silk.,"Britain initially paid for Chinese tea with silver, but this proved to be too expensive, so they switched to trading opium as a more sustainable alternative.",The Qing Dynasty ceded the port of Hong Kong to the British and was forced to resume trading on unfavorable terms.,"They commissioned botanist Robert Fortune to secretly smuggle tea trees and experienced tea workers out of China and into Darjeeling, India.","The clipper ship was developed due to intense competition between Western trading companies, who were racing to transport tea to Europe first to maximize profits.","Tea is the second most consumed beverage in the world, after water.",This is a direct recall of a key figure and the foundational legend mentioned at the start of the video.,"This question requires the learner to explain the initial state of tea consumption, demonstrating comprehension of its evolution from a food to a beverage.","This question asks for an explanation of a specific historical process mentioned in the video, testing the learner's understanding of how a particular type of tea was made.","This question checks for understanding of a key transition in tea's physical form and preparation method, which marked a major turning point in its history.",This question tests the recall of specific factual information about China's key exports during the period it held a monopoly on tea.,This question tests the learner's ability to analyze the cause (high cost of silver) for a significant effect (the switch to the opium trade).,This question requires the learner to recall and connect the outcome of a major conflict to its specific political and economic consequences for China.,This question requires the learner to analyze the specific actions (industrial espionage) taken by a key entity to overcome a major economic obstacle (China's monopoly).,This requires the learner to analyze the cause-and-effect relationship between economic competition in the tea trade and a specific technological innovation.,"This tests the recall of a concluding fact that puts the entire history of tea into a modern context, demonstrating the beverage's global significance.","Correct. Shennong is the legendary “Divine Farmer” credited in Chinese mythology with discovering tea. For completeness, you could mention his epithet and the context that he was searching for edible herbs and grains when he discovered it.

Score: 10/10","The response is too vague and does not address how tea was consumed. Saying ""in a leaf"" refers to the plant part, not the method of consumption. Originally, tea was used as food—eaten like a vegetable or cooked with grain porridge. To improve, specify that early tea use involved eating the leaves or cooking them with grains rather than brewing a drink.

Score: 1/10","The response captures the key shift to steaming leaves, compressing them into bricks/cakes, and grinding into a powder, and correctly notes this laid the groundwork for matcha. However, it inaccurately states the powder was boiled; the crucial Tang-to-Song development was mixing/whisking the powder with hot water to create a frothy drink. Clarifying that final preparation step would make the answer fully accurate.

Score: 7/10","Your answer clearly identifies the key shift: moving from powdered/matcha-style preparation to loose-leaf brewing during the Ming Dynasty. The added note about its global influence is a nice touch. To be even stronger, you could mention that earlier tea was commonly pressed into cakes and that the change was standardized under Ming imperial policy.

Score: 9/10","Excellent—your answer correctly identifies both key exports: silk and porcelain. It's concise and accurate. For added context, you could note that along with tea, these goods underpinned China’s trade dominance.

Score: 10/10","Your response clearly captures the core reason: paying in silver was draining British reserves, prompting a shift to opium to correct the trade imbalance. You also add accurate context about reversing the silver flow and meeting high tea demand. To improve, keep the focus on the balance-of-payments problem and avoid broad claims like “stabilized its economy” unless you specify it in terms of silver outflows and trade balance.

Score: 10/10","Your answer clearly captures both key concessions: the cession of Hong Kong and the opening of treaty ports, which reflects the “unfavorable trading terms” in the model answer. This is accurate and appropriately specific. For added depth, you could mention that these were part of the Treaty of Nanking’s unequal terms, including fixed low tariffs and indemnities.

Score: 10/10","The response shows a basic idea that the British countered China’s monopoly by cultivating their own tea, which is a useful starting point. However, it’s incorrect about the location (it was India, not Britain) and omits the key method: Robert Fortune’s industrial espionage to smuggle tea plants and skilled workers from China to establish plantations in places like Darjeeling/Assam. Clarifying these details would make the answer accurate and complete.

Score: 3/10","Your answer recognizes that speed mattered for transporting tea and other high-value goods, which aligns partly with the core idea. However, the key driver emphasized in the model answer is the intense competition to deliver tea to Europe first for profit premiums—the “tea races”—not a general boom in global trade. Mentioning the California Gold Rush broadens the motivation and dilutes the primary cause in this tea-focused context.

Score: 6/10","Your answer accurately states that tea holds the second spot, which captures the key fact. The mention of its daily use across cultures reinforces its global significance. For completeness, you could specify that it’s second after water.

Score: 10/10",Tea
27/11/2025 06:16,27/11/2025 06:25,0,100,581,1,27/11/2025 06:25,R_2KdUDlF8SCFY5JD,anonymous,EN,1,5737270f14f69e000d7bc08a,,,,,"I've no idea, Mr Tea?",It was eaten as a remedy to poison,The change was from the original method of eating or ingesting tea as a similar grain. Towards a powered tea variant known as matcha,Consumption moved away from matcha style towards more traditional dried leaf tea,"Other than tea, China was exporting coal and herbs and spices","Originally Great Britain was trading silver for tea, but with the price of tea increasing GB couldn't afford to trade silver. So they opted for opium instead, presumably as it had a higher value at the time.","They conceeded the port of Hong Kong to british rule, and started buying opium again","They placed a spy to steal a tea plant, and import that, along with chinese workers into India.","With rising prices of tea, there was a race to import it the quickest. The clipper was designed to be the fastest ship at the time, to import tea quickly and make more profit.","Tea is currently ranked second in the most consumbed beverages, behind water and third to coffee.",5737270f14f69e000d7bc08a,SAQ,"According to legend, who was the mythical Chinese figure credited with discovering tea while searching the forest for edible grains and herbs?",Explain how tea was originally consumed in ancient China before it was primarily prepared as a drink.,Describe the change in tea preparation that occurred during the Tang Dynasty and led to the creation of matcha.,"What significant change to the standard form of tea occurred during China's Ming Dynasty, shifting away from the matcha-style preparation?","Besides tea, what were the other two essential Chinese export goods that gave the country significant economic power?","Explain the economic reason that prompted Great Britain to begin trading opium for Chinese tea, instead of its original payment method.","Following the First Opium War, what were two major concessions the defeated Qing Dynasty made to the British?",How did the British East India Company ultimately break China's long-held monopoly on tea cultivation?,What was the primary motivation for the development of the fast-sailing clipper ship in the 19th century?,What is tea's ranking as the most consumed beverage in the world today?,"The mythical figure credited with discovering tea is the divine farmer, Shennong.","Originally, tea was consumed as a food; it was either eaten as a vegetable or cooked with grain porridge.","The standard method became heating tea, packing it into portable cakes, grinding it into powder, and then mixing it with hot water to create a frothy beverage.","During the Ming Dynasty, the Chinese emperor shifted the standard from tea pressed into cakes to using loose-leaf tea.",The other two essential Chinese export goods that gave the country economic power were porcelain and silk.,"Britain initially paid for Chinese tea with silver, but this proved to be too expensive, so they switched to trading opium as a more sustainable alternative.",The Qing Dynasty ceded the port of Hong Kong to the British and was forced to resume trading on unfavorable terms.,"They commissioned botanist Robert Fortune to secretly smuggle tea trees and experienced tea workers out of China and into Darjeeling, India.","The clipper ship was developed due to intense competition between Western trading companies, who were racing to transport tea to Europe first to maximize profits.","Tea is the second most consumed beverage in the world, after water.",This is a direct recall of a key figure and the foundational legend mentioned at the start of the video.,"This question requires the learner to explain the initial state of tea consumption, demonstrating comprehension of its evolution from a food to a beverage.","This question asks for an explanation of a specific historical process mentioned in the video, testing the learner's understanding of how a particular type of tea was made.","This question checks for understanding of a key transition in tea's physical form and preparation method, which marked a major turning point in its history.",This question tests the recall of specific factual information about China's key exports during the period it held a monopoly on tea.,This question tests the learner's ability to analyze the cause (high cost of silver) for a significant effect (the switch to the opium trade).,This question requires the learner to recall and connect the outcome of a major conflict to its specific political and economic consequences for China.,This question requires the learner to analyze the specific actions (industrial espionage) taken by a key entity to overcome a major economic obstacle (China's monopoly).,This requires the learner to analyze the cause-and-effect relationship between economic competition in the tea trade and a specific technological innovation.,"This tests the recall of a concluding fact that puts the entire history of tea into a modern context, demonstrating the beverage's global significance.","The response does not identify the legendary figure and provides an incorrect guess, so it misses the key concept (Shennong, the “divine farmer”). Appreciated your honesty about not knowing—next time, try recalling that early Chinese tea legends credit Shennong with the discovery. Reviewing key names and legends from the video would help with questions like this.

Score: 0/10","Your answer shows a partial idea that tea was ingested rather than drunk, which is a start. However, the key point is that early tea in ancient China was consumed as a food—used like a vegetable or cooked into grain porridge—rather than primarily as a remedy. To improve, mention these specific forms of preparation to capture how tea was originally consumed.

Score: 3/10","You correctly note the shift toward a powdered tea (matcha). However, the response misses key steps from the Tang method: tea was steamed/pressed into cakes, then ground into a fine powder and whisked with hot water to make a frothy drink. Also, earlier preparation was more about boiling/infusing leaves, not eating tea like a grain.

Score: 4/10","Your answer correctly identifies the key shift: moving away from matcha-style preparation toward using dried/loose-leaf tea, which became the standard in the Ming era. To improve, you could note that this change replaced tea pressed into cakes and was formalized as the new standard, often attributed to imperial influence. 
Score: 9/10","The response shows awareness that China exported multiple goods, but it does not identify the key ones referenced in the video. The historically significant exports alongside tea were porcelain and silk, not coal or herbs/spices. Review China’s dominance in silk and fine ceramics (“china”) and their role on the Silk Road and in maritime trade.

Score: 2/10","You correctly identify that Britain first paid in silver and switched to opium because paying in silver became too costly. However, the issue was not rising tea prices or opium having a “higher value,” but the drain of silver due to a trade imbalance—opium sales let Britain avoid losing silver by earning revenue in China. Clarifying that the costliness was about silver outflows, not tea price, would make your answer stronger.

Score: 7/10","Your answer correctly identifies one key concession: ceding Hong Kong to British rule. However, saying they “started buying opium again” is not the main concession; the treaties forced China into unequal trade terms, including opening several ports to British trade and accepting disadvantageous tariffs (and indemnities), rather than explicitly requiring opium purchases. To improve, replace the opium point with “opening treaty ports and accepting unfavorable trade conditions.”

Score: 5/10","Your answer captures the key idea of industrial espionage and correctly notes that tea plants and Chinese workers were brought to India, which is central to how the monopoly was broken. To improve, mention that the agent was botanist Robert Fortune, that multiple plants/seeds and tea-making expertise were smuggled, and that this was directed to India (notably Darjeeling). Adding these specifics would make your response more precise.

Score: 8/10","Your answer captures the key idea that there was a competitive “race” to deliver tea quickly to increase profits, and that clippers were designed for speed to win that race. To improve, emphasize that the primary driver was competition among trading companies to be first to market, rather than rising prices per se. Naming Europe (especially Britain) as the destination would add precision. 
Score: 9/10","Your response correctly notes that tea is the second most consumed beverage and that it ranks behind water. However, adding “third to coffee” contradicts the main point and creates confusion—coffee is not ahead of tea in this ranking. For clarity, state simply: “Tea is the second most consumed beverage in the world, after water.”

Score: 6/10",Tea
27/11/2025 06:35,27/11/2025 06:40,0,100,319,1,27/11/2025 06:40,R_8P6TxdA5wrhZHCb,anonymous,EN,1,6297560d968633ad5b83b745,0,0,292.585,0,,,,,,,,,,,6297560d968633ad5b83b745,Restudy,"According to legend, who was the mythical Chinese figure credited with discovering tea while searching the forest for edible grains and herbs?",Explain how tea was originally consumed in ancient China before it was primarily prepared as a drink.,Describe the change in tea preparation that occurred during the Tang Dynasty and led to the creation of matcha.,"What significant change to the standard form of tea occurred during China's Ming Dynasty, shifting away from the matcha-style preparation?","Besides tea, what were the other two essential Chinese export goods that gave the country significant economic power?","Explain the economic reason that prompted Great Britain to begin trading opium for Chinese tea, instead of its original payment method.","Following the First Opium War, what were two major concessions the defeated Qing Dynasty made to the British?",How did the British East India Company ultimately break China's long-held monopoly on tea cultivation?,What was the primary motivation for the development of the fast-sailing clipper ship in the 19th century?,What is tea's ranking as the most consumed beverage in the world today?,"The mythical figure credited with discovering tea is the divine farmer, Shennong.","Originally, tea was consumed as a food; it was either eaten as a vegetable or cooked with grain porridge.","The standard method became heating tea, packing it into portable cakes, grinding it into powder, and then mixing it with hot water to create a frothy beverage.","During the Ming Dynasty, the Chinese emperor shifted the standard from tea pressed into cakes to using loose-leaf tea.",The other two essential Chinese export goods that gave the country economic power were porcelain and silk.,"Britain initially paid for Chinese tea with silver, but this proved to be too expensive, so they switched to trading opium as a more sustainable alternative.",The Qing Dynasty ceded the port of Hong Kong to the British and was forced to resume trading on unfavorable terms.,"They commissioned botanist Robert Fortune to secretly smuggle tea trees and experienced tea workers out of China and into Darjeeling, India.","The clipper ship was developed due to intense competition between Western trading companies, who were racing to transport tea to Europe first to maximize profits.","Tea is the second most consumed beverage in the world, after water.",This is a direct recall of a key figure and the foundational legend mentioned at the start of the video.,"This question requires the learner to explain the initial state of tea consumption, demonstrating comprehension of its evolution from a food to a beverage.","This question asks for an explanation of a specific historical process mentioned in the video, testing the learner's understanding of how a particular type of tea was made.","This question checks for understanding of a key transition in tea's physical form and preparation method, which marked a major turning point in its history.",This question tests the recall of specific factual information about China's key exports during the period it held a monopoly on tea.,This question tests the learner's ability to analyze the cause (high cost of silver) for a significant effect (the switch to the opium trade).,This question requires the learner to recall and connect the outcome of a major conflict to its specific political and economic consequences for China.,This question requires the learner to analyze the specific actions (industrial espionage) taken by a key entity to overcome a major economic obstacle (China's monopoly).,This requires the learner to analyze the cause-and-effect relationship between economic competition in the tea trade and a specific technological innovation.,"This tests the recall of a concluding fact that puts the entire history of tea into a modern context, demonstrating the beverage's global significance.",,,,,,,,,,,Tea
27/11/2025 06:35,27/11/2025 06:51,0,100,943,1,27/11/2025 06:51,R_21oGcWTlel9rhZG,anonymous,EN,0.800000012,597a72293a82ba000141d7b0,,,,,He was someone who went round trying different leaves/herbs etc to look for healing properties - he managed to poison himself 72 times and as legend has it a tea leaf fell into his mouth and cured him of his latest poisoning.,"At first the tea leaves were eaten as a vegetable, believed to have healing and calming powers.",Matcha became popular during the Tang Dynasty when people started adding hot water and drinking the tea rather than eating the leaves.,They used to drink the tea packaged in a small pod-like way - but then they decided to use a non pod-like package and started drinking the ground leaves with hot water to gain a fuller flavour.,herbs and spices.,The Brits decided that the silver they were originally paying with was costing them too much money so they turned to opium.,They gave the Brits Hong Kong and let them continue trading for tea with opium.,They sent in a British spy who smuggled out the tea trees - effectively he stole them and took them to India.,"To ship goods in a more efficient way.
",I think its at the top of the most consumed beverage around the world.,597a72293a82ba000141d7b0,SAQ,"According to legend, who was the mythical Chinese figure credited with discovering tea while searching the forest for edible grains and herbs?",Explain how tea was originally consumed in ancient China before it was primarily prepared as a drink.,Describe the change in tea preparation that occurred during the Tang Dynasty and led to the creation of matcha.,"What significant change to the standard form of tea occurred during China's Ming Dynasty, shifting away from the matcha-style preparation?","Besides tea, what were the other two essential Chinese export goods that gave the country significant economic power?","Explain the economic reason that prompted Great Britain to begin trading opium for Chinese tea, instead of its original payment method.","Following the First Opium War, what were two major concessions the defeated Qing Dynasty made to the British?",How did the British East India Company ultimately break China's long-held monopoly on tea cultivation?,What was the primary motivation for the development of the fast-sailing clipper ship in the 19th century?,What is tea's ranking as the most consumed beverage in the world today?,"The mythical figure credited with discovering tea is the divine farmer, Shennong.","Originally, tea was consumed as a food; it was either eaten as a vegetable or cooked with grain porridge.","The standard method became heating tea, packing it into portable cakes, grinding it into powder, and then mixing it with hot water to create a frothy beverage.","During the Ming Dynasty, the Chinese emperor shifted the standard from tea pressed into cakes to using loose-leaf tea.",The other two essential Chinese export goods that gave the country economic power were porcelain and silk.,"Britain initially paid for Chinese tea with silver, but this proved to be too expensive, so they switched to trading opium as a more sustainable alternative.",The Qing Dynasty ceded the port of Hong Kong to the British and was forced to resume trading on unfavorable terms.,"They commissioned botanist Robert Fortune to secretly smuggle tea trees and experienced tea workers out of China and into Darjeeling, India.","The clipper ship was developed due to intense competition between Western trading companies, who were racing to transport tea to Europe first to maximize profits.","Tea is the second most consumed beverage in the world, after water.",This is a direct recall of a key figure and the foundational legend mentioned at the start of the video.,"This question requires the learner to explain the initial state of tea consumption, demonstrating comprehension of its evolution from a food to a beverage.","This question asks for an explanation of a specific historical process mentioned in the video, testing the learner's understanding of how a particular type of tea was made.","This question checks for understanding of a key transition in tea's physical form and preparation method, which marked a major turning point in its history.",This question tests the recall of specific factual information about China's key exports during the period it held a monopoly on tea.,This question tests the learner's ability to analyze the cause (high cost of silver) for a significant effect (the switch to the opium trade).,This question requires the learner to recall and connect the outcome of a major conflict to its specific political and economic consequences for China.,This question requires the learner to analyze the specific actions (industrial espionage) taken by a key entity to overcome a major economic obstacle (China's monopoly).,This requires the learner to analyze the cause-and-effect relationship between economic competition in the tea trade and a specific technological innovation.,"This tests the recall of a concluding fact that puts the entire history of tea into a modern context, demonstrating the beverage's global significance.","Your response shows a clear understanding of the legend: you correctly describe the figure tasting many herbs, being poisoned 72 times, and being saved by a tea leaf. However, the question asks “who,” so you needed to name the figure explicitly: Shennong (the “Divine Farmer”). In future, include the key name along with the description.

Score: 5/10","Good understanding: you correctly state that tea was originally consumed as food and specifically eaten as a vegetable. However, the answer omits that it was also cooked with grain porridge, which is a key detail. The mention of healing/calming powers isn’t necessary for this question; adding the porridge aspect would make it complete.

Score: 8/10","You recognized that the preparation involved a hot-water drink, which is part of the shift. However, the key change was processing tea into cakes, grinding it into a fine powder, and whisking it with hot water to make a frothy beverage—simply “adding hot water” and “drinking rather than eating leaves” misses these crucial steps. Mentioning the powdered form and frothy preparation would make your answer accurate and complete.

Score: 3/10","Your answer recognizes that tea was once consumed in a compressed, cake-like form, which is a good start. However, the key change in the Ming Dynasty was a move away from powdered, whisked tea toward brewing loose tea leaves by infusion, not drinking ground leaves. To improve, state clearly that the standard shifted from pressed/powdered tea to loose-leaf preparation.

Score: 3/10","The response does not match the key exports identified in the video. Besides tea, the two essential Chinese exports were silk and porcelain, not herbs and spices. Review the section discussing China’s “big three” exports to better recall these specific items.

Score: 0/10","Strong and accurate explanation: you identify that Britain initially paid with silver and switched to opium because silver was too costly. For a bit more depth, you could note that opium sales helped offset the silver outflow, making the trade more sustainable for Britain. Score: 10/10","You correctly identified one key concession: ceding Hong Kong to the British. However, the second point is off—China didn’t simply allow an opium-for-tea trade; the major concession was accepting unequal trade terms (opening treaty ports and other disadvantages), not formally legalizing opium at that time. To improve, note that the broader “unfavorable terms” of trade were the key economic concession after the First Opium War.

Score: 5/10","Your answer captures the core idea: the British used espionage to smuggle tea plants from China to India, breaking the monopoly. To improve, mention that the British East India Company commissioned botanist Robert Fortune and that he also transferred skilled tea workers and processing knowledge, with plants established in places like Darjeeling. Including these specifics would show a fuller understanding of how the monopoly was broken.

Score: 8/10","Your answer notes that clippers were built for greater efficiency, which aligns with their emphasis on speed. However, it misses the key driver: fierce competition in the tea trade, where companies raced to deliver tea to Europe first to capture higher prices and profits. To improve, mention the profit-driven race among trading firms to be first with the new tea harvest.

Score: 5/10","Your answer recognizes tea’s global popularity, which is relevant. However, the key fact is that tea is the second most consumed beverage worldwide, after water—not the most. Focus on the precise ranking asked in the question.

Score: 2/10",Tea
27/11/2025 07:32,27/11/2025 07:37,0,100,307,1,27/11/2025 07:37,R_8PcLghEzjtpsKm1,anonymous,EN,1,594a8e2eeaa18e000163f6cd,0,0,293.394,0,,,,,,,,,,,594a8e2eeaa18e000163f6cd,Restudy,"According to legend, who was the mythical Chinese figure credited with discovering tea while searching the forest for edible grains and herbs?",Explain how tea was originally consumed in ancient China before it was primarily prepared as a drink.,Describe the change in tea preparation that occurred during the Tang Dynasty and led to the creation of matcha.,"What significant change to the standard form of tea occurred during China's Ming Dynasty, shifting away from the matcha-style preparation?","Besides tea, what were the other two essential Chinese export goods that gave the country significant economic power?","Explain the economic reason that prompted Great Britain to begin trading opium for Chinese tea, instead of its original payment method.","Following the First Opium War, what were two major concessions the defeated Qing Dynasty made to the British?",How did the British East India Company ultimately break China's long-held monopoly on tea cultivation?,What was the primary motivation for the development of the fast-sailing clipper ship in the 19th century?,What is tea's ranking as the most consumed beverage in the world today?,"The mythical figure credited with discovering tea is the divine farmer, Shennong.","Originally, tea was consumed as a food; it was either eaten as a vegetable or cooked with grain porridge.","The standard method became heating tea, packing it into portable cakes, grinding it into powder, and then mixing it with hot water to create a frothy beverage.","During the Ming Dynasty, the Chinese emperor shifted the standard from tea pressed into cakes to using loose-leaf tea.",The other two essential Chinese export goods that gave the country economic power were porcelain and silk.,"Britain initially paid for Chinese tea with silver, but this proved to be too expensive, so they switched to trading opium as a more sustainable alternative.",The Qing Dynasty ceded the port of Hong Kong to the British and was forced to resume trading on unfavorable terms.,"They commissioned botanist Robert Fortune to secretly smuggle tea trees and experienced tea workers out of China and into Darjeeling, India.","The clipper ship was developed due to intense competition between Western trading companies, who were racing to transport tea to Europe first to maximize profits.","Tea is the second most consumed beverage in the world, after water.",This is a direct recall of a key figure and the foundational legend mentioned at the start of the video.,"This question requires the learner to explain the initial state of tea consumption, demonstrating comprehension of its evolution from a food to a beverage.","This question asks for an explanation of a specific historical process mentioned in the video, testing the learner's understanding of how a particular type of tea was made.","This question checks for understanding of a key transition in tea's physical form and preparation method, which marked a major turning point in its history.",This question tests the recall of specific factual information about China's key exports during the period it held a monopoly on tea.,This question tests the learner's ability to analyze the cause (high cost of silver) for a significant effect (the switch to the opium trade).,This question requires the learner to recall and connect the outcome of a major conflict to its specific political and economic consequences for China.,This question requires the learner to analyze the specific actions (industrial espionage) taken by a key entity to overcome a major economic obstacle (China's monopoly).,This requires the learner to analyze the cause-and-effect relationship between economic competition in the tea trade and a specific technological innovation.,"This tests the recall of a concluding fact that puts the entire history of tea into a modern context, demonstrating the beverage's global significance.",,,,,,,,,,,Tea
27/11/2025 07:24,27/11/2025 07:59,0,100,2103,1,27/11/2025 07:59,R_2exb4mXDLszGjHX,anonymous,EN,1,603836f34e3f321dbba51e02,,,,,emperor shennong,leaves were chewed or boiled with water,tea leaves were processed to much finer talc like powder using stone mill,the focus shifted to plucking tea buds and brewing them whole leaves,they were silk and porceline,the reason was sever trade imbalance,"ceding hong kong ,providing british with deep water port
opening treaty port",by stealing the plant and worker to make their own tea,"It was ecomomic opportunity ,abilty to comand premium freight rates for speedy delivery",2,603836f34e3f321dbba51e02,SAQ,"According to legend, who was the mythical Chinese figure credited with discovering tea while searching the forest for edible grains and herbs?",Explain how tea was originally consumed in ancient China before it was primarily prepared as a drink.,Describe the change in tea preparation that occurred during the Tang Dynasty and led to the creation of matcha.,"What significant change to the standard form of tea occurred during China's Ming Dynasty, shifting away from the matcha-style preparation?","Besides tea, what were the other two essential Chinese export goods that gave the country significant economic power?","Explain the economic reason that prompted Great Britain to begin trading opium for Chinese tea, instead of its original payment method.","Following the First Opium War, what were two major concessions the defeated Qing Dynasty made to the British?",How did the British East India Company ultimately break China's long-held monopoly on tea cultivation?,What was the primary motivation for the development of the fast-sailing clipper ship in the 19th century?,What is tea's ranking as the most consumed beverage in the world today?,"The mythical figure credited with discovering tea is the divine farmer, Shennong.","Originally, tea was consumed as a food; it was either eaten as a vegetable or cooked with grain porridge.","The standard method became heating tea, packing it into portable cakes, grinding it into powder, and then mixing it with hot water to create a frothy beverage.","During the Ming Dynasty, the Chinese emperor shifted the standard from tea pressed into cakes to using loose-leaf tea.",The other two essential Chinese export goods that gave the country economic power were porcelain and silk.,"Britain initially paid for Chinese tea with silver, but this proved to be too expensive, so they switched to trading opium as a more sustainable alternative.",The Qing Dynasty ceded the port of Hong Kong to the British and was forced to resume trading on unfavorable terms.,"They commissioned botanist Robert Fortune to secretly smuggle tea trees and experienced tea workers out of China and into Darjeeling, India.","The clipper ship was developed due to intense competition between Western trading companies, who were racing to transport tea to Europe first to maximize profits.","Tea is the second most consumed beverage in the world, after water.",This is a direct recall of a key figure and the foundational legend mentioned at the start of the video.,"This question requires the learner to explain the initial state of tea consumption, demonstrating comprehension of its evolution from a food to a beverage.","This question asks for an explanation of a specific historical process mentioned in the video, testing the learner's understanding of how a particular type of tea was made.","This question checks for understanding of a key transition in tea's physical form and preparation method, which marked a major turning point in its history.",This question tests the recall of specific factual information about China's key exports during the period it held a monopoly on tea.,This question tests the learner's ability to analyze the cause (high cost of silver) for a significant effect (the switch to the opium trade).,This question requires the learner to recall and connect the outcome of a major conflict to its specific political and economic consequences for China.,This question requires the learner to analyze the specific actions (industrial espionage) taken by a key entity to overcome a major economic obstacle (China's monopoly).,This requires the learner to analyze the cause-and-effect relationship between economic competition in the tea trade and a specific technological innovation.,"This tests the recall of a concluding fact that puts the entire history of tea into a modern context, demonstrating the beverage's global significance.","Your answer is correct—Shennong is the legendary figure credited with discovering tea. Referring to him as “emperor” is acceptable; he’s also known as the “Divine Farmer,” which matches the video’s wording. Nice, concise recall.

Score: 10/10","The response partially captures the idea that tea was initially consumed as a food by mentioning chewing leaves. However, it misses the key detail that tea was eaten as a vegetable or cooked into grain porridge, and instead introduces boiling with water, which aligns more with beverage preparation. To improve, note that early tea was incorporated into food—eaten or mixed with grains—rather than brewed as a drink.

Score: 4/10","Your answer identifies an important element: tea was ground into a very fine powder, often with stone mills. However, it omits key steps from the Tang-era preparation that led to matcha: heating and pressing tea into portable cakes, then grinding those cakes and whisking the powder with hot water to make a frothy drink. Include these steps to fully describe the historical change.

Score: 5/10","Your answer correctly identifies the key shift to brewing whole leaves, which captures the move from powdered/matcha-style tea to loose-leaf infusion during the Ming period. To make it even clearer, you could explicitly state that this replaced tea pressed into cakes and powdered for whisking. Using the term “loose-leaf” or noting it became the new standard would strengthen the response.

Score: 9/10","Your answer correctly identifies the two key exports as silk and porcelain, matching the essential concepts. Nice and concise. For improvement, just watch the spelling of ""porcelain.""

Score: 10/10","Your answer identifies the core economic issue: a severe trade imbalance with China. However, it's too brief and doesn't specify that Britain was paying in silver, which led to a costly outflow of bullion and prompted the shift to trading opium to rebalance trade. To improve, mention the silver drain explicitly and connect it to why opium became the alternative.

Score: 7/10","Your response correctly identifies the cession of Hong Kong and the opening of treaty ports, which align with the major concessions after the First Opium War. The mention of a “deep water port” is essentially redundant with Hong Kong. To improve, clarify that multiple treaty ports were opened and that these changes reflected unequal trading terms imposed on China. 

Score: 8/10","Your response captures the core idea: the British broke the monopoly through theft/secret transfer of tea plants and skilled workers to start their own production. To make it stronger, mention that the East India Company sent botanist Robert Fortune to smuggle tea plants and recruit experienced Chinese tea makers, relocating them and the plants to India (notably Darjeeling). Including these specifics would show fuller understanding.

Score: 7/10","Your answer captures the core economic motive well: faster delivery commanded higher prices and increased profits. To strengthen it, explicitly mention the intense competition and “race” among trading companies—especially in the tea trade to Europe—to be first to market, which directly drove the development of clippers.

Score: 8/10","The response correctly identifies tea’s ranking as second, which matches the key fact. For clarity, you could state it in words and include the context (e.g., “second most consumed beverage after water”). 
Score: 10/10",Tea
27/11/2025 07:59,27/11/2025 08:04,0,100,320,1,27/11/2025 08:04,R_8WCIBebAb0ejGsp,anonymous,EN,0.899999976,63f38f6346a5beb76cb2a3b8,0,0,291.359,0,,,,,,,,,,,63f38f6346a5beb76cb2a3b8,Restudy,"According to legend, who was the mythical Chinese figure credited with discovering tea while searching the forest for edible grains and herbs?",Explain how tea was originally consumed in ancient China before it was primarily prepared as a drink.,Describe the change in tea preparation that occurred during the Tang Dynasty and led to the creation of matcha.,"What significant change to the standard form of tea occurred during China's Ming Dynasty, shifting away from the matcha-style preparation?","Besides tea, what were the other two essential Chinese export goods that gave the country significant economic power?","Explain the economic reason that prompted Great Britain to begin trading opium for Chinese tea, instead of its original payment method.","Following the First Opium War, what were two major concessions the defeated Qing Dynasty made to the British?",How did the British East India Company ultimately break China's long-held monopoly on tea cultivation?,What was the primary motivation for the development of the fast-sailing clipper ship in the 19th century?,What is tea's ranking as the most consumed beverage in the world today?,"The mythical figure credited with discovering tea is the divine farmer, Shennong.","Originally, tea was consumed as a food; it was either eaten as a vegetable or cooked with grain porridge.","The standard method became heating tea, packing it into portable cakes, grinding it into powder, and then mixing it with hot water to create a frothy beverage.","During the Ming Dynasty, the Chinese emperor shifted the standard from tea pressed into cakes to using loose-leaf tea.",The other two essential Chinese export goods that gave the country economic power were porcelain and silk.,"Britain initially paid for Chinese tea with silver, but this proved to be too expensive, so they switched to trading opium as a more sustainable alternative.",The Qing Dynasty ceded the port of Hong Kong to the British and was forced to resume trading on unfavorable terms.,"They commissioned botanist Robert Fortune to secretly smuggle tea trees and experienced tea workers out of China and into Darjeeling, India.","The clipper ship was developed due to intense competition between Western trading companies, who were racing to transport tea to Europe first to maximize profits.","Tea is the second most consumed beverage in the world, after water.",This is a direct recall of a key figure and the foundational legend mentioned at the start of the video.,"This question requires the learner to explain the initial state of tea consumption, demonstrating comprehension of its evolution from a food to a beverage.","This question asks for an explanation of a specific historical process mentioned in the video, testing the learner's understanding of how a particular type of tea was made.","This question checks for understanding of a key transition in tea's physical form and preparation method, which marked a major turning point in its history.",This question tests the recall of specific factual information about China's key exports during the period it held a monopoly on tea.,This question tests the learner's ability to analyze the cause (high cost of silver) for a significant effect (the switch to the opium trade).,This question requires the learner to recall and connect the outcome of a major conflict to its specific political and economic consequences for China.,This question requires the learner to analyze the specific actions (industrial espionage) taken by a key entity to overcome a major economic obstacle (China's monopoly).,This requires the learner to analyze the cause-and-effect relationship between economic competition in the tea trade and a specific technological innovation.,"This tests the recall of a concluding fact that puts the entire history of tea into a modern context, demonstrating the beverage's global significance.",,,,,,,,,,,Tea
27/11/2025 08:01,27/11/2025 08:09,0,100,511,1,27/11/2025 08:09,R_2aNykKCQ9ZntcxX,anonymous,EN,0.800000012,5db1b1b6cd3329000ba29566,,,,,Shin Tsu??,The leaves were chewed directly and then later they were pressed into a cake,The leaves were pressed into a cake and then soaked,From eating leaves of the plant to stewing it with water to make tea,Silk and spices,it was cheaper to take opium from the colonies than to pay using silver or gold,"I dont remember sorry
",They sent Robert Fortune to steal some tea plants and take them to India to start growing their own tea,To get tea back to europe as quickly as possible to get the best prices,It is second behind water,5db1b1b6cd3329000ba29566,SAQ,"According to legend, who was the mythical Chinese figure credited with discovering tea while searching the forest for edible grains and herbs?",Explain how tea was originally consumed in ancient China before it was primarily prepared as a drink.,Describe the change in tea preparation that occurred during the Tang Dynasty and led to the creation of matcha.,"What significant change to the standard form of tea occurred during China's Ming Dynasty, shifting away from the matcha-style preparation?","Besides tea, what were the other two essential Chinese export goods that gave the country significant economic power?","Explain the economic reason that prompted Great Britain to begin trading opium for Chinese tea, instead of its original payment method.","Following the First Opium War, what were two major concessions the defeated Qing Dynasty made to the British?",How did the British East India Company ultimately break China's long-held monopoly on tea cultivation?,What was the primary motivation for the development of the fast-sailing clipper ship in the 19th century?,What is tea's ranking as the most consumed beverage in the world today?,"The mythical figure credited with discovering tea is the divine farmer, Shennong.","Originally, tea was consumed as a food; it was either eaten as a vegetable or cooked with grain porridge.","The standard method became heating tea, packing it into portable cakes, grinding it into powder, and then mixing it with hot water to create a frothy beverage.","During the Ming Dynasty, the Chinese emperor shifted the standard from tea pressed into cakes to using loose-leaf tea.",The other two essential Chinese export goods that gave the country economic power were porcelain and silk.,"Britain initially paid for Chinese tea with silver, but this proved to be too expensive, so they switched to trading opium as a more sustainable alternative.",The Qing Dynasty ceded the port of Hong Kong to the British and was forced to resume trading on unfavorable terms.,"They commissioned botanist Robert Fortune to secretly smuggle tea trees and experienced tea workers out of China and into Darjeeling, India.","The clipper ship was developed due to intense competition between Western trading companies, who were racing to transport tea to Europe first to maximize profits.","Tea is the second most consumed beverage in the world, after water.",This is a direct recall of a key figure and the foundational legend mentioned at the start of the video.,"This question requires the learner to explain the initial state of tea consumption, demonstrating comprehension of its evolution from a food to a beverage.","This question asks for an explanation of a specific historical process mentioned in the video, testing the learner's understanding of how a particular type of tea was made.","This question checks for understanding of a key transition in tea's physical form and preparation method, which marked a major turning point in its history.",This question tests the recall of specific factual information about China's key exports during the period it held a monopoly on tea.,This question tests the learner's ability to analyze the cause (high cost of silver) for a significant effect (the switch to the opium trade).,This question requires the learner to recall and connect the outcome of a major conflict to its specific political and economic consequences for China.,This question requires the learner to analyze the specific actions (industrial espionage) taken by a key entity to overcome a major economic obstacle (China's monopoly).,This requires the learner to analyze the cause-and-effect relationship between economic competition in the tea trade and a specific technological innovation.,"This tests the recall of a concluding fact that puts the entire history of tea into a modern context, demonstrating the beverage's global significance.","The response is incorrect; the legendary figure is Shennong (also known as Shen Nung), the “Divine Farmer.” You seem to recall that it was a Chinese mythic figure, but review the opening legend in the video to remember Shennong by name. 

Score: 1/10","The response shows some understanding that tea was originally consumed in a non-beverage form by noting that leaves were chewed. However, it misses the key details that tea was eaten as a vegetable and cooked with grain porridge, and the mention of pressing into cakes relates more to processing for later use rather than its original food consumption. To improve, explicitly note the vegetable and porridge forms.

Score: 5/10","You identified that tea leaves were pressed into cakes, which is part of the process. However, the key shift leading to matcha was grinding those cakes into a fine powder and whisking it with hot water to make a frothy drink, not simply soaking the cakes. Mentioning the heating/processing step and the powdered, whisked preparation would make your answer more accurate.

Score: 3/10","The response does not address the specific Ming Dynasty shift from powdered/cake-pressed tea (whisked like matcha) to loose-leaf infusion. Instead, it describes an earlier, more general transition from chewing leaves to brewing, which is not the key change asked about. To improve, note that the Ming period standardized loose-leaf tea prepared by steeping, replacing powdered/cake forms.

Score: 2/10","The response captures one of the two key exports correctly by naming silk. However, ""spices"" is incorrect in this context; the other essential Chinese export was porcelain. To improve, remember that China’s major exports alongside tea were silk and porcelain (ceramics), while the major spice trade was centered in South and Southeast Asia.

Score: 5/10","Your answer captures the key economic idea: paying in silver (or gold) was costly, so Britain turned to opium from its colonies as a cheaper alternative for obtaining tea. To strengthen it, you could mention that silver outflows created a trade imbalance, and opium grown in British India was used to reverse that by securing Chinese tea without draining silver reserves. 
Score: 9/10","The response doesn’t address the question or provide any of the key concessions. For next time, try recalling at least one concrete outcome: Britain gained Hong Kong and China had to accept unequal trade terms (opening ports, etc.). Even mentioning one of these could earn partial credit.

Score: 0/10","Your answer captures the core idea: the Company used Robert Fortune to conduct industrial espionage by taking tea plants from China to India to establish their own tea cultivation. This shows good understanding of the key action and purpose. To improve, note that Fortune also transferred tea-making expertise by bringing skilled workers and know-how, and that Darjeeling was a principal destination.

Score: 8/10","The response correctly identifies speed and the profit motive (“best prices”) as the driving factors, which matches the core idea of maximizing profits by getting tea to Europe quickly. To be fully complete, it should also mention the competitive race among trading companies to be first to market. Adding that context would show the cause-and-effect link between competition and the clipper’s development.

Score: 8/10","Your answer is accurate and directly matches the key fact: tea is second after water. It's concise and clear. For completeness, you could specify “second most consumed beverage in the world.”

Score: 10/10",Tea
27/11/2025 07:44,27/11/2025 08:11,0,100,1616,1,27/11/2025 08:11,R_2wxEKw3SyPqInZf,anonymous,EN,1,6659a3110ccaa9dc948dc808,,,,,the divine farmer,it was used as medicine more as a remedy than a beverage,it changed from leaf infusions to dried powdered whisked into hot water,"it changed from leaf infusions to dried powdered cakes whisked into hot water, producing a frothy drink",Silk and porcelain were the other two significant Chinese exports,"China demanded payment in silver. Britain was running out of silver, so it began trading opium.",one of them was ceding Hong Kong Island to Britain,secretly smuggling tea plants out of china,To transport tea to market as quickly as possible.,Tea is the second most consumed beverage in the world after water,6659a3110ccaa9dc948dc808,SAQ,"According to legend, who was the mythical Chinese figure credited with discovering tea while searching the forest for edible grains and herbs?",Explain how tea was originally consumed in ancient China before it was primarily prepared as a drink.,Describe the change in tea preparation that occurred during the Tang Dynasty and led to the creation of matcha.,"What significant change to the standard form of tea occurred during China's Ming Dynasty, shifting away from the matcha-style preparation?","Besides tea, what were the other two essential Chinese export goods that gave the country significant economic power?","Explain the economic reason that prompted Great Britain to begin trading opium for Chinese tea, instead of its original payment method.","Following the First Opium War, what were two major concessions the defeated Qing Dynasty made to the British?",How did the British East India Company ultimately break China's long-held monopoly on tea cultivation?,What was the primary motivation for the development of the fast-sailing clipper ship in the 19th century?,What is tea's ranking as the most consumed beverage in the world today?,"The mythical figure credited with discovering tea is the divine farmer, Shennong.","Originally, tea was consumed as a food; it was either eaten as a vegetable or cooked with grain porridge.","The standard method became heating tea, packing it into portable cakes, grinding it into powder, and then mixing it with hot water to create a frothy beverage.","During the Ming Dynasty, the Chinese emperor shifted the standard from tea pressed into cakes to using loose-leaf tea.",The other two essential Chinese export goods that gave the country economic power were porcelain and silk.,"Britain initially paid for Chinese tea with silver, but this proved to be too expensive, so they switched to trading opium as a more sustainable alternative.",The Qing Dynasty ceded the port of Hong Kong to the British and was forced to resume trading on unfavorable terms.,"They commissioned botanist Robert Fortune to secretly smuggle tea trees and experienced tea workers out of China and into Darjeeling, India.","The clipper ship was developed due to intense competition between Western trading companies, who were racing to transport tea to Europe first to maximize profits.","Tea is the second most consumed beverage in the world, after water.",This is a direct recall of a key figure and the foundational legend mentioned at the start of the video.,"This question requires the learner to explain the initial state of tea consumption, demonstrating comprehension of its evolution from a food to a beverage.","This question asks for an explanation of a specific historical process mentioned in the video, testing the learner's understanding of how a particular type of tea was made.","This question checks for understanding of a key transition in tea's physical form and preparation method, which marked a major turning point in its history.",This question tests the recall of specific factual information about China's key exports during the period it held a monopoly on tea.,This question tests the learner's ability to analyze the cause (high cost of silver) for a significant effect (the switch to the opium trade).,This question requires the learner to recall and connect the outcome of a major conflict to its specific political and economic consequences for China.,This question requires the learner to analyze the specific actions (industrial espionage) taken by a key entity to overcome a major economic obstacle (China's monopoly).,This requires the learner to analyze the cause-and-effect relationship between economic competition in the tea trade and a specific technological innovation.,"This tests the recall of a concluding fact that puts the entire history of tea into a modern context, demonstrating the beverage's global significance.","Your answer correctly identifies the legendary figure by his epithet, showing clear understanding of the story. For completeness, include his name, Shennong, along with “the Divine Farmer.” This makes your response precise and aligned with the common historical reference.

Score: 9/10","Your answer correctly notes that early uses of tea were not primarily as a beverage, which shows some understanding of its evolution. However, the key point is that tea was originally consumed as a food—eaten like a vegetable or cooked into grain porridge—rather than mainly used as a remedy. To improve, specify these food-based forms of consumption.

Score: 3/10","Your answer captures the main shift: moving from steeping loose leaves to using powdered tea whisked into hot water, which underlies matcha preparation. To strengthen it, note that during the Tang period tea was heated and pressed into cakes, which were then ground into powder before whisking, producing a frothy drink. Including the cake-compression step would make your description more complete.

Score: 8/10","The response reverses the historical shift. During the Ming Dynasty, the standard moved away from powdered cakes whisked into a froth (matcha-style) toward loose-leaf tea steeped in water. You correctly describe the matcha-style method, but to improve, note that the Ming reform standardized loose-leaf infusion instead of powdered, whisked tea. 

Score: 2/10","Your response is accurate and directly matches the key concepts: you correctly identified silk and porcelain as the other major Chinese exports. This shows clear recall of the essential facts. To strengthen it further, you could briefly note that these goods, alongside tea, underpinned China’s economic power in global trade.

Score: 10/10","You clearly identify that China required silver and that Britain faced a silver drain, prompting the shift to opium—this matches the core economic reasoning. To strengthen it further, you could note that the switch aimed to reduce the costly outflow of silver and address the trade imbalance by generating revenue in China to pay for tea. 

Score: 9/10","Your response correctly identifies one major concession: the cession of Hong Kong Island to Britain. However, the question asked for two concessions, and you omitted the broader trade-related terms imposed on China, such as opening treaty ports and accepting unequal trading conditions. To improve, add that the Qing were forced to allow expanded British trade on unfavorable terms (e.g., opening ports under the Treaty of Nanking).

Score: 4/10","Your answer correctly identifies the key method: secret smuggling of tea plants from China. However, it omits important details such as the British East India Company commissioning Robert Fortune, the transfer of skilled tea workers/know-how, and the destination in India (Darjeeling), which were crucial to breaking the monopoly. Including these specifics would make your response more complete.

Score: 6/10","Your answer captures the core idea that speed was crucial in the tea trade. However, it misses the key motivation behind that speed: intense competition among Western trading companies racing to be first to European markets to maximize profits. Mentioning the competitive profit motive would make your response more complete. 
Score: 7/10","The response is accurate and directly matches the key fact: tea is the second most consumed beverage after water. It’s clear and concise. For completeness, you could explicitly note that this refers to the global ranking today, as stated in the video.

Score: 10/10",Tea
27/11/2025 08:11,27/11/2025 08:17,0,100,367,1,27/11/2025 08:17,R_8Qn5PRWR69rSOg9,anonymous,EN,1,587249a2e9cb31000195ed09,0,0,316.047,0,,,,,,,,,,,587249a2e9cb31000195ed09,Restudy,"According to legend, who was the mythical Chinese figure credited with discovering tea while searching the forest for edible grains and herbs?",Explain how tea was originally consumed in ancient China before it was primarily prepared as a drink.,Describe the change in tea preparation that occurred during the Tang Dynasty and led to the creation of matcha.,"What significant change to the standard form of tea occurred during China's Ming Dynasty, shifting away from the matcha-style preparation?","Besides tea, what were the other two essential Chinese export goods that gave the country significant economic power?","Explain the economic reason that prompted Great Britain to begin trading opium for Chinese tea, instead of its original payment method.","Following the First Opium War, what were two major concessions the defeated Qing Dynasty made to the British?",How did the British East India Company ultimately break China's long-held monopoly on tea cultivation?,What was the primary motivation for the development of the fast-sailing clipper ship in the 19th century?,What is tea's ranking as the most consumed beverage in the world today?,"The mythical figure credited with discovering tea is the divine farmer, Shennong.","Originally, tea was consumed as a food; it was either eaten as a vegetable or cooked with grain porridge.","The standard method became heating tea, packing it into portable cakes, grinding it into powder, and then mixing it with hot water to create a frothy beverage.","During the Ming Dynasty, the Chinese emperor shifted the standard from tea pressed into cakes to using loose-leaf tea.",The other two essential Chinese export goods that gave the country economic power were porcelain and silk.,"Britain initially paid for Chinese tea with silver, but this proved to be too expensive, so they switched to trading opium as a more sustainable alternative.",The Qing Dynasty ceded the port of Hong Kong to the British and was forced to resume trading on unfavorable terms.,"They commissioned botanist Robert Fortune to secretly smuggle tea trees and experienced tea workers out of China and into Darjeeling, India.","The clipper ship was developed due to intense competition between Western trading companies, who were racing to transport tea to Europe first to maximize profits.","Tea is the second most consumed beverage in the world, after water.",This is a direct recall of a key figure and the foundational legend mentioned at the start of the video.,"This question requires the learner to explain the initial state of tea consumption, demonstrating comprehension of its evolution from a food to a beverage.","This question asks for an explanation of a specific historical process mentioned in the video, testing the learner's understanding of how a particular type of tea was made.","This question checks for understanding of a key transition in tea's physical form and preparation method, which marked a major turning point in its history.",This question tests the recall of specific factual information about China's key exports during the period it held a monopoly on tea.,This question tests the learner's ability to analyze the cause (high cost of silver) for a significant effect (the switch to the opium trade).,This question requires the learner to recall and connect the outcome of a major conflict to its specific political and economic consequences for China.,This question requires the learner to analyze the specific actions (industrial espionage) taken by a key entity to overcome a major economic obstacle (China's monopoly).,This requires the learner to analyze the cause-and-effect relationship between economic competition in the tea trade and a specific technological innovation.,"This tests the recall of a concluding fact that puts the entire history of tea into a modern context, demonstrating the beverage's global significance.",,,,,,,,,,,Tea
27/11/2025 08:28,27/11/2025 08:33,0,100,330,1,27/11/2025 08:33,R_8H6qMDVu1KHYuSC,anonymous,EN,1,661403131cecbe255b64ca6f,0,0,291.539,0,,,,,,,,,,,661403131cecbe255b64ca6f,Restudy,"According to legend, who was the mythical Chinese figure credited with discovering tea while searching the forest for edible grains and herbs?",Explain how tea was originally consumed in ancient China before it was primarily prepared as a drink.,Describe the change in tea preparation that occurred during the Tang Dynasty and led to the creation of matcha.,"What significant change to the standard form of tea occurred during China's Ming Dynasty, shifting away from the matcha-style preparation?","Besides tea, what were the other two essential Chinese export goods that gave the country significant economic power?","Explain the economic reason that prompted Great Britain to begin trading opium for Chinese tea, instead of its original payment method.","Following the First Opium War, what were two major concessions the defeated Qing Dynasty made to the British?",How did the British East India Company ultimately break China's long-held monopoly on tea cultivation?,What was the primary motivation for the development of the fast-sailing clipper ship in the 19th century?,What is tea's ranking as the most consumed beverage in the world today?,"The mythical figure credited with discovering tea is the divine farmer, Shennong.","Originally, tea was consumed as a food; it was either eaten as a vegetable or cooked with grain porridge.","The standard method became heating tea, packing it into portable cakes, grinding it into powder, and then mixing it with hot water to create a frothy beverage.","During the Ming Dynasty, the Chinese emperor shifted the standard from tea pressed into cakes to using loose-leaf tea.",The other two essential Chinese export goods that gave the country economic power were porcelain and silk.,"Britain initially paid for Chinese tea with silver, but this proved to be too expensive, so they switched to trading opium as a more sustainable alternative.",The Qing Dynasty ceded the port of Hong Kong to the British and was forced to resume trading on unfavorable terms.,"They commissioned botanist Robert Fortune to secretly smuggle tea trees and experienced tea workers out of China and into Darjeeling, India.","The clipper ship was developed due to intense competition between Western trading companies, who were racing to transport tea to Europe first to maximize profits.","Tea is the second most consumed beverage in the world, after water.",This is a direct recall of a key figure and the foundational legend mentioned at the start of the video.,"This question requires the learner to explain the initial state of tea consumption, demonstrating comprehension of its evolution from a food to a beverage.","This question asks for an explanation of a specific historical process mentioned in the video, testing the learner's understanding of how a particular type of tea was made.","This question checks for understanding of a key transition in tea's physical form and preparation method, which marked a major turning point in its history.",This question tests the recall of specific factual information about China's key exports during the period it held a monopoly on tea.,This question tests the learner's ability to analyze the cause (high cost of silver) for a significant effect (the switch to the opium trade).,This question requires the learner to recall and connect the outcome of a major conflict to its specific political and economic consequences for China.,This question requires the learner to analyze the specific actions (industrial espionage) taken by a key entity to overcome a major economic obstacle (China's monopoly).,This requires the learner to analyze the cause-and-effect relationship between economic competition in the tea trade and a specific technological innovation.,"This tests the recall of a concluding fact that puts the entire history of tea into a modern context, demonstrating the beverage's global significance.",,,,,,,,,,,Tea
27/11/2025 08:31,27/11/2025 09:05,0,100,2025,1,27/11/2025 09:05,R_8sWKcBY3utKPFjZ,anonymous,EN,1,6278f2c1db1a5b8b12b94a21,,,,,it was a farmer called Shennong.,Tea was eatean like a vegetable and also added as an ingredient to porridge.,After a long trial of preparations tea was used as a loose tea leaf and it was packed into pressed cake easy to be transported anywhere and by scraping it a little enough to produce a fine powder added with water to create matcha.,Around 1500 people discovered that tea could be consumed differently by adding heat and moisture to produce many variaties of blends and so it became a beverage just by adding hot boiling water.,Porcelain and Silk.,Tea was so popular that was really considered a very lucrative business and the British could not afford to pay in Silver and opted for a cheaper bargain like opium.,They have given the port of Hong Kong and control of the market.,By cultivating tea outside China in the Darjeeling region of India.,to create the fastest delivery ships compared to the other European competitors and bring tea back as soon as possible.,it is second to water.,6278f2c1db1a5b8b12b94a21,SAQ,"According to legend, who was the mythical Chinese figure credited with discovering tea while searching the forest for edible grains and herbs?",Explain how tea was originally consumed in ancient China before it was primarily prepared as a drink.,Describe the change in tea preparation that occurred during the Tang Dynasty and led to the creation of matcha.,"What significant change to the standard form of tea occurred during China's Ming Dynasty, shifting away from the matcha-style preparation?","Besides tea, what were the other two essential Chinese export goods that gave the country significant economic power?","Explain the economic reason that prompted Great Britain to begin trading opium for Chinese tea, instead of its original payment method.","Following the First Opium War, what were two major concessions the defeated Qing Dynasty made to the British?",How did the British East India Company ultimately break China's long-held monopoly on tea cultivation?,What was the primary motivation for the development of the fast-sailing clipper ship in the 19th century?,What is tea's ranking as the most consumed beverage in the world today?,"The mythical figure credited with discovering tea is the divine farmer, Shennong.","Originally, tea was consumed as a food; it was either eaten as a vegetable or cooked with grain porridge.","The standard method became heating tea, packing it into portable cakes, grinding it into powder, and then mixing it with hot water to create a frothy beverage.","During the Ming Dynasty, the Chinese emperor shifted the standard from tea pressed into cakes to using loose-leaf tea.",The other two essential Chinese export goods that gave the country economic power were porcelain and silk.,"Britain initially paid for Chinese tea with silver, but this proved to be too expensive, so they switched to trading opium as a more sustainable alternative.",The Qing Dynasty ceded the port of Hong Kong to the British and was forced to resume trading on unfavorable terms.,"They commissioned botanist Robert Fortune to secretly smuggle tea trees and experienced tea workers out of China and into Darjeeling, India.","The clipper ship was developed due to intense competition between Western trading companies, who were racing to transport tea to Europe first to maximize profits.","Tea is the second most consumed beverage in the world, after water.",This is a direct recall of a key figure and the foundational legend mentioned at the start of the video.,"This question requires the learner to explain the initial state of tea consumption, demonstrating comprehension of its evolution from a food to a beverage.","This question asks for an explanation of a specific historical process mentioned in the video, testing the learner's understanding of how a particular type of tea was made.","This question checks for understanding of a key transition in tea's physical form and preparation method, which marked a major turning point in its history.",This question tests the recall of specific factual information about China's key exports during the period it held a monopoly on tea.,This question tests the learner's ability to analyze the cause (high cost of silver) for a significant effect (the switch to the opium trade).,This question requires the learner to recall and connect the outcome of a major conflict to its specific political and economic consequences for China.,This question requires the learner to analyze the specific actions (industrial espionage) taken by a key entity to overcome a major economic obstacle (China's monopoly).,This requires the learner to analyze the cause-and-effect relationship between economic competition in the tea trade and a specific technological innovation.,"This tests the recall of a concluding fact that puts the entire history of tea into a modern context, demonstrating the beverage's global significance.","Your answer correctly identifies Shennong as the figure credited with discovering tea and notes his role as a farmer, which matches the key idea. To be even more precise, you could mention that he is the “divine” or mythical farmer from Chinese legend. Great job on the core identification.

Score: 10/10","Your response accurately captures both key points: tea was originally consumed as food, eaten like a vegetable and mixed into porridge. Nice concise phrasing. Just watch the spelling (“eaten”) and you could specify “grain porridge” or that it was cooked with porridge for full precision.

Score: 10/10","Your answer captures the main idea: tea was compressed into portable cakes, then reduced to a powder and mixed with water, leading to matcha. To improve, note that the cakes were heated and ground, and that the powder was whisked with hot water to create a frothy drink. Clarifying phrasing would also make your explanation clearer.

Score: 8/10","The response recognizes that there was a shift in how tea was prepared and hints at brewing with hot water, but it misses the key detail: during the Ming Dynasty, the standard changed from powdered/pressed tea (cakes, whisked like matcha) to loose-leaf infusion. It’s also vague and somewhat inaccurate about timing and methods. To improve, explicitly state that the Ming period standardized loose-leaf brewing instead of powdered/pressed tea.

Score: 3/10","Your response is correct and matches the key concepts exactly: porcelain and silk were the other major Chinese exports. It’s concise and accurate. For an even stronger answer, you could add a brief phrase linking them to China’s economic power alongside tea.

Score: 10/10","The response correctly identifies the key economic reason: Britain found paying in silver too costly and therefore turned to opium as a cheaper alternative. It aligns with the core idea of switching payment methods due to expense. To improve, focus less on tea’s popularity and more on the economic pressure of silver outflows/trade imbalance as the primary driver, and tighten the phrasing for clarity.

Score: 8/10","Your answer correctly identifies the cession of Hong Kong and recognizes that Britain gained significant leverage over China’s trade. However, “control of the market” is a bit vague; it would be clearer to say that China had to resume trade on terms that favored Britain (unequal trading terms). Specifying “unfavorable trade terms” would fully align with the expected answer.

Score: 8/10","Your answer correctly identifies that shifting tea production to Darjeeling, India, was key to breaking China’s monopoly. However, it misses the crucial “how”: the British East India Company sent Robert Fortune to covertly smuggle tea plants, seeds, and skilled Chinese tea makers to India—an act of industrial espionage that made successful cultivation possible. Including these details would strengthen your explanation.

Score: 5/10","Your answer correctly identifies the competitive race among European traders and the goal of getting tea back as quickly as possible, which were central to the development of clippers. To improve, explicitly mention the profit motive—being first to market increased profits—which was the key economic driver behind the speed race. This addition would fully capture the cause-and-effect behind the innovation.

Score: 9/10","Your answer accurately captures the key fact: tea is second only to water in global consumption. It’s concise and correct. For completeness and clarity, you could state it as “Tea is the second most consumed beverage in the world, after water,” with proper capitalization.

Score: 10/10",Tea
27/11/2025 09:25,27/11/2025 09:34,0,100,579,1,27/11/2025 09:34,R_81j0NABtmtF5xiN,anonymous,EN,1,5ca73fcf7067e70001f7a41f,13.787,208.758,312.854,2,,,,,,,,,,,5ca73fcf7067e70001f7a41f,Restudy,"According to legend, who was the mythical Chinese figure credited with discovering tea while searching the forest for edible grains and herbs?",Explain how tea was originally consumed in ancient China before it was primarily prepared as a drink.,Describe the change in tea preparation that occurred during the Tang Dynasty and led to the creation of matcha.,"What significant change to the standard form of tea occurred during China's Ming Dynasty, shifting away from the matcha-style preparation?","Besides tea, what were the other two essential Chinese export goods that gave the country significant economic power?","Explain the economic reason that prompted Great Britain to begin trading opium for Chinese tea, instead of its original payment method.","Following the First Opium War, what were two major concessions the defeated Qing Dynasty made to the British?",How did the British East India Company ultimately break China's long-held monopoly on tea cultivation?,What was the primary motivation for the development of the fast-sailing clipper ship in the 19th century?,What is tea's ranking as the most consumed beverage in the world today?,"The mythical figure credited with discovering tea is the divine farmer, Shennong.","Originally, tea was consumed as a food; it was either eaten as a vegetable or cooked with grain porridge.","The standard method became heating tea, packing it into portable cakes, grinding it into powder, and then mixing it with hot water to create a frothy beverage.","During the Ming Dynasty, the Chinese emperor shifted the standard from tea pressed into cakes to using loose-leaf tea.",The other two essential Chinese export goods that gave the country economic power were porcelain and silk.,"Britain initially paid for Chinese tea with silver, but this proved to be too expensive, so they switched to trading opium as a more sustainable alternative.",The Qing Dynasty ceded the port of Hong Kong to the British and was forced to resume trading on unfavorable terms.,"They commissioned botanist Robert Fortune to secretly smuggle tea trees and experienced tea workers out of China and into Darjeeling, India.","The clipper ship was developed due to intense competition between Western trading companies, who were racing to transport tea to Europe first to maximize profits.","Tea is the second most consumed beverage in the world, after water.",This is a direct recall of a key figure and the foundational legend mentioned at the start of the video.,"This question requires the learner to explain the initial state of tea consumption, demonstrating comprehension of its evolution from a food to a beverage.","This question asks for an explanation of a specific historical process mentioned in the video, testing the learner's understanding of how a particular type of tea was made.","This question checks for understanding of a key transition in tea's physical form and preparation method, which marked a major turning point in its history.",This question tests the recall of specific factual information about China's key exports during the period it held a monopoly on tea.,This question tests the learner's ability to analyze the cause (high cost of silver) for a significant effect (the switch to the opium trade).,This question requires the learner to recall and connect the outcome of a major conflict to its specific political and economic consequences for China.,This question requires the learner to analyze the specific actions (industrial espionage) taken by a key entity to overcome a major economic obstacle (China's monopoly).,This requires the learner to analyze the cause-and-effect relationship between economic competition in the tea trade and a specific technological innovation.,"This tests the recall of a concluding fact that puts the entire history of tea into a modern context, demonstrating the beverage's global significance.",,,,,,,,,,,Tea
27/11/2025 09:51,27/11/2025 09:56,0,100,322,1,27/11/2025 09:56,R_8oMbxUt7J3KrlQh,anonymous,EN,1,5f7750471fcf840f542f6081,0,0,305.404,0,,,,,,,,,,,5f7750471fcf840f542f6081,Restudy,"According to legend, who was the mythical Chinese figure credited with discovering tea while searching the forest for edible grains and herbs?",Explain how tea was originally consumed in ancient China before it was primarily prepared as a drink.,Describe the change in tea preparation that occurred during the Tang Dynasty and led to the creation of matcha.,"What significant change to the standard form of tea occurred during China's Ming Dynasty, shifting away from the matcha-style preparation?","Besides tea, what were the other two essential Chinese export goods that gave the country significant economic power?","Explain the economic reason that prompted Great Britain to begin trading opium for Chinese tea, instead of its original payment method.","Following the First Opium War, what were two major concessions the defeated Qing Dynasty made to the British?",How did the British East India Company ultimately break China's long-held monopoly on tea cultivation?,What was the primary motivation for the development of the fast-sailing clipper ship in the 19th century?,What is tea's ranking as the most consumed beverage in the world today?,"The mythical figure credited with discovering tea is the divine farmer, Shennong.","Originally, tea was consumed as a food; it was either eaten as a vegetable or cooked with grain porridge.","The standard method became heating tea, packing it into portable cakes, grinding it into powder, and then mixing it with hot water to create a frothy beverage.","During the Ming Dynasty, the Chinese emperor shifted the standard from tea pressed into cakes to using loose-leaf tea.",The other two essential Chinese export goods that gave the country economic power were porcelain and silk.,"Britain initially paid for Chinese tea with silver, but this proved to be too expensive, so they switched to trading opium as a more sustainable alternative.",The Qing Dynasty ceded the port of Hong Kong to the British and was forced to resume trading on unfavorable terms.,"They commissioned botanist Robert Fortune to secretly smuggle tea trees and experienced tea workers out of China and into Darjeeling, India.","The clipper ship was developed due to intense competition between Western trading companies, who were racing to transport tea to Europe first to maximize profits.","Tea is the second most consumed beverage in the world, after water.",This is a direct recall of a key figure and the foundational legend mentioned at the start of the video.,"This question requires the learner to explain the initial state of tea consumption, demonstrating comprehension of its evolution from a food to a beverage.","This question asks for an explanation of a specific historical process mentioned in the video, testing the learner's understanding of how a particular type of tea was made.","This question checks for understanding of a key transition in tea's physical form and preparation method, which marked a major turning point in its history.",This question tests the recall of specific factual information about China's key exports during the period it held a monopoly on tea.,This question tests the learner's ability to analyze the cause (high cost of silver) for a significant effect (the switch to the opium trade).,This question requires the learner to recall and connect the outcome of a major conflict to its specific political and economic consequences for China.,This question requires the learner to analyze the specific actions (industrial espionage) taken by a key entity to overcome a major economic obstacle (China's monopoly).,This requires the learner to analyze the cause-and-effect relationship between economic competition in the tea trade and a specific technological innovation.,"This tests the recall of a concluding fact that puts the entire history of tea into a modern context, demonstrating the beverage's global significance.",,,,,,,,,,,Tea
27/11/2025 10:09,27/11/2025 10:14,0,100,313,1,27/11/2025 10:14,R_2EFFJedYDx2Hr5p,anonymous,EN,1,62b6eacb30532251b7eb05c1,0,0,289.258,0,,,,,,,,,,,62b6eacb30532251b7eb05c1,Restudy,"According to legend, who was the mythical Chinese figure credited with discovering tea while searching the forest for edible grains and herbs?",Explain how tea was originally consumed in ancient China before it was primarily prepared as a drink.,Describe the change in tea preparation that occurred during the Tang Dynasty and led to the creation of matcha.,"What significant change to the standard form of tea occurred during China's Ming Dynasty, shifting away from the matcha-style preparation?","Besides tea, what were the other two essential Chinese export goods that gave the country significant economic power?","Explain the economic reason that prompted Great Britain to begin trading opium for Chinese tea, instead of its original payment method.","Following the First Opium War, what were two major concessions the defeated Qing Dynasty made to the British?",How did the British East India Company ultimately break China's long-held monopoly on tea cultivation?,What was the primary motivation for the development of the fast-sailing clipper ship in the 19th century?,What is tea's ranking as the most consumed beverage in the world today?,"The mythical figure credited with discovering tea is the divine farmer, Shennong.","Originally, tea was consumed as a food; it was either eaten as a vegetable or cooked with grain porridge.","The standard method became heating tea, packing it into portable cakes, grinding it into powder, and then mixing it with hot water to create a frothy beverage.","During the Ming Dynasty, the Chinese emperor shifted the standard from tea pressed into cakes to using loose-leaf tea.",The other two essential Chinese export goods that gave the country economic power were porcelain and silk.,"Britain initially paid for Chinese tea with silver, but this proved to be too expensive, so they switched to trading opium as a more sustainable alternative.",The Qing Dynasty ceded the port of Hong Kong to the British and was forced to resume trading on unfavorable terms.,"They commissioned botanist Robert Fortune to secretly smuggle tea trees and experienced tea workers out of China and into Darjeeling, India.","The clipper ship was developed due to intense competition between Western trading companies, who were racing to transport tea to Europe first to maximize profits.","Tea is the second most consumed beverage in the world, after water.",This is a direct recall of a key figure and the foundational legend mentioned at the start of the video.,"This question requires the learner to explain the initial state of tea consumption, demonstrating comprehension of its evolution from a food to a beverage.","This question asks for an explanation of a specific historical process mentioned in the video, testing the learner's understanding of how a particular type of tea was made.","This question checks for understanding of a key transition in tea's physical form and preparation method, which marked a major turning point in its history.",This question tests the recall of specific factual information about China's key exports during the period it held a monopoly on tea.,This question tests the learner's ability to analyze the cause (high cost of silver) for a significant effect (the switch to the opium trade).,This question requires the learner to recall and connect the outcome of a major conflict to its specific political and economic consequences for China.,This question requires the learner to analyze the specific actions (industrial espionage) taken by a key entity to overcome a major economic obstacle (China's monopoly).,This requires the learner to analyze the cause-and-effect relationship between economic competition in the tea trade and a specific technological innovation.,"This tests the recall of a concluding fact that puts the entire history of tea into a modern context, demonstrating the beverage's global significance.",,,,,,,,,,,Tea
27/11/2025 10:08,27/11/2025 10:22,0,100,840,1,27/11/2025 10:22,R_8DVhphLiQmOSey7,anonymous,EN,1,5f3013e31c8a690aacb02c31,,,,,"Can't remember the name, I just know it was a young woman.",Similar to herbs or salads.,They switched from using pressed tea leaves to loose.,They switched from pressed blocks to loose leaf tea.,Ginseng and jade?,Tea was becoming unaffordable and opium was grown on some colonies with slave labour which made it much cheaper to produce than other previous trade alternatives.,Cheaper tea import? Not sure about the other.,By having someone steal tea and take workers over to India and starting tea plantations there.,To deliver tea.,#1 (not including water),5f3013e31c8a690aacb02c31,SAQ,"According to legend, who was the mythical Chinese figure credited with discovering tea while searching the forest for edible grains and herbs?",Explain how tea was originally consumed in ancient China before it was primarily prepared as a drink.,Describe the change in tea preparation that occurred during the Tang Dynasty and led to the creation of matcha.,"What significant change to the standard form of tea occurred during China's Ming Dynasty, shifting away from the matcha-style preparation?","Besides tea, what were the other two essential Chinese export goods that gave the country significant economic power?","Explain the economic reason that prompted Great Britain to begin trading opium for Chinese tea, instead of its original payment method.","Following the First Opium War, what were two major concessions the defeated Qing Dynasty made to the British?",How did the British East India Company ultimately break China's long-held monopoly on tea cultivation?,What was the primary motivation for the development of the fast-sailing clipper ship in the 19th century?,What is tea's ranking as the most consumed beverage in the world today?,"The mythical figure credited with discovering tea is the divine farmer, Shennong.","Originally, tea was consumed as a food; it was either eaten as a vegetable or cooked with grain porridge.","The standard method became heating tea, packing it into portable cakes, grinding it into powder, and then mixing it with hot water to create a frothy beverage.","During the Ming Dynasty, the Chinese emperor shifted the standard from tea pressed into cakes to using loose-leaf tea.",The other two essential Chinese export goods that gave the country economic power were porcelain and silk.,"Britain initially paid for Chinese tea with silver, but this proved to be too expensive, so they switched to trading opium as a more sustainable alternative.",The Qing Dynasty ceded the port of Hong Kong to the British and was forced to resume trading on unfavorable terms.,"They commissioned botanist Robert Fortune to secretly smuggle tea trees and experienced tea workers out of China and into Darjeeling, India.","The clipper ship was developed due to intense competition between Western trading companies, who were racing to transport tea to Europe first to maximize profits.","Tea is the second most consumed beverage in the world, after water.",This is a direct recall of a key figure and the foundational legend mentioned at the start of the video.,"This question requires the learner to explain the initial state of tea consumption, demonstrating comprehension of its evolution from a food to a beverage.","This question asks for an explanation of a specific historical process mentioned in the video, testing the learner's understanding of how a particular type of tea was made.","This question checks for understanding of a key transition in tea's physical form and preparation method, which marked a major turning point in its history.",This question tests the recall of specific factual information about China's key exports during the period it held a monopoly on tea.,This question tests the learner's ability to analyze the cause (high cost of silver) for a significant effect (the switch to the opium trade).,This question requires the learner to recall and connect the outcome of a major conflict to its specific political and economic consequences for China.,This question requires the learner to analyze the specific actions (industrial espionage) taken by a key entity to overcome a major economic obstacle (China's monopoly).,This requires the learner to analyze the cause-and-effect relationship between economic competition in the tea trade and a specific technological innovation.,"This tests the recall of a concluding fact that puts the entire history of tea into a modern context, demonstrating the beverage's global significance.","Your response does not match the key concept. The legend credits Shennong, the “Divine Farmer,” a male mythical figure, with discovering tea while testing herbs. To improve, review the named legendary figures in the video and try to connect titles (like “Divine Farmer”) with their stories to aid recall.

Score: 1/10","Your response shows the key idea that tea was initially consumed as food rather than primarily as a drink. However, “herbs or salads” is vague and could imply seasoning or raw greens. To be more accurate, specify that tea was eaten as a vegetable and also cooked into grain porridge.

Score: 5/10","Needs improvement. You note that preparation methods changed, but it wasn’t a switch to loose leaves. In the Tang period, tea was steamed and pressed into cakes, then ground into a powder and whisked with hot water to make a frothy drink—the precursor to matcha. Including the pressing, grinding, and whisking steps would make your answer accurate.

Score: 2/10","Your answer clearly and accurately identifies the key shift from compressed tea cakes/blocks to loose-leaf tea during the Ming period. To strengthen it further, you could mention that this also marked a move away from powdered, whisked (matcha-style) preparation and was encouraged by Ming imperial policy. 
Score: 10/10","The response is incorrect. The two key Chinese exports besides tea were silk and porcelain, which were major drivers of China’s economic influence. Jade and ginseng were traded items, but they were not the primary export goods shaping China’s global economic power (and ginseng was more associated with Korea).

Score: 1/10","Your answer shows that you recognize a cost-based motivation and that Britain leveraged colonial production of opium, but it misses the key point. The core reason was not that tea itself became unaffordable, but that paying for Chinese tea with silver drained Britain’s silver reserves and was unsustainable; opium was used to offset this trade imbalance. To improve, explicitly mention the shift from silver payments to opium to avoid the costly silver outflow.

Score: 3/10","The response shows a hint of the economic impact (cheaper tea) but doesn’t identify the actual concessions China made. It misses the key points: ceding Hong Kong to Britain and accepting unequal trade terms, including opening ports under the Treaty of Nanking. To improve, name these two concessions directly and link them to the treaty that ended the war.

Score: 2/10","Your answer captures the core idea: industrial espionage to move tea cultivation and skilled labor from China to India and start plantations. To improve, name the key actors and details—specifically the British East India Company and botanist Robert Fortune—and note that he smuggled tea plants/seeds and experts to Darjeeling. Clarifying these specifics would make your response fully accurate.

Score: 8/10","Your answer identifies the relevant trade (tea), but it misses the key motivation behind developing fast clippers: intense competition to be the first to bring tea to Europe and thus earn higher profits. To improve, mention the “race” aspect and the profit-driven competition that pushed shipbuilders to prioritize speed.

Score: 2/10","Your answer captures the key idea that only water is consumed more than tea, which aligns with the model answer’s meaning. To be clearer and match the usual phrasing, state it as “second most consumed beverage (after water).” This avoids ambiguity about whether water is included.

Score: 9/10",Tea
27/11/2025 10:29,27/11/2025 10:37,0,100,506,1,27/11/2025 10:37,R_8VEeUTckNxza3id,anonymous,EN,1,644805884189b40893adfa53,,,,,Can't remember,It was eaten as leaves,Can't remember,Tea was dried and packaged,Can't remember,It was not cost effective,Can't remember,Can't remember,To save time transporting tea to various countries,Tea is the highest ranking beverage,644805884189b40893adfa53,SAQ,"According to legend, who was the mythical Chinese figure credited with discovering tea while searching the forest for edible grains and herbs?",Explain how tea was originally consumed in ancient China before it was primarily prepared as a drink.,Describe the change in tea preparation that occurred during the Tang Dynasty and led to the creation of matcha.,"What significant change to the standard form of tea occurred during China's Ming Dynasty, shifting away from the matcha-style preparation?","Besides tea, what were the other two essential Chinese export goods that gave the country significant economic power?","Explain the economic reason that prompted Great Britain to begin trading opium for Chinese tea, instead of its original payment method.","Following the First Opium War, what were two major concessions the defeated Qing Dynasty made to the British?",How did the British East India Company ultimately break China's long-held monopoly on tea cultivation?,What was the primary motivation for the development of the fast-sailing clipper ship in the 19th century?,What is tea's ranking as the most consumed beverage in the world today?,"The mythical figure credited with discovering tea is the divine farmer, Shennong.","Originally, tea was consumed as a food; it was either eaten as a vegetable or cooked with grain porridge.","The standard method became heating tea, packing it into portable cakes, grinding it into powder, and then mixing it with hot water to create a frothy beverage.","During the Ming Dynasty, the Chinese emperor shifted the standard from tea pressed into cakes to using loose-leaf tea.",The other two essential Chinese export goods that gave the country economic power were porcelain and silk.,"Britain initially paid for Chinese tea with silver, but this proved to be too expensive, so they switched to trading opium as a more sustainable alternative.",The Qing Dynasty ceded the port of Hong Kong to the British and was forced to resume trading on unfavorable terms.,"They commissioned botanist Robert Fortune to secretly smuggle tea trees and experienced tea workers out of China and into Darjeeling, India.","The clipper ship was developed due to intense competition between Western trading companies, who were racing to transport tea to Europe first to maximize profits.","Tea is the second most consumed beverage in the world, after water.",This is a direct recall of a key figure and the foundational legend mentioned at the start of the video.,"This question requires the learner to explain the initial state of tea consumption, demonstrating comprehension of its evolution from a food to a beverage.","This question asks for an explanation of a specific historical process mentioned in the video, testing the learner's understanding of how a particular type of tea was made.","This question checks for understanding of a key transition in tea's physical form and preparation method, which marked a major turning point in its history.",This question tests the recall of specific factual information about China's key exports during the period it held a monopoly on tea.,This question tests the learner's ability to analyze the cause (high cost of silver) for a significant effect (the switch to the opium trade).,This question requires the learner to recall and connect the outcome of a major conflict to its specific political and economic consequences for China.,This question requires the learner to analyze the specific actions (industrial espionage) taken by a key entity to overcome a major economic obstacle (China's monopoly).,This requires the learner to analyze the cause-and-effect relationship between economic competition in the tea trade and a specific technological innovation.,"This tests the recall of a concluding fact that puts the entire history of tea into a modern context, demonstrating the beverage's global significance.","The response does not demonstrate any recall of the key figure from the legend. It’s okay not to remember in the moment, but try to recall that the myth credits Shennong, the “divine farmer,” with discovering tea while testing plants. Reviewing key names and using a quick mnemonic (e.g., “Shen-nong sipped tea”) could help next time.

Score: 0/10","Your answer correctly recognizes that tea was originally eaten rather than drunk, which captures the main idea. However, it’s too vague and misses how it was prepared—historically it was used like a vegetable and also cooked into grain porridge. To improve, mention these specific forms of consumption, not just that the leaves were eaten.

Score: 6/10","The response does not address the question and includes none of the key steps (compressing tea into cakes, grinding into a powder, and whisking/mixing with hot water to make a frothy drink). Review the Tang-era shift toward powdered tea preparation and try to recall the sequence of steps that led to early matcha. Rewatch that segment and jot down the process to remember it next time.

Score: 0/10","Your response is too vague and misses the key change. During the Ming Dynasty, the standard shifted from pressed/powdered tea (used like matcha) to brewing loose tea leaves. Focus on noting the move away from tea cakes and whisked powder toward loose-leaf infusion.

Score: 2/10","The response doesn’t provide any of the required information. Besides tea, the key exports were silk and porcelain. Try using a quick mnemonic like “PS: Porcelain & Silk” to remember them.

Score: 0/10","Your answer captures the core economic idea: Britain switched because the original method was too costly. However, it’s too vague. To improve, specify that Britain was paying with silver, the silver outflow became unsustainable, and trading opium provided a cheaper way to obtain tea and address the trade imbalance.

Score: 6/10","The response doesn’t provide any of the key points. After the First Opium War, the Qing ceded Hong Kong and accepted unequal trade terms (opening treaty ports under the Treaty of Nanjing). Next time, jot down any part you recall—e.g., “Hong Kong”—to earn partial credit.

Score: 0/10","The response provides no relevant information and does not address how the monopoly was broken. The key idea is that the British East India Company used industrial espionage—sending Robert Fortune to smuggle tea plants/seeds and skilled workers from China to India (Darjeeling). Even recalling that they “smuggled tea plants and know-how to India” would earn partial credit.

Score: 0/10","Your answer correctly notes the focus on speed and the tea trade, recognizing that clippers were built to transport tea faster. However, it misses the key driver: intense competition among Western trading companies racing to be first to Europe to secure higher profits. To improve, mention the competitive “tea races” and the profit motive behind arriving first in European markets.

Score: 5/10","Your answer shows awareness that tea is extremely popular globally, but the ranking is incorrect. Tea is the second most consumed beverage in the world, after water. Make sure to recall the specific position to accurately reflect its standing.

Score: 2/10",Tea
27/11/2025 10:45,27/11/2025 10:51,0,100,349,1,27/11/2025 10:51,R_8SyCZBfn01MDFIt,anonymous,EN,1,67334911eb1de6dd02fc126a,0,0,299.175,0,,,,,,,,,,,67334911eb1de6dd02fc126a,Restudy,"According to legend, who was the mythical Chinese figure credited with discovering tea while searching the forest for edible grains and herbs?",Explain how tea was originally consumed in ancient China before it was primarily prepared as a drink.,Describe the change in tea preparation that occurred during the Tang Dynasty and led to the creation of matcha.,"What significant change to the standard form of tea occurred during China's Ming Dynasty, shifting away from the matcha-style preparation?","Besides tea, what were the other two essential Chinese export goods that gave the country significant economic power?","Explain the economic reason that prompted Great Britain to begin trading opium for Chinese tea, instead of its original payment method.","Following the First Opium War, what were two major concessions the defeated Qing Dynasty made to the British?",How did the British East India Company ultimately break China's long-held monopoly on tea cultivation?,What was the primary motivation for the development of the fast-sailing clipper ship in the 19th century?,What is tea's ranking as the most consumed beverage in the world today?,"The mythical figure credited with discovering tea is the divine farmer, Shennong.","Originally, tea was consumed as a food; it was either eaten as a vegetable or cooked with grain porridge.","The standard method became heating tea, packing it into portable cakes, grinding it into powder, and then mixing it with hot water to create a frothy beverage.","During the Ming Dynasty, the Chinese emperor shifted the standard from tea pressed into cakes to using loose-leaf tea.",The other two essential Chinese export goods that gave the country economic power were porcelain and silk.,"Britain initially paid for Chinese tea with silver, but this proved to be too expensive, so they switched to trading opium as a more sustainable alternative.",The Qing Dynasty ceded the port of Hong Kong to the British and was forced to resume trading on unfavorable terms.,"They commissioned botanist Robert Fortune to secretly smuggle tea trees and experienced tea workers out of China and into Darjeeling, India.","The clipper ship was developed due to intense competition between Western trading companies, who were racing to transport tea to Europe first to maximize profits.","Tea is the second most consumed beverage in the world, after water.",This is a direct recall of a key figure and the foundational legend mentioned at the start of the video.,"This question requires the learner to explain the initial state of tea consumption, demonstrating comprehension of its evolution from a food to a beverage.","This question asks for an explanation of a specific historical process mentioned in the video, testing the learner's understanding of how a particular type of tea was made.","This question checks for understanding of a key transition in tea's physical form and preparation method, which marked a major turning point in its history.",This question tests the recall of specific factual information about China's key exports during the period it held a monopoly on tea.,This question tests the learner's ability to analyze the cause (high cost of silver) for a significant effect (the switch to the opium trade).,This question requires the learner to recall and connect the outcome of a major conflict to its specific political and economic consequences for China.,This question requires the learner to analyze the specific actions (industrial espionage) taken by a key entity to overcome a major economic obstacle (China's monopoly).,This requires the learner to analyze the cause-and-effect relationship between economic competition in the tea trade and a specific technological innovation.,"This tests the recall of a concluding fact that puts the entire history of tea into a modern context, demonstrating the beverage's global significance.",,,,,,,,,,,Tea
27/11/2025 10:43,27/11/2025 10:55,0,100,734,1,27/11/2025 10:55,R_8kceJFvT6F7lYB3,anonymous,EN,1,5ea7e9f15bc7011d31958608,,,,,Wong Lee,It was used as leaves in food products.,They infused the tea with other herbs and spices to improve the flavour which meant that this speciality was developed.,It was prepared and blended to a range of different tea flavours.,Other Chinese exports were rice and spices,This was because the opium was priced higher and was in more demand so it was beneficial for Great Britain as they were able to source more.,That they could import the tea without tax. That they would allow the British to create plantations.,100 years,This was to ensure that imports and therefore economic activity was efficient and quick across the seas from one country to another. It would export the tea to the west.,It is the world's most consumed beverage in the world today after water.,5ea7e9f15bc7011d31958608,SAQ,"According to legend, who was the mythical Chinese figure credited with discovering tea while searching the forest for edible grains and herbs?",Explain how tea was originally consumed in ancient China before it was primarily prepared as a drink.,Describe the change in tea preparation that occurred during the Tang Dynasty and led to the creation of matcha.,"What significant change to the standard form of tea occurred during China's Ming Dynasty, shifting away from the matcha-style preparation?","Besides tea, what were the other two essential Chinese export goods that gave the country significant economic power?","Explain the economic reason that prompted Great Britain to begin trading opium for Chinese tea, instead of its original payment method.","Following the First Opium War, what were two major concessions the defeated Qing Dynasty made to the British?",How did the British East India Company ultimately break China's long-held monopoly on tea cultivation?,What was the primary motivation for the development of the fast-sailing clipper ship in the 19th century?,What is tea's ranking as the most consumed beverage in the world today?,"The mythical figure credited with discovering tea is the divine farmer, Shennong.","Originally, tea was consumed as a food; it was either eaten as a vegetable or cooked with grain porridge.","The standard method became heating tea, packing it into portable cakes, grinding it into powder, and then mixing it with hot water to create a frothy beverage.","During the Ming Dynasty, the Chinese emperor shifted the standard from tea pressed into cakes to using loose-leaf tea.",The other two essential Chinese export goods that gave the country economic power were porcelain and silk.,"Britain initially paid for Chinese tea with silver, but this proved to be too expensive, so they switched to trading opium as a more sustainable alternative.",The Qing Dynasty ceded the port of Hong Kong to the British and was forced to resume trading on unfavorable terms.,"They commissioned botanist Robert Fortune to secretly smuggle tea trees and experienced tea workers out of China and into Darjeeling, India.","The clipper ship was developed due to intense competition between Western trading companies, who were racing to transport tea to Europe first to maximize profits.","Tea is the second most consumed beverage in the world, after water.",This is a direct recall of a key figure and the foundational legend mentioned at the start of the video.,"This question requires the learner to explain the initial state of tea consumption, demonstrating comprehension of its evolution from a food to a beverage.","This question asks for an explanation of a specific historical process mentioned in the video, testing the learner's understanding of how a particular type of tea was made.","This question checks for understanding of a key transition in tea's physical form and preparation method, which marked a major turning point in its history.",This question tests the recall of specific factual information about China's key exports during the period it held a monopoly on tea.,This question tests the learner's ability to analyze the cause (high cost of silver) for a significant effect (the switch to the opium trade).,This question requires the learner to recall and connect the outcome of a major conflict to its specific political and economic consequences for China.,This question requires the learner to analyze the specific actions (industrial espionage) taken by a key entity to overcome a major economic obstacle (China's monopoly).,This requires the learner to analyze the cause-and-effect relationship between economic competition in the tea trade and a specific technological innovation.,"This tests the recall of a concluding fact that puts the entire history of tea into a modern context, demonstrating the beverage's global significance.","The response is incorrect. The legendary figure credited with discovering tea is Shennong, the Divine Farmer, not “Wong Lee.”

Strength: You recognized that the answer should be a Chinese figure. To improve, remember that the foundational legend names Shennong, who discovered tea when leaves fell into his boiling water while he tested herbs. Reviewing key names from the video will help with recall.

Score: 0/10","Your answer correctly recognizes that tea was originally consumed as a food rather than primarily as a drink. However, it’s too vague; to be more complete, mention that tea was eaten like a vegetable and also cooked into grain porridge. Including these specifics would fully capture how it was used.

Score: 6/10","The response does not address the key change that led to matcha. The important shift was processing tea into cakes, grinding it into a fine powder, and whisking it with hot water to make a frothy drink—not adding herbs or spices. To improve, mention the cake form, grinding to powder, and whisking with hot water.

Score: 2/10","The response mentions preparation in general, but it doesn’t identify the key change: the shift from compressed/pressed tea cakes and whisked powder (matcha-style) to brewing loose-leaf tea during the Ming Dynasty. To improve, specify that the Ming court standardized loose-leaf tea, moving away from powdered tea made from pressed cakes. This pivot changed both the tea’s physical form and the brewing method (steeping leaves rather than whisking powder).

Score: 2/10","The response does not capture the key concepts. The essential Chinese export goods highlighted in the content were silk and porcelain, not rice and spices. Review the section on luxury exports and China’s historical trade monopolies to better distinguish staple foods from high-value trade goods.

Score: 2/10","The response notes that opium’s demand made the trade beneficial, which touches on why Britain could use it as leverage. However, it misses the core reason: Britain was originally paying for tea with silver, and the silver outflow was too costly, so they turned to opium to reduce silver payments and correct the trade imbalance. Also, saying opium was “priced higher” is not the key point and may be misleading.

Score: 3/10","The response shows an attempt to mention economic concessions, but it does not capture the key points. The Qing did not grant tax-free tea imports or allow British tea plantations in China. The major concessions were the cession of Hong Kong and acceptance of unequal trade terms (e.g., opening treaty ports and fixed low tariffs).

To improve, mention Hong Kong’s cession and the imposition of unfavorable trade conditions rather than tax-free tea or plantations. Including “opening treaty ports” or “fixed low tariffs” would align better with the model answer.

Score: 2/10","The response does not address the question of how the monopoly was broken; it only gives a time duration. The key idea is the method: the British East India Company used industrial espionage by sending Robert Fortune to covertly acquire tea plants, seeds, and expertise from China and transplant them to India (e.g., Darjeeling). To improve, describe this covert transfer of plants and know-how rather than focusing on time.

Score: 0/10","You correctly note the goal of faster transoceanic transport and link it to moving tea to the West, which is relevant. However, the primary motivation was not just general efficiency—it was the fierce competition among Western trading companies to be first to market with the new tea harvest in order to secure higher prices and maximize profits. Emphasizing the “race” aspect and profit incentives would make your answer more precise.

Score: 5/10","You captured the core fact correctly: tea ranks second in global consumption, after water. The phrasing is a bit redundant; for clarity, you could say, “Tea is the second most consumed beverage in the world, after water.”

Score: 10/10",Tea
27/11/2025 10:54,27/11/2025 10:59,0,100,316,1,27/11/2025 10:59,R_8ieU87zOipCcbKV,anonymous,EN,0.899999976,632361bf965e0257e6052357,0,0,293.656,0,,,,,,,,,,,632361bf965e0257e6052357,Restudy,"According to legend, who was the mythical Chinese figure credited with discovering tea while searching the forest for edible grains and herbs?",Explain how tea was originally consumed in ancient China before it was primarily prepared as a drink.,Describe the change in tea preparation that occurred during the Tang Dynasty and led to the creation of matcha.,"What significant change to the standard form of tea occurred during China's Ming Dynasty, shifting away from the matcha-style preparation?","Besides tea, what were the other two essential Chinese export goods that gave the country significant economic power?","Explain the economic reason that prompted Great Britain to begin trading opium for Chinese tea, instead of its original payment method.","Following the First Opium War, what were two major concessions the defeated Qing Dynasty made to the British?",How did the British East India Company ultimately break China's long-held monopoly on tea cultivation?,What was the primary motivation for the development of the fast-sailing clipper ship in the 19th century?,What is tea's ranking as the most consumed beverage in the world today?,"The mythical figure credited with discovering tea is the divine farmer, Shennong.","Originally, tea was consumed as a food; it was either eaten as a vegetable or cooked with grain porridge.","The standard method became heating tea, packing it into portable cakes, grinding it into powder, and then mixing it with hot water to create a frothy beverage.","During the Ming Dynasty, the Chinese emperor shifted the standard from tea pressed into cakes to using loose-leaf tea.",The other two essential Chinese export goods that gave the country economic power were porcelain and silk.,"Britain initially paid for Chinese tea with silver, but this proved to be too expensive, so they switched to trading opium as a more sustainable alternative.",The Qing Dynasty ceded the port of Hong Kong to the British and was forced to resume trading on unfavorable terms.,"They commissioned botanist Robert Fortune to secretly smuggle tea trees and experienced tea workers out of China and into Darjeeling, India.","The clipper ship was developed due to intense competition between Western trading companies, who were racing to transport tea to Europe first to maximize profits.","Tea is the second most consumed beverage in the world, after water.",This is a direct recall of a key figure and the foundational legend mentioned at the start of the video.,"This question requires the learner to explain the initial state of tea consumption, demonstrating comprehension of its evolution from a food to a beverage.","This question asks for an explanation of a specific historical process mentioned in the video, testing the learner's understanding of how a particular type of tea was made.","This question checks for understanding of a key transition in tea's physical form and preparation method, which marked a major turning point in its history.",This question tests the recall of specific factual information about China's key exports during the period it held a monopoly on tea.,This question tests the learner's ability to analyze the cause (high cost of silver) for a significant effect (the switch to the opium trade).,This question requires the learner to recall and connect the outcome of a major conflict to its specific political and economic consequences for China.,This question requires the learner to analyze the specific actions (industrial espionage) taken by a key entity to overcome a major economic obstacle (China's monopoly).,This requires the learner to analyze the cause-and-effect relationship between economic competition in the tea trade and a specific technological innovation.,"This tests the recall of a concluding fact that puts the entire history of tea into a modern context, demonstrating the beverage's global significance.",,,,,,,,,,,Tea
27/11/2025 10:58,27/11/2025 11:05,0,100,400,1,27/11/2025 11:05,R_2EhHTCkOpSk9CHc,anonymous,EN,1,58c4ff360f0c150001ed45a4,,,,,i cant remember,eating leaves,someone decided to boil the leaves,heat,i dont know,because it was more valuable,porcelain and china,by creating a new brand,to transport tea,number one,58c4ff360f0c150001ed45a4,SAQ,"According to legend, who was the mythical Chinese figure credited with discovering tea while searching the forest for edible grains and herbs?",Explain how tea was originally consumed in ancient China before it was primarily prepared as a drink.,Describe the change in tea preparation that occurred during the Tang Dynasty and led to the creation of matcha.,"What significant change to the standard form of tea occurred during China's Ming Dynasty, shifting away from the matcha-style preparation?","Besides tea, what were the other two essential Chinese export goods that gave the country significant economic power?","Explain the economic reason that prompted Great Britain to begin trading opium for Chinese tea, instead of its original payment method.","Following the First Opium War, what were two major concessions the defeated Qing Dynasty made to the British?",How did the British East India Company ultimately break China's long-held monopoly on tea cultivation?,What was the primary motivation for the development of the fast-sailing clipper ship in the 19th century?,What is tea's ranking as the most consumed beverage in the world today?,"The mythical figure credited with discovering tea is the divine farmer, Shennong.","Originally, tea was consumed as a food; it was either eaten as a vegetable or cooked with grain porridge.","The standard method became heating tea, packing it into portable cakes, grinding it into powder, and then mixing it with hot water to create a frothy beverage.","During the Ming Dynasty, the Chinese emperor shifted the standard from tea pressed into cakes to using loose-leaf tea.",The other two essential Chinese export goods that gave the country economic power were porcelain and silk.,"Britain initially paid for Chinese tea with silver, but this proved to be too expensive, so they switched to trading opium as a more sustainable alternative.",The Qing Dynasty ceded the port of Hong Kong to the British and was forced to resume trading on unfavorable terms.,"They commissioned botanist Robert Fortune to secretly smuggle tea trees and experienced tea workers out of China and into Darjeeling, India.","The clipper ship was developed due to intense competition between Western trading companies, who were racing to transport tea to Europe first to maximize profits.","Tea is the second most consumed beverage in the world, after water.",This is a direct recall of a key figure and the foundational legend mentioned at the start of the video.,"This question requires the learner to explain the initial state of tea consumption, demonstrating comprehension of its evolution from a food to a beverage.","This question asks for an explanation of a specific historical process mentioned in the video, testing the learner's understanding of how a particular type of tea was made.","This question checks for understanding of a key transition in tea's physical form and preparation method, which marked a major turning point in its history.",This question tests the recall of specific factual information about China's key exports during the period it held a monopoly on tea.,This question tests the learner's ability to analyze the cause (high cost of silver) for a significant effect (the switch to the opium trade).,This question requires the learner to recall and connect the outcome of a major conflict to its specific political and economic consequences for China.,This question requires the learner to analyze the specific actions (industrial espionage) taken by a key entity to overcome a major economic obstacle (China's monopoly).,This requires the learner to analyze the cause-and-effect relationship between economic competition in the tea trade and a specific technological innovation.,"This tests the recall of a concluding fact that puts the entire history of tea into a modern context, demonstrating the beverage's global significance.","The response does not provide any of the key information; the legendary figure is Shennong, the “Divine Farmer,” who discovered tea while testing herbs. Next time, try recalling the image of Shennong boiling water to taste plants—this legend is commonly tied to the origin of tea. Review key names from the video to improve recall on direct questions.

Score: 0/10","Your answer captures the key idea that tea was eaten rather than drunk, which is correct. However, it’s too vague—historically, tea was consumed as a vegetable and also cooked into grain porridge. Adding these specifics would make your explanation clearer and more accurate.

Score: 5/10","The response shows awareness that heat was involved, but it misses the key change: tea was steamed and pressed into cakes, then ground into a fine powder and whisked with hot water to produce a frothy drink—the precursor to matcha. Simply boiling leaves does not capture the compression, grinding, and whisking steps central to the Tang/Song method.

Score: 2/10","The response does not address the question about the change in tea’s form and preparation during the Ming Dynasty. The key shift was from powdered/pressed cake tea whisked like matcha to brewing loose-leaf tea. In the future, focus on how the physical form and brewing method changed, e.g., “from compressed tea cakes to loose-leaf infusion.”

Score: 0/10","The response does not identify the two key exports (porcelain and silk), so it shows no understanding of the concept. If unsure, try making an educated guess based on well-known historical Chinese exports often mentioned with tea—silk and porcelain. Reviewing the segment on China’s trade goods will help solidify these facts.

Score: 0/10","Evaluation:
The response is too vague. It doesn’t mention the key economic issue: Britain was paying for tea with silver, which was costly and unsustainable due to a silver drain/trade imbalance. The switch to opium wasn’t simply because it was “more valuable,” but because opium sales in China helped Britain avoid paying in silver and balance trade.

To improve, explain that silver payments were becoming too expensive, so Britain used opium—highly demanded in China—to finance tea purchases without depleting silver reserves.

Score: 2/10","The response is incorrect and does not address the political and economic concessions made after the First Opium War. Key points include that the Qing ceded Hong Kong to Britain and were compelled to open trade under unequal terms (e.g., treaty ports and unfavorable tariffs). Review the Treaty of Nanking and its provisions to connect the war’s outcome to these specific concessions.

Score: 0/10","Your response focuses on marketing, but the question is about how the British gained the ability to grow tea themselves. The key point is that the British East India Company used industrial espionage: they sent Robert Fortune to smuggle tea plants/seeds and skilled workers out of China and establish tea cultivation in India (e.g., Darjeeling), breaking China’s production monopoly. Next time, mention the covert transfer of plants and expertise rather than branding.

Score: 0/10","You correctly linked clipper ships to the tea trade. However, the key motivation was not just transporting tea, but doing so faster than rivals—“tea races”—to be first to market and maximize profits. Including the competitive, profit-driven reason would complete your answer.

Score: 3/10","The response is incorrect. Tea is the second most consumed beverage in the world, after water. Review the concluding fact about tea’s global ranking to ensure accuracy.

Score: 1/10",Tea
27/11/2025 11:11,27/11/2025 11:16,0,100,314,1,27/11/2025 11:16,R_2lDfSdpCMGpPh8C,anonymous,EN,1,60ddc62b071a009e0b0c2922,2.954,284.27,288.003,2,,,,,,,,,,,60ddc62b071a009e0b0c2922,Restudy,"According to legend, who was the mythical Chinese figure credited with discovering tea while searching the forest for edible grains and herbs?",Explain how tea was originally consumed in ancient China before it was primarily prepared as a drink.,Describe the change in tea preparation that occurred during the Tang Dynasty and led to the creation of matcha.,"What significant change to the standard form of tea occurred during China's Ming Dynasty, shifting away from the matcha-style preparation?","Besides tea, what were the other two essential Chinese export goods that gave the country significant economic power?","Explain the economic reason that prompted Great Britain to begin trading opium for Chinese tea, instead of its original payment method.","Following the First Opium War, what were two major concessions the defeated Qing Dynasty made to the British?",How did the British East India Company ultimately break China's long-held monopoly on tea cultivation?,What was the primary motivation for the development of the fast-sailing clipper ship in the 19th century?,What is tea's ranking as the most consumed beverage in the world today?,"The mythical figure credited with discovering tea is the divine farmer, Shennong.","Originally, tea was consumed as a food; it was either eaten as a vegetable or cooked with grain porridge.","The standard method became heating tea, packing it into portable cakes, grinding it into powder, and then mixing it with hot water to create a frothy beverage.","During the Ming Dynasty, the Chinese emperor shifted the standard from tea pressed into cakes to using loose-leaf tea.",The other two essential Chinese export goods that gave the country economic power were porcelain and silk.,"Britain initially paid for Chinese tea with silver, but this proved to be too expensive, so they switched to trading opium as a more sustainable alternative.",The Qing Dynasty ceded the port of Hong Kong to the British and was forced to resume trading on unfavorable terms.,"They commissioned botanist Robert Fortune to secretly smuggle tea trees and experienced tea workers out of China and into Darjeeling, India.","The clipper ship was developed due to intense competition between Western trading companies, who were racing to transport tea to Europe first to maximize profits.","Tea is the second most consumed beverage in the world, after water.",This is a direct recall of a key figure and the foundational legend mentioned at the start of the video.,"This question requires the learner to explain the initial state of tea consumption, demonstrating comprehension of its evolution from a food to a beverage.","This question asks for an explanation of a specific historical process mentioned in the video, testing the learner's understanding of how a particular type of tea was made.","This question checks for understanding of a key transition in tea's physical form and preparation method, which marked a major turning point in its history.",This question tests the recall of specific factual information about China's key exports during the period it held a monopoly on tea.,This question tests the learner's ability to analyze the cause (high cost of silver) for a significant effect (the switch to the opium trade).,This question requires the learner to recall and connect the outcome of a major conflict to its specific political and economic consequences for China.,This question requires the learner to analyze the specific actions (industrial espionage) taken by a key entity to overcome a major economic obstacle (China's monopoly).,This requires the learner to analyze the cause-and-effect relationship between economic competition in the tea trade and a specific technological innovation.,"This tests the recall of a concluding fact that puts the entire history of tea into a modern context, demonstrating the beverage's global significance.",,,,,,,,,,,Tea
27/11/2025 12:10,27/11/2025 12:30,0,100,1215,1,27/11/2025 12:30,R_2gHHFyzk3lyBwod,anonymous,EN,0.899999976,67838f3e71616a9dcc042173,,,,,Emperor Shennong,It was eaten before it became mixed with boiling water to become a drink,Green tea was compressed so that it could be transported,Tea was transferred into powder form,Silk and porcelain.,There was a debt to China  band they wanted to be paid with silver. Opium was then grown in India.,The right to jurasdiction and territory in treaty ports.,They sent a scottish botanist to steal tea plants from china,It could transport goods quickly,It is the 2nd ranked drink after water.,67838f3e71616a9dcc042173,SAQ,"According to legend, who was the mythical Chinese figure credited with discovering tea while searching the forest for edible grains and herbs?",Explain how tea was originally consumed in ancient China before it was primarily prepared as a drink.,Describe the change in tea preparation that occurred during the Tang Dynasty and led to the creation of matcha.,"What significant change to the standard form of tea occurred during China's Ming Dynasty, shifting away from the matcha-style preparation?","Besides tea, what were the other two essential Chinese export goods that gave the country significant economic power?","Explain the economic reason that prompted Great Britain to begin trading opium for Chinese tea, instead of its original payment method.","Following the First Opium War, what were two major concessions the defeated Qing Dynasty made to the British?",How did the British East India Company ultimately break China's long-held monopoly on tea cultivation?,What was the primary motivation for the development of the fast-sailing clipper ship in the 19th century?,What is tea's ranking as the most consumed beverage in the world today?,"The mythical figure credited with discovering tea is the divine farmer, Shennong.","Originally, tea was consumed as a food; it was either eaten as a vegetable or cooked with grain porridge.","The standard method became heating tea, packing it into portable cakes, grinding it into powder, and then mixing it with hot water to create a frothy beverage.","During the Ming Dynasty, the Chinese emperor shifted the standard from tea pressed into cakes to using loose-leaf tea.",The other two essential Chinese export goods that gave the country economic power were porcelain and silk.,"Britain initially paid for Chinese tea with silver, but this proved to be too expensive, so they switched to trading opium as a more sustainable alternative.",The Qing Dynasty ceded the port of Hong Kong to the British and was forced to resume trading on unfavorable terms.,"They commissioned botanist Robert Fortune to secretly smuggle tea trees and experienced tea workers out of China and into Darjeeling, India.","The clipper ship was developed due to intense competition between Western trading companies, who were racing to transport tea to Europe first to maximize profits.","Tea is the second most consumed beverage in the world, after water.",This is a direct recall of a key figure and the foundational legend mentioned at the start of the video.,"This question requires the learner to explain the initial state of tea consumption, demonstrating comprehension of its evolution from a food to a beverage.","This question asks for an explanation of a specific historical process mentioned in the video, testing the learner's understanding of how a particular type of tea was made.","This question checks for understanding of a key transition in tea's physical form and preparation method, which marked a major turning point in its history.",This question tests the recall of specific factual information about China's key exports during the period it held a monopoly on tea.,This question tests the learner's ability to analyze the cause (high cost of silver) for a significant effect (the switch to the opium trade).,This question requires the learner to recall and connect the outcome of a major conflict to its specific political and economic consequences for China.,This question requires the learner to analyze the specific actions (industrial espionage) taken by a key entity to overcome a major economic obstacle (China's monopoly).,This requires the learner to analyze the cause-and-effect relationship between economic competition in the tea trade and a specific technological innovation.,"This tests the recall of a concluding fact that puts the entire history of tea into a modern context, demonstrating the beverage's global significance.","Your answer is correct—Shennong is the legendary figure credited with discovering tea. Referring to him as “Emperor Shennong” is acceptable, as he is also known as the Divine Farmer and a mythic emperor. For full alignment with the video’s wording, you could mention “divine farmer,” but your response captures the key idea.

Score: 10/10","Your response correctly recognizes the key idea that tea was originally eaten before it became a brewed drink. However, it lacks the specific forms mentioned in the model answer—namely, that it was eaten as a vegetable and cooked with grain porridge. Adding those details would make your answer more complete.

Score: 7/10","You correctly note that tea was compressed into cakes for easier transport. However, the Tang-era change also involved heating the leaves, grinding the cakes into a fine powder, and whisking it into hot water to create a frothy drink—this powdered preparation is what evolved into matcha. Including these steps would fully address the question.

Score: 3/10","The response is incorrect and reverses the historical change. In the Ming Dynasty, the standard shifted away from powdered, whisked tea (made from pressed cakes) to brewing loose-leaf tea by steeping.

You correctly referenced powder, which relates to the earlier matcha-style, but the key point is that the Ming era moved away from that method. To improve, state that the emperor standardized loose-leaf tea instead of powdered tea.

Score: 2/10","Your answer is correct and matches the key exports identified in the model answer. It's concise and accurately names both silk and porcelain. For completeness, you could note that these, alongside tea, contributed to China’s economic power in global trade.

Score: 10/10","Your answer shows some understanding: you note that China demanded silver and that Britain sourced opium from India. However, you don’t clearly state the key economic reason—silver payments were draining Britain’s wealth and became unsustainably expensive—nor that opium was then used as a substitute to pay for tea and fix the trade imbalance. Make the causal link explicit: because silver was too costly to keep sending, Britain traded Indian opium to China instead.

Score: 5/10","Your answer shows awareness of the foreign privileges imposed after the war, especially the idea of special rights (jurisdiction) and access via treaty ports. However, it misses the key concession of ceding Hong Kong and should emphasize that China was forced to open ports and accept unequal trading terms rather than cede “territory” in those ports. Naming Hong Kong and noting the unfavorable trade arrangements would make your answer accurate. 
Score: 4/10","Good grasp of the core idea: the British used a Scottish botanist to steal tea plants from China. To improve, mention that the botanist was Robert Fortune, that he also smuggled skilled tea workers and tea seeds/trees, and that these were established in India (especially Darjeeling) to break China’s monopoly. 

Score: 7/10","The response recognizes that speed was central to clipper ships, which is a relevant aspect. However, it doesn’t address the primary motivation: intense economic competition in the tea trade, with companies racing to deliver tea to Europe first to gain higher profits. To improve, mention that clippers were developed specifically to win this tea race and capitalize on market advantages.

Score: 3/10","Your response accurately captures the key fact: tea is second only to water in global consumption. For full clarity, you could explicitly state “tea is the second most consumed beverage in the world today.”

Score: 10/10",Tea