StartDate,EndDate,Status,Progress,Duration (in seconds),Finished,RecordedDate,ResponseId,DistributionChannel,UserLanguage,Q_RecaptchaScore,part3_id,SAQ01,MCQ01,SAQ02,MCQ02,SAQ03,MQ03,SAQ04,MCQ04,SAQ05,MCQ05,SAQ06,MCQ06,SAQ07,MCQ07,SC0,Q_RecaptchaStatus,Q_RecaptchaError,Q_BallotBoxStuffing,PROLIFIC_PID
Start Date,End Date,Response Type,Progress,Duration (in seconds),Finished,Recorded Date,Response ID,Distribution Channel,User Language,Q_RecaptchaScore,"What is your Prolific ID?

Please note that this response should auto-fill with the correct ID","In ancient legend, how did Shennong, a divine farmer, discover tea while searching the forest for edible grains and herbs?",How was tea plant originally consumed?,Describe how matcha was made.,"In the 14th century, the Chinese emperor __________.",What three essential export goods gave China significant power and economic influence?,"At first, Britain paid for tea with __________, but when this proved too expensive, they began trading tea for __________.",Why did China cede Hong Kong to the British?,Why did the British East India Company commission botanist Robert Fortune to smuggle tea trees from China to India?,"What led to the creation of the clipper ship in the 19th century, which was at one point the world's fastest sailboat?",Tea is the __________ most consumed beverage in the world.,How was tea introduced to Japan in the 9th century?,"In the early 1600s, how did tea drinking spread around the world?","What is Queen Catherine of Braganza, a Portuguese noblewoman who married the King of England, credited for doing in the 1600s?","By 1700, tea in Europe sold for __________ the price of coffee.",Score,Q_RecaptchaStatus,Q_RecaptchaError,Q_BallotBoxStuffing,PROLIFIC_PID
"{""ImportId"":""startDate"",""timeZone"":""Europe/London""}","{""ImportId"":""endDate"",""timeZone"":""Europe/London""}","{""ImportId"":""status""}","{""ImportId"":""progress""}","{""ImportId"":""duration""}","{""ImportId"":""finished""}","{""ImportId"":""recordedDate"",""timeZone"":""Europe/London""}","{""ImportId"":""_recordId""}","{""ImportId"":""distributionChannel""}","{""ImportId"":""userLanguage""}","{""ImportId"":""Q_RecaptchaScore""}","{""ImportId"":""QID2_TEXT""}","{""ImportId"":""QID6_TEXT""}","{""ImportId"":""QID8""}","{""ImportId"":""QID7_TEXT""}","{""ImportId"":""QID10""}","{""ImportId"":""QID9_TEXT""}","{""ImportId"":""QID16""}","{""ImportId"":""QID17_TEXT""}","{""ImportId"":""QID18""}","{""ImportId"":""QID14_TEXT""}","{""ImportId"":""QID19""}","{""ImportId"":""QID11_TEXT""}","{""ImportId"":""QID12""}","{""ImportId"":""QID13_TEXT""}","{""ImportId"":""QID15""}","{""ImportId"":""SC_6DtlLJCdfFq8rj0""}","{""ImportId"":""Q_RecaptchaStatus""}","{""ImportId"":""Q_RecaptchaError""}","{""ImportId"":""Q_BallotBoxStuffing""}","{""ImportId"":""PROLIFIC_PID""}"
29/04/2026 10:01,29/04/2026 10:05,IP Address,100,218,TRUE,29/04/2026 10:05,R_8o1jHNj0aqiSqpy,anonymous,EN,1,615cb147f04efc8a8c2ff1e5,By accident?,As a vegetable,Matcha was made by frothing up tea with water,shifted the standard from tea pressed into cakes to loose leaf tea,"Tea, silk and fine china/porcelin","silver, opium","To continue trading with the British, particularly exporting tea",To grow tea themselves and control the market,The competition to get tea to other countries as quickly as possible as the fastest ones made the most profit,second,I don't know,English traders brought tea to Europe,Bringing tea back to the UK and popularising it,10 times more than,6,complete,,,615cb147f04efc8a8c2ff1e5
29/04/2026 10:01,29/04/2026 10:05,IP Address,100,217,TRUE,29/04/2026 10:05,R_2VutNznwefWvyjD,anonymous,EN,1,66799043863669170269eedf,He picked it to eat,As a vegetable,It was made into a cake and then water was added,shifted the standard from tea pressed into cakes to loose leaf tea,"Tea, porcelain, silk","silver, opium",In return for tea,To grow tea themselves and control the market,Exporting tea to other countries,second,By the Chinese culture,Dutch traders brought tea to Europe,Bringing tea to England,10 times more than,7,complete,,,66799043863669170269eedf
29/04/2026 10:03,29/04/2026 10:06,IP Address,100,185,TRUE,29/04/2026 10:06,R_2DfhZcCm6XfcanD,anonymous,EN,1,5f5a14224848f606446bbca8,He opened his mouth and if floated in,As a vegetable,"Tea leaves were dried, ground into a powder and then pressed into 'cakes'",shifted the standard from tea pressed into cakes to loose leaf tea,"Tea, and other things that unfortunately I can't remember.","silver, opium",Because it lost the opium wars,To grow tea themselves and control the market,Because tea was so popular companies wanted to get it over to England as quickly as possible to beat the competitors.,second,As matcha,Dutch traders brought tea to Europe,Introducing tea to England.,10 times more than,7,complete,,,5f5a14224848f606446bbca8
29/04/2026 10:02,29/04/2026 10:06,IP Address,100,255,TRUE,29/04/2026 10:06,R_8oHLAnvM2Fp8wI5,anonymous,EN,1,616fd2048c982b1d27653870,it flew into his mouth after being poisoned,As a vegetable,i cannot remember ,cut down on the export of porcelain and silk to make tea the main export good,I have no idea! i cannot remember ,"gold, opium",I cannot remember ,To make tea an everyday commodity,to enable quick delivery of tea ,second,i cannot remember ,Dutch traders brought tea to Europe,i cannot remember!,10 times more than,4,complete,,,616fd2048c982b1d27653870
29/04/2026 10:03,29/04/2026 10:07,IP Address,100,239,TRUE,29/04/2026 10:07,R_2Cg2tzJKwkaXQCB,anonymous,EN,1,56ab6fd869b24700065cbdbd,can not recall,As a vegetable,tea leafs made into a paste before steamed over boing water,shifted the standard from tea pressed into cakes to loose leaf tea,"silk, tea, porcelain","gold, opium",as part of the opium wars,To grow tea themselves and control the market,the race between competing countries and companies to get tea from the far east to market,second,do not know,English traders brought tea to Europe,making drinking tea fashionable,10 times more than,5,complete,,,56ab6fd869b24700065cbdbd
29/04/2026 10:03,29/04/2026 10:07,IP Address,100,287,TRUE,29/04/2026 10:07,R_2xY8GybEsmul8BK,anonymous,EN,1,5dee651e58776a51569d31f3,He found tea and made it into a sort of porridge with grains,As a vegetable,tea leaves and hot milk,shifted the standard from tea pressed into cakes to loose leaf tea,"tea, porcelain and silk gave China significant power and economic influence","silver, opium",because china lost the opium war to the British,To grow tea themselves and control the market,the race to get to Europe with the first tea of the season and thereby get the highest prices,second,by monks,Dutch traders brought tea to Europe,bringing tea to England and making it popular,10 times more than,7,complete,,,5dee651e58776a51569d31f3
29/04/2026 10:03,29/04/2026 10:08,IP Address,100,254,TRUE,29/04/2026 10:08,R_28NwOqnVe0cpFpy,anonymous,EN,1,5f835b913ffc5f0fd6bc7492,he was tasting different leaves and being poisoned when a tea leaf fell into his mouth and cured his poisoning ,As a drink,"grinding the tea leaves into a powder, adding water",cut down on the export of porcelain and silk to make tea the main export good,"tea, i can't remember the other two ","gold, opium",I dont remember ,To grow tea themselves and control the market,Tea exports? ,third,as a powder - matcha,English traders brought tea to Europe,I dont remember,half,1,complete,,,5f835b913ffc5f0fd6bc7492
29/04/2026 10:03,29/04/2026 10:08,IP Address,100,277,TRUE,29/04/2026 10:08,R_2JrMpCywCMmXMZ3,anonymous,EN,1,595d3afcdd044900012ce78a,a leaf fell into his mouth after he had poisoned himself,As a vegetable,"tea was dried, made into cakes and finely ground",shifted the standard from tea pressed into cakes to loose leaf tea,"tea, silk, porcelain","silver, opium",As part of the reparations for losing the Opium wars,To grow tea themselves and control the market,the tea trade and competition to be the fastest to bring tea to the UK,first,A plant was smuggled into Japan,Dutch traders brought tea to Europe,Introducing tea drinking,10 times less than,5,complete,,,595d3afcdd044900012ce78a
29/04/2026 10:03,29/04/2026 10:08,IP Address,100,270,TRUE,29/04/2026 10:08,R_8M3VgxAjsdJi7SG,anonymous,EN,1,62c6ad01d7ad711abdf2eb4c,i don't know (sorry),As a vegetable,"Tea leaves are heated, then dried and made into a powder",shifted the standard from tea pressed into cakes to loose leaf tea,"Porcelain, silk and tea","silver, opium",Because of opium debt,To grow tea themselves and control the market,"There was a war, the opium wars and they needed a fast boat to bring tea to england",second,by a japanese monk and a tea ceremony,English traders brought tea to Europe,Bringing tea to England,10 times more than,6,complete,,,62c6ad01d7ad711abdf2eb4c
29/04/2026 10:02,29/04/2026 10:08,IP Address,100,366,TRUE,29/04/2026 10:08,R_2ngjBcZHUjUTmCt,anonymous,EN,1,62b437a2dbff0b6b3d0121e4,tea leaves fell in his hot water by accident,As a vegetable,grinding tea leaves into powder,cut down on the export of porcelain and silk to make tea the main export good,tea silk and porcelain,"silver, opium",Because they lost the opium war,To grow tea themselves and control the market,demand for tea to be transported faster,second,Monks bringing it from China,Dutch traders brought tea to Europe,introducing tea drinking to England,10 times more than,6,complete,,,62b437a2dbff0b6b3d0121e4
29/04/2026 10:03,29/04/2026 10:09,IP Address,100,379,TRUE,29/04/2026 10:09,R_2Lp2PHw88MCkJTn,anonymous,EN,1,670be097fae6e39ea154f7df,he poisoned himself 72 times then a tea leaf fell into his mouth and revived him,As a vegetable,tea cakes were put into hot water,shifted the standard from tea pressed into cakes to loose leaf tea,"opium, tea, coffee","silver, opium",dont remember,To grow tea themselves and control the market,dont remember,second,monk brought a plant with him,Dutch traders brought tea to Europe,dont remember maybe ending exploiting workers?,10 times more than,7,complete,,,670be097fae6e39ea154f7df
29/04/2026 10:04,29/04/2026 10:09,IP Address,100,303,TRUE,29/04/2026 10:09,R_2si70cfJfAhshQF,anonymous,EN,1,673741d5e8999c8a575d36b1,Dont remember,As a vegetable,Blending and straining leaves,shifted the standard from tea pressed into cakes to loose leaf tea,"TEA, HERBS, MEDICINE","gold, opium",To export goods,To grow tea themselves and control the market,To send tea across the water in bulk,second,As leaves for making drinks,English traders brought tea to Europe,Serving tea at their wedding,10 times more than,5,complete,,,673741d5e8999c8a575d36b1
29/04/2026 10:06,29/04/2026 10:09,IP Address,100,193,TRUE,29/04/2026 10:09,R_21AjIJj7CH7vifk,anonymous,EN,1,5e4feb8037713502e9ed364b,I can't remember,As a vegetable,It's made with a whisk,shifted the standard from tea pressed into cakes to loose leaf tea,"Silk, spices, tea","gold, opium",Because of the opium wars,To grow tea themselves and control the market,The need for quicker transport,second,It was introduced via tea cakes,Dutch traders brought tea to Europe,Popularising tea,10 times more than,6,complete,,,5e4feb8037713502e9ed364b
29/04/2026 10:02,29/04/2026 10:09,IP Address,100,460,TRUE,29/04/2026 10:09,R_2OZe8OFjeWolfYl,anonymous,EN,1,676556ccb7aac9ede13d73c9,I can't remember,As a drink,I don't remember,allowed tea to be the subject of books and poetry,"tea, opium, rice","silver, opium","because of the importance of Hong Kong being an important port, vital to the export of tea",To grow tea themselves and control the market,"The importance of moving tea far quicker, across the world",second,From China,English traders brought tea to North America,bringing tea to Europe,10 times more than,4,complete,,,676556ccb7aac9ede13d73c9
29/04/2026 10:01,29/04/2026 10:10,IP Address,100,525,TRUE,29/04/2026 10:10,R_8AEAzu97xWdkM95,anonymous,EN,1,66d31a1b0515fe747830bab9,he ate something poisonous and by eating tea leaves it provided an anti dote,As a vegetable,by drying the leaves and then grinding them up,shifted the standard from tea pressed into cakes to loose leaf tea,"porcelain, silk, tea","silver, opium",1842,To grow tea themselves and control the market,so it was able to transport tea from overseas faster  thus maximising the profits,second,by monks returning from china,English traders brought tea to Europe,making tea drinking in england popular,10 times more than,6,complete,,,66d31a1b0515fe747830bab9
29/04/2026 10:06,29/04/2026 10:10,IP Address,100,219,TRUE,29/04/2026 10:10,R_2BDjoDzu8wbsREZ,anonymous,EN,1,5f5503ae8eeab9093c445251,He had poisoned himself and he accidentally tried a tea leaf and it cured him ,As a seasoning,Tea leaves are made into a paste and then water is added,shifted the standard from tea pressed into cakes to loose leaf tea,"Porcelain, silk and tea","silver, opium",In the opium wars,To grow tea themselves and control the market,Due to competitive the British build faster ships,second,Can't remember,English traders brought tea to Europe,Can't remember ,double,4,complete,,,5f5503ae8eeab9093c445251
29/04/2026 10:06,29/04/2026 10:10,IP Address,100,273,TRUE,29/04/2026 10:10,R_2fPhYHMhzTjBKmT,anonymous,EN,1,628f7669ee68aabf3930123b,In blew in his mouth whilst he was poisoned ,As a vegetable,By stewing the leaves in water,cut down on the export of porcelain and silk to make tea the main export good,"Silk, Tea, spices","silver, opium",striking a deal due to the opium war,To grow tea themselves and control the market,The rush to get tea back to the UK as fast as possible to keep the leaves fresher,first,Traders crossing the sea?,English traders brought tea to Europe,popularising tea being drunk,10 times more than,4,complete,,,628f7669ee68aabf3930123b
29/04/2026 10:05,29/04/2026 10:10,IP Address,100,317,TRUE,29/04/2026 10:10,R_8kkaYTNpEXYOJj5,anonymous,EN,1,6319ff03df1e7848122f18b1,Leaf fell into water,As a seasoning,using the tea leafs,shifted the standard from tea pressed into cakes to loose leaf tea,"tea, textiles ","silver, opium",opium war,To grow tea themselves and control the market,transport tea,second,introduced by travelers,English traders brought tea to Europe,Making tea famous,10 times more than,5,complete,,,6319ff03df1e7848122f18b1
29/04/2026 10:03,29/04/2026 10:10,IP Address,100,467,TRUE,29/04/2026 10:10,R_2SfcD7rlD1F4p3u,anonymous,EN,1,5efb79846ed89a0e53051c30,A tea leaf fell into his mouth during his search in the forest,As a drink,Matcha was made by taking tea leaves and grinding them into a fine powder,allowed tea to be the subject of books and poetry,"tea, silk and porcelain","gold, opium",Because of power struggles with regards to the opium war that they were losing,To grow tea themselves and control the market,I can't remember maybe the clipper slip was created to export large amounts of tea across the world ,first,Tea was introduced to Japan by a japanese monk,Dutch traders brought tea to Europe,She is credited for popularising tea in the UK,10 times more than,3,complete,,,5efb79846ed89a0e53051c30
29/04/2026 10:01,29/04/2026 10:11,IP Address,100,605,TRUE,29/04/2026 10:11,R_8j2r9U4gmN2Ch5j,anonymous,EN,1,56e324ade414dc000c8b40d0,He fell asleep and a tea leaf fell into his mouth.,As a vegetable,"The tea was dried, finely ground and steeped in hot water. Pictures could be drawn in the foam on the top.",shifted the standard from tea pressed into cakes to loose leaf tea,"Tea, porcelain and silk.","silver, opium",As part of peace agreements after the opium wars.,To grow tea themselves and control the market,Competition between tea importers.,second,Via a Chinese ambassador who brought tea with him.,English traders brought tea to Europe,Popularising tea in England,half,5,complete,,,56e324ade414dc000c8b40d0
29/04/2026 10:00,29/04/2026 10:11,IP Address,100,646,TRUE,29/04/2026 10:11,R_2aAZE0o5Fj9nwZj,anonymous,EN,1,6978e42e661ece4dddd9eb44,he would poison himself and the leaf will fall into his mouth and bring him back to life,As a vegetable,drying the leaves and grinding into a smooth paste and making with hot water,shifted the standard from tea pressed into cakes to loose leaf tea,"porcelain, tea and silk","silver, opium",Due to someone stealing the plant,To grow tea themselves and control the market,Due to large request for exportation of tea,second,not sure,Dutch traders brought tea to Europe,using tea for ball and for gathering for wealthy and influencial,half,6,complete,,,6978e42e661ece4dddd9eb44
29/04/2026 10:08,29/04/2026 10:12,IP Address,100,235,TRUE,29/04/2026 10:12,R_82MgeA3QX286kDx,anonymous,EN,0.899999976,5f39a2fd2d394917284dd66f,I can't remember,As a seasoning,I can't remember,allowed artists to draw pictures in the foam of the tea,"tea, silk, tobocco","gold, opium",I am not too sure about this,To grow tea themselves and control the market,I can't remember,second,I am not too sure about this either,Dutch traders brought tea to Europe,I can't remember,double,3,complete,,,5f39a2fd2d394917284dd66f
29/04/2026 10:08,29/04/2026 10:12,IP Address,100,211,TRUE,29/04/2026 10:12,R_2JkI6sR3hkkwEie,anonymous,EN,1,5d7f5edd19788b00010d954c,unsure....,As a vegetable,unsure,shifted the standard from tea pressed into cakes to loose leaf tea,"tea, opium, gold?","gold, opium",after the opium wars?,To grow tea themselves and control the market,to stop tea getting ruined enroute back to england,second,unsure,Dutch traders brought tea to Europe,bringing tea to high society in europe?,half,5,complete,,,5d7f5edd19788b00010d954c
29/04/2026 10:04,29/04/2026 10:12,IP Address,100,459,TRUE,29/04/2026 10:12,R_8O66anW52v3Hny2,anonymous,EN,,5ea20fd571038c119083a8df,It fell on his head!,As a vegetable,Something to do with leaves.,shifted the standard from tea pressed into cakes to loose leaf tea,"Porcelain, silk and tea","silver, opium",Something to do with opium (opium wars).,To grow tea themselves and control the market,To get tea to other countries as fast as possible to out pace their competitors.,second,Leaves dropping off a tree (?) and used for medicinal purposes.,English traders brought tea to Europe,"Sorry, I don't recall.",double,5,error,Timed out,,5ea20fd571038c119083a8df
29/04/2026 10:05,29/04/2026 10:12,IP Address,100,449,TRUE,29/04/2026 10:12,R_2S0lxwtVt7rKDpQ,anonymous,EN,1,63f77a5dde1ea03305e119e0,He poisoned himself and was able to cure himself with a leaf.,As a vegetable,"Heat tea, pack it into cakes, grind into a powder and mix with hot water.",shifted the standard from tea pressed into cakes to loose leaf tea,"Tea, silk, don't know","silver, opium","During the Opium War, they ceded Hong Kong to renew trading with Britain",To grow tea themselves and control the market,Intense competition between European countries trying to bring tea back from China as quickly as possible.,second,A monk brought tea leaves to Japan,Dutch traders brought tea to Europe,Making tea popular in the United Kingdom,10 times more than,7,complete,,,63f77a5dde1ea03305e119e0
29/04/2026 10:07,29/04/2026 10:12,IP Address,100,308,TRUE,29/04/2026 10:12,R_2cpvjQ6y6ehkvLW,anonymous,EN,1,5bd2a0799afb5b00015be460,He accident;y poisoned himself then a tea leaf fell into his mouth and he recovered,As a seasoning,ground into powder,shifted the standard from tea pressed into cakes to loose leaf tea,tea spices  pottery,"silver, opium",Defeat in opium war,To grow tea themselves and control the market,wanting to quickly get the tea from China to Europe,first,Buddist monks brought the tea leaves and plants into the country,English traders brought tea to Europe,popularising tea in England,10 times more than,4,complete,,,5bd2a0799afb5b00015be460
29/04/2026 10:04,29/04/2026 10:12,IP Address,100,502,TRUE,29/04/2026 10:12,R_8gR2wFGICsXis01,anonymous,EN,1,6969682819258eddb397598e,Tea leaves accidentally fell into his boiling water,As a drink,Tea leaves are dried and ground to produce a powder,shifted the standard from tea pressed into cakes to loose leaf tea,"Tea, Silk and Porcelain ","gold, opium",Because China lost the opium war,To grow tea themselves and control the market,The need to transport goods between different countries/ for trade.,second,Monks brought tea leaves from China to Japan,English traders brought tea to North America,She made tea drinking more popular,double,3,complete,,,6969682819258eddb397598e
29/04/2026 10:05,29/04/2026 10:13,IP Address,100,462,TRUE,29/04/2026 10:13,R_8dN1NRh7VXnLW2N,anonymous,EN,0.600000024,5e90540a9622ec3628270555,He was poisoned 14 times and a tea leaf fell into his mouth when he was sat under a tree and cured him,As a drink,"Steamed, dried & made into bricks",shifted the standard from tea pressed into cakes to loose leaf tea,"Tea, coffee & cotton","silver, opium",Opium war,To involve India in the war between Britain and China,Tea exportation,second,Buddhist monks on boats,English traders brought tea to North America,Brought tea to england,10 times more than,4,complete,,,5e90540a9622ec3628270555
29/04/2026 10:03,29/04/2026 10:13,IP Address,100,570,TRUE,29/04/2026 10:13,R_2bQcM3pdENMcnwZ,anonymous,EN,1,6765b501bf830acd8f0e20ba,He was poisoned by something and a tea leaf fell into his mouth and made him better.,As a vegetable,Pouring hot water onto the tea leaves.,shifted the standard from tea pressed into cakes to loose leaf tea,"Tea, silk & cotton.","silver, opium",Because people were becoming addicted to opium and causing trouble. ,To grow tea themselves and control the market,??,second,Monks having tea ceremonies.,Dutch traders brought tea to Europe,Introducing tea to England,double,6,complete,,,6765b501bf830acd8f0e20ba
29/04/2026 10:06,29/04/2026 10:13,IP Address,100,395,TRUE,29/04/2026 10:13,R_2z8zciXZ6yCLh6X,anonymous,EN,1,63ac36665e9b2bd1c2cda1ba,He had been eating plants and had been 8 times. He was slumped against a tree and a leaf blew into his mouth. He chewed the leaf and it cured him.,As a vegetable,I cannot remember.,cut down on the export of porcelain and silk to make tea the main export good,"Silk, tea and opium","silver, opium",I don't remember,To grow tea themselves and control the market,I don't remember,first,I don't remember,English traders brought tea to Europe,I don't remember,10 times more than,4,complete,,,63ac36665e9b2bd1c2cda1ba
29/04/2026 10:08,29/04/2026 10:13,IP Address,100,316,TRUE,29/04/2026 10:13,R_2jprELS2RuTIirM,anonymous,EN,1,69a335cdd0de6030573dbd20,ate the wrong toxic leaf than ate a leaf that cure the sickness,As a vegetable,tea leafs into powder and mix it with hot water,cut down on the export of porcelain and silk to make tea the main export good,"silk, tea, papers ","silver, opium",lost the opium war ,To grow tea themselves and control the market,to transfer tea leafs ,second,a monk ,Dutch traders brought tea to Europe,create a trend of drinking tea ,10 times more than,6,complete,,,69a335cdd0de6030573dbd20
29/04/2026 10:05,29/04/2026 10:14,IP Address,100,524,TRUE,29/04/2026 10:14,R_8lAevOvub3rQWOt,anonymous,EN,1,6659fb37cee75e81ac1c8e5c,He discovered tea by accent while experimenting with plants. He drank it and enjoyed the taste and found it gave him energy. ,As a seasoning,it was powdered tea made from leaves that were dried an extra time ,shifted the standard from tea pressed into cakes to loose leaf tea,"Tea, silk and porcelain ","silver, opium",it was a peace deal as a result of defeat in the war against opium. British started giving china opium instead of silver as they were running out which caused major addictions in china. ,To bring tea culture to India,Transporting tea as quickly as possible between countries ,second,Via monks who were sent on missions to China and brought it back with them ,English traders brought tea to Europe,She popularised tea drinking in England. ,10 times less than,3,complete,,,6659fb37cee75e81ac1c8e5c
29/04/2026 10:07,29/04/2026 10:14,IP Address,100,416,TRUE,29/04/2026 10:14,R_2eyihw9LzuuAVXR,anonymous,EN,1,5788c16f275be600013590a8,He was bilingual a pot of water and a tea leaf fell into the pot. Tea was born!,As a vegetable,"Matcha was made by steaming and drying the leaves, then grinding them down into powder. The powder was then pressed into cakes.",shifted the standard from tea pressed into cakes to loose leaf tea,"Tea, silk, and porcelain.","gold, opium","After the British victory in the Opium Wars, China had to cede Hong Kong as part of their surrender.",To grow tea themselves and control the market,The race to be the first traders to import tea into the west.,second,By travelling Buddhist monks.,Dutch traders brought tea to Europe,She already had a taste for tea that she acquired in the Portuguese court. She brought her love of tea to England after her marriage and made it a fashionable and popular drink.,10 times more than,6,complete,,,5788c16f275be600013590a8
29/04/2026 10:01,29/04/2026 10:14,IP Address,100,803,TRUE,29/04/2026 10:14,R_8uO1Apa1mbfI87t,anonymous,EN,1,58bfee7de5869400018f5e9e,He poisoned himself but chewed on a tea leave and was healed,As a seasoning,It was made by infusing tea leaves,cut down on the export of porcelain and silk to make tea the main export good,"tea, opium, cotton","silver, opium",Because opium had to be banned,To grow tea themselves and control the market,Importation of tea led to the creation of the clipper ship,first,It was brought ny monks,Dutch traders brought tea to Europe,She introduced tea in England,10 times more than,4,complete,,,58bfee7de5869400018f5e9e
29/04/2026 10:05,29/04/2026 10:14,IP Address,100,561,TRUE,29/04/2026 10:14,R_2mPpf4POBouL9QJ,anonymous,EN,1,59400f1c6b84600001e76c13,he tried several leafs,As a vegetable,grind tea leaves and pour water inside,cut down on the export of porcelain and silk to make tea the main export good,silk and tea,"silver, opium",because of the war,To grow tea themselves and control the market,the demand,second,through monks,English traders brought tea to Europe,making tea popular,double,4,complete,,,59400f1c6b84600001e76c13
29/04/2026 10:08,29/04/2026 10:14,IP Address,100,372,TRUE,29/04/2026 10:14,R_2shRGrVAciQoORn,anonymous,EN,1,616ab1b6df359dcb87a8b0e5,Ate tea leaf that cured him from other poisonous leaves,As a vegetable,Adding hot water to tea leaves.,shifted the standard from tea pressed into cakes to loose leaf tea,"tea, porcelain and silk","silver, opium",During war,To involve India in the war between Britain and China,To be able to get to China from UK to get the valuable tea first ahead of any other country.,second,Tea plant was taken from China to Japan,English traders brought tea to Europe,Making tea popular,10 times more than,5,complete,,,616ab1b6df359dcb87a8b0e5
29/04/2026 10:08,29/04/2026 10:15,IP Address,100,388,TRUE,29/04/2026 10:15,R_2ko06Y9PO2xu1vH,anonymous,EN,1,627a76b96bea55210aecbba9,Not sure,As a vegetable,It was compressed into cakes and ground into a powder.,cut down on the export of porcelain and silk to make tea the main export good,"Tea, silk and ceramics.","silver, opium",Because of the opium wars.,To grow tea themselves and control the market,To sail to Japan to bring back tea and information about tea processes.,second,It was formed into cakes and ground into Matcha.,English traders brought tea to North America,Bringing tea drinking practices to England and making tea popular.,10 times more than,5,complete,,,627a76b96bea55210aecbba9
29/04/2026 10:11,29/04/2026 10:15,IP Address,100,247,TRUE,29/04/2026 10:15,R_8PjCwcSuVHgxWLu,anonymous,EN,1,5ea00c9769e0250009a479df,unknown,As a seasoning,from green tea leaves,shifted the standard from tea pressed into cakes to loose leaf tea,"tea, ","gold, opium",at the end of the opium wars,To make tea an everyday commodity,Transporting the tea to Europe,second,brought over from China,English traders brought tea to Europe,introducing tea to Europe,10 times more than,3,complete,,,5ea00c9769e0250009a479df
29/04/2026 10:09,29/04/2026 10:15,IP Address,100,345,TRUE,29/04/2026 10:15,R_8ONJsdqhNpTMEz9,anonymous,EN,1,5ae88efd9d82560001bdc598,He accidently ingested a leaf after poisoning himself while searching for edible plants. He discovered that the tea cured him.,As a vegetable,Matcha was made by drying tea and pressing it into a cake and then crumbling it into liquid.,shifted the standard from tea pressed into cakes to loose leaf tea,Can't remember.,"silver, opium",To allow the tea trade to continue under favourable conditions.,To involve India in the war between Britain and China,Don't know.,second,Tea plants and tea workers were stolen from China by a botanist named Robert Fortune.,English traders brought tea to Europe,I don't know.,double,4,complete,,,5ae88efd9d82560001bdc598
29/04/2026 10:13,29/04/2026 10:16,IP Address,100,153,TRUE,29/04/2026 10:16,R_8g7acshe1Q7QjID,anonymous,EN,1,63d7c110ae88487271c4bfd1,"He was poisoned by berries, and some tea leaves fell into his mouth and it cured him",As a vegetable,"It was ground up, and then mixed together with hot water",shifted the standard from tea pressed into cakes to loose leaf tea,"Porcelain, Tea and Silk","silver, opium",Because it lost the Opium Wars,To grow tea themselves and control the market,To help compete with tea demand from around the globe,second,Through the Chinese people,English traders brought tea to Europe,Making tea popular to drink,double,5,complete,,,63d7c110ae88487271c4bfd1
29/04/2026 10:06,29/04/2026 10:16,IP Address,100,612,TRUE,29/04/2026 10:16,R_2cu5TYC6CQDfWUx,anonymous,EN,1,6978ca0e47e0a4549d470ae7,A tea leaf drifted into his teapot,As a vegetable,The leaves were turned into bricks and then ground into a powder when they were ready to prepare the drink. They then whisked it with hot water to turn it into tea.,shifted the standard from tea pressed into cakes to loose leaf tea,"Tea, porcelain and silk","silver, opium",After the issues with opium and war broke out and Britain has the stronger army and so China had no choice but to agree,To grow tea themselves and control the market,"China wanted be able to transport the tea over to Europe as quickly as possible and it was a race to deliver the first batch of fresh tea, so they needed to get it there as soon as possible to maximise on their time and money making. ",second,I cannot remember the answer to this one ,English traders brought tea to Europe,Queen Catherine was credited for raising the popularity of tea in Europe in the 1600s.,double,5,complete,,,6978ca0e47e0a4549d470ae7
29/04/2026 10:08,29/04/2026 10:16,IP Address,100,500,TRUE,29/04/2026 10:16,R_2asNcf2kkrEoXdo,anonymous,EN,1,631755de69157e27c295a340,wild tea leaves landed in his cup of water ,As a seasoning,made from tea plants i think they grow for 3 or 4 months maybe a little less but not sure of specific details of what tea plants etc,shifted the standard from tea pressed into cakes to loose leaf tea,i only know machinery is one of them ,"silver, opium",i have no idea,To make tea an everyday commodity,it was due to a demand in tea ,second,it was sailed over to them from another country,English traders brought tea to Europe,im not sure ,double,3,complete,,,631755de69157e27c295a340
29/04/2026 10:05,29/04/2026 10:16,IP Address,100,705,TRUE,29/04/2026 10:16,R_8B3CPXWOmZtSmTy,anonymous,EN,1,69c168fca6d68ca06a4219ca,He got intoxicated after trying many herbs. Then a  leaf of tea tree got into his mouth and made him feel better,As a drink,crushed tea leaves made a powder called matcha,shifted the standard from tea pressed into cakes to loose leaf tea,"tea, silk and ceramics ","silver, opium",because of the opium,To grow tea themselves and control the market,for trade and  faster transfer of goods ,second,it was smuggled in Japan ,Dutch traders brought tea to Europe,Queen Catherine introduced the tea in the palace ,10 times more than,6,complete,,,69c168fca6d68ca06a4219ca
29/04/2026 10:03,29/04/2026 10:17,IP Address,100,829,TRUE,29/04/2026 10:17,R_8In5fXOVomwbrxr,anonymous,EN,0.899999976,67e0870d582edce0a2764d1f,he was accidentally poisoned 72 times and a tea leaf flew into his mouth. He chewed it and was cured,As a vegetable,by grinding tea to powder then mixing it with hot water,shifted the standard from tea pressed into cakes to loose leaf tea,"silk, tea and porcelain ","silver, opium","In the opium war, Britain defeated  Ming dynasty",To grow tea themselves and control the market,"as the demand for tea grew in Europe, there was a need for a fast way to deliver tea and so the ship was developed for fast transportation. ",first,it was brought to Japan by a Japanese monk,Dutch traders brought tea to Europe,making tea famous in the English countries,10 times more than,6,complete,,,67e0870d582edce0a2764d1f
29/04/2026 10:10,29/04/2026 10:17,IP Address,100,417,TRUE,29/04/2026 10:17,R_8P0PN39e7gmRAIR,anonymous,EN,1,69bc2604a076b7bafaa9f016,"He was repeatedly poisoning himself by testing which plants were toxic and one day a few leaves from a nearby plant fell into his hot water, he drank it and noticed it cured him. ",As a drink,Tea leaves were steamed and then ground into a powder so it could be whisked into hot water.,allowed artists to draw pictures in the foam of the tea,Tea and Silk ,"silver, opium",Opium war,To grow tea themselves and control the market,exporting and importing tea leaves ,second,Not sure,English traders brought tea to Europe,I don't know? I don't recall this in the video,double,3,complete,,,69bc2604a076b7bafaa9f016
29/04/2026 10:05,29/04/2026 10:17,IP Address,100,737,TRUE,29/04/2026 10:17,R_8tfoAgMGIOJdJh4,anonymous,EN,1,5e39fa4332667b2143e1d998,when he rested a leaf fell from a tree into a pot of water,As a drink,using tea plants dried and ground into a powder,allowed artists to draw pictures in the foam of the tea,"electronics, cars ","gold, tobacco",due to losing the wars,To grow tea themselves and control the market,for a faster delivery of tea from china,second,by japanese monks,Dutch traders brought tea to Europe,drinking tea,double,3,complete,,,5e39fa4332667b2143e1d998
29/04/2026 10:04,29/04/2026 10:17,IP Address,100,792,TRUE,29/04/2026 10:17,R_8CbMHuMySMs7Pbj,anonymous,EN,1,697a617c5a65b0190b2fd918,He accidentally ate a leaf after he was poisoned. ,As a vegetable,tea leaves is ground into powder,shifted the standard from tea pressed into cakes to loose leaf tea,"Tea, Porcelain, silk","silver, opium",Britain used opium to exchange tea with China. Later China lost in the opium war and ceded Hong Kong to the British. ,To grow tea themselves and control the market,Because British needed to transport tea from China to Europe ,first,A monk bought tea to Japan  ,English traders brought tea to Europe,she made tea popular,10 times more than,5,complete,,,697a617c5a65b0190b2fd918
29/04/2026 10:09,29/04/2026 10:17,IP Address,100,466,TRUE,29/04/2026 10:17,R_8P7IVROQtbIzIoU,anonymous,EN,1,6658b181c00bf8747d5c793b,While testing herbs for medicine ,As a vegetable,By grinding the tea leaves into powder ,shifted the standard from tea pressed into cakes to loose leaf tea,"Tea, spices and rice ","silver, opium",Because of the first opuim war. ,To grow tea themselves and control the market,To speed up in global trade ,second,During the Tang Dynasty,English traders brought tea to Europe,She popularized the habit of drinking tea in England ,double,5,complete,,,6658b181c00bf8747d5c793b
29/04/2026 10:11,29/04/2026 10:18,IP Address,100,426,TRUE,29/04/2026 10:18,R_2EZcicB3h8BYm09,anonymous,EN,1,673b7de4a2e905d7e456db70,He was searching for food and stumbled across it.,As a seasoning,"Steaming, drying and blending a matcha plant. Then you need to add hot water to it.",shifted the standard from tea pressed into cakes to loose leaf tea,"Opium, tea and matcha","silver, opium",The had a war and did not want to sell tea to them.,To grow tea themselves and control the market,Britain lost a war and wanted to trade more for money.,second,Monks made it popular. ,English traders brought tea to Europe,She made drinking tea popular,double,4,complete,,,673b7de4a2e905d7e456db70
29/04/2026 10:14,29/04/2026 10:18,IP Address,100,242,TRUE,29/04/2026 10:18,R_2j6Y4lf5laY4QMr,anonymous,EN,1,5ed91ca79e50c2472f4045a2,I cannot recall,As a sauce,I think it was the loose leaves of tea grounded up and added with something ,shifted the standard from tea pressed into cakes to loose leaf tea,"Tea, opium, i cannot remember the 3rd thing im afraid","silver, opium",Because of the opium they were trading and China needed,To grow tea themselves and control the market,The desire to be the fastest to get tea into Europe beating other countries,second,I have no idea im sorry i cannot remember,Dutch traders brought tea to Europe,Making a cup of tea popular in the uk by it being in a bag?,10 times more than,6,complete,,,5ed91ca79e50c2472f4045a2
29/04/2026 10:12,29/04/2026 10:19,IP Address,100,416,TRUE,29/04/2026 10:19,R_2l3OUD3ueKpXXOH,anonymous,EN,1,5dcb2bb4ae3b3b814b5fe27d,He drank it after being exhausted from travelling,As a seasoning,"Matcha is made by fine powder by shading bushes, drying and grinding leaves until it becomes green powder.",shifted the standard from tea pressed into cakes to loose leaf tea,"opium, tea, porcelain/ceramic","silver, opium",military defeat,To grow tea themselves and control the market,"tea trade, intense trade",second,When they studied buddhism,Dutch traders brought tea to Europe,drinking tea,half,5,complete,,,5dcb2bb4ae3b3b814b5fe27d
29/04/2026 10:12,29/04/2026 10:19,IP Address,100,391,TRUE,29/04/2026 10:19,R_2Lvk2wXutuDyXAd,anonymous,EN,1,62b8b2be4c2b1d481f4f68c0,They ingested the leaves to cure poisoning.,As a vegetable,Finely ground tea cakes are mixed with hot water with a wooden whisk.,shifted the standard from tea pressed into cakes to loose leaf tea,"Tea, Porcelain, Silk.","silver, opium",As a settlement at the end of the Opium Wars along with resuming trade on less favourable terms.,To grow tea themselves and control the market,A desire to bring shipments of tea back to europe faster than any other competitor to get the best prices.,second,I don't remember now.  I presume through trade.,English traders brought tea to Europe,I don't remember this being in the video but I'm guessing introducing tea as a hot drink to England.,double,5,complete,,,62b8b2be4c2b1d481f4f68c0
29/04/2026 10:11,29/04/2026 10:20,IP Address,100,586,TRUE,29/04/2026 10:20,R_2dMIeReRAAfSc4P,anonymous,EN,1,5ee0edcb962eba464f486b40,Can't remember,As a vegetable,Don't know or recall,shifted the standard from tea pressed into cakes to loose leaf tea,"Porcelain, silk and tea","silver, opium",Military defeat in the so called Opium War,To grow tea themselves and control the market,To compete with other European competitors in bringing tea to Europe quickly ,second,I think some connection to Matcha,English traders brought tea to Europe,Bringing tea to England,10 times more than,6,complete,,,5ee0edcb962eba464f486b40
29/04/2026 10:13,29/04/2026 10:21,IP Address,100,519,TRUE,29/04/2026 10:21,R_8jwYZ6FbNY1oprj,anonymous,EN,1,69938c18c4e77ddc97fe78c8,To cure poison,As a vegetable,tea leaf,shifted the standard from tea pressed into cakes to loose leaf tea,"Tea, silk, porcelain","silver, opium",Don't remember,To grow tea themselves and control the market,to meet economic demand,second,"By some monk, returning from study",Dutch traders brought tea to Europe,Drinking tea,10 times more than,7,complete,,,69938c18c4e77ddc97fe78c8
29/04/2026 10:16,29/04/2026 10:22,IP Address,100,310,TRUE,29/04/2026 10:22,R_2oYeqHSAlhbQjad,anonymous,EN,1,5953668fb2e8430001ea478f,"he was poisoned, then tea leaves fell in his hot water, he drank it and was cured",As a vegetable,green tea leaves steeped in hot water,allowed artists to draw pictures in the foam of the tea,"silk, tea, metal","silver, opium","due to the opium wars - fighting over the tea, opium trade",To grow tea themselves and control the market,i dont know,second,through trade,Dutch traders brought tea to Europe,bringing tea to the english nobility and then the people,double,5,complete,,,5953668fb2e8430001ea478f
29/04/2026 10:18,29/04/2026 10:22,IP Address,100,255,TRUE,29/04/2026 10:22,R_8eOHUhIR4eK4Uv3,anonymous,EN,,61364d250433ee40764f71b4,I forgot,As a drink,"Tea leaves were dissolved in hot water, and allowed to sit for 10 minutes or so",allowed tea to be the subject of books and poetry,"tea, opium and coffee","silver, opium",To end the opium war,To grow tea themselves and control the market,I forgot,second,I forgot,English traders brought tea to Europe,She introduced tea in the royal family,double,3,error,timeout,,61364d250433ee40764f71b4
29/04/2026 10:09,29/04/2026 10:23,IP Address,100,813,TRUE,29/04/2026 10:23,R_8gZbfv752hlSy4D,anonymous,EN,1,6641059cdec71f7b7d5a5e2b,A tea leaf blew into his drink,As a vegetable,It was ground up into a powder and boiled,shifted the standard from tea pressed into cakes to loose leaf tea,"Tea, china and silk","silver, opium","They got beat in the war, something to do with opium being stolen ",To grow tea themselves and control the market,Tea was popular so they needed to transport it quickly,second,Someone took a tea plant to Japan,Dutch traders brought tea to Europe,Making tea popular,10 times more than,7,complete,,,6641059cdec71f7b7d5a5e2b
29/04/2026 10:14,29/04/2026 10:23,IP Address,100,583,TRUE,29/04/2026 10:23,R_2CZLLByXjkb5G8u,anonymous,EN,1,660ea65b18972d0e6a14a896,"He was testing different herbs and leaves and poisoned himself, and discovered that eating tea leaves cured him.",As a vegetable,By crushing up the macha leaves and forming them into a tight-knit block,shifted the standard from tea pressed into cakes to loose leaf tea,Tea... can't remember anything else... silk?,"gold, opium","Because the British exchanged tea for opium, which became a significant problem in China, which led to the Opium War, which led to China ceding Hing Kong to the British.",To grow tea themselves and control the market,The competition between rival companies to transport tea from China to Europe,first,It was first used as a cooking ingredient?,Dutch traders brought tea to Europe,Was it her who started using loose tea-leaves first?,10 times more than,5,complete,,,660ea65b18972d0e6a14a896
29/04/2026 10:18,29/04/2026 10:24,IP Address,100,342,TRUE,29/04/2026 10:24,R_25TjUS6pqPoZHy7,anonymous,EN,1,65cbbbcc5c1ef8b850c91eb5,Can't remember,As a vegetable,Can't remember,shifted the standard from tea pressed into cakes to loose leaf tea,"Tea, silk, opium","gold, opium",Part of post war settlement,To grow tea themselves and control the market,Demand for faster shipment of goods from the Far East,second,By British traders,Dutch traders brought tea to Europe,Introduced tea drinking,double,5,complete,,,65cbbbcc5c1ef8b850c91eb5
29/04/2026 10:03,29/04/2026 10:10,IP Address,100,422,TRUE,29/04/2026 10:25,R_2Rx7LPP9oFtU6Of,anonymous,EN,1,5f75f7a73bf0b60009f88e38,Shennong has poisoned himself seven times and was on the verge of death when a tea leaf fell into his mouth and revived him.,As a vegetable,"Matcha was made by placing tea leaves into cakes, grinding that down in into powder and then added to boiling water. ",shifted the standard from tea pressed into cakes to loose leaf tea,"The three essential export goods that gave China significant power and economic influence were: tea, silk and porcelain. ","silver, opium",China ceded Hong Kong to the British as a result of the Opium War. ,To grow tea themselves and control the market,The clipper ship was created to transport tea to other countries. ,second,"China traded tea with Japan
",English traders brought tea to Europe,"Queen Catherine of Braganza was credited for bringing tea to England in the 1600s.
",double,5,complete,,,5f75f7a73bf0b60009f88e38
29/04/2026 10:20,29/04/2026 10:25,IP Address,100,318,TRUE,29/04/2026 10:25,R_865CKB5bIHZWMI2,anonymous,EN,1,61594f3d0ab0ed54b1deb3ec,he was poisoned by loads of things then a tea leaf fell into his mouth and cured him,As a vegetable,i remember learning something about this but don't remember what. ,shifted the standard from tea pressed into cakes to loose leaf tea,"tea, silk and something else","silver, opium",i do not remember this at all,To grow tea themselves and control the market,needing faster transports,first,no idea sorry,English traders brought tea to Europe,bringing tea to the uk,10 times more than,5,complete,,,61594f3d0ab0ed54b1deb3ec
29/04/2026 10:21,29/04/2026 10:27,IP Address,100,363,TRUE,29/04/2026 10:27,R_2GHsgGqIVe6EHyY,anonymous,EN,1,5f6c69c8ef3322000b04fc6a,"He got poisoned and whilst in the forest, a tea leaf fell in his mouth and cured him.",As a vegetable,They decided to make it into a powder instead of loose leaf.,shifted the standard from tea pressed into cakes to loose leaf tea,"Tea, silk","silver, opium",They lost the war. ,To grow tea themselves and control the market,"Everyone wanted to buy tea, and as China was the only country to grow and sell it, everyone was competing to get it first.",first,Through trade,Dutch traders brought tea to Europe,Introducing tea to England.,10 times more than,6,complete,,,5f6c69c8ef3322000b04fc6a
29/04/2026 10:21,29/04/2026 10:28,IP Address,100,403,TRUE,29/04/2026 10:28,R_20wxVNe8eGl1cff,anonymous,EN,0.899999976,5838532eaac091000137f09e,The leaves fell into his boiling water,As a vegetable,dried leaves are ground into a fine powder,cut down on the export of porcelain and silk to make tea the main export good,"Porcelain, Tea and silk","silver, opium","As part of a treaty with other ports, the British used",To grow tea themselves and control the market,They were fast and able to dominate the market,second,It came from China,Dutch traders brought tea to Europe,She is credited with introducing tea to England ,10 times more than,6,complete,,,5838532eaac091000137f09e
29/04/2026 10:24,29/04/2026 10:28,IP Address,100,247,TRUE,29/04/2026 10:28,R_8LXxSJLraGJiwrc,anonymous,EN,1,5e99760adc79bf1a87441b86,A leaf blew into his mouth,As a vegetable,powdered tea which was then added to water,shifted the standard from tea pressed into cakes to loose leaf tea,"Tea, ceramic and rice","silver, opium","Because of the war
",To grow tea themselves and control the market,trade pressure to increase speed ,second,as a powder,Dutch traders brought tea to Europe,Polularising drinking tea amongst aristocracy,10 times more than,7,complete,,,5e99760adc79bf1a87441b86
29/04/2026 10:22,29/04/2026 10:29,IP Address,100,362,TRUE,29/04/2026 10:29,R_8cpysiVrw68dA1C,anonymous,EN,1,6744d143eddffd17d345b192,"Supposedly he was trying a bunch of different plants and got dozens of diseases from certain plants, and when he ate the tea plant this cured him from the other diseases.",As a seasoning,Tea leaves refined into powder form.,shifted the standard from tea pressed into cakes to loose leaf tea,"'- Tea
- Silk","gold, opium",I can't remember but it was in relation to the British getting Chinese citizens hooked on Opium due to the exports.,To grow tea themselves and control the market,The need for faster shipping worldwide.,second,I cannot remember.,English traders brought tea to Europe,She brought tea drinking to Britain.,double,3,complete,,,6744d143eddffd17d345b192
29/04/2026 10:24,29/04/2026 10:29,IP Address,100,257,TRUE,29/04/2026 10:29,R_2YcictyIt7AcJnc,anonymous,EN,1,56b4d0bb5ac959000d28beb5,He found the plant and ate some of the leaf,As a vegetable,I don't know,shifted the standard from tea pressed into cakes to loose leaf tea,"Tea, silk and porcelain","silver, opium",I don't know,To grow tea themselves and control the market,To get the tea from China as quickly as possible to get the highest price,second,I don't know,Dutch traders brought tea to Europe,I don't know,10 times more than,7,complete,,,56b4d0bb5ac959000d28beb5
29/04/2026 10:00,29/04/2026 10:29,IP Address,100,1721,TRUE,29/04/2026 10:29,R_8P100fezOKm21py,anonymous,EN,1,697900ae46a7b40c447e7e88,"He discovered tea while resting under a tree , a wind blew leaves into the pot of boiling water. ",As a vegetable,"Macha is made by steaming the leaves, drying and stone grinding. ",shifted the standard from tea pressed into cakes to loose leaf tea,"Tea, Silk and Porcelain ","silver, opium","They cede Honk Kong due to loosing the opium war. 
",To grow tea themselves and control the market,The need to deliver fresh tea from China to London very fast. ,second,The tea was introduced by personnel returning from China,Dutch traders brought tea to North America,She was credited for popularizing the drink in England.,10 times more than,6,complete,,,697900ae46a7b40c447e7e88
29/04/2026 10:14,29/04/2026 10:29,IP Address,100,880,TRUE,29/04/2026 10:29,R_2P67TOYlzzLyjvt,anonymous,EN,0.800000012,67ab774ce8f7c0ef8f2fbcd7,"He poisoned himself and then a leaf fell in his mouth. After chewing it, he got revived.",As a vegetable,"Tea leaves were heated, do small cakes out of the mixture, then grind in powder and heated again with water.",shifted the standard from tea pressed into cakes to loose leaf tea,"Silk, china and tea","silver, opium",They got defeated in the war,To grow tea themselves and control the market,To beat competition,second,By a monk,English traders brought tea to Europe,Making tea popular. ,10 times more than,6,complete,,,67ab774ce8f7c0ef8f2fbcd7
29/04/2026 10:22,29/04/2026 10:30,IP Address,100,493,TRUE,29/04/2026 10:30,R_2dVVHFtVU32wDLY,anonymous,EN,1,5df0c64767a23610ed01d9c7,I think he was injured and used tea leaves for his wounds,As a seasoning,the tea leaves were grinder whole ,cut down on the export of porcelain and silk to make tea the main export good,"tea, porcelain, silver","silver, opium",Opium crisis? they lost the war ,To grow tea themselves and control the market,getting tea from china?,second,by monks who brought the tea from china,English traders brought tea to Europe,popularising tea and importing it from China,10 times more than,4,complete,,,5df0c64767a23610ed01d9c7
29/04/2026 10:26,29/04/2026 10:30,IP Address,100,264,TRUE,29/04/2026 10:30,R_2fTwFfYjsiBo2sQ,anonymous,EN,1,5a1dda5480acd8000104a12b,"whilst searching for medicine
",As a drink,tea powdered mixed into milk,allowed artists to draw pictures in the foam of the tea,"silk, tea and gold","silver, tobacco",I'm not sure,To grow tea themselves and control the market,competition to get tea before prices went up,second,through the British colony,English traders brought tea to Europe,I don't know,double,2,complete,,,5a1dda5480acd8000104a12b
29/04/2026 10:26,29/04/2026 10:31,IP Address,100,300,TRUE,29/04/2026 10:31,R_2sX7EnZ6B9WEyHw,anonymous,EN,1,5ca8d97aed17090016e1f2ef,I do not remember. Sorry,As a vegetable,The tea leaves were grounded to powder and hot water was used to make the tea,allowed artists to draw pictures in the foam of the tea,"silk, porcelain, and tea","silver, opium",Becasue they lost the tea war,To grow tea themselves and control the market,To be used in the tea trade,second,Japanese tea workers brought it to Japan,Dutch traders brought tea to Europe,do not remember,10 times more than,6,complete,,,5ca8d97aed17090016e1f2ef
29/04/2026 10:25,29/04/2026 10:31,IP Address,100,367,TRUE,29/04/2026 10:31,R_8JDSIVSyQb8oKji,anonymous,EN,1,5ae9cde00335e200019e9eed,the tea leaves accidently fell into his pot of water that was boiiling ,As a vegetable,It was made with water and when leaves were left to soak it became matcha ,shifted the standard from tea pressed into cakes to loose leaf tea,"tea, silk, I don't know the last one ","silver, opium",Because it was in their best interest,To grow tea themselves and control the market,To get tea to and from china faster ,second,They took tea plants and growers over ,Dutch traders brought tea to North America,Bringing tea to England ,10 times more than,6,complete,,,5ae9cde00335e200019e9eed
29/04/2026 10:27,29/04/2026 10:32,IP Address,100,317,TRUE,29/04/2026 10:32,R_2qyQ4wA8Vpd3VN1,anonymous,EN,1,5ea159434ac916016387488e,discovered by accident,As a seasoning,ground tea,shifted the standard from tea pressed into cakes to loose leaf tea,tea silk spices,"silver, opium",china lost wars to the british,To make tea an everyday commodity,transportation of tea,first,a sample was stolen from china,Dutch traders brought tea to Europe,introducing the consumption of tea to the british and europe,10 times more than,4,complete,,,5ea159434ac916016387488e
29/04/2026 10:28,29/04/2026 10:33,IP Address,100,247,TRUE,29/04/2026 10:33,R_8IzqBOCTpdf3h3F,anonymous,EN,1,6303b06e6c5c25b452b2d1e3,Cant remember,As a vegetable,Grinding the leaves into a powder and then mixing with water,shifted the standard from tea pressed into cakes to loose leaf tea,"Porcelain, Silk, Tea","silver, opium",Cant remember,To grow tea themselves and control the market,England needed a fast boat to export tea from China to the rest of the world to maximise profits,first,Cant remember,English traders brought tea to Europe,"Bringing tea to England
",10 times more than,5,complete,,,6303b06e6c5c25b452b2d1e3
29/04/2026 10:07,29/04/2026 10:33,IP Address,100,1583,TRUE,29/04/2026 10:33,R_2s0996tOCZ9nF0d,anonymous,EN,1,66dd8fd2905d609d29ccf008,"I think he was boiling some water and some tea leaves blew into it and he realised that it had medicinal properties as a cure for poison, or something along that vein",As a vegetable,The tea leaves were ground down to a powder and mixed with water. ,allowed artists to draw pictures in the foam of the tea,"pottery, tobacco and medicines","gold, opium",Opium use had got out of hand and so China decided to keep the trade going from one place rather than all along the coast. So Britain could only use  Hong Kong to  trade tea.,To grow tea themselves and control the market,The popularity of tea in the UK led to more demand and so the clipper ship was created to get more tea to the UK quicker. A trade was set up and tea was traded for opium.,first,Someone disguised himself as a worker and travelled across the border with some other workers to take the tea to Japan,English traders brought tea to Europe,She married a King of England and introduced her love of tea to Britain.,double,2,complete,,,66dd8fd2905d609d29ccf008
29/04/2026 10:26,29/04/2026 10:34,IP Address,100,445,TRUE,29/04/2026 10:34,R_866CkIMI8xtZaj7,anonymous,EN,1,676574e0a2caa752387f1b1c,He was poisoned and ate a tea leaf to counteract the poison,As a seasoning,It is made by grinding up tea leaves and pressing them into cakes,shifted the standard from tea pressed into cakes to loose leaf tea,"Tea, silk and porcelain ","silver, opium",It was part of the Opium wars and given to Britain as part of the peace treaty and to give them a trading port in China,To bring tea culture to India,The race to export tea to europe in the quickest possible times to drive profit,second,No idea,Dutch traders brought tea to Europe,Introducing the drink of tea with hot water to eurpoe,10 times more than,5,complete,,,676574e0a2caa752387f1b1c
29/04/2026 10:26,29/04/2026 10:34,IP Address,100,491,TRUE,29/04/2026 10:34,R_8AHgN9IWMMwtY8L,anonymous,EN,0.899999976,5b70758cf3dd6600010aa9eb,I don't remember.,As a seasoning,Green tea grown in shade.,cut down on the export of porcelain and silk to make tea the main export good,Tea,"silver, opium",The opium wars.,To grow tea themselves and control the market,Gold and tea transportation.,first,I don't remember.,Dutch traders brought tea to North America,Making tea popular as a drink.,double,2,complete,,,5b70758cf3dd6600010aa9eb
29/04/2026 10:28,29/04/2026 10:35,IP Address,100,372,TRUE,29/04/2026 10:35,R_8lnsgBjfchYOCjz,anonymous,EN,1,5e903aadbf2af034503d9bac,He scratched himself and a rubbing tea leaves on the wound healed it,As a vegetable,Powdered tea whipped with hot water to create a foamy drink,shifted the standard from tea pressed into cakes to loose leaf tea,Tea. Rice. Silk.,"silver, opium",As part of a peace deal after the Opium Wars,To grow tea themselves and control the market,The race by different countries and companies to get tea from China to Europe faster than their competitors.,second,I can't remember,Dutch traders brought tea to North America,Making tea drinking popular in England,10 times more than,6,complete,,,5e903aadbf2af034503d9bac
29/04/2026 10:18,29/04/2026 10:36,IP Address,100,1103,TRUE,29/04/2026 10:36,R_82wtmlt20qUNEC5,anonymous,EN,1,6759cf4aa98832e7c32a61b3,leaves drifted into boiling water he was preparing,As a vegetable,"by steaming young tea leaves, drying and then removing the stems. Grinded into a fine powder",shifted the standard from tea pressed into cakes to loose leaf tea,"tea, silk and porcelain","silver, opium",lost the  opium war,To grow tea themselves and control the market,to bring tea from China to Britain as fast as possible,second,Buddhist monks,Dutch traders brought tea to Europe,Popularising tea drinking in England,10 times more than,7,complete,,,6759cf4aa98832e7c32a61b3
29/04/2026 10:29,29/04/2026 10:37,IP Address,100,508,TRUE,29/04/2026 10:37,R_2EMw80KwMO7n3q4,anonymous,EN,1,5ea38a4693216f1a0310f906,"Accidently, can't remember the details",As a vegetable,By using green tea leaves. I can't remember anything else.,shifted the standard from tea pressed into cakes to loose leaf tea,"tea, ceramics, silk","silver, opium","To stop the war, they agreed to cede Hong Kong in return for peace.",To grow tea themselves and control the market,It was to make more profit. There was a lot of competition importing tea into Europe therefore being able to transfer it fast meant being able to have an advantage and make more money.,second,I think it was brought to Japan by a monk.,Dutch traders brought tea to Europe,Bringing tea to England,10 times more than,7,complete,,,5ea38a4693216f1a0310f906
29/04/2026 10:34,29/04/2026 10:37,IP Address,100,195,TRUE,29/04/2026 10:37,R_8F9wfucItQedh0l,anonymous,EN,1,6883a8504728f57551e8c82b,"Leaves from a wild tea plant blew into the water he was boiling, and he decided to taste it.",As a vegetable,"The tea leaves were steamed, dried, then ground into a fine powder and mixed with hot water.",shifted the standard from tea pressed into cakes to loose leaf tea,"Tea, silk, and porcelain","silver, opium","After losing the First Opium War, China was forced to give Hong Kong to Britain under the Treaty of Nanking.",To grow tea themselves and control the market,"The race to bring fresh tea to Britain as quickly as possible pushed shipbuilders to design faster vessels, leading to the clipper ship.",second,Buddhist monks brought tea from China back to Japan.,Dutch traders brought tea to Europe,She helped make tea fashionable at the English royal court and popular among the upper class.,10 times more than,7,complete,,,6883a8504728f57551e8c82b
29/04/2026 10:36,29/04/2026 10:39,IP Address,100,187,TRUE,29/04/2026 10:39,R_8LSyjJaVuY13IR8,anonymous,EN,1,581f6c63930a280001062e8c,He was poisoned and a tea leaf cured him,As a vegetable,Drying tea leaves into cakes and grinding them then mixing with water,shifted the standard from tea pressed into cakes to loose leaf tea,"Tea, opium and tobacco","gold, opium",To end the opium wars,To bring tea culture to India,Tea exports around the world,second,By a monk,Dutch traders brought tea to Europe,Popularising tea among aristocracy,10 times more than,5,complete,,,581f6c63930a280001062e8c
29/04/2026 10:35,29/04/2026 10:39,IP Address,100,257,TRUE,29/04/2026 10:39,R_8xOvbeEsrMQZ8GJ,anonymous,EN,0.899999976,6614fb6af3c5aa23b962ea2d,fell from the skies,As a vegetable,powdered tea that was heated ,shifted the standard from tea pressed into cakes to loose leaf tea,tea porcelain silk,"silver, opium",to end a war,To grow tea themselves and control the market,get tea delivered faster to Europe,second,as powder,Dutch traders brought tea to Europe,brewing tea as a drink,10 times less than,6,complete,,,6614fb6af3c5aa23b962ea2d
29/04/2026 10:30,29/04/2026 10:40,IP Address,100,588,TRUE,29/04/2026 10:40,R_82L32nPE6fSqkLZ,anonymous,EN,1,670d2513894d1c633eeb11a6,He was poisoned and about to die when a tea leaf flew into his mouth and revived him,As a vegetable,Matcha was made by first grinding tea cakes into powder and then whisking it in a bowl to make the liquid foamed version of tea.,shifted the standard from tea pressed into cakes to loose leaf tea,"Silk, tea, and porcelain","silver, opium",Because of the first opium war. They had to cede Hong Kong because they lost.,To grow tea themselves and control the market,It was created so that the British could ship tea faster from China to Britain.,second,Some monks brought the first tea plant into the country,English traders brought tea to North America,She was the first person who had tea and then introduced it to the rest of Britain,double,5,complete,,,670d2513894d1c633eeb11a6
29/04/2026 10:30,29/04/2026 10:40,IP Address,100,618,TRUE,29/04/2026 10:40,R_8mqkWTtQUP6XqPA,anonymous,EN,1,639f294882a3797f77a3dd81,it was something to do with being cured of poison 72 times,As a seasoning,macha is made by preserving the tea in its natural form and not putting it through the drying process to turn it black,shifted the standard from tea pressed into cakes to loose leaf tea,"Tea, porcelain and silk ","silver, opium",to end the tea wars,To grow tea themselves and control the market,The clipper ship was I think by the East India Dock company to speed up tea runs back to Europe,first,"I honestly cant remember how tea was introduced to Japan, maybe something to do with travelling monks maybe?",Dutch traders brought tea to Europe,was she responsible for popularising tea?,10 times more than,5,complete,,,639f294882a3797f77a3dd81
29/04/2026 10:32,29/04/2026 10:41,IP Address,100,542,TRUE,29/04/2026 10:41,R_8rwlQM4sOGTI9Pv,anonymous,EN,1,69982bfa1ee6046d7dc34144,He was poisoned and ate the leaves to cure the poisoning.,As a vegetable,"The tea leaves were dried and ground up into a powder, then mixed with hot milk. Patterns were drawn in the froth on the milk.",shifted the standard from tea pressed into cakes to loose leaf tea,"Tea, silk and porcelain china.","silver, opium","After the first opium war, but I don't know the year.",To grow tea themselves and control the market,"Consumption of tea was on the rise across the world, largely due to the spread of the British Empire. Tea trading was a lucrative business and getting the tea to market before competitors was important.",second,It was mixed with grain porridge.,Dutch traders brought tea to Europe,I don't know,10 times more than,7,complete,,,69982bfa1ee6046d7dc34144
29/04/2026 10:39,29/04/2026 10:41,IP Address,100,156,TRUE,29/04/2026 10:41,R_83ZwxIHUJYPo0e7,anonymous,EN,1,69c2b99c139477024421c669,"He poisoned himself multiple times, and when he ate tea it cured him.",As a vegetable,Pressed into cakes,shifted the standard from tea pressed into cakes to loose leaf tea,"Porcelain, tea, and another thing.","silver, opium",Because of a war.,To grow tea themselves and control the market,Competition to trade tea the fastest.,second,Through trade.,Dutch traders brought tea to Europe,No clue.,double,6,complete,,,69c2b99c139477024421c669
29/04/2026 10:39,29/04/2026 10:43,IP Address,100,219,TRUE,29/04/2026 10:43,R_2IV7ne7fzOLUo8h,anonymous,EN,1,6110c7e6ccdfb13e3dde5f4f,he was poisened by eating plants and the tea cured him,As a vegetable,infusing ground leaves with water,shifted the standard from tea pressed into cakes to loose leaf tea,"tea, silk and ?","silver, opium",because they lost the opium wars,To grow tea themselves and control the market,to bring back tea from China,first,traders smuggled it from China,Dutch traders brought tea to Europe,filtering water through the tea to create modern way of drinking tea,10 times more than,6,complete,,,6110c7e6ccdfb13e3dde5f4f
29/04/2026 10:30,29/04/2026 10:43,IP Address,100,778,TRUE,29/04/2026 10:43,R_8qwylWJqhfcvo2i,anonymous,EN,1,5870336cdb3e720001e230cd,some wild tea leaves accidentally fell into his pot of boiling water and he enjoyed the taste,As a vegetable,Tea leaves are steamed and dried before being ground into a fine green powder,shifted the standard from tea pressed into cakes to loose leaf tea,"tea, porcelain, silk","silver, opium",China ceded Hong Kong to Britain due to its defeat in the first opium war. This allowed Britian to have a trading port in Hong Kong,To grow tea themselves and control the market,The clipper ship was used to facilitate high speed trade to deliver tea from China to Europe,second,seeds and plants were taken to japan by travellers and envoys,Dutch traders brought tea to Europe,she created a ritual of drinking tea in the afternoon which became very popular,double,6,complete,,,5870336cdb3e720001e230cd
29/04/2026 10:33,29/04/2026 10:43,IP Address,100,648,TRUE,29/04/2026 10:43,R_8aLEzmBjZNQFi59,anonymous,EN,1,698383a5501f2146dff5966a,He thought the leaves could be herbal medicine to help cure poisoning.,As a vegetable,Grinding the tea leaves into powder.,shifted the standard from tea pressed into cakes to loose leaf tea,"Porcelain, silk and tea","silver, opium",They lost in the war and this was part of the agreement in order for them to end the conflict.,To grow tea themselves and control the market,There was competition between the trading companies to make more money from the tea.,second,One of the monks brought tea over from China.,Dutch traders brought tea to Europe,For bringing tea leaves to Europe.,10 times more than,7,complete,,,698383a5501f2146dff5966a
29/04/2026 10:34,29/04/2026 10:44,IP Address,100,542,TRUE,29/04/2026 10:44,R_8dnJqs4PK2MdyCr,anonymous,EN,1,5dd2d8126ac608000a330132,"sitting under a tree, eating falling or fallen tea leaves, possibly to try and cure food poisoning or a stomach upset.",As a vegetable,"tea leves ground up in a paste, water added, cake pressed, sugar or condiments added, then cake eaten as a food as a round flat cake.",cut down on the export of porcelain and silk to make tea the main export good,"silk, tea, porcelain ","silver, opium","because china lost the opium wars, and this was a treaty settlement in favour of the british isles.",To grow tea themselves and control the market,The east india company. Thermopolae or cutty sark sailing 'clipper' ships.,second,"by a mystic who sat under a tree plant, and eat a falling leaf to supposedly cure food poisoning.",English traders brought tea to Europe,"Making tea drinking popular in Europe as a drink, rather than as an eaten food.",10 times more than,5,complete,,,5dd2d8126ac608000a330132
29/04/2026 10:43,29/04/2026 10:47,IP Address,100,236,TRUE,29/04/2026 10:47,R_8rTm0IAMHHPFJ89,anonymous,EN,1,58713c5e58ca4c00018ce3ea,On a tree,As a vegetable,Whisking tea with a wooden brush,shifted the standard from tea pressed into cakes to loose leaf tea,tea,"gold, opium",To appease them,To grow tea themselves and control the market,To transport tea,second,By boat,Dutch traders brought tea to Europe,Bringing tea to England,double,5,complete,,,58713c5e58ca4c00018ce3ea
29/04/2026 10:36,29/04/2026 10:49,IP Address,100,776,TRUE,29/04/2026 10:49,R_2PzAx8uBWLzkS4z,anonymous,EN,1,571a1295c97ad400123ab3bd,A leaf floated into the farmers mouth,As a vegetable,"Matcha was made with the tea leaves, heat and moisture",cut down on the export of porcelain and silk to make tea the main export good,Tea silk ,"gold, opium",Don't know,To involve India in the war between Britain and China,Trade of opium for tea,second,Via art,English traders brought tea to North America,Silk,10 times more than,3,complete,,,571a1295c97ad400123ab3bd
29/04/2026 10:35,29/04/2026 10:51,IP Address,100,920,TRUE,29/04/2026 10:51,R_2U0oR7e6PDOcqLD,anonymous,EN,1,675230b036aa5c694a8c4dd5,He poisoned himself accidentally and before the poisons could end his life a tea leave landed in his mouth and he chewed on it which resulted in him discovering tea.,As a vegetable,Matcha was made by grounding up tea leaves and mixing with hot water.,shifted the standard from tea pressed into cakes to loose leaf tea,"Porcelain, silk and tea were the three essential export goods","silver, opium",The British took over Hong Kong during a war called the opium war and the British took over,To grow tea themselves and control the market,The sale of tea was vast and this led to the creation of the clipper ship.,second,In the 9th century tea was introduced by creating cakes and grinding it into a powder,Dutch traders brought tea to Europe,She was credited of introducing her husband to drinking tea which introduced the British to the tea culture we know today,10 times more than,7,complete,,,675230b036aa5c694a8c4dd5
29/04/2026 10:43,29/04/2026 10:55,IP Address,100,706,TRUE,29/04/2026 10:55,R_2Glh7pXo3pRaTo4,anonymous,EN,1,64137cf15dfe79e9ff198054,He found tea leaves which had nice scent and aromatic flavour. He mixed tea leaves in food and started consuming it.,As a vegetable,Matcha which is a form of tea was made from tea leaves. Tea leaves were crushed in solid blocks which was then changed to a powder form . The powder was mixed in hot water and was consumed as beverage called matcha.,cut down on the export of porcelain and silk to make tea the main export good,"Tea leaves, oil, paintings","silver, opium",Through ship export.,To grow tea themselves and control the market,Clipper ship was the sailboat which exported tea to the Europian countries from China.,second,It was exported and was consumed in a powder form mixed in hot water.,English traders brought tea to Europe,For making tea in hot water,10 times more than,5,complete,,,64137cf15dfe79e9ff198054
29/04/2026 10:46,29/04/2026 10:58,IP Address,100,742,TRUE,29/04/2026 10:58,R_21j5dUTyu9aB2X5,anonymous,EN,1,5f35050d72e95343c64aef66,I dont know,As a sauce,"it is steamed and then dried out , then ground down to create a powder form",shifted the standard from tea pressed into cakes to loose leaf tea,tea silk and porcelin,"silver, opium",Due to defeat in the opium war so they were forced to hand it over,To bring tea culture to India,Faster cargo transport of perishable goods was needed ,second,Buddhist monks used it as a medicinal purpose ,Dutch traders brought tea to Europe,she made tea popular to drink,10 times more than,5,complete,,,5f35050d72e95343c64aef66
29/04/2026 10:50,29/04/2026 11:01,IP Address,100,661,TRUE,29/04/2026 11:01,R_2dn2MdRp0fSCnnm,anonymous,EN,1,66742448a766391b65261301,"he was poisoned, a leaf of tea fell from a tree and into his mouth. He chewed on the leaf and was revived (cured of the poisoning)",As a seasoning,by drying tea leaves and making a fine powder from them,shifted the standard from tea pressed into cakes to loose leaf tea,"Silk, tea, opium","gold, opium",because he was not successful in destroying ships that traded opium for tea,To grow tea themselves and control the market,the need to quickly transport tea across the globe,first,in the form of dried cakes? via boats,Dutch traders brought tea to Europe,Bringing Tea to England,10 times more than,4,complete,,,66742448a766391b65261301
29/04/2026 10:59,29/04/2026 11:04,IP Address,100,265,TRUE,29/04/2026 11:04,R_8QQ9CsiVVe0vJMR,anonymous,EN,1,5da18dd5f362630015ee5f72,"he ate the leaves, but then by accident water dripped and it created the drink",As a vegetable,by picking the leaves ,shifted the standard from tea pressed into cakes to loose leaf tea,silk tea and porcelain,"silver, opium",unsure ,To grow tea themselves and control the market,it was created for the faster importation of tea,first,unsure ,English traders brought tea to Europe,introducing tea to england,10 times more than,5,complete,,,5da18dd5f362630015ee5f72
29/04/2026 10:33,29/04/2026 11:05,IP Address,100,1883,TRUE,29/04/2026 11:05,R_22DmbOIwe35Fw23,anonymous,EN,0.899999976,66d5b98153700fd933371467,tea by accident,As a vegetable,with chemicals,cut down on the export of porcelain and silk to make tea the main export good,electrics and cars as in goods,"gold, opium",because of the opium wars,To grow tea themselves and control the market,so it could race to be the fastest t get tea over here,first,by monks retunring,English traders brought tea to Europe,drinking tea,10 times more than,3,complete,,,66d5b98153700fd933371467
29/04/2026 11:02,29/04/2026 11:08,IP Address,100,373,TRUE,29/04/2026 11:08,R_2MMptpPpW1dvu2w,anonymous,EN,1,678ea8b3a094ea0ba1319d21,"He sampled several plants which were poisinous, he then discovered the tea leaves.",As a vegetable,macha was made by grinding down the tea leaves in to a fine powder,cut down on the export of porcelain and silk to make tea the main export good,"Tea, Silk and porcelain","gold, tobacco",Something to do with the war and thneir security!,To grow tea themselves and control the market,The high demand for the tea,second,Due to trading,Dutch traders brought tea to Europe,No idea,double,4,complete,,,678ea8b3a094ea0ba1319d21
29/04/2026 10:50,29/04/2026 11:08,IP Address,100,1108,TRUE,29/04/2026 11:08,R_8ltylf95wUa8IuO,anonymous,EN,1,6730f2e20f5915ff4ad2c07d,He took as an antidote to poison,As a vegetable,It was ground into powder,shifted the standard from tea pressed into cakes to loose leaf tea,"Tea, porcelain and silk","silver, opium",Due to being defeated in the opium war,To grow tea themselves and control the market,The transport of tea,second,By buddhist monks?,Dutch traders brought tea to Europe,For making tea popular?,10 times more than,7,complete,,,6730f2e20f5915ff4ad2c07d
29/04/2026 11:10,29/04/2026 11:19,IP Address,100,527,TRUE,29/04/2026 11:19,R_8TLEvtYo6Jh2R2N,anonymous,EN,1,5c5ca0ce4ee81200018eaf51,"He was poisoned 74 times, then as he was laying sick a tea leaf dropped into his mouth, he chewed it and was cured. 
",As a vegetable,"It was scraped off from a cake of dried tea, and heated in water or milk.",shifted the standard from tea pressed into cakes to loose leaf tea,"Porcelain, tea, opium. ","silver, opium",The Opium Wars.,To grow tea themselves and control the market,The competition to be the fastest at shipping tea to the UK.,second,I don't know.,English traders brought tea to Europe,Popularising tea.,10 times more than,6,complete,,,5c5ca0ce4ee81200018eaf51
29/04/2026 11:15,29/04/2026 11:21,IP Address,100,351,TRUE,29/04/2026 11:21,R_2smQ5iNDrtxRidr,anonymous,EN,1,5984e46fc0334000018fdbbb,I don't remember,As a vegetable,Tea plants were harvested then dried in compressed cakes. These were then ground into matcha powder which was prepared as a drink by being whisked with hot water,shifted the standard from tea pressed into cakes to loose leaf tea,"Tea, porcelain and silk","silver, opium",In partial settlement of the opium war,To grow tea themselves and control the market,The commercial necessity to get tea back from China to Britain faster than one's competitors,second,"As a vegetable? not sure, sorry",English traders brought tea to Europe,Popularising the drinking of tea,10 times more than,6,complete,,,5984e46fc0334000018fdbbb
29/04/2026 11:15,29/04/2026 11:23,IP Address,100,478,TRUE,29/04/2026 11:23,R_8gjsIQjFDXFzY0h,anonymous,EN,1,613637a4f7a0e5359082010b,By finding the leaves and realising they were edible?,As a vegetable,The tea leaves were roasted and ground into a fine powder,shifted the standard from tea pressed into cakes to loose leaf tea,"Tea, silk, dye","silver, opium",To stop opium trading?,To grow tea themselves and control the market,Tea export from Hong Kong,second,Trade with China,English traders brought tea to Europe,Bringing tea to the Iberian peninsula,double,5,complete,,,613637a4f7a0e5359082010b
29/04/2026 11:22,29/04/2026 11:25,IP Address,100,197,TRUE,29/04/2026 11:25,R_87QQdoNUYpQuHbb,anonymous,EN,1,5c0a29b6c307a400016adb9f,by accident,As a vegetable,By compressing the tea in to cakes and then disolving the cakes in hot water.,shifted the standard from tea pressed into cakes to loose leaf tea,"Silk, Tea and porcelain ","silver, opium",To pay off debts,To grow tea themselves and control the market,The need to get tea to India and make tea more easily exportable,second,By trade with China,English traders brought tea to Europe,Making Tea popular in Europe,double,5,complete,,,5c0a29b6c307a400016adb9f
29/04/2026 11:20,29/04/2026 11:25,IP Address,100,339,TRUE,29/04/2026 11:25,R_2hTlzvdtaOAiIKS,anonymous,EN,1,6277fb597942c07d74b16b98,a tea leaf fell into his mouth and cured him when he was ill,As a vegetable,grinding tea leaves,cut down on the export of porcelain and silk to make tea the main export good,"tea, silk, tobacco","silver, opium",Don't know,To grow tea themselves and control the market,to transport tea around the world quickly,first,"A guy ate lots of different plants and got ill, then a tea leaf went into his mouth, curing him of his ailments",Dutch traders brought tea to Europe,Bringing tea to the country,10 times more than,5,complete,,,6277fb597942c07d74b16b98
29/04/2026 11:20,29/04/2026 11:26,IP Address,100,359,TRUE,29/04/2026 11:26,R_8HhsJocRp80c1Tm,anonymous,EN,1,559bbbdafdf99b7ce19d5b3d,"He was poisoned, sat down to rest and a tea leaf flew in his mouth and revitalized him ",As a vegetable,By mixing tea leaves with boiling water and stirring,shifted the standard from tea pressed into cakes to loose leaf tea,"Silk, porcelain, and tea. ","silver, opium",They lost the First Opium War ,To grow tea themselves and control the market,European powers competing against each other to bring tea back from China the fastest. ,second,Travellers to China discovered the Chinese drinking it and brought it back to Japan as plants to grow. ,Dutch traders brought tea to Europe,Making tea drinking fashionable among Europeans.,10 times more than,7,complete,,,559bbbdafdf99b7ce19d5b3d
29/04/2026 11:01,29/04/2026 11:30,IP Address,100,1739,TRUE,29/04/2026 11:30,R_2KxuZgAehAbyu70,anonymous,EN,1,6968cd8ed53f5a3a484cf82a,"He was poisoned, and a leaf drifted into his mouth. He chewed on the leaf and became better.",As a vegetable,"Heat tea, pack it into portable cakes, grind it into powder and mix it with hot water. This creates matcha.",shifted the standard from tea pressed into cakes to loose leaf tea,"Tea
Porcelain
Silk","silver, opium",I don't remember.,To grow tea themselves and control the market,To bring tea to Europe first to maximize their profit.,second,A Japanese brought the first tea plant to Japan. The Japanese did their own unique rituals around tea.,Dutch traders brought tea to Europe,She made the tea popular.,10 times more than,7,complete,,,6968cd8ed53f5a3a484cf82a
29/04/2026 11:20,29/04/2026 11:31,IP Address,100,692,TRUE,29/04/2026 11:31,R_8jTb5LtHWlX2Xap,anonymous,EN,1,697913a58dc4a9fc4359367a,he discovered tea in 2737 Bc Through a happy accident,As a vegetable,"Matcha is made by shading green tea leaves, drying them and grinding them into a fine powder",shifted the standard from tea pressed into cakes to loose leaf tea,"Silk. Tea, Porcelain","silver, opium",China ceded Hong Kong to Britain after losing thw first Opium war,To grow tea themselves and control the market,It was created to move goods faster especially tea during growing global trade,second,Tea was introduced to Japan in the 9th century mainly through cultural and religious exchanges with china during the Heian period,Dutch traders brought tea to Europe,Queen Catherine of Braganza is credited with popularising tea drinking in England in the 1600s,10 times more than,7,complete,,,697913a58dc4a9fc4359367a
29/04/2026 11:33,29/04/2026 11:38,IP Address,100,270,TRUE,29/04/2026 11:38,R_2HTw5ezHv664p2s,anonymous,EN,1,5a9ea9fe1ade740001b92063,he ground it into his porridge,As a vegetable,ground dried tea leaves into cakes then added milk? and whisked into it,shifted the standard from tea pressed into cakes to loose leaf tea,"tea, porcelain, silk","silver, opium",Because it was an important port,To grow tea themselves and control the market,The need for it to be fast for trade routes,second,a botanist took tea plants and workers who knew how to grow it from China,Dutch traders brought tea to Europe,making tea drinking popular,10 times more than,7,complete,,,5a9ea9fe1ade740001b92063
29/04/2026 11:24,29/04/2026 11:39,IP Address,100,857,TRUE,29/04/2026 11:39,R_2xSmzJDnaZ5l0aL,anonymous,EN,1,5dffe96782a955c221410ed4,while sitting under the tree and a leave blew on his face,As a seasoning,by grinding leaves,shifted the standard from tea pressed into cakes to loose leaf tea,"porcelain, silk and tea","silver, opium",the ports,To grow tea themselves and control the market,to trade for tea leaves ,second,importing it ,English traders brought tea to Europe,growing tea,double,4,complete,,,5dffe96782a955c221410ed4
29/04/2026 11:30,29/04/2026 11:39,IP Address,100,560,TRUE,29/04/2026 11:39,R_2GEaOQ7IQHmJQ9S,anonymous,EN,1,63e6378e04ade071ebf9ff9c,Aftetr being poisoned,As a vegetable,"Matcha is made by shade growing tea plants, harvesting the leaves, steaming and drying them, removing stems and veins, and then grinding the leaves into a fine green powder using stone mills.",cut down on the export of porcelain and silk to make tea the main export good,tea,"silver, opium",losing the First Opium War,To grow tea themselves and control the market,To transport tea from China to Britain,second,Through a monk,English traders brought tea to Europe,popularizing tea drinking in England,10 times more than,5,complete,,,63e6378e04ade071ebf9ff9c
29/04/2026 11:34,29/04/2026 11:39,IP Address,100,314,TRUE,29/04/2026 11:39,R_2M55OoXY7gVpOm7,anonymous,EN,1,5cf656e90acc8f000147f643,He poisoned himself a lot and then a leaf fell into the water and he drank it which made him better. However there are no known poison cures that tea gives,As a vegetable,Squishing dry tea leaves into a cake shape,shifted the standard from tea pressed into cakes to loose leaf tea,Tea and pottery. I can't remember the third thing,"silver, opium",Something to do with opium wars and being smashed up by British vessels offshore,To grow tea themselves and control the market,Being able to get tea for China to Europe the fastest,second,Someone travelled to Japan with the plant so they could grow it,Dutch traders brought tea to Europe,She made Tea drinking popular,10 times more than,7,complete,,,5cf656e90acc8f000147f643
29/04/2026 11:26,29/04/2026 11:42,IP Address,100,969,TRUE,29/04/2026 11:42,R_29oHZ5PNVJtyYVK,anonymous,EN,1,696c14c4c7de2d012b0911cb,"He poisoned himself with other edible grains, but before they could end his life he tried one more which later became tea  ",As a vegetable,It used to be eaten as a vegetable and later on some discovered that a combination of heat and water can create matcha ,shifted the standard from tea pressed into cakes to loose leaf tea,"tea, porcelain and silk","silver, opium",because they got defeated by the British ,To grow tea themselves and control the market,to be able to bring more goods over from china ,second,from the British ,English traders brought tea to Europe,for making tea popular ,10 times more than,6,complete,,,696c14c4c7de2d012b0911cb
29/04/2026 11:41,29/04/2026 11:47,IP Address,100,375,TRUE,29/04/2026 11:47,R_2dsZUjvAPcAGhdW,anonymous,EN,0.800000012,58e1916827e7d900011035e0,A leaf blew into his mouth and made him better after he had been poisoned trying other leaves.,As a vegetable,The leaves were grounded,shifted the standard from tea pressed into cakes to loose leaf tea,"tea, silk and porcelain","silver, opium",I cannot remember.,To bring tea culture to India,to bring tea quicker and fresh to Europe,second,I cannot remmember,English traders brought tea to Europe,making drinking tea fashionable ,double,4,complete,,,58e1916827e7d900011035e0
29/04/2026 11:41,29/04/2026 11:49,IP Address,100,453,TRUE,29/04/2026 11:49,R_2VbyMPFYfA67kwp,anonymous,EN,1,615f374cefabec945b04b5e9,"He got poisoned 72 times, and then he found a cure, which was a tea leaf. ",As a seasoning,In Japan by hand-picking leaves,shifted the standard from tea pressed into cakes to loose leaf tea,"Tea, ","silver, opium",There was a war over opium. ,To grow tea themselves and control the market,To bring more tea to Europe,first,I think monks from China brought it to Japan. I don't remember much,English traders brought tea to Europe,Changing the currency from silver to opium,10 times more than,4,complete,,,615f374cefabec945b04b5e9
29/04/2026 11:52,29/04/2026 11:57,IP Address,100,323,TRUE,29/04/2026 11:57,R_2EfARPKlosawRMY,anonymous,EN,1,6772ed734bf7106ee5415ab9,I am not sure/dont remember now ,As a vegetable,Tea was changed into cakes then  boiled to consume as a drink ,shifted the standard from tea pressed into cakes to loose leaf tea,"Porcelain 
Silk
Tea","silver, opium",They lost the First opium war ,To grow tea themselves and control the market,To get a foothold of tea trade between China and Europe ,second,I dont remember exactly but I think it was Buddhist monks,Dutch traders brought tea to Europe,Introducing tea to the English people ,10 times more than,7,complete,,,6772ed734bf7106ee5415ab9
29/04/2026 11:52,29/04/2026 11:59,IP Address,100,463,TRUE,29/04/2026 11:59,R_2zucAsSVFJ3damT,anonymous,EN,1,6982564c515b987b2924bf9c,"he was poisoned, a leaf dropped inside his mouth and he chew it by mistake. He survived. He then discovered the tea",As a vegetable,matcha was firstly made by eating eat and then was introduced as drinking,allowed tea to be the subject of books and poetry,"silk, tea and porcelain","silver, opium",because lost the opium war ,To grow tea themselves and control the market,intense commercial pressure especially tea from China,second,they brought tea seeds to japan and they aknowledge the drinking of tea,English traders brought tea to Europe,because she introduced first the tea drinking in England,10 times more than,5,complete,,,6982564c515b987b2924bf9c
29/04/2026 11:43,29/04/2026 12:01,IP Address,100,1047,TRUE,29/04/2026 12:01,R_8FICHqbgGEB1Ky0,anonymous,EN,1,67aa54c162dc637de018fe18,"According to the ancient legend, a leaf drifted into Shennong’s mouth after he had accidentally poisoned himself, and when he chewed it, it revived him, leading to the discovery of tea.",As a vegetable,"Matcha was made by heating tea leaves, packing them into portable cakes, grinding them into powder, and then mixing the powder with hot water to create a beverage.",shifted the standard from tea pressed into cakes to loose leaf tea,"Tea, porcelain, and silk.","silver, opium",China ceded Hong Kong to the British because it was defeated in the First Opium War and had to resume trading on unfavourable terms.,To grow tea themselves and control the market,Intense competition between Western trading companies to bring tea back to Europe first and maximize profits led to the creation of the clipper ship.,second,Tea was introduced to Japan in the 9th century when a Japanese monk brought the first tea plant from China to Japan.,Dutch traders brought tea to Europe,She is credited with making tea popular among the English aristocracy after marrying King Charles II in 1661.,10 times more than,7,complete,,,67aa54c162dc637de018fe18
29/04/2026 11:52,29/04/2026 12:11,IP Address,100,1132,TRUE,29/04/2026 12:11,R_2KI4XlElt6HuNKR,anonymous,EN,1,6664aff313672880c2b0ba59,The leaves fell and he got his servant to brew them in water.,As a seasoning,Matcha was made by grounding down the tea leaves into a powder.,shifted the standard from tea pressed into cakes to loose leaf tea,"Porcelain, silk, and tea gave China significant power and economic influence.","silver, opium",China ceded Hong Kong to the British after the Opium Wars,To grow tea themselves and control the market,The clipper ship was created to win the trade war and allow the East India Shipping company to transport tea. Tea had become so popular that they wanted to have the fastest shipping method and beat any competition.,second,Tea was introduced to Japan by monks who had visited China and took tea back to Japan,English traders brought tea to Europe,"I cannot recall her exact significance.  I have a memory of her being mentioned in the first video, so as a guess, she brought tea to Europe.",double,4,complete,,,6664aff313672880c2b0ba59
29/04/2026 12:10,29/04/2026 12:15,IP Address,100,249,TRUE,29/04/2026 12:15,R_2GTWyt0VM3Wg4ag,anonymous,EN,1,5ba2a1c8c96df90001ce9159,he came across it in the forest and tried it,As a vegetable,from a plant mixed with the tea plant,cut down on the export of porcelain and silk to make tea the main export good,"shipping, tea,","silver, tobacco",im not sure,To bring tea culture to India,transporting tea in it,second,unsure,English traders brought tea to Europe,bringing tea to the UK,double,2,complete,,,5ba2a1c8c96df90001ce9159
29/04/2026 12:01,29/04/2026 12:27,IP Address,100,1574,TRUE,29/04/2026 12:27,R_8IaCqWRDYDxxKgF,anonymous,EN,1,5ceac2dd06aa230001363420,When a wild tea leaf fell into his pot of boiling water.,As a drink,"Shading tea plants before harvest to boost chlorophyll, then steaming, drying and removing stems from leaves to create tencha.",shifted the standard from tea pressed into cakes to loose leaf tea,Not sure,"gold, opium",Not sure,To bring tea culture to India,Can't remember,first,By Buddhist monks,English traders brought tea to Europe,Popularized tea drinking in Britain,10 times more than,2,complete,,,5ceac2dd06aa230001363420
29/04/2026 12:27,29/04/2026 12:31,IP Address,100,286,TRUE,29/04/2026 12:31,R_8QIVxQm6QmOxnod,anonymous,EN,0.800000012,6759bb1db4ca495276aefe4d,He stumbled upon it while collecting herbs. ,As a vegetable,The leaves were boiled and mixed with some kind of powder then pressed into cakes. ,shifted the standard from tea pressed into cakes to loose leaf tea,"Porcelain, tea and opium","silver, opium",It was part of the settlement of the Opium wars and gave them a port. ,To grow tea themselves and control the market,"The need to get the tea to Europe while it was fresh, without stopping on the way. ",second,"Can't remember, would have to guess. ",English traders brought tea to Europe,Making tea drinking fashionable among the upper classes. ,double,5,complete,,,6759bb1db4ca495276aefe4d
29/04/2026 12:06,29/04/2026 12:39,IP Address,100,1974,TRUE,29/04/2026 12:39,R_8VudYdZheNt3Zct,anonymous,EN,1,5fb551ccab996500099ab1aa,I cant remember ,As a drink,"Matcha was made by growing tea leaves, then steaming, drying, and removing something. The leaves would then produce a green powder that is whisked with hot water to drink.",cut down on the export of porcelain and silk to make tea the main export good,I don't remember ,"silver, opium",It lost the opium war and was forced to give it up. ,To grow tea themselves and control the market,"competition, having the fastest ship meant getting two trade places quickly and beating the competition. ",first,I don't remember  ,English traders brought tea to Europe,I don't remember  ,10 times more than,3,complete,,,5fb551ccab996500099ab1aa
29/04/2026 12:49,29/04/2026 12:55,IP Address,100,359,TRUE,29/04/2026 12:55,R_8kFCbdKOBRNNzrH,anonymous,EN,1,602d1d984787306b190f0b43,He was poisoned by accident and then a tea leaf blew into his mouth and cured him.,As a vegetable,A cake comprised of tea leaves was put in a pot with hot water and honey.,shifted the standard from tea pressed into cakes to loose leaf tea,"Tea, silk and gunpowder","silver, opium",To end the opium wars.,To grow tea themselves and control the market,The need to transport tea quickly.,second,It spread from China,English traders brought tea to Europe,Don't know.,double,5,complete,,,602d1d984787306b190f0b43
29/04/2026 12:47,29/04/2026 13:01,IP Address,100,856,TRUE,29/04/2026 13:01,R_8uL74oExQ02ogCZ,anonymous,EN,1,6768434c73d3cbf6add74da9,he chewed on the leaf and it healed his poisoning,As a vegetable,It was made by grinding the tea leaves up into powder,shifted the standard from tea pressed into cakes to loose leaf tea,"Tea, silk, porcelain?","silver, opium",To chill the war out?,To grow tea themselves and control the market,For the dutch taking tea to europe?,second,Monks?,Dutch traders brought tea to Europe,Making tea popular with the brits,10 times more than,7,complete,,,6768434c73d3cbf6add74da9
29/04/2026 12:57,29/04/2026 13:16,IP Address,100,1137,TRUE,29/04/2026 13:16,R_8KZ930uvugmQffu,anonymous,EN,1,6978c457ed039d215eea38c4,"According to the video, the legend states that Shennong discovered tea when he was searching for grains and herbs then he got poisioned by some leaves then he ate the tea leaves and didn't die. ",As a vegetable,"Matcha was first made by drying the tea leaves and moulding them into cake form and then grinding to powder to make the tea. Then it evolved later to just steaming, drying, removing the stems, and grinding into fine green powder. ",shifted the standard from tea pressed into cakes to loose leaf tea,"Tea, Porcelain, and Silk","silver, opium","This was as a result of the defeat in the first Opium war. It was part of an unequal treaty after China lost the war tied to trade disputes , especially over Opium. ",To grow tea themselves and control the market,it was the intense commercial competieion and race for speed import and exportation of tea in global trade that led to the creation.,second,Tea was introduced into Japan through the buddhist monk travelling to China,Dutch traders brought tea to Europe,She was creditied with popularizing tea drinking in England in the 1660s,10 times more than,7,complete,,,6978c457ed039d215eea38c4
29/04/2026 13:15,29/04/2026 13:23,IP Address,100,457,TRUE,29/04/2026 13:23,R_8f8kaHPL0NZnhCC,anonymous,EN,1,66cdced52b59520d110dc694,he was poisoned because of something he ate and therefore he tried the leaves and was cured,As a vegetable,when tea leaves were made as powder form ,shifted the standard from tea pressed into cakes to loose leaf tea,"tea, silk and porcelain ","silver, opium",Because of the conflict,To grow tea themselves and control the market,To deliver tea to europe as soon as possible and to compete with other careers of tea,second,An emperor came to china and took tea tree with him back to japan,English traders brought tea to Europe,introducing  tea to english people,10 times more than,6,complete,,,66cdced52b59520d110dc694
29/04/2026 13:15,29/04/2026 13:23,IP Address,100,468,TRUE,29/04/2026 13:23,R_2vieZppRDwxubzF,anonymous,EN,1,5ea0b2cbf710490ac2644b7e,tea leaves fell into some water,As a vegetable,it was made from coffee,shifted the standard from tea pressed into cakes to loose leaf tea,"tea, silk, rice","gold, opium",as compensation for stop selling opium into China,To grow tea themselves and control the market,the Cutty Sark,first,as a cake,English traders brought tea to Europe,introducing tea to England,double,3,complete,,,5ea0b2cbf710490ac2644b7e
29/04/2026 13:17,29/04/2026 13:23,IP Address,100,380,TRUE,29/04/2026 13:23,R_2foJmlUA4rZnOBr,anonymous,EN,1,5fac4dc60d67201ffe756ca1,he chewed on a leaf,As a vegetable,with a cake of leaves that was crumbled into hot water,shifted the standard from tea pressed into cakes to loose leaf tea,"tea, silk, porcelain","silver, opium",they gave it after the first opium war so Britain had a permanent trading base,To grow tea themselves and control the market,to bring tea from India at speed,second,monks,Dutch traders brought tea to Europe,she introduced tea to the English market,10 times more than,7,complete,,,5fac4dc60d67201ffe756ca1
29/04/2026 13:12,29/04/2026 13:25,IP Address,100,754,TRUE,29/04/2026 13:25,R_2HifAYrbwL4Lk4J,anonymous,EN,1,5f10d13957b4763f401690e5,It was accidental.,As a vegetable,By turning tea leaves into powder.,cut down on the export of porcelain and silk to make tea the main export good,Tea,"silver, opium",because they were defeated.,To grow tea themselves and control the market,The need for a faster ship.,second,I am no longer sure,Dutch traders brought tea to Europe,I am no longer sure.,10 times more than,6,complete,,,5f10d13957b4763f401690e5
29/04/2026 13:20,29/04/2026 13:25,IP Address,100,287,TRUE,29/04/2026 13:25,R_8OIuf1mOOggL84f,anonymous,EN,1,5bbc3d95f1f9ba000141d855,He saw it growing and tasted it,As a vegetable,It was crushed tea leaves made into little cakes,shifted the standard from tea pressed into cakes to loose leaf tea,porcelain tea and silk,"silver, opium",They gave away territory to the British in return for silver,To grow tea themselves and control the market,Tea became very profitable and was hugely in demand. Fast ships were needed to get the product to Europe,second,it was distributed from China,English traders brought tea to Europe,Making tea with boiling water,double,5,complete,,,5bbc3d95f1f9ba000141d855
29/04/2026 13:21,29/04/2026 13:26,IP Address,100,270,TRUE,29/04/2026 13:26,R_2lSqMTEndClC3AX,anonymous,EN,1,66a93de3f2548f23b727c479,"I cannot remember how he found it, but I think he used it to cure an illness he had.",As a drink,It was made using the tea cakes dissolved in water,shifted the standard from tea pressed into cakes to loose leaf tea,"silk, tea, and wood","silver, opium",I cannot remember,To grow tea themselves and control the market,I genuinely cannot remember...I feel like it was to improve deliveries?,second,By boat from China,English traders brought tea to Europe,I'm sorry I cannot remember,10 times more than,5,complete,,,66a93de3f2548f23b727c479
29/04/2026 13:34,29/04/2026 13:41,IP Address,100,415,TRUE,29/04/2026 13:41,R_2dG8NxaSzrdXaGw,anonymous,EN,1,5d8272296cca0b001759f562,he was bitten by snakes/a snake 72 times and he used tea as a form of medication that cured the bites,As a vegetable,"the tea leaves were dried to preserve them, and hot water was added before use",cut down on the export of porcelain and silk to make tea the main export good,"tea, silk and porcelain","silver, opium",to stop the distribution of opium?,To grow tea themselves and control the market,to speed up the transport of tea from China to Europe,second,Tea plants were taken to Japan as part of an agreement?,Dutch traders brought tea to Europe,introducing tea to Europe ,10 times more than,6,complete,,,5d8272296cca0b001759f562
29/04/2026 13:39,29/04/2026 13:42,IP Address,100,169,TRUE,29/04/2026 13:42,R_8k21DO84ldZLnfg,anonymous,EN,1,5b7550cb09105000015131ae,He ate 72 poisoned herbs ,As a seasoning,It is harvested off the bush and then dried and ground into a fine dust,shifted the standard from tea pressed into cakes to loose leaf tea,"Tea, Silk and gunpowder","silver, opium",To pay off it's debts and stop the British selling opium to the Chinese,To grow tea themselves and control the market,The fight to get tea back to Europe as quick as possible,second,It was traded with them from China,Dutch traders brought tea to Europe,Bringing tea to ENgland,10 times more than,6,complete,,,5b7550cb09105000015131ae
29/04/2026 13:29,29/04/2026 13:43,IP Address,100,848,TRUE,29/04/2026 13:43,R_2Ny9QrPT6adhhwa,anonymous,EN,1,6748b5c2eb65f80fc92caa93,He ate some poisonous fruits and kept eating leaves to get better,As a vegetable,tea leaves were blended into cake and then powder and mixed with hot water,cut down on the export of porcelain and silk to make tea the main export good,"tea, porcelain, cotton","silver, opium",British won the opium war against china,To grow tea themselves and control the market,everyone wanted their tea to get to the destination faster,second,in cake form,English traders brought tea to Europe,for bringing tea into europe,10 times more than,5,complete,,,6748b5c2eb65f80fc92caa93
29/04/2026 13:30,29/04/2026 13:43,IP Address,100,752,TRUE,29/04/2026 13:43,R_8EExAUB3v4M3Qa1,anonymous,EN,1,664d13e7bd941e750966cb72,A tea leaf fell into his hot water and he realised it made him feel better,As a drink,Matcha was made by growing tea leaves in the shade and then ground,shifted the standard from tea pressed into cakes to loose leaf tea,"Tea, Textiles, china crockery","gold, opium",Because they wanted to restore national dignity,To make tea an everyday commodity,They were created to meet demands for carrying cargo including tea,second,Tea was introduced by buddhists,English traders brought tea to Europe,she introduced tea drinking in England,double,2,complete,,,664d13e7bd941e750966cb72
29/04/2026 13:36,29/04/2026 13:44,IP Address,100,500,TRUE,29/04/2026 13:44,R_8cYBF65BiZy7YuL,anonymous,EN,1,57d42e23f7b8540001e77bfc,Shennong ate a number of poisonous plants and berries while in the forest and then ate tea leaves which saved his life.,As a vegetable,Matcha was made by pouring water on cakes of tea leaves and whisking.,shifted the standard from tea pressed into cakes to loose leaf tea,"China's three essential export goods were silk, tea and porcelain.","silver, opium",It lost the opium wars. ,To grow tea themselves and control the market,The colonisers trying to beat each other to and from china to acquire and sell tea.,second,As a concession of the war by China. It was still eaten as a plant.,English traders brought tea to Europe,Introducing the use of tea leaves and the drink of tea to England.,10 times more than,6,complete,,,57d42e23f7b8540001e77bfc
29/04/2026 13:39,29/04/2026 13:51,IP Address,100,710,TRUE,29/04/2026 13:51,R_8e3XGGWMwuirk5O,anonymous,EN,1,66eb295e917ab5b37e00f625,leaves accidentally blew into his pot of hot water,As a drink,leaves are dried and ground into a powder,shifted the standard from tea pressed into cakes to loose leaf tea,"Silk, porcelain and tea","silver, opium",This was due to the opium wars,To grow tea themselves and control the market,The clipper ship was introduced to transport tea to Europe as quickly as possible from India.,second,Tea was introduced to Japan by Monks from China,Dutch traders brought tea to Europe,She popularised drinking tea.,10 times more than,6,complete,,,66eb295e917ab5b37e00f625
29/04/2026 13:46,29/04/2026 13:51,IP Address,100,330,TRUE,29/04/2026 13:51,R_8qrahyIf8SQKd1J,anonymous,EN,1,5f53f6458dff8f755bac4a9d,he saw a ghost,As a seasoning,by boiling in milk,cut down on the export of porcelain and silk to make tea the main export good,"tea, opium, and silk","silver, opium","because they lost the opium was, Hong Kong was a concession to resume trading ",To grow tea themselves and control the market,the need to be the first to market by having the fastest sailboat,second,it was smuggled in by the british,Dutch traders brought tea to Europe,making tea more commonplace,10 times more than,5,complete,,,5f53f6458dff8f755bac4a9d
29/04/2026 13:43,29/04/2026 13:54,IP Address,100,656,TRUE,29/04/2026 13:54,R_2Bu1bmnsJTmY1LH,anonymous,EN,1,5fe1f5f751f3a9ceb57d935a,he knocked over hot water,As a vegetable,leaves were ground into a fine powder ,shifted the standard from tea pressed into cakes to loose leaf tea,"Silk, porcelain, tea","silver, opium",Not sure,To grow tea themselves and control the market,faster transport of high valued goods,second,Not sure,Dutch traders brought tea to Europe,drinking tea in england,10 times more than,7,complete,,,5fe1f5f751f3a9ceb57d935a
29/04/2026 13:47,29/04/2026 13:55,IP Address,100,475,TRUE,29/04/2026 13:55,R_8fdS5qU6I0pKqLI,anonymous,EN,1,5f04d99fac08ac7b22af01be,by trying different plants and being poisoned over 70 times when a leaf floated down and into his mouth healing him ,As a drink,drying and compressing leaves into a block then adding water,shifted the standard from tea pressed into cakes to loose leaf tea,tea,"silver, tobacco",as a result of the opium wars,To grow tea themselves and control the market,the desire of merchants to import tea quicker than their rivals ,second,it was taken there by monks,Dutch traders brought tea to Europe,making tea popular in Europe ,10 times more than,5,complete,,,5f04d99fac08ac7b22af01be
29/04/2026 13:33,29/04/2026 13:56,IP Address,100,1386,TRUE,29/04/2026 13:56,R_8oYBmZp7RtW2jP3,anonymous,EN,1,5f8bf55617ed3331cd61707e,I cannot recall,As a vegetable,The tea leaves were ground into a powder and consumed with hot water,shifted the standard from tea pressed into cakes to loose leaf tea,"tea, porcelain and cotton","silver, opium","Because of pressure placed on them by the British, they were attacked - something about opium...",To involve India in the war between Britain and China,I do not recall,second,Something about coffee?,English traders brought tea to Europe,I do not recall,10 times more than,5,complete,,,5f8bf55617ed3331cd61707e
29/04/2026 13:50,29/04/2026 13:56,IP Address,100,354,TRUE,29/04/2026 13:56,R_28TZtLKtaSa2SXc,anonymous,EN,1,6659f6d44d033081c991c539,by being poisoned,As a vegetable,by finely grinding tea leaves and mixing with milk,allowed artists to draw pictures in the foam of the tea,"tea, cotton and rice","silver, opium",due to the wars,To grow tea themselves and control the market,wanting faster imports,second,by importing from China,English traders brought tea to Europe,drinking tea at her wedding,half,4,complete,,,6659f6d44d033081c991c539
29/04/2026 13:47,29/04/2026 13:57,IP Address,100,623,TRUE,29/04/2026 13:57,R_810sMCwHXmcQZNv,anonymous,EN,0.899999976,6126086041dbfc8b499a693c,"he poisioned himself and found that tea reversed that poisioning,",As a drink,they shade the tea before hand to stop sunlight hindering the process of that matacha making,cut down on the export of porcelain and silk to make tea the main export good,"tea, silk and porcelian","silver, opium",as they wanted to trade items i think? i believe they wanted something in return for trading tea??,To grow tea themselves and control the market,for the demand of tea products and consuming,first,in a ceremony/ritual ,English traders brought tea to Europe,queen catherine of bragnaza was credited for her influence on british tea drinkng in the 1600 and how she enjoyed that,10 times more than,3,complete,,,6126086041dbfc8b499a693c
29/04/2026 13:51,29/04/2026 14:00,IP Address,100,566,TRUE,29/04/2026 14:00,R_2jBenuKeFPHIPZY,anonymous,EN,1,681485b41e4f472801db525a,leaves blew in the water,As a vegetable,i can't remember,shifted the standard from tea pressed into cakes to loose leaf tea,tea ceramics ,"gold, opium",something to do with opium i think,To grow tea themselves and control the market,to transport tea,second,by a monk,English traders brought tea to Europe,drinking tea,10 times more than,5,complete,,,681485b41e4f472801db525a
29/04/2026 13:53,29/04/2026 14:04,IP Address,100,670,TRUE,29/04/2026 14:04,R_8V9exK0VFSY3Xql,anonymous,EN,1,64481bca476d6bfbae2066e2,he was boiling water under a tree and some wild  tea leaves fell into his pot,As a vegetable,it is made by taking shade grown tea leaves steaming and drying them to produce tencha and then removing stems and veins before grinding the leaves into fine powder.,shifted the standard from tea pressed into cakes to loose leaf tea,"silk, tea, porcelain","silver, opium",It was defeated in the first opium war,To grow tea themselves and control the market,The demand for speed in international trade.,second,It was buddhist monks returning from study in China who introduced tea to Japan,Dutch traders brought tea to Europe,She popularized tea drinking in England,10 times more than,7,complete,,,64481bca476d6bfbae2066e2
29/04/2026 13:59,29/04/2026 14:07,IP Address,100,447,TRUE,29/04/2026 14:07,R_8Ja6IsMZNll2iZA,anonymous,EN,1,6617d376619a2b4541498f2c,can not remember,As a vegetable,it was ground down into a powder and then mixed with water ,shifted the standard from tea pressed into cakes to loose leaf tea,"porcelain,
tea and silk","silver, opium",As part of the settlement after the opium war between Britain and China,To grow tea themselves and control the market,To enable the merchant to get his tea to England in the shortage possible time and thereby first to the market to then maintain a high price.,second,It was ground down to a powder and used this way,Dutch traders brought tea to Europe,With making tea really popular within the United Kingdom ,double,6,complete,,,6617d376619a2b4541498f2c
29/04/2026 14:07,29/04/2026 14:16,IP Address,100,511,TRUE,29/04/2026 14:16,R_8PsHToXYymNyuOZ,anonymous,EN,1,60f20aac9a3cd813c94175b4,The wind blew the tea leafs into boiling water,As a seasoning,Steaming tea leaves,cut down on the export of porcelain and silk to make tea the main export good,"tea, leafs","silver, opium",They had subsequent losses in the second opium war,To bring tea culture to India,Maximising profits for naval ships,second,Buddhist Monks brought back tea seeds and tea leafs,Dutch traders brought tea to Europe,She popularised the custom of drinking tea in England,10 times more than,4,complete,,,60f20aac9a3cd813c94175b4
29/04/2026 14:10,29/04/2026 14:16,IP Address,100,341,TRUE,29/04/2026 14:16,R_2sKkhKfBDPAISFb,anonymous,EN,1,5f1b5eddc8514b195ccc602a,He picked it and ate it in a salad to begin with and discovered it could be good.,As a vegetable,"It was ground down leaves, which were then pressed and mixed with hot water to drink.",shifted the standard from tea pressed into cakes to loose leaf tea,"Silk, tea and copper","silver, opium",Something related to the production of tea.,To bring tea culture to India,The growing demand for tea within Europe.,second,In the form of loose tea leaves,Dutch traders brought tea to Europe,I can't remember at all,10 times more than,6,complete,,,5f1b5eddc8514b195ccc602a
29/04/2026 14:13,29/04/2026 14:18,IP Address,100,266,TRUE,29/04/2026 14:18,R_86gT4movP1qXyo8,anonymous,EN,1,5e1f7b5450f6aa0122fcef8b,a tea leaf floated down and landed in his mouth after he had been poisoned 75 times,As a vegetable,I can't remember,shifted the standard from tea pressed into cakes to loose leaf tea,"tea, porcelain, opium","silver, opium",not sure,To grow tea themselves and control the market,get tea shipped around the world,second,not sure,English traders brought tea to Europe,bringing opium?,10 times more than,6,complete,,,5e1f7b5450f6aa0122fcef8b
29/04/2026 14:18,29/04/2026 14:24,IP Address,100,380,TRUE,29/04/2026 14:24,R_2QMezOKvctAzjob,anonymous,EN,1,57892012454e5400015f35c4,"He poisoned himself eating something in the forest. As he lay dying, a tea leaf fell into his mouth and he was revived",As a vegetable,"the tea leaves were soaked in water, formed into bricks, dried out and then ground up into powder",shifted the standard from tea pressed into cakes to loose leaf tea,"tea, silk, ceramics","gold, opium",To stop the the British from bringing opium into China along the Eastern coast,To grow tea themselves and control the market,The East India Tea company racing against other European countries to export tea from the East to Europe as quickly as possible,second,don't remember,Dutch traders brought tea to Europe,bringing tea to England,10 times more than,6,complete,,,57892012454e5400015f35c4
29/04/2026 13:55,29/04/2026 14:25,IP Address,100,1778,TRUE,29/04/2026 14:25,R_8GOrDjqAebtF6MN,anonymous,EN,1,6773dea609f77d473900997a,When leaves from a wild tea plant accidentally fell into the pot of boiling water he was using while testing plants in the forest. He tasted it and found it medicinal.,As a vegetable,"Matcha wa made by shading tea plants, picking the young leaves, steaming and drying them, removing stems, and grinding the leaves into a powder.",shifted the standard from tea pressed into cakes to loose leaf tea,tea,"silver, opium",After losing the first opium war against china,To grow tea themselves and control the market,"It was developed to transport goods faster, especially tea from China to United Kingdom. The competition to deliver fresh tea quickly led to faster ship designs. Clippers were the fastest sailing vessels at that time.",second,"Tea was introduced to Japan by buddhist who travelled to China. They brought back tea seeds and the practice of drinking tea, where it was first used mainly",Dutch traders brought tea to Europe,popularising tea drinking in England,10 times less than,6,complete,,,6773dea609f77d473900997a
29/04/2026 14:19,29/04/2026 14:35,IP Address,100,961,TRUE,29/04/2026 14:35,R_20SgtyJVpoFj4Dv,anonymous,EN,1,6658b1a747c3b7e6e7d4a63e,Its mythical - but he would try various herbs and spices frequently. Tea leaves managed to get into boiled water he had and he enjoyed the flavours.,As a vegetable,Matcha is a result of the tea leaves being ground into a fine powder and drank unlike the leaves would be discarded. More intesnse flavour ,shifted the standard from tea pressed into cakes to loose leaf tea,"silk, opium, tea","gold, opium","They were coerced by the military due to opium wars, they did not choose to.",To grow tea themselves and control the market,It was created to ensure speed for global trade demands. Was the fastest sailing to ensure prompt goods moveable,second,bhuddist munks returned from travelling to China and introduced tea,Dutch traders brought tea to Europe,She made drinking tea popular. It was uncommon in England beforehand.,10 times more than,6,complete,,,6658b1a747c3b7e6e7d4a63e
29/04/2026 14:36,29/04/2026 14:39,IP Address,100,184,TRUE,29/04/2026 14:39,R_8yyLFDS6WrlXneV,anonymous,EN,1,5eb7094fbb8ed70b61398cff,I can't remember,As a drink,Grinding tea leaves,allowed tea to be the subject of books and poetry,Tea - not sure of the other two.,"gold, opium",Can't remember,To grow tea themselves and control the market,The need to increase the speed of transporting goods.,second,Through travel,English traders brought tea to Europe,Popularising tea consumption,10 times more than,3,complete,,,5eb7094fbb8ed70b61398cff
29/04/2026 14:22,29/04/2026 14:39,IP Address,100,1027,TRUE,29/04/2026 14:39,R_2r22LgfyjZZe8wq,anonymous,EN,1,57a7326516a091000112edb2,I believe it was by accident when tea leaves blew into a pot of boiling water,As a vegetable,"Green Tea leaves were steamed, dried and then ground and pressed into cakes of fine powder",shifted the standard from tea pressed into cakes to loose leaf tea,"Tea, silk and porcelain","silver, opium",As a concession at the end of the first opium war,To grow tea themselves and control the market,To meet the demand for fast transport to move valuable and perishable cargo quickly around the world,second,It was introduced by Buddhist monks who brought it back from China,Dutch traders brought tea to Europe,She is credited with making tea drinking popular in England.,10 times more than,7,complete,,,57a7326516a091000112edb2
29/04/2026 14:30,29/04/2026 14:40,IP Address,100,591,TRUE,29/04/2026 14:40,R_8Eb9LZDCLHBKuQW,anonymous,EN,1,559272f4fdf99b7e42e96932,tea leaves blew into his mouth and he chewed them,As a drink,tea leaves were crushed into fine powder and fermented into a drink,shifted the standard from tea pressed into cakes to loose leaf tea,"Silk, tea and porcelain","silver, opium",deal involving oil,To grow tea themselves and control the market,To transport tea to other parts of the world as fast as possible for trade.,first,brought back when warring with China,Dutch traders brought tea to Europe,No idea,10 times more than,5,complete,,,559272f4fdf99b7e42e96932
29/04/2026 14:36,29/04/2026 14:40,IP Address,100,279,TRUE,29/04/2026 14:40,R_2uN7mxlAlhEdXqx,anonymous,EN,1,677680efa1797f88af07cd6a,"He ate a plant that poisoned him, and then a tea leaf drifted into his mouth and cured him",As a vegetable,"It was soaked, compressed, dried and then grinded into powder.",shifted the standard from tea pressed into cakes to loose leaf tea,"Tea, opium and unknown","silver, opium",I don't know ,To grow tea themselves and control the market,The increasing demand for tea shipments to the Western world,second,"It was taken there by the Chinese, which caused the Japanese to create their own cultures and traditions around matcha.",English traders brought tea to Europe,I don't know,10 times more than,6,complete,,,677680efa1797f88af07cd6a
29/04/2026 14:36,29/04/2026 14:45,IP Address,100,530,TRUE,29/04/2026 14:45,R_88YD7oc2AnCm1HH,anonymous,EN,1,60170c02d3a5ad927c5ccb77,He was poisoned and by eating the leaf of the tea plant recovered,As a drink,Can't remember,shifted the standard from tea pressed into cakes to loose leaf tea,"Silk, porcelain, tea","gold, opium",At the conclusion of the Opium Wars to get Britain to allow trading of tea again,To grow tea themselves and control the market,The need to export tea due to its popularity,second,By Chinese traders,Dutch traders brought tea to Europe,Made tea a popular drink in England,double,4,complete,,,60170c02d3a5ad927c5ccb77
29/04/2026 14:44,29/04/2026 14:51,IP Address,100,452,TRUE,29/04/2026 14:51,R_8k0xFJ2uIQEFlA0,anonymous,EN,0.899999976,698a231eb1fe98dda75f2e9f,I don't remember,As a vegetable,from the fresh tea leaves.,shifted the standard from tea pressed into cakes to loose leaf tea,"tea, silk","silver, opium",I don't remember,To grow tea themselves and control the market,tea trades,second,as food first.,English traders brought tea to Europe,Spreading the tea across UK,10 times more than,6,complete,,,698a231eb1fe98dda75f2e9f
29/04/2026 15:04,29/04/2026 15:16,IP Address,100,702,TRUE,29/04/2026 15:16,R_8AH9QmHRNl93hxQ,anonymous,EN,1,5b2c0994f1ca3c000190196a,he noticed that tea leaves are a cure for poisoning,As a vegetable,was made from tea powder,cut down on the export of porcelain and silk to make tea the main export good,"silk, tea, porcelain","gold, opium",it was after war,To grow tea themselves and control the market,I don't know,first,Chinese people gave it tea as a gift,Dutch traders brought tea to Europe,I don't remember :(,double,3,complete,,,5b2c0994f1ca3c000190196a
29/04/2026 15:13,29/04/2026 15:18,IP Address,100,283,TRUE,29/04/2026 15:18,R_2BXuAnTMFQaPkit,anonymous,EN,1,54468870fdf99b648b6a5c69,By adding it to boiling water,As a vegetable,By grinding tea and boiling it,cut down on the export of porcelain and silk to make tea the main export good,"Tea, Coffee, Opium","silver, opium",Because of the Opium wars,To grow tea themselves and control the market,Trying to get tea back the fastest to take advantage of its popularity,second,By the British,English traders brought tea to Europe,Drinking tea,10 times more than,5,complete,,,54468870fdf99b648b6a5c69
29/04/2026 15:16,29/04/2026 15:20,IP Address,100,213,TRUE,29/04/2026 15:20,R_2qOG1RoVj0HVs8j,anonymous,EN,1,5a8f01d95292b80001235d34,did it fall into his meal?,As a vegetable,"a dried block of teas leaves was powdered, then added to water and whisked with a bamboo whisk",shifted the standard from tea pressed into cakes to loose leaf tea,"porcelain, silk, and tea","silver, opium",I think this was about access to shipping routes,To grow tea themselves and control the market,the rush to be the first to bring tea to Europe,second,I don't remember,English traders brought tea to Europe,I don't remember,10 times more than,6,complete,,,5a8f01d95292b80001235d34
29/04/2026 15:18,29/04/2026 15:24,IP Address,100,385,TRUE,29/04/2026 15:24,R_2LjsgY2DPdsBgsp,anonymous,EN,1,6655dd1f8fa8f27af8a98304,I don't remember,As a seasoning,I don't remember,shifted the standard from tea pressed into cakes to loose leaf tea,"Tea, silk, opium","gold, opium",Defeat in the opium wars,To grow tea themselves and control the market,Trying to reduce the time needed to travel trade routes,second,A monk brought back seeds from their travels after tasting it,Dutch traders brought tea to Europe,Making tea popular in Britain,10 times more than,5,complete,,,6655dd1f8fa8f27af8a98304
29/04/2026 15:38,29/04/2026 15:45,IP Address,100,438,TRUE,29/04/2026 15:45,R_8DortTv4P8vjoRr,anonymous,EN,1,63d7a22ff9d8f3c778a83305,When tea leaves dropped into his boiling water. ,As a vegetable,Grinding leaves into a powder and mixed with water into a drink. ,shifted the standard from tea pressed into cakes to loose leaf tea,"tea, silk and china","silver, opium",Loss in the opium wars,To grow tea themselves and control the market,To be the first to deliver worldwide of all the countries. ,second,From China. ,English traders brought tea to Europe,Can't remember. ,10 times more than,6,complete,,,63d7a22ff9d8f3c778a83305
29/04/2026 15:43,29/04/2026 15:49,IP Address,100,401,TRUE,29/04/2026 15:49,R_8PRYkSYoK6HmIQe,anonymous,EN,1,57e03c03538c8c0001616262,I don't remember,As a vegetable,Tea leaves were dried and then ground down into a powder which was then compressed into round cakes before being stewed in hot water,shifted the standard from tea pressed into cakes to loose leaf tea,"Silks, tea and pottery china","silver, opium",So that they could still trade tea out of China,To bring tea culture to India,The need to race across the ocean to sell the tea in Europe,second,They ate the leaves,English traders brought tea to Europe,I can't remember,double,4,complete,,,57e03c03538c8c0001616262
29/04/2026 15:46,29/04/2026 15:50,IP Address,100,234,TRUE,29/04/2026 15:50,R_2cuQcNLOfFY6x0w,anonymous,EN,1,6760a1e051f418d6ac0490d8,"He poisoned himself, then tea leaves blew into his mouth and revived him.",As a vegetable,"Tea leaves boiled, dried, then crushed into a powder.",shifted the standard from tea pressed into cakes to loose leaf tea,"Tea, silk, ceramics","silver, opium",Because they lost the Opium war,To grow tea themselves and control the market,The drive to get tea transported across to Europe.,second,Can't remember.,Dutch traders brought tea to Europe,Popularising tea-drinking in Britain,double,6,complete,,,6760a1e051f418d6ac0490d8
29/04/2026 15:49,29/04/2026 15:57,IP Address,100,467,TRUE,29/04/2026 15:57,R_8FtyXsEuoOm2uV3,anonymous,EN,1,5e80b109ca1800791e1ca40c,he was poisoned as use tea as as a cure,As a vegetable,grinding of leaves,cut down on the export of porcelain and silk to make tea the main export good,"silk, tea, ","silver, opium",they were defeated? Not too sure ,To grow tea themselves and control the market,as countries wanted to get hands on tea the quickest,second,"matcha, can't remember",Dutch traders brought tea to Europe,introducing popularity of tea drinking to england,10 times more than,6,complete,,,5e80b109ca1800791e1ca40c
29/04/2026 15:58,29/04/2026 16:06,IP Address,100,431,TRUE,29/04/2026 16:06,R_85F7mPkV1dTUZKT,anonymous,EN,1,5841a2d39d65770001cebfa1,He came across it ,As a vegetable,Formed into balls,shifted the standard from tea pressed into cakes to loose leaf tea,"Porcelain, tea, silk","gold, opium",Tea wars,To grow tea themselves and control the market,The need to deliver tea quickly to the west  to get sales,second,The tea plants were smuggled in?,Dutch traders brought tea to Europe,Bringing tea to the english upper classes,double,5,complete,,,5841a2d39d65770001cebfa1
29/04/2026 16:06,29/04/2026 16:13,IP Address,100,422,TRUE,29/04/2026 16:13,R_8x3qLReO4KDQxZT,anonymous,EN,1,5bb0cc738f3bd70001e513e3,unsure.,As a vegetable,"growing tea leaves, steaming them and then grinding them into a powder.",shifted the standard from tea pressed into cakes to loose leaf tea,I'm unsure - possibly clothing as one.,"silver, tobacco",Unsure. ,To grow tea themselves and control the market,Sorry I can't remember this answer.,second,cannot remember this detail.,Dutch traders brought tea to Europe,Sorry I do not know. ,10 times more than,6,complete,,,5bb0cc738f3bd70001e513e3
29/04/2026 16:18,29/04/2026 16:26,IP Address,100,483,TRUE,29/04/2026 16:26,R_2gUgKrSmQtiUVPF,anonymous,EN,1,5a7226d9f660ae0001a9a547,"He ate a leaf and it treated his poison, it then led to tea",As a drink,it was made by mixing a powder and mixing it with tea,allowed tea to be the subject of books and poetry,Tea,"gold, opium",I am unsure ,To bring tea culture to India,to speed up delivery due to competition,second,I am unsure,Dutch traders brought tea to North America,Making tea popular in britain,10 times more than,2,complete,,,5a7226d9f660ae0001a9a547
29/04/2026 16:37,29/04/2026 16:39,IP Address,100,171,TRUE,29/04/2026 16:39,R_25uiYexD6k9AwBH,anonymous,EN,1,6447abcf5525c01385eda994,the leaves fell into his mouth,As a vegetable,leaves ground up and mixed with water,cut down on the export of porcelain and silk to make tea the main export good,"tea, spices, silk","silver, opium",not sure. ,To grow tea themselves and control the market,to speed up the distribution of tea.,second,not sure. ,English traders brought tea to North America,bringing tea to England,double,4,complete,,,6447abcf5525c01385eda994
29/04/2026 16:33,29/04/2026 16:40,IP Address,100,467,TRUE,29/04/2026 16:40,R_8llqhVLnY3jxd8e,anonymous,EN,1,66b5172c8f0bd3b23ce66c22,He kept trying ones over and over again until he found it,As a vegetable,By boiling the tea cakes and then letting it cool,shifted the standard from tea pressed into cakes to loose leaf tea,"silk, tea, medicine","silver, opium",There was a war that Britain won and one thing was they also got Hong Kong,To bring tea culture to India,"To bring tea to Europe in the fastest way. The business with the fastest ship could get to more customers first, therefore selling more and making more profit.",second,As a drink using tea cakes,English traders brought tea to Europe,She drank tea and introduced the King and the British public to tea so she helped to make it popular in Britain. ,double,4,complete,,,66b5172c8f0bd3b23ce66c22
29/04/2026 16:32,29/04/2026 16:41,IP Address,100,572,TRUE,29/04/2026 16:41,R_2uHSPrGPhwpuUif,anonymous,EN,1,5c85277a2421a3001142e5e3,He discovered it in the forest and heated it up to make a drink.,As a vegetable,tea ground into loose tea and heated with water.  It was frothy.,shifted the standard from tea pressed into cakes to loose leaf tea,"porcelain, tea and silk","silver, opium",For financial reasons,To grow tea themselves and control the market,To transport tea to other countries,second,Brought by ships.  Tea was ground and heated with water.,English traders brought tea to North America,Introducing tea to England and Great Britain.,10 times more than,6,complete,,,5c85277a2421a3001142e5e3
29/04/2026 16:49,29/04/2026 16:55,IP Address,100,362,TRUE,29/04/2026 16:55,R_8ZUecSwcbzotgYJ,anonymous,EN,1,61112fb91e6eb028aa1ba59b,leaves accidentally blew into his hot water and he drank it,As a vegetable,grinding up leaves,shifted the standard from tea pressed into cakes to loose leaf tea,"silk, tea and porcelain","gold, opium",they lost the 1st opium war,To grow tea themselves and control the market,to transport tea from china to britain,third,by buddhist monks,English traders brought tea to Europe,she made tea fashionable,10 times more than,4,complete,,,61112fb91e6eb028aa1ba59b
29/04/2026 16:59,29/04/2026 17:03,IP Address,100,218,TRUE,29/04/2026 17:03,R_20wNRjmNLVybjW8,anonymous,EN,1,5dbf5fe16849043f135aa2c0,He found that is had mythical properties using his special sight. ,As a vegetable,"I honestly cannot remember, but does it involve crushing the leaves into a powder?",allowed tea to be the subject of books and poetry,"Tea, textiles, garments","silver, opium",As part of a treaty during the Opium War,To grow tea themselves and control the market,It was used to speed up trading,first,Through trade with China,English traders brought tea to Europe,Popularising the drinking of tea in England,double,3,complete,,,5dbf5fe16849043f135aa2c0
29/04/2026 17:18,29/04/2026 17:22,IP Address,100,274,TRUE,29/04/2026 17:22,R_82JHT9nA9N3tfGK,anonymous,EN,1,69ce6ea751adfe70f62ce6f0,A tea leaf fell into his mouth by chance and saved him from the intoxicating substances he had in his body,As a vegetable,tea leaves were essicated and then grinded into a fine powder to be mixed with hot water,cut down on the export of porcelain and silk to make tea the main export good,"silk, porcelain and tea","gold, opium",To ease the trade of tea,To grow tea themselves and control the market,There was a necessity to have the fastest ships for quicker transport,second,Through Britain,English traders brought tea to Europe,Dont remember,10 times more than,4,complete,,,69ce6ea751adfe70f62ce6f0
29/04/2026 17:19,29/04/2026 17:23,IP Address,100,233,TRUE,29/04/2026 17:23,R_2wM2bTQPpWF4Kyq,anonymous,EN,1,5e623958c6eb9c0332e82559,He ate some tea,As a vegetable,By grinding tea leaves into a powder and compressing into cakes.,shifted the standard from tea pressed into cakes to loose leaf tea,"Tea, silk, opium.","gold, opium",To stop them trading in opium.,To grow tea themselves and control the market,The need to transport tea fastest to make the most money.,second,"By a Japanese emperor
",English traders brought tea to North America,Bringing tea to Britain,10 times more than,5,complete,,,5e623958c6eb9c0332e82559
29/04/2026 17:21,29/04/2026 17:26,IP Address,100,339,TRUE,29/04/2026 17:26,R_2fKl5FONRSWQZhC,anonymous,EN,1,69e7204dca8016d782310f8f,"According to the legend, Shennong discovered tea when leaves from a wild tea plant accidentally blew into his pot of boiling water.
Curious about the aroma, he drank it—and found it refreshing and beneficial, leading to the discovery of tea.",As a vegetable,"Tea plants are shade-grown for a few weeks before harvest to boost chlorophyll and flavour.
The youngest leaves are hand-picked.
Leaves are steamed to stop oxidation, then dried.
Stems and veins are removed, leaving only the soft leaf material (called tencha).
The tencha is then stone-ground into a very fine powder, which becomes matcha.",shifted the standard from tea pressed into cakes to loose leaf tea,"silk,tea and porcelain","silver, opium","China ceded Hong Kong to the British after losing the First Opium War.
As part of the 1842 Treaty of Nanking, China was forced to hand over Hong Kong following defeat by Britain, largely due to conflicts over trade (especially the opium trade).",To grow tea themselves and control the market,"The clipper ship was developed because of the high demand for faster transport of tea from China to Europe.
Merchants wanted the freshest tea to arrive first, which led to intense competition (known as the “tea races”). This pushed shipbuilders to design faster vessels—resulting in the creation of the clipper ship.",second,"Tea was introduced to Japan in the 9th century by Buddhist monks who brought it back from China.
They had travelled to China to study and returned with tea seeds and the practice of drinking tea, initially using it for religious and medicinal purposes in monasteries.",Dutch traders brought tea to Europe,"She is credited with popularising tea drinking in England.
When she married King Charles II, she brought the habit of drinking tea with her from Portugal, helping make it fashionable among the English court and upper classes.",10 times more than,7,complete,,,69e7204dca8016d782310f8f
29/04/2026 17:20,29/04/2026 17:27,IP Address,100,443,TRUE,29/04/2026 17:27,R_2NvLPb0GuokWB72,anonymous,EN,0.800000012,676e6f5eb2e5690f74382e58,he consumed poison but was cured by yea,As a vegetable,was it ground up leaves,shifted the standard from tea pressed into cakes to loose leaf tea,tea but i dont remember what else,"silver, opium",to avoid further conflict over ports,To grow tea themselves and control the market,there was a race to be the first to get tea to the market so having the fastest ship meant you could be first and get the best price,second,it was taken on boats,English traders brought tea to Europe,Making it popular,double,5,complete,,,676e6f5eb2e5690f74382e58
29/04/2026 17:42,29/04/2026 17:49,IP Address,100,401,TRUE,29/04/2026 17:49,R_8PxvG6YpHLdS5kB,anonymous,EN,1,66bbafb05de7e549455aa4ff,A leaf dropped into his mouth,As a vegetable,Bricks of tea were ground up and then hot water added and the mixture whisked,shifted the standard from tea pressed into cakes to loose leaf tea,"Porcelain, silk and tea","silver, opium",As a result of losing the first Opium war,To grow tea themselves and control the market,The need to transport tea from India to the west rapidly,second,It was brought to Japan from china by a monk,English traders brought tea to Europe,Populising the drinking of tea in England,double,5,complete,,,66bbafb05de7e549455aa4ff
29/04/2026 17:51,29/04/2026 17:54,IP Address,100,188,TRUE,29/04/2026 17:54,R_86l1u3SXdfwrpqZ,anonymous,EN,1,5a1c2c39728b1b0001adae33,he kept getting poisoned by things he was eating but ate some tea leaves and was cured,As a vegetable,by turning it into a powder and pressing into blocks,shifted the standard from tea pressed into cakes to loose leaf tea,"porcelain, silk, tea","silver, opium",they lost the opium wars,To bring tea culture to India,to get to ports faster,second,a monk took it back after visiting china,Dutch traders brought tea to Europe,introducing tea,double,5,complete,,,5a1c2c39728b1b0001adae33
29/04/2026 17:50,29/04/2026 17:57,IP Address,100,402,TRUE,29/04/2026 17:57,R_8mKnIpxw9X44RSC,anonymous,EN,1,671d3690dc5df6d004cfb65e,The found it while wondering in the wilderness,As a vegetable,Matcha is made when tea leaves are ground down into a firm form.,shifted the standard from tea pressed into cakes to loose leaf tea,"Tea, Porcelain and spices","silver, opium","Hong Kong was ceded to Britain as a consequence of the opium wars, which china lost.",To grow tea themselves and control the market,The trade war and search for profit. Traders who could bring goods to europe from asia the fastest stood to make the most profit.,second,It was brought by religion people from mainland china to japan.,Dutch traders brought tea to Europe,She is credited for pushing for one of the first royal charters regarding companies in asia,double,6,complete,,,671d3690dc5df6d004cfb65e
29/04/2026 17:52,29/04/2026 17:58,IP Address,100,343,TRUE,29/04/2026 17:58,R_8VPU1gxPKh7dQ83,anonymous,EN,1,67645f08789bda1a81f357b5,He was poisoned and looking for an antidote in the forest and chewed the tea life and got better ,As a vegetable,"It was made by drying tea into cakes, then grinding them into a powder",shifted the standard from tea pressed into cakes to loose leaf tea,"Ceramic pottery, Silk and Tea","silver, opium",It lost naval battles along the coastline,To grow tea themselves and control the market,Competition for tea trading along ocean routes ,first,Via naval trading ,Dutch traders brought tea to Europe,Introducing drinking tea to the western world ,10 times more than,6,complete,,,67645f08789bda1a81f357b5
29/04/2026 17:54,29/04/2026 18:00,IP Address,100,315,TRUE,29/04/2026 18:00,R_8dz6JTTiFmXoHdL,anonymous,EN,1,5fb4661ad97d9a1668f07086,Goats?,As a vegetable,The tea leaves were ground up and made into little round cakes. The hot water was then poured onto these and made the foamy drink which was matcha,shifted the standard from tea pressed into cakes to loose leaf tea,"Pottery, tea, silk","silver, opium",It was in return for ending the war with China.,To grow tea themselves and control the market,Boats were needed to be fast to get the tea over as quicky as possible. ,second,It was brough over by an emporer. ,English traders brought tea to Europe,Making tea a new common drink in europe. ,10 times more than,6,complete,,,5fb4661ad97d9a1668f07086
29/04/2026 17:54,29/04/2026 18:00,IP Address,100,391,TRUE,29/04/2026 18:00,R_8NHtac7Fw5UQ86Z,anonymous,EN,1,62aa591a476ebabe28612a92,when leaves from a nearby plant accidentally fell into a pot of boiling water,As a seasoning,"steaming and drying tea leaves, then removing the stems",cut down on the export of porcelain and silk to make tea the main export good,"tea, silk, and porcelain.","gold, opium","after losing the First Opium War, with the territory formally handed over",To make tea an everyday commodity,"to meet the demand for faster global trade, especially during the China tea trade and the California Gold Rush",second,"by Buddhist monks, particularly Saicho",English traders brought tea to Europe,popularising tea drinking in England during the 1600s after marrying King Charles,10 times more than,2,complete,,,62aa591a476ebabe28612a92
29/04/2026 17:55,29/04/2026 18:02,IP Address,100,429,TRUE,29/04/2026 18:02,R_8jNOP3hLUYHDgAx,anonymous,EN,0.800000012,6682504bc0252a33b4c4406e,"by accident, while looking for edible herbs",As a vegetable,by steaming leaves and then drying them,shifted the standard from tea pressed into cakes to loose leaf tea,"silk, porcelain, tea","silver, opium",they lost the first opium war,To grow tea themselves and control the market,the need to have bigger and faster boats for exporting more goods,second,"by monks coming back from China
",Dutch traders brought tea to Europe,Making tea popular in the West,10 times more than,7,complete,,,6682504bc0252a33b4c4406e
29/04/2026 17:57,29/04/2026 18:02,IP Address,100,299,TRUE,29/04/2026 18:02,R_2Gwxj6GxCXGrWao,anonymous,EN,1,62b0578ba025983393cd034d,"tea leaves fell into his tea pot
",As a seasoning,with froth milk ,shifted the standard from tea pressed into cakes to loose leaf tea,silk porcelain,"silver, opium","because they were defeated during the opium wars
",To grow tea themselves and control the market,to move tea to great britain quicker,second,"buddheist monks
",English traders brought tea to Europe,"making tea popular
",10 times more than,5,complete,,,62b0578ba025983393cd034d
29/04/2026 18:20,29/04/2026 18:28,IP Address,100,460,TRUE,29/04/2026 18:28,R_27y4oTDnhYh0o7L,anonymous,EN,1,654e3926a9f47dd3e0bd5471,He chewed on leaves from the tea plant which acted as an antidote for clearing toxins from his system,As a vegetable,Tea leaves were crushed and dried into cakes. Then the cakes were mixed with boiling water to make matcha,allowed tea to be the subject of books and poetry,"Silk, tea and spices","silver, opium",China lost the Opium wars,To grow tea themselves and control the market,The need to ship tea from China/India as fast as possible back to Europe and around the world,second,By travelling monks,Dutch traders brought tea to Europe,Introducing tea to the English,10 times more than,6,complete,,,654e3926a9f47dd3e0bd5471
29/04/2026 18:47,29/04/2026 18:56,IP Address,100,495,TRUE,29/04/2026 18:56,R_21AdmAPA28b3BTg,anonymous,EN,1,60745654775360c343322bd9,"He discovered tea when leaves from a nearby plant blew into a pot of boiling water he was preparing, creating the first tea infusion.",As a drink,Was doing well,cut down on the export of porcelain and silk to make tea the main export good,"Tea, silk, and porcelain.","silver, opium","China ceded Hong Kong to Britain after losing the First Opium War (1839–1842) and signing the Treaty of Nanking (1842), which required it to hand over Hong Kong as part of the peace terms.",To bring tea culture to India,"The clipper ship was developed to speed up long-distance trade, especially the highly profitable tea trade between China and Europe/America, where faster delivery meant higher profits and fresher cargo.",second,Tea was introduced to Japan in the 9th century by Buddhist monks who brought it back from China after traveling there to study.,Dutch traders brought tea to Europe,She is credited with popularizing tea drinking in England’s royal court and making it fashionable among the British elite.,10 times more than,4,complete,,,60745654775360c343322bd9
29/04/2026 18:55,29/04/2026 18:59,IP Address,100,229,TRUE,29/04/2026 18:59,R_8qadoLGTT8pU4SR,anonymous,EN,1,69790c4c9bae6e6d3471dec3,when a tea leaf fell onto his head ,As a vegetable,It was crushed and put into a cake and hot water was poured over it ,shifted the standard from tea pressed into cakes to loose leaf tea,"pottery, tea and silk ","silver, opium",Because they lost the war due not liking the trade agreements made in britain favour ,To grow tea themselves and control the market,To transport tea to beat the competition and to generate more profit,second,imported from china ,English traders brought tea to Europe,By bringing tea to britain ,10 times more than,6,complete,,,69790c4c9bae6e6d3471dec3
29/04/2026 19:13,29/04/2026 19:17,IP Address,100,236,TRUE,29/04/2026 19:17,R_20nIeRWzzxW2uU4,anonymous,EN,1,65438a7c5d2ff9a08cbe7604,I cant remember,As a vegetable,I cant remember,shifted the standard from tea pressed into cakes to loose leaf tea,"not sure, cant remember","silver, opium",I don't know,To grow tea themselves and control the market,The boat was built due to the demand for tea across the world,first,I cant remember,English traders brought tea to Europe,Making tea a popular drink,double,4,complete,,,65438a7c5d2ff9a08cbe7604
29/04/2026 19:19,29/04/2026 19:23,IP Address,100,269,TRUE,29/04/2026 19:23,R_8K0F8hlUbQRyS7K,anonymous,EN,1,611ab24657af79642f9ed581,He was poisoned and found a leaf that cured him.,As a vegetable,Don't know.,allowed artists to draw pictures in the foam of the tea,Don't know.,"silver, opium",Because of opium wars.,To grow tea themselves and control the market,It was born out of competition for the fastest ship to get tea from China.,second,Don't know.,English traders brought tea to Europe,Made tea popular.,10 times more than,5,complete,,,611ab24657af79642f9ed581
29/04/2026 19:19,29/04/2026 19:27,IP Address,100,474,TRUE,29/04/2026 19:27,R_2EsunCgGFTbTzDX,anonymous,EN,1,62ac71cec3309a48781684eb,I know it's not this but surely by accident. ,As a vegetable,grind it up & boil it?,shifted the standard from tea pressed into cakes to loose leaf tea,"Silk, tea and I don't recall the third.","silver, tobacco",They lost the opium war.,To involve India in the war between Britain and China,"New technology, again I vaguely remember something beyond new tech but nothing is coming to me.",second,I can't remember at all. I'm gonna guess by boat. Let's reason this out and say there was trade between the two nations at the time and some trader got involved.,Dutch traders brought tea to North America,"Pass, I've vaguely heard of her before but nothing is springing to mind.",10 times more than,4,complete,,,62ac71cec3309a48781684eb
29/04/2026 19:26,29/04/2026 19:32,IP Address,100,326,TRUE,29/04/2026 19:32,R_82x3Algjl6e0iQt,anonymous,EN,1,5fb3a038ffc74f03b1f21062,he was tasting many different types of teas and then came across this one,As a vegetable,through grounding fresh green tea,shifted the standard from tea pressed into cakes to loose leaf tea,"tea, spices, fish","silver, tobacco",no idea,To grow tea themselves and control the market,n/a,second,dont know,English traders brought tea to Europe,supporting women,10 times more than,5,complete,,,5fb3a038ffc74f03b1f21062
29/04/2026 19:29,29/04/2026 19:35,IP Address,100,397,TRUE,29/04/2026 19:36,R_8V4GjpbMy7AL2kW,anonymous,EN,1,5ec43020306f252ea5d83f6f,it blew into his mouth and saved him after he ate something poisonous,As a vegetable,"the leaves are dried, crushed then steeped in hot water",shifted the standard from tea pressed into cakes to loose leaf tea,tea silk pottery,"silver, opium",because the British were attacking them because they refused to trade tea for opium as the Chinese population became addicted and suffering,To grow tea themselves and control the market,a race to bring tea to the western world fastest,second,a plant was taken over by a monk,Dutch traders brought tea to Europe,bringing tea drinking to English culture ,10 times more than,7,complete,,,5ec43020306f252ea5d83f6f
29/04/2026 19:34,29/04/2026 19:43,IP Address,100,530,TRUE,29/04/2026 19:43,R_8SjljYLLH11mmvT,anonymous,EN,1,6002ae1ea178912bfa128adf,"I really cannot remember, sorry!!",As a vegetable,Hot water was poured over the powder and whisked gently to create the tea...,shifted the standard from tea pressed into cakes to loose leaf tea,"Silk, Tea and Porcelain","silver, opium","As part of the peace settlement to end the Opium Wars, it was one of the concessions that China made to the British. Hong Kong was strategically located.",To grow tea themselves and control the market,It was to get the tea from China and bring it back to Europe as quickly as possible in order to get it to the market quickly.  Whoever could get to market first would make more money.,second,"Gosh, I can't remember - someone travelled to Japan with the tea.",Dutch traders brought tea to Europe,Making tea drinking popular in England.,10 times more than,7,complete,,,6002ae1ea178912bfa128adf
29/04/2026 19:13,29/04/2026 19:43,IP Address,100,1822,TRUE,29/04/2026 19:43,R_2CePXD6ushb5xVi,anonymous,EN,1,6266ac01a2a15cce6ed5fba7,Shennong was visited by a divine spirit in the form of a monkey. The visitation was followed by the miraculous growth of a tea plant.,As a seasoning,Tea leaves are dried over a long process before being rolled and crushed to produce a tea powder. It was easier to export powdered tea in tea chests without the concerns of fresh tea products becoming inferior while being transported.,shifted the standard from tea pressed into cakes to loose leaf tea,Tea was the major export giving China significant influence around the world. Silk and porcelain were also influential export goods boosting the economy and giving power to China. The silk road is a very ancient trading route through Europe and the middle east to China.,"silver, opium",Hong Kong was ceded to the British because of the opium wars and pressure from Britain through aggression. Britain was aware of how important Hong Kong was as a port and to enable continued trading around the world.,To grow tea themselves and control the market,The clipper ship was created to transport tea to Europe's great ports speedily across the oceans. The fast clippers enabled more financial success and fresher tea through speedy delivery.,first,Tea was introduced to Japan in a powder format. Japanese culture has an whole ceremony to the drinking of tea.,Dutch traders brought tea to Europe,Queen Catherine was credited with popularizing the drinking of tea in England. She was influential in promoting the drinks health benefits and the culture of tea drinking that we see so prevalent in British culture to this day.,10 times more than,5,complete,,,6266ac01a2a15cce6ed5fba7
29/04/2026 19:39,29/04/2026 19:45,IP Address,100,340,TRUE,29/04/2026 19:45,R_8Nhb2V5QK2uTVl7,anonymous,EN,1,63d4010ea4c8c8d2af56018c,The leaves accidentally came into contact with his water ,As a seasoning,"It was steamed, dried and then blended ",cut down on the export of porcelain and silk to make tea the main export good,"opium, Tea. silk","gold, tobacco",Due to the opium war ,To grow tea themselves and control the market,An increased need to transport produces quickly,second,I cant remember ,Dutch traders brought tea to Europe,I cant remember,10 times more than,4,complete,,,63d4010ea4c8c8d2af56018c
29/04/2026 19:40,29/04/2026 19:47,IP Address,100,363,TRUE,29/04/2026 19:47,R_8DHPn7N5TMQ0eMV,anonymous,EN,1,607f179ab5b13c7618778498,A leaf landed in his mouth.,As a seasoning,Making the leaves of the plant into a powder.,shifted the standard from tea pressed into cakes to loose leaf tea,Tea,"silver, opium",As part of an agreement regarding the export of tea.,To grow tea themselves and control the market,The increased demand for tea in Europe.,second,Don't remember,English traders brought tea to Europe,Making the drinking of tea popular in England.,10 times more than,5,complete,,,607f179ab5b13c7618778498
29/04/2026 19:59,29/04/2026 20:08,IP Address,100,541,TRUE,29/04/2026 20:08,R_8CHU4Lo7LRd2WDP,anonymous,EN,1,5c3e562ebff5620001e34dd5,"Shennong poisoned himself, and searched for a cure by eating lots of different plants. When he can across a tea plant and ate it this provided a remedy to the poison.",As a vegetable,"Match is made by first heating the tea leaves, then pressing them into cakes, then breaking these down into a powder. A drink is then made from this by steaping the powder in hot water.",shifted the standard from tea pressed into cakes to loose leaf tea,"Silk, porcelain and tea.","gold, tobacco","As part of the agreement in the tea trade, Hong Kong was a concession made the Britain in order that they do not continue the Opium War.",To grow tea themselves and control the market,The ship was created for speed so as to give its owners an advantage in the tea trade. It meant that they could ship the tea more efficiently.,second,"It was introduced from china in loose leaf, and the fashion in Japan became to heat it, press it into blocks and then make a powder from it called matcha,e a tea drink when mixed with hot water.",English traders brought tea to Europe,"Making tea a fashionalable drink, the type that is loose lef tea steaped in hot water.",10 times more than,5,complete,,,5c3e562ebff5620001e34dd5
29/04/2026 20:26,29/04/2026 20:31,IP Address,100,299,TRUE,29/04/2026 20:31,R_2dYNAUbuMtsX54Z,anonymous,EN,1,6766e906631cac455823baba,It fell from a tree,As a vegetable,By crushing tea leaves and mixing them with milk/water,allowed artists to draw pictures in the foam of the tea,"tea, opium and tobacco ","gold, opium",because it was a strong port to be exporting goods into Europe,To grow tea themselves and control the market,The need to be importing tea into Europe,first,through China,English traders brought tea to North America,Starting the afternoon tea culture,double,2,complete,,,6766e906631cac455823baba
29/04/2026 20:40,29/04/2026 20:45,IP Address,100,312,TRUE,29/04/2026 20:45,R_2oFMTDlC3NFxmq8,anonymous,EN,1,5f653cb18aad310a9ee7c32d,unsure,As a vegetable,tea made into a pate,shifted the standard from tea pressed into cakes to loose leaf tea,"tea, silk, fabric","silver, opium",Due to colonism,To grow tea themselves and control the market,Transporting tea,first,from china,Dutch traders brought tea to Europe,adding hot water and making it a hot beverage,10 times more than,6,complete,,,5f653cb18aad310a9ee7c32d
29/04/2026 20:54,29/04/2026 21:01,IP Address,100,420,TRUE,29/04/2026 21:01,R_23fsGLU9xlqQpcB,anonymous,EN,1,63d40228c2fb877b0bfe84ec,Unsure ,As a vegetable,Unsure,cut down on the export of porcelain and silk to make tea the main export good,Boats,"gold, opium",Opium trade,To grow tea themselves and control the market,Unsure ,second,unsure,English traders brought tea to North America,King Charles 2nd,10 times more than,4,complete,,,63d40228c2fb877b0bfe84ec